Command line invocation:
    /Applications/Xcode-beta.app/Contents/Developer/usr/bin/xcodebuild -project /Users/c4v4h/Library/Developer/Xcode/DerivedData/CascadeAddonRecoveryProbe/probe-xbuwn_k1/Sources/AddonPlatform.xcodeproj -scheme AddonPlatform -configuration Debug -derivedDataPath /Users/c4v4h/Library/Developer/Xcode/DerivedData/CascadeAddonRecoveryProbe/probe-xbuwn_k1/Build "SWIFT_ACTIVE_COMPILATION_CONDITIONS=DEBUG RECOVERY_PROBE BROKER_PROVIDER" CODE_SIGN_INJECT_BASE_ENTITLEMENTS=NO build

Build settings from command line:
    CODE_SIGN_INJECT_BASE_ENTITLEMENTS = NO
    SWIFT_ACTIVE_COMPILATION_CONDITIONS = DEBUG RECOVERY_PROBE BROKER_PROVIDER

--- xcodebuild: WARNING: Using the first of multiple matching destinations:
{ platform:macOS, arch:arm64, id:00008112-000579C23A68A01E, name:My Mac }
{ platform:macOS, arch:x86_64, id:00008112-000579C23A68A01E, name:My Mac }
{ platform:macOS, name:Any Mac }
ComputePackagePrebuildTargetDependencyGraph

Prepare packages

CreateBuildRequest

SendProjectDescription

CreateBuildOperation

ComputeTargetDependencyGraph
note: Building targets in dependency order
note: Target dependency graph (3 targets)
    Target 'ProbeHost' in project 'AddonPlatform' (no dependencies)
    Target 'ProbeContainer' in project 'AddonPlatform'
        ➜ Explicit dependency on target 'ProbeProvider' in project 'AddonPlatform'
    Target 'ProbeProvider' in project 'AddonPlatform' (no dependencies)

GatherProvisioningInputs

CreateBuildDescription

ExecuteExternalTool /Applications/Xcode-beta.app/Contents/Developer/Toolchains/XcodeDefault.xctoolchain/usr/bin/swiftc --version

ExecuteExternalTool /Applications/Xcode-beta.app/Contents/Developer/Toolchains/XcodeDefault.xctoolchain/usr/bin/clang -v -E -dM -isysroot /Applications/Xcode-beta.app/Contents/Developer/Platforms/MacOSX.platform/Developer/SDKs/MacOSX27.0.sdk -x c -c /dev/null

ExecuteExternalTool /Applications/Xcode-beta.app/Contents/Developer/Toolchains/XcodeDefault.xctoolchain/usr/bin/ld -version_details

Build description signature: d4979e0f1247c4ea7177db5b0f4ffb00
Build description path: /Users/c4v4h/Library/Developer/Xcode/DerivedData/CascadeAddonRecoveryProbe/probe-xbuwn_k1/Build/Build/Intermediates.noindex/XCBuildData/d4979e0f1247c4ea7177db5b0f4ffb00.xcbuilddata
CreateBuildDirectory /Users/c4v4h/Library/Developer/Xcode/DerivedData/CascadeAddonRecoveryProbe/probe-xbuwn_k1/Build/ModuleCache.noindex
    cd /Users/c4v4h/Library/Developer/Xcode/DerivedData/CascadeAddonRecoveryProbe/probe-xbuwn_k1/Sources/AddonPlatform.xcodeproj
    builtin-create-build-directory /Users/c4v4h/Library/Developer/Xcode/DerivedData/CascadeAddonRecoveryProbe/probe-xbuwn_k1/Build/ModuleCache.noindex

CreateBuildDirectory /Users/c4v4h/Library/Developer/Xcode/DerivedData/CascadeAddonRecoveryProbe/probe-xbuwn_k1/Build/SDKExplicitPrecompiledModules
    cd /Users/c4v4h/Library/Developer/Xcode/DerivedData/CascadeAddonRecoveryProbe/probe-xbuwn_k1/Sources/AddonPlatform.xcodeproj
    builtin-create-build-directory /Users/c4v4h/Library/Developer/Xcode/DerivedData/CascadeAddonRecoveryProbe/probe-xbuwn_k1/Build/SDKExplicitPrecompiledModules

CreateBuildDirectory /Users/c4v4h/Library/Developer/Xcode/DerivedData/CascadeAddonRecoveryProbe/probe-xbuwn_k1/Build/CompilationCache.noindex
    cd /Users/c4v4h/Library/Developer/Xcode/DerivedData/CascadeAddonRecoveryProbe/probe-xbuwn_k1/Sources/AddonPlatform.xcodeproj
    builtin-create-build-directory /Users/c4v4h/Library/Developer/Xcode/DerivedData/CascadeAddonRecoveryProbe/probe-xbuwn_k1/Build/CompilationCache.noindex

ClangStatCache /Applications/Xcode-beta.app/Contents/Developer/Toolchains/XcodeDefault.xctoolchain/usr/bin/clang-stat-cache /Applications/Xcode-beta.app/Contents/Developer/Platforms/MacOSX.platform/Developer/SDKs/MacOSX27.0.sdk /Users/c4v4h/Library/Developer/Xcode/DerivedData/CascadeAddonRecoveryProbe/probe-xbuwn_k1/Build/SDKStatCaches.noindex/macosx27.0-26A5419a-e829b21a6f8c9b70876ba0858053c04445874285e5972fffeae925c4ab065928.sdkstatcache
    cd /Users/c4v4h/Library/Developer/Xcode/DerivedData/CascadeAddonRecoveryProbe/probe-xbuwn_k1/Sources/AddonPlatform.xcodeproj
    /Applications/Xcode-beta.app/Contents/Developer/Toolchains/XcodeDefault.xctoolchain/usr/bin/clang-stat-cache /Applications/Xcode-beta.app/Contents/Developer/Platforms/MacOSX.platform/Developer/SDKs/MacOSX27.0.sdk -o /Users/c4v4h/Library/Developer/Xcode/DerivedData/CascadeAddonRecoveryProbe/probe-xbuwn_k1/Build/SDKStatCaches.noindex/macosx27.0-26A5419a-e829b21a6f8c9b70876ba0858053c04445874285e5972fffeae925c4ab065928.sdkstatcache

CreateBuildDirectory /Users/c4v4h/Library/Developer/Xcode/DerivedData/CascadeAddonRecoveryProbe/probe-xbuwn_k1/Build/Build/Intermediates.noindex
    cd /Users/c4v4h/Library/Developer/Xcode/DerivedData/CascadeAddonRecoveryProbe/probe-xbuwn_k1/Sources/AddonPlatform.xcodeproj
    builtin-create-build-directory /Users/c4v4h/Library/Developer/Xcode/DerivedData/CascadeAddonRecoveryProbe/probe-xbuwn_k1/Build/Build/Intermediates.noindex

CreateBuildDirectory /Users/c4v4h/Library/Developer/Xcode/DerivedData/CascadeAddonRecoveryProbe/probe-xbuwn_k1/Build/Build/Products
    cd /Users/c4v4h/Library/Developer/Xcode/DerivedData/CascadeAddonRecoveryProbe/probe-xbuwn_k1/Sources/AddonPlatform.xcodeproj
    builtin-create-build-directory /Users/c4v4h/Library/Developer/Xcode/DerivedData/CascadeAddonRecoveryProbe/probe-xbuwn_k1/Build/Build/Products

CreateBuildDirectory /Users/c4v4h/Library/Developer/Xcode/DerivedData/CascadeAddonRecoveryProbe/probe-xbuwn_k1/Build/Build/Intermediates.noindex/SwiftExplicitPrecompiledModules
    cd /Users/c4v4h/Library/Developer/Xcode/DerivedData/CascadeAddonRecoveryProbe/probe-xbuwn_k1/Sources/AddonPlatform.xcodeproj
    builtin-create-build-directory /Users/c4v4h/Library/Developer/Xcode/DerivedData/CascadeAddonRecoveryProbe/probe-xbuwn_k1/Build/Build/Intermediates.noindex/SwiftExplicitPrecompiledModules

CreateBuildDirectory /Users/c4v4h/Library/Developer/Xcode/DerivedData/CascadeAddonRecoveryProbe/probe-xbuwn_k1/Build/Build/Intermediates.noindex/PrecompiledHeaders
    cd /Users/c4v4h/Library/Developer/Xcode/DerivedData/CascadeAddonRecoveryProbe/probe-xbuwn_k1/Sources/AddonPlatform.xcodeproj
    builtin-create-build-directory /Users/c4v4h/Library/Developer/Xcode/DerivedData/CascadeAddonRecoveryProbe/probe-xbuwn_k1/Build/Build/Intermediates.noindex/PrecompiledHeaders

CreateBuildDirectory /Users/c4v4h/Library/Developer/Xcode/DerivedData/CascadeAddonRecoveryProbe/probe-xbuwn_k1/Build/Build/Intermediates.noindex/ExplicitPrecompiledModules
    cd /Users/c4v4h/Library/Developer/Xcode/DerivedData/CascadeAddonRecoveryProbe/probe-xbuwn_k1/Sources/AddonPlatform.xcodeproj
    builtin-create-build-directory /Users/c4v4h/Library/Developer/Xcode/DerivedData/CascadeAddonRecoveryProbe/probe-xbuwn_k1/Build/Build/Intermediates.noindex/ExplicitPrecompiledModules

WriteAuxiliaryFile /Users/c4v4h/Library/Developer/Xcode/DerivedData/CascadeAddonRecoveryProbe/probe-xbuwn_k1/Build/Build/Intermediates.noindex/AddonPlatform.build/Debug/AddonPlatform-bb66cefbaee03c8d596bdb713174c7c4-VFS/all-product-headers.yaml
    cd /Users/c4v4h/Library/Developer/Xcode/DerivedData/CascadeAddonRecoveryProbe/probe-xbuwn_k1/Sources/AddonPlatform.xcodeproj
    write-file /Users/c4v4h/Library/Developer/Xcode/DerivedData/CascadeAddonRecoveryProbe/probe-xbuwn_k1/Build/Build/Intermediates.noindex/AddonPlatform.build/Debug/AddonPlatform-bb66cefbaee03c8d596bdb713174c7c4-VFS/all-product-headers.yaml

CreateBuildDirectory /Users/c4v4h/Library/Developer/Xcode/DerivedData/CascadeAddonRecoveryProbe/probe-xbuwn_k1/Build/Build/Intermediates.noindex/EagerLinkingTBDs/Debug
    cd /Users/c4v4h/Library/Developer/Xcode/DerivedData/CascadeAddonRecoveryProbe/probe-xbuwn_k1/Sources/AddonPlatform.xcodeproj
    builtin-create-build-directory /Users/c4v4h/Library/Developer/Xcode/DerivedData/CascadeAddonRecoveryProbe/probe-xbuwn_k1/Build/Build/Intermediates.noindex/EagerLinkingTBDs/Debug

CreateBuildDirectory /Users/c4v4h/Library/Developer/Xcode/DerivedData/CascadeAddonRecoveryProbe/probe-xbuwn_k1/Build/Build/Products/Debug
    cd /Users/c4v4h/Library/Developer/Xcode/DerivedData/CascadeAddonRecoveryProbe/probe-xbuwn_k1/Sources/AddonPlatform.xcodeproj
    builtin-create-build-directory /Users/c4v4h/Library/Developer/Xcode/DerivedData/CascadeAddonRecoveryProbe/probe-xbuwn_k1/Build/Build/Products/Debug

WriteAuxiliaryFile /Users/c4v4h/Library/Developer/Xcode/DerivedData/CascadeAddonRecoveryProbe/probe-xbuwn_k1/Build/Build/Intermediates.noindex/AddonPlatform.build/Debug/ProbeProvider.build/Objects-normal/x86_64/ProbeProvider_const_extract_protocols.json (in target 'ProbeProvider' from project 'AddonPlatform')
    cd /Users/c4v4h/Library/Developer/Xcode/DerivedData/CascadeAddonRecoveryProbe/probe-xbuwn_k1/Sources
    write-file /Users/c4v4h/Library/Developer/Xcode/DerivedData/CascadeAddonRecoveryProbe/probe-xbuwn_k1/Build/Build/Intermediates.noindex/AddonPlatform.build/Debug/ProbeProvider.build/Objects-normal/x86_64/ProbeProvider_const_extract_protocols.json

WriteAuxiliaryFile /Users/c4v4h/Library/Developer/Xcode/DerivedData/CascadeAddonRecoveryProbe/probe-xbuwn_k1/Build/Build/Intermediates.noindex/AddonPlatform.build/Debug/ProbeProvider.build/Objects-normal/x86_64/ProbeProvider-OutputFileMap.json (in target 'ProbeProvider' from project 'AddonPlatform')
    cd /Users/c4v4h/Library/Developer/Xcode/DerivedData/CascadeAddonRecoveryProbe/probe-xbuwn_k1/Sources
    write-file /Users/c4v4h/Library/Developer/Xcode/DerivedData/CascadeAddonRecoveryProbe/probe-xbuwn_k1/Build/Build/Intermediates.noindex/AddonPlatform.build/Debug/ProbeProvider.build/Objects-normal/x86_64/ProbeProvider-OutputFileMap.json

WriteAuxiliaryFile /Users/c4v4h/Library/Developer/Xcode/DerivedData/CascadeAddonRecoveryProbe/probe-xbuwn_k1/Build/Build/Intermediates.noindex/AddonPlatform.build/Debug/ProbeProvider.build/Objects-normal/x86_64/CascadeProbeProvider.LinkFileList (in target 'ProbeProvider' from project 'AddonPlatform')
    cd /Users/c4v4h/Library/Developer/Xcode/DerivedData/CascadeAddonRecoveryProbe/probe-xbuwn_k1/Sources
    write-file /Users/c4v4h/Library/Developer/Xcode/DerivedData/CascadeAddonRecoveryProbe/probe-xbuwn_k1/Build/Build/Intermediates.noindex/AddonPlatform.build/Debug/ProbeProvider.build/Objects-normal/x86_64/CascadeProbeProvider.LinkFileList

WriteAuxiliaryFile /Users/c4v4h/Library/Developer/Xcode/DerivedData/CascadeAddonRecoveryProbe/probe-xbuwn_k1/Build/Build/Intermediates.noindex/AddonPlatform.build/Debug/ProbeProvider.build/Objects-normal/x86_64/CascadeProbeProvider.SwiftConstValuesFileList (in target 'ProbeProvider' from project 'AddonPlatform')
    cd /Users/c4v4h/Library/Developer/Xcode/DerivedData/CascadeAddonRecoveryProbe/probe-xbuwn_k1/Sources
    write-file /Users/c4v4h/Library/Developer/Xcode/DerivedData/CascadeAddonRecoveryProbe/probe-xbuwn_k1/Build/Build/Intermediates.noindex/AddonPlatform.build/Debug/ProbeProvider.build/Objects-normal/x86_64/CascadeProbeProvider.SwiftConstValuesFileList

WriteAuxiliaryFile /Users/c4v4h/Library/Developer/Xcode/DerivedData/CascadeAddonRecoveryProbe/probe-xbuwn_k1/Build/Build/Intermediates.noindex/AddonPlatform.build/Debug/ProbeContainer.build/Objects-normal/x86_64/ProbeContainer_const_extract_protocols.json (in target 'ProbeContainer' from project 'AddonPlatform')
    cd /Users/c4v4h/Library/Developer/Xcode/DerivedData/CascadeAddonRecoveryProbe/probe-xbuwn_k1/Sources
    write-file /Users/c4v4h/Library/Developer/Xcode/DerivedData/CascadeAddonRecoveryProbe/probe-xbuwn_k1/Build/Build/Intermediates.noindex/AddonPlatform.build/Debug/ProbeContainer.build/Objects-normal/x86_64/ProbeContainer_const_extract_protocols.json

WriteAuxiliaryFile /Users/c4v4h/Library/Developer/Xcode/DerivedData/CascadeAddonRecoveryProbe/probe-xbuwn_k1/Build/Build/Intermediates.noindex/AddonPlatform.build/Debug/ProbeProvider.build/Objects-normal/x86_64/CascadeProbeProvider.SwiftFileList (in target 'ProbeProvider' from project 'AddonPlatform')
    cd /Users/c4v4h/Library/Developer/Xcode/DerivedData/CascadeAddonRecoveryProbe/probe-xbuwn_k1/Sources
    write-file /Users/c4v4h/Library/Developer/Xcode/DerivedData/CascadeAddonRecoveryProbe/probe-xbuwn_k1/Build/Build/Intermediates.noindex/AddonPlatform.build/Debug/ProbeProvider.build/Objects-normal/x86_64/CascadeProbeProvider.SwiftFileList

WriteAuxiliaryFile /Users/c4v4h/Library/Developer/Xcode/DerivedData/CascadeAddonRecoveryProbe/probe-xbuwn_k1/Build/Build/Intermediates.noindex/AddonPlatform.build/Debug/ProbeProvider.build/Objects-normal/arm64/ProbeProvider_const_extract_protocols.json (in target 'ProbeProvider' from project 'AddonPlatform')
    cd /Users/c4v4h/Library/Developer/Xcode/DerivedData/CascadeAddonRecoveryProbe/probe-xbuwn_k1/Sources
    write-file /Users/c4v4h/Library/Developer/Xcode/DerivedData/CascadeAddonRecoveryProbe/probe-xbuwn_k1/Build/Build/Intermediates.noindex/AddonPlatform.build/Debug/ProbeProvider.build/Objects-normal/arm64/ProbeProvider_const_extract_protocols.json

WriteAuxiliaryFile /Users/c4v4h/Library/Developer/Xcode/DerivedData/CascadeAddonRecoveryProbe/probe-xbuwn_k1/Build/Build/Intermediates.noindex/AddonPlatform.build/Debug/ProbeProvider.build/Objects-normal/arm64/ProbeProvider-OutputFileMap.json (in target 'ProbeProvider' from project 'AddonPlatform')
    cd /Users/c4v4h/Library/Developer/Xcode/DerivedData/CascadeAddonRecoveryProbe/probe-xbuwn_k1/Sources
    write-file /Users/c4v4h/Library/Developer/Xcode/DerivedData/CascadeAddonRecoveryProbe/probe-xbuwn_k1/Build/Build/Intermediates.noindex/AddonPlatform.build/Debug/ProbeProvider.build/Objects-normal/arm64/ProbeProvider-OutputFileMap.json

WriteAuxiliaryFile /Users/c4v4h/Library/Developer/Xcode/DerivedData/CascadeAddonRecoveryProbe/probe-xbuwn_k1/Build/Build/Intermediates.noindex/AddonPlatform.build/Debug/ProbeProvider.build/Objects-normal/arm64/CascadeProbeProvider.SwiftFileList (in target 'ProbeProvider' from project 'AddonPlatform')
    cd /Users/c4v4h/Library/Developer/Xcode/DerivedData/CascadeAddonRecoveryProbe/probe-xbuwn_k1/Sources
    write-file /Users/c4v4h/Library/Developer/Xcode/DerivedData/CascadeAddonRecoveryProbe/probe-xbuwn_k1/Build/Build/Intermediates.noindex/AddonPlatform.build/Debug/ProbeProvider.build/Objects-normal/arm64/CascadeProbeProvider.SwiftFileList

WriteAuxiliaryFile /Users/c4v4h/Library/Developer/Xcode/DerivedData/CascadeAddonRecoveryProbe/probe-xbuwn_k1/Build/Build/Intermediates.noindex/AddonPlatform.build/Debug/ProbeProvider.build/Objects-normal/arm64/CascadeProbeProvider.SwiftConstValuesFileList (in target 'ProbeProvider' from project 'AddonPlatform')
    cd /Users/c4v4h/Library/Developer/Xcode/DerivedData/CascadeAddonRecoveryProbe/probe-xbuwn_k1/Sources
    write-file /Users/c4v4h/Library/Developer/Xcode/DerivedData/CascadeAddonRecoveryProbe/probe-xbuwn_k1/Build/Build/Intermediates.noindex/AddonPlatform.build/Debug/ProbeProvider.build/Objects-normal/arm64/CascadeProbeProvider.SwiftConstValuesFileList

WriteAuxiliaryFile /Users/c4v4h/Library/Developer/Xcode/DerivedData/CascadeAddonRecoveryProbe/probe-xbuwn_k1/Build/Build/Intermediates.noindex/AddonPlatform.build/Debug/ProbeProvider.build/Objects-normal/arm64/CascadeProbeProvider.LinkFileList (in target 'ProbeProvider' from project 'AddonPlatform')
    cd /Users/c4v4h/Library/Developer/Xcode/DerivedData/CascadeAddonRecoveryProbe/probe-xbuwn_k1/Sources
    write-file /Users/c4v4h/Library/Developer/Xcode/DerivedData/CascadeAddonRecoveryProbe/probe-xbuwn_k1/Build/Build/Intermediates.noindex/AddonPlatform.build/Debug/ProbeProvider.build/Objects-normal/arm64/CascadeProbeProvider.LinkFileList

WriteAuxiliaryFile /Users/c4v4h/Library/Developer/Xcode/DerivedData/CascadeAddonRecoveryProbe/probe-xbuwn_k1/Build/Build/Intermediates.noindex/AddonPlatform.build/Debug/ProbeProvider.build/CascadeProbeProvider.hmap (in target 'ProbeProvider' from project 'AddonPlatform')
    cd /Users/c4v4h/Library/Developer/Xcode/DerivedData/CascadeAddonRecoveryProbe/probe-xbuwn_k1/Sources
    write-file /Users/c4v4h/Library/Developer/Xcode/DerivedData/CascadeAddonRecoveryProbe/probe-xbuwn_k1/Build/Build/Intermediates.noindex/AddonPlatform.build/Debug/ProbeProvider.build/CascadeProbeProvider.hmap

WriteAuxiliaryFile /Users/c4v4h/Library/Developer/Xcode/DerivedData/CascadeAddonRecoveryProbe/probe-xbuwn_k1/Build/Build/Intermediates.noindex/AddonPlatform.build/Debug/ProbeProvider.build/CascadeProbeProvider.DependencyStaticMetadataFileList (in target 'ProbeProvider' from project 'AddonPlatform')
    cd /Users/c4v4h/Library/Developer/Xcode/DerivedData/CascadeAddonRecoveryProbe/probe-xbuwn_k1/Sources
    write-file /Users/c4v4h/Library/Developer/Xcode/DerivedData/CascadeAddonRecoveryProbe/probe-xbuwn_k1/Build/Build/Intermediates.noindex/AddonPlatform.build/Debug/ProbeProvider.build/CascadeProbeProvider.DependencyStaticMetadataFileList

WriteAuxiliaryFile /Users/c4v4h/Library/Developer/Xcode/DerivedData/CascadeAddonRecoveryProbe/probe-xbuwn_k1/Build/Build/Intermediates.noindex/AddonPlatform.build/Debug/ProbeProvider.build/DerivedSources/Entitlements.plist (in target 'ProbeProvider' from project 'AddonPlatform')
    cd /Users/c4v4h/Library/Developer/Xcode/DerivedData/CascadeAddonRecoveryProbe/probe-xbuwn_k1/Sources
    write-file /Users/c4v4h/Library/Developer/Xcode/DerivedData/CascadeAddonRecoveryProbe/probe-xbuwn_k1/Build/Build/Intermediates.noindex/AddonPlatform.build/Debug/ProbeProvider.build/DerivedSources/Entitlements.plist

WriteAuxiliaryFile /Users/c4v4h/Library/Developer/Xcode/DerivedData/CascadeAddonRecoveryProbe/probe-xbuwn_k1/Build/Build/Intermediates.noindex/AddonPlatform.build/Debug/ProbeProvider.build/CascadeProbeProvider.DependencyMetadataFileList (in target 'ProbeProvider' from project 'AddonPlatform')
    cd /Users/c4v4h/Library/Developer/Xcode/DerivedData/CascadeAddonRecoveryProbe/probe-xbuwn_k1/Sources
    write-file /Users/c4v4h/Library/Developer/Xcode/DerivedData/CascadeAddonRecoveryProbe/probe-xbuwn_k1/Build/Build/Intermediates.noindex/AddonPlatform.build/Debug/ProbeProvider.build/CascadeProbeProvider.DependencyMetadataFileList

WriteAuxiliaryFile /Users/c4v4h/Library/Developer/Xcode/DerivedData/CascadeAddonRecoveryProbe/probe-xbuwn_k1/Build/Build/Intermediates.noindex/AddonPlatform.build/Debug/ProbeProvider.build/CascadeProbeProvider-project-headers.hmap (in target 'ProbeProvider' from project 'AddonPlatform')
    cd /Users/c4v4h/Library/Developer/Xcode/DerivedData/CascadeAddonRecoveryProbe/probe-xbuwn_k1/Sources
    write-file /Users/c4v4h/Library/Developer/Xcode/DerivedData/CascadeAddonRecoveryProbe/probe-xbuwn_k1/Build/Build/Intermediates.noindex/AddonPlatform.build/Debug/ProbeProvider.build/CascadeProbeProvider-project-headers.hmap

WriteAuxiliaryFile /Users/c4v4h/Library/Developer/Xcode/DerivedData/CascadeAddonRecoveryProbe/probe-xbuwn_k1/Build/Build/Intermediates.noindex/AddonPlatform.build/Debug/ProbeProvider.build/CascadeProbeProvider-own-target-headers.hmap (in target 'ProbeProvider' from project 'AddonPlatform')
    cd /Users/c4v4h/Library/Developer/Xcode/DerivedData/CascadeAddonRecoveryProbe/probe-xbuwn_k1/Sources
    write-file /Users/c4v4h/Library/Developer/Xcode/DerivedData/CascadeAddonRecoveryProbe/probe-xbuwn_k1/Build/Build/Intermediates.noindex/AddonPlatform.build/Debug/ProbeProvider.build/CascadeProbeProvider-own-target-headers.hmap

WriteAuxiliaryFile /Users/c4v4h/Library/Developer/Xcode/DerivedData/CascadeAddonRecoveryProbe/probe-xbuwn_k1/Build/Build/Intermediates.noindex/AddonPlatform.build/Debug/ProbeProvider.build/CascadeProbeProvider-generated-files.hmap (in target 'ProbeProvider' from project 'AddonPlatform')
    cd /Users/c4v4h/Library/Developer/Xcode/DerivedData/CascadeAddonRecoveryProbe/probe-xbuwn_k1/Sources
    write-file /Users/c4v4h/Library/Developer/Xcode/DerivedData/CascadeAddonRecoveryProbe/probe-xbuwn_k1/Build/Build/Intermediates.noindex/AddonPlatform.build/Debug/ProbeProvider.build/CascadeProbeProvider-generated-files.hmap

WriteAuxiliaryFile /Users/c4v4h/Library/Developer/Xcode/DerivedData/CascadeAddonRecoveryProbe/probe-xbuwn_k1/Build/Build/Intermediates.noindex/AddonPlatform.build/Debug/ProbeProvider.build/CascadeProbeProvider-all-target-headers.hmap (in target 'ProbeProvider' from project 'AddonPlatform')
    cd /Users/c4v4h/Library/Developer/Xcode/DerivedData/CascadeAddonRecoveryProbe/probe-xbuwn_k1/Sources
    write-file /Users/c4v4h/Library/Developer/Xcode/DerivedData/CascadeAddonRecoveryProbe/probe-xbuwn_k1/Build/Build/Intermediates.noindex/AddonPlatform.build/Debug/ProbeProvider.build/CascadeProbeProvider-all-target-headers.hmap

WriteAuxiliaryFile /Users/c4v4h/Library/Developer/Xcode/DerivedData/CascadeAddonRecoveryProbe/probe-xbuwn_k1/Build/Build/Intermediates.noindex/AddonPlatform.build/Debug/ProbeProvider.build/CascadeProbeProvider-all-non-framework-target-headers.hmap (in target 'ProbeProvider' from project 'AddonPlatform')
    cd /Users/c4v4h/Library/Developer/Xcode/DerivedData/CascadeAddonRecoveryProbe/probe-xbuwn_k1/Sources
    write-file /Users/c4v4h/Library/Developer/Xcode/DerivedData/CascadeAddonRecoveryProbe/probe-xbuwn_k1/Build/Build/Intermediates.noindex/AddonPlatform.build/Debug/ProbeProvider.build/CascadeProbeProvider-all-non-framework-target-headers.hmap

WriteAuxiliaryFile /Users/c4v4h/Library/Developer/Xcode/DerivedData/CascadeAddonRecoveryProbe/probe-xbuwn_k1/Build/Build/Intermediates.noindex/AddonPlatform.build/Debug/ProbeHost.build/Objects-normal/x86_64/ProbeHost_const_extract_protocols.json (in target 'ProbeHost' from project 'AddonPlatform')
    cd /Users/c4v4h/Library/Developer/Xcode/DerivedData/CascadeAddonRecoveryProbe/probe-xbuwn_k1/Sources
    write-file /Users/c4v4h/Library/Developer/Xcode/DerivedData/CascadeAddonRecoveryProbe/probe-xbuwn_k1/Build/Build/Intermediates.noindex/AddonPlatform.build/Debug/ProbeHost.build/Objects-normal/x86_64/ProbeHost_const_extract_protocols.json

WriteAuxiliaryFile /Users/c4v4h/Library/Developer/Xcode/DerivedData/CascadeAddonRecoveryProbe/probe-xbuwn_k1/Build/Build/Intermediates.noindex/AddonPlatform.build/Debug/ProbeHost.build/Objects-normal/x86_64/ProbeHost-OutputFileMap.json (in target 'ProbeHost' from project 'AddonPlatform')
    cd /Users/c4v4h/Library/Developer/Xcode/DerivedData/CascadeAddonRecoveryProbe/probe-xbuwn_k1/Sources
    write-file /Users/c4v4h/Library/Developer/Xcode/DerivedData/CascadeAddonRecoveryProbe/probe-xbuwn_k1/Build/Build/Intermediates.noindex/AddonPlatform.build/Debug/ProbeHost.build/Objects-normal/x86_64/ProbeHost-OutputFileMap.json

WriteAuxiliaryFile /Users/c4v4h/Library/Developer/Xcode/DerivedData/CascadeAddonRecoveryProbe/probe-xbuwn_k1/Build/Build/Intermediates.noindex/AddonPlatform.build/Debug/ProbeHost.build/Objects-normal/x86_64/CascadeAddonProbe.SwiftFileList (in target 'ProbeHost' from project 'AddonPlatform')
    cd /Users/c4v4h/Library/Developer/Xcode/DerivedData/CascadeAddonRecoveryProbe/probe-xbuwn_k1/Sources
    write-file /Users/c4v4h/Library/Developer/Xcode/DerivedData/CascadeAddonRecoveryProbe/probe-xbuwn_k1/Build/Build/Intermediates.noindex/AddonPlatform.build/Debug/ProbeHost.build/Objects-normal/x86_64/CascadeAddonProbe.SwiftFileList

WriteAuxiliaryFile /Users/c4v4h/Library/Developer/Xcode/DerivedData/CascadeAddonRecoveryProbe/probe-xbuwn_k1/Build/Build/Intermediates.noindex/AddonPlatform.build/Debug/ProbeHost.build/Objects-normal/x86_64/CascadeAddonProbe.SwiftConstValuesFileList (in target 'ProbeHost' from project 'AddonPlatform')
    cd /Users/c4v4h/Library/Developer/Xcode/DerivedData/CascadeAddonRecoveryProbe/probe-xbuwn_k1/Sources
    write-file /Users/c4v4h/Library/Developer/Xcode/DerivedData/CascadeAddonRecoveryProbe/probe-xbuwn_k1/Build/Build/Intermediates.noindex/AddonPlatform.build/Debug/ProbeHost.build/Objects-normal/x86_64/CascadeAddonProbe.SwiftConstValuesFileList

WriteAuxiliaryFile /Users/c4v4h/Library/Developer/Xcode/DerivedData/CascadeAddonRecoveryProbe/probe-xbuwn_k1/Build/Build/Intermediates.noindex/AddonPlatform.build/Debug/ProbeHost.build/Objects-normal/x86_64/CascadeAddonProbe.LinkFileList (in target 'ProbeHost' from project 'AddonPlatform')
    cd /Users/c4v4h/Library/Developer/Xcode/DerivedData/CascadeAddonRecoveryProbe/probe-xbuwn_k1/Sources
    write-file /Users/c4v4h/Library/Developer/Xcode/DerivedData/CascadeAddonRecoveryProbe/probe-xbuwn_k1/Build/Build/Intermediates.noindex/AddonPlatform.build/Debug/ProbeHost.build/Objects-normal/x86_64/CascadeAddonProbe.LinkFileList

WriteAuxiliaryFile /Users/c4v4h/Library/Developer/Xcode/DerivedData/CascadeAddonRecoveryProbe/probe-xbuwn_k1/Build/Build/Intermediates.noindex/AddonPlatform.build/Debug/ProbeHost.build/Objects-normal/arm64/ProbeHost_const_extract_protocols.json (in target 'ProbeHost' from project 'AddonPlatform')
    cd /Users/c4v4h/Library/Developer/Xcode/DerivedData/CascadeAddonRecoveryProbe/probe-xbuwn_k1/Sources
    write-file /Users/c4v4h/Library/Developer/Xcode/DerivedData/CascadeAddonRecoveryProbe/probe-xbuwn_k1/Build/Build/Intermediates.noindex/AddonPlatform.build/Debug/ProbeHost.build/Objects-normal/arm64/ProbeHost_const_extract_protocols.json

WriteAuxiliaryFile /Users/c4v4h/Library/Developer/Xcode/DerivedData/CascadeAddonRecoveryProbe/probe-xbuwn_k1/Build/Build/Intermediates.noindex/AddonPlatform.build/Debug/ProbeHost.build/Objects-normal/arm64/ProbeHost-OutputFileMap.json (in target 'ProbeHost' from project 'AddonPlatform')
    cd /Users/c4v4h/Library/Developer/Xcode/DerivedData/CascadeAddonRecoveryProbe/probe-xbuwn_k1/Sources
    write-file /Users/c4v4h/Library/Developer/Xcode/DerivedData/CascadeAddonRecoveryProbe/probe-xbuwn_k1/Build/Build/Intermediates.noindex/AddonPlatform.build/Debug/ProbeHost.build/Objects-normal/arm64/ProbeHost-OutputFileMap.json

WriteAuxiliaryFile /Users/c4v4h/Library/Developer/Xcode/DerivedData/CascadeAddonRecoveryProbe/probe-xbuwn_k1/Build/Build/Intermediates.noindex/AddonPlatform.build/Debug/ProbeHost.build/Objects-normal/arm64/CascadeAddonProbe.SwiftFileList (in target 'ProbeHost' from project 'AddonPlatform')
    cd /Users/c4v4h/Library/Developer/Xcode/DerivedData/CascadeAddonRecoveryProbe/probe-xbuwn_k1/Sources
    write-file /Users/c4v4h/Library/Developer/Xcode/DerivedData/CascadeAddonRecoveryProbe/probe-xbuwn_k1/Build/Build/Intermediates.noindex/AddonPlatform.build/Debug/ProbeHost.build/Objects-normal/arm64/CascadeAddonProbe.SwiftFileList

WriteAuxiliaryFile /Users/c4v4h/Library/Developer/Xcode/DerivedData/CascadeAddonRecoveryProbe/probe-xbuwn_k1/Build/Build/Intermediates.noindex/AddonPlatform.build/Debug/ProbeHost.build/Objects-normal/arm64/CascadeAddonProbe.SwiftConstValuesFileList (in target 'ProbeHost' from project 'AddonPlatform')
    cd /Users/c4v4h/Library/Developer/Xcode/DerivedData/CascadeAddonRecoveryProbe/probe-xbuwn_k1/Sources
    write-file /Users/c4v4h/Library/Developer/Xcode/DerivedData/CascadeAddonRecoveryProbe/probe-xbuwn_k1/Build/Build/Intermediates.noindex/AddonPlatform.build/Debug/ProbeHost.build/Objects-normal/arm64/CascadeAddonProbe.SwiftConstValuesFileList

WriteAuxiliaryFile /Users/c4v4h/Library/Developer/Xcode/DerivedData/CascadeAddonRecoveryProbe/probe-xbuwn_k1/Build/Build/Intermediates.noindex/AddonPlatform.build/Debug/ProbeHost.build/Objects-normal/arm64/CascadeAddonProbe.LinkFileList (in target 'ProbeHost' from project 'AddonPlatform')
    cd /Users/c4v4h/Library/Developer/Xcode/DerivedData/CascadeAddonRecoveryProbe/probe-xbuwn_k1/Sources
    write-file /Users/c4v4h/Library/Developer/Xcode/DerivedData/CascadeAddonRecoveryProbe/probe-xbuwn_k1/Build/Build/Intermediates.noindex/AddonPlatform.build/Debug/ProbeHost.build/Objects-normal/arm64/CascadeAddonProbe.LinkFileList

WriteAuxiliaryFile /Users/c4v4h/Library/Developer/Xcode/DerivedData/CascadeAddonRecoveryProbe/probe-xbuwn_k1/Build/Build/Intermediates.noindex/AddonPlatform.build/Debug/ProbeHost.build/CascadeAddonProbe.hmap (in target 'ProbeHost' from project 'AddonPlatform')
    cd /Users/c4v4h/Library/Developer/Xcode/DerivedData/CascadeAddonRecoveryProbe/probe-xbuwn_k1/Sources
    write-file /Users/c4v4h/Library/Developer/Xcode/DerivedData/CascadeAddonRecoveryProbe/probe-xbuwn_k1/Build/Build/Intermediates.noindex/AddonPlatform.build/Debug/ProbeHost.build/CascadeAddonProbe.hmap

WriteAuxiliaryFile /Users/c4v4h/Library/Developer/Xcode/DerivedData/CascadeAddonRecoveryProbe/probe-xbuwn_k1/Build/Build/Intermediates.noindex/AddonPlatform.build/Debug/ProbeHost.build/CascadeAddonProbe.DependencyStaticMetadataFileList (in target 'ProbeHost' from project 'AddonPlatform')
    cd /Users/c4v4h/Library/Developer/Xcode/DerivedData/CascadeAddonRecoveryProbe/probe-xbuwn_k1/Sources
    write-file /Users/c4v4h/Library/Developer/Xcode/DerivedData/CascadeAddonRecoveryProbe/probe-xbuwn_k1/Build/Build/Intermediates.noindex/AddonPlatform.build/Debug/ProbeHost.build/CascadeAddonProbe.DependencyStaticMetadataFileList

WriteAuxiliaryFile /Users/c4v4h/Library/Developer/Xcode/DerivedData/CascadeAddonRecoveryProbe/probe-xbuwn_k1/Build/Build/Intermediates.noindex/AddonPlatform.build/Debug/ProbeHost.build/CascadeAddonProbe.DependencyMetadataFileList (in target 'ProbeHost' from project 'AddonPlatform')
    cd /Users/c4v4h/Library/Developer/Xcode/DerivedData/CascadeAddonRecoveryProbe/probe-xbuwn_k1/Sources
    write-file /Users/c4v4h/Library/Developer/Xcode/DerivedData/CascadeAddonRecoveryProbe/probe-xbuwn_k1/Build/Build/Intermediates.noindex/AddonPlatform.build/Debug/ProbeHost.build/CascadeAddonProbe.DependencyMetadataFileList

WriteAuxiliaryFile /Users/c4v4h/Library/Developer/Xcode/DerivedData/CascadeAddonRecoveryProbe/probe-xbuwn_k1/Build/Build/Intermediates.noindex/AddonPlatform.build/Debug/ProbeHost.build/CascadeAddonProbe-project-headers.hmap (in target 'ProbeHost' from project 'AddonPlatform')
    cd /Users/c4v4h/Library/Developer/Xcode/DerivedData/CascadeAddonRecoveryProbe/probe-xbuwn_k1/Sources
    write-file /Users/c4v4h/Library/Developer/Xcode/DerivedData/CascadeAddonRecoveryProbe/probe-xbuwn_k1/Build/Build/Intermediates.noindex/AddonPlatform.build/Debug/ProbeHost.build/CascadeAddonProbe-project-headers.hmap

WriteAuxiliaryFile /Users/c4v4h/Library/Developer/Xcode/DerivedData/CascadeAddonRecoveryProbe/probe-xbuwn_k1/Build/Build/Intermediates.noindex/AddonPlatform.build/Debug/ProbeHost.build/CascadeAddonProbe-own-target-headers.hmap (in target 'ProbeHost' from project 'AddonPlatform')
    cd /Users/c4v4h/Library/Developer/Xcode/DerivedData/CascadeAddonRecoveryProbe/probe-xbuwn_k1/Sources
    write-file /Users/c4v4h/Library/Developer/Xcode/DerivedData/CascadeAddonRecoveryProbe/probe-xbuwn_k1/Build/Build/Intermediates.noindex/AddonPlatform.build/Debug/ProbeHost.build/CascadeAddonProbe-own-target-headers.hmap

WriteAuxiliaryFile /Users/c4v4h/Library/Developer/Xcode/DerivedData/CascadeAddonRecoveryProbe/probe-xbuwn_k1/Build/Build/Intermediates.noindex/AddonPlatform.build/Debug/ProbeHost.build/CascadeAddonProbe-generated-files.hmap (in target 'ProbeHost' from project 'AddonPlatform')
    cd /Users/c4v4h/Library/Developer/Xcode/DerivedData/CascadeAddonRecoveryProbe/probe-xbuwn_k1/Sources
    write-file /Users/c4v4h/Library/Developer/Xcode/DerivedData/CascadeAddonRecoveryProbe/probe-xbuwn_k1/Build/Build/Intermediates.noindex/AddonPlatform.build/Debug/ProbeHost.build/CascadeAddonProbe-generated-files.hmap

WriteAuxiliaryFile /Users/c4v4h/Library/Developer/Xcode/DerivedData/CascadeAddonRecoveryProbe/probe-xbuwn_k1/Build/Build/Intermediates.noindex/AddonPlatform.build/Debug/ProbeHost.build/CascadeAddonProbe-all-target-headers.hmap (in target 'ProbeHost' from project 'AddonPlatform')
    cd /Users/c4v4h/Library/Developer/Xcode/DerivedData/CascadeAddonRecoveryProbe/probe-xbuwn_k1/Sources
    write-file /Users/c4v4h/Library/Developer/Xcode/DerivedData/CascadeAddonRecoveryProbe/probe-xbuwn_k1/Build/Build/Intermediates.noindex/AddonPlatform.build/Debug/ProbeHost.build/CascadeAddonProbe-all-target-headers.hmap

WriteAuxiliaryFile /Users/c4v4h/Library/Developer/Xcode/DerivedData/CascadeAddonRecoveryProbe/probe-xbuwn_k1/Build/Build/Intermediates.noindex/AddonPlatform.build/Debug/ProbeHost.build/CascadeAddonProbe-all-non-framework-target-headers.hmap (in target 'ProbeHost' from project 'AddonPlatform')
    cd /Users/c4v4h/Library/Developer/Xcode/DerivedData/CascadeAddonRecoveryProbe/probe-xbuwn_k1/Sources
    write-file /Users/c4v4h/Library/Developer/Xcode/DerivedData/CascadeAddonRecoveryProbe/probe-xbuwn_k1/Build/Build/Intermediates.noindex/AddonPlatform.build/Debug/ProbeHost.build/CascadeAddonProbe-all-non-framework-target-headers.hmap

WriteAuxiliaryFile /Users/c4v4h/Library/Developer/Xcode/DerivedData/CascadeAddonRecoveryProbe/probe-xbuwn_k1/Build/Build/Intermediates.noindex/AddonPlatform.build/Debug/ProbeContainer.build/Objects-normal/x86_64/ProbeContainer-OutputFileMap.json (in target 'ProbeContainer' from project 'AddonPlatform')
    cd /Users/c4v4h/Library/Developer/Xcode/DerivedData/CascadeAddonRecoveryProbe/probe-xbuwn_k1/Sources
    write-file /Users/c4v4h/Library/Developer/Xcode/DerivedData/CascadeAddonRecoveryProbe/probe-xbuwn_k1/Build/Build/Intermediates.noindex/AddonPlatform.build/Debug/ProbeContainer.build/Objects-normal/x86_64/ProbeContainer-OutputFileMap.json

WriteAuxiliaryFile /Users/c4v4h/Library/Developer/Xcode/DerivedData/CascadeAddonRecoveryProbe/probe-xbuwn_k1/Build/Build/Intermediates.noindex/AddonPlatform.build/Debug/ProbeContainer.build/Objects-normal/x86_64/CascadeAddonProbeContainer.SwiftFileList (in target 'ProbeContainer' from project 'AddonPlatform')
    cd /Users/c4v4h/Library/Developer/Xcode/DerivedData/CascadeAddonRecoveryProbe/probe-xbuwn_k1/Sources
    write-file /Users/c4v4h/Library/Developer/Xcode/DerivedData/CascadeAddonRecoveryProbe/probe-xbuwn_k1/Build/Build/Intermediates.noindex/AddonPlatform.build/Debug/ProbeContainer.build/Objects-normal/x86_64/CascadeAddonProbeContainer.SwiftFileList

WriteAuxiliaryFile /Users/c4v4h/Library/Developer/Xcode/DerivedData/CascadeAddonRecoveryProbe/probe-xbuwn_k1/Build/Build/Intermediates.noindex/AddonPlatform.build/Debug/ProbeContainer.build/Objects-normal/x86_64/CascadeAddonProbeContainer.SwiftConstValuesFileList (in target 'ProbeContainer' from project 'AddonPlatform')
    cd /Users/c4v4h/Library/Developer/Xcode/DerivedData/CascadeAddonRecoveryProbe/probe-xbuwn_k1/Sources
    write-file /Users/c4v4h/Library/Developer/Xcode/DerivedData/CascadeAddonRecoveryProbe/probe-xbuwn_k1/Build/Build/Intermediates.noindex/AddonPlatform.build/Debug/ProbeContainer.build/Objects-normal/x86_64/CascadeAddonProbeContainer.SwiftConstValuesFileList

WriteAuxiliaryFile /Users/c4v4h/Library/Developer/Xcode/DerivedData/CascadeAddonRecoveryProbe/probe-xbuwn_k1/Build/Build/Intermediates.noindex/AddonPlatform.build/Debug/ProbeContainer.build/Objects-normal/x86_64/CascadeAddonProbeContainer.LinkFileList (in target 'ProbeContainer' from project 'AddonPlatform')
    cd /Users/c4v4h/Library/Developer/Xcode/DerivedData/CascadeAddonRecoveryProbe/probe-xbuwn_k1/Sources
    write-file /Users/c4v4h/Library/Developer/Xcode/DerivedData/CascadeAddonRecoveryProbe/probe-xbuwn_k1/Build/Build/Intermediates.noindex/AddonPlatform.build/Debug/ProbeContainer.build/Objects-normal/x86_64/CascadeAddonProbeContainer.LinkFileList

WriteAuxiliaryFile /Users/c4v4h/Library/Developer/Xcode/DerivedData/CascadeAddonRecoveryProbe/probe-xbuwn_k1/Build/Build/Intermediates.noindex/AddonPlatform.build/Debug/ProbeContainer.build/Objects-normal/arm64/CascadeAddonProbeContainer.SwiftFileList (in target 'ProbeContainer' from project 'AddonPlatform')
    cd /Users/c4v4h/Library/Developer/Xcode/DerivedData/CascadeAddonRecoveryProbe/probe-xbuwn_k1/Sources
    write-file /Users/c4v4h/Library/Developer/Xcode/DerivedData/CascadeAddonRecoveryProbe/probe-xbuwn_k1/Build/Build/Intermediates.noindex/AddonPlatform.build/Debug/ProbeContainer.build/Objects-normal/arm64/CascadeAddonProbeContainer.SwiftFileList

WriteAuxiliaryFile /Users/c4v4h/Library/Developer/Xcode/DerivedData/CascadeAddonRecoveryProbe/probe-xbuwn_k1/Build/Build/Intermediates.noindex/AddonPlatform.build/Debug/ProbeContainer.build/Objects-normal/arm64/ProbeContainer-OutputFileMap.json (in target 'ProbeContainer' from project 'AddonPlatform')
    cd /Users/c4v4h/Library/Developer/Xcode/DerivedData/CascadeAddonRecoveryProbe/probe-xbuwn_k1/Sources
    write-file /Users/c4v4h/Library/Developer/Xcode/DerivedData/CascadeAddonRecoveryProbe/probe-xbuwn_k1/Build/Build/Intermediates.noindex/AddonPlatform.build/Debug/ProbeContainer.build/Objects-normal/arm64/ProbeContainer-OutputFileMap.json

WriteAuxiliaryFile /Users/c4v4h/Library/Developer/Xcode/DerivedData/CascadeAddonRecoveryProbe/probe-xbuwn_k1/Build/Build/Intermediates.noindex/AddonPlatform.build/Debug/ProbeContainer.build/Objects-normal/arm64/ProbeContainer_const_extract_protocols.json (in target 'ProbeContainer' from project 'AddonPlatform')
    cd /Users/c4v4h/Library/Developer/Xcode/DerivedData/CascadeAddonRecoveryProbe/probe-xbuwn_k1/Sources
    write-file /Users/c4v4h/Library/Developer/Xcode/DerivedData/CascadeAddonRecoveryProbe/probe-xbuwn_k1/Build/Build/Intermediates.noindex/AddonPlatform.build/Debug/ProbeContainer.build/Objects-normal/arm64/ProbeContainer_const_extract_protocols.json

WriteAuxiliaryFile /Users/c4v4h/Library/Developer/Xcode/DerivedData/CascadeAddonRecoveryProbe/probe-xbuwn_k1/Build/Build/Intermediates.noindex/AddonPlatform.build/Debug/ProbeContainer.build/Objects-normal/arm64/CascadeAddonProbeContainer.SwiftConstValuesFileList (in target 'ProbeContainer' from project 'AddonPlatform')
    cd /Users/c4v4h/Library/Developer/Xcode/DerivedData/CascadeAddonRecoveryProbe/probe-xbuwn_k1/Sources
    write-file /Users/c4v4h/Library/Developer/Xcode/DerivedData/CascadeAddonRecoveryProbe/probe-xbuwn_k1/Build/Build/Intermediates.noindex/AddonPlatform.build/Debug/ProbeContainer.build/Objects-normal/arm64/CascadeAddonProbeContainer.SwiftConstValuesFileList

WriteAuxiliaryFile /Users/c4v4h/Library/Developer/Xcode/DerivedData/CascadeAddonRecoveryProbe/probe-xbuwn_k1/Build/Build/Intermediates.noindex/AddonPlatform.build/Debug/ProbeContainer.build/Objects-normal/arm64/CascadeAddonProbeContainer.LinkFileList (in target 'ProbeContainer' from project 'AddonPlatform')
    cd /Users/c4v4h/Library/Developer/Xcode/DerivedData/CascadeAddonRecoveryProbe/probe-xbuwn_k1/Sources
    write-file /Users/c4v4h/Library/Developer/Xcode/DerivedData/CascadeAddonRecoveryProbe/probe-xbuwn_k1/Build/Build/Intermediates.noindex/AddonPlatform.build/Debug/ProbeContainer.build/Objects-normal/arm64/CascadeAddonProbeContainer.LinkFileList

WriteAuxiliaryFile /Users/c4v4h/Library/Developer/Xcode/DerivedData/CascadeAddonRecoveryProbe/probe-xbuwn_k1/Build/Build/Intermediates.noindex/AddonPlatform.build/Debug/ProbeContainer.build/CascadeAddonProbeContainer.hmap (in target 'ProbeContainer' from project 'AddonPlatform')
    cd /Users/c4v4h/Library/Developer/Xcode/DerivedData/CascadeAddonRecoveryProbe/probe-xbuwn_k1/Sources
    write-file /Users/c4v4h/Library/Developer/Xcode/DerivedData/CascadeAddonRecoveryProbe/probe-xbuwn_k1/Build/Build/Intermediates.noindex/AddonPlatform.build/Debug/ProbeContainer.build/CascadeAddonProbeContainer.hmap

WriteAuxiliaryFile /Users/c4v4h/Library/Developer/Xcode/DerivedData/CascadeAddonRecoveryProbe/probe-xbuwn_k1/Build/Build/Intermediates.noindex/AddonPlatform.build/Debug/ProbeContainer.build/CascadeAddonProbeContainer.DependencyStaticMetadataFileList (in target 'ProbeContainer' from project 'AddonPlatform')
    cd /Users/c4v4h/Library/Developer/Xcode/DerivedData/CascadeAddonRecoveryProbe/probe-xbuwn_k1/Sources
    write-file /Users/c4v4h/Library/Developer/Xcode/DerivedData/CascadeAddonRecoveryProbe/probe-xbuwn_k1/Build/Build/Intermediates.noindex/AddonPlatform.build/Debug/ProbeContainer.build/CascadeAddonProbeContainer.DependencyStaticMetadataFileList

WriteAuxiliaryFile /Users/c4v4h/Library/Developer/Xcode/DerivedData/CascadeAddonRecoveryProbe/probe-xbuwn_k1/Build/Build/Intermediates.noindex/AddonPlatform.build/Debug/ProbeContainer.build/CascadeAddonProbeContainer.DependencyMetadataFileList (in target 'ProbeContainer' from project 'AddonPlatform')
    cd /Users/c4v4h/Library/Developer/Xcode/DerivedData/CascadeAddonRecoveryProbe/probe-xbuwn_k1/Sources
    write-file /Users/c4v4h/Library/Developer/Xcode/DerivedData/CascadeAddonRecoveryProbe/probe-xbuwn_k1/Build/Build/Intermediates.noindex/AddonPlatform.build/Debug/ProbeContainer.build/CascadeAddonProbeContainer.DependencyMetadataFileList

WriteAuxiliaryFile /Users/c4v4h/Library/Developer/Xcode/DerivedData/CascadeAddonRecoveryProbe/probe-xbuwn_k1/Build/Build/Intermediates.noindex/AddonPlatform.build/Debug/ProbeContainer.build/CascadeAddonProbeContainer-project-headers.hmap (in target 'ProbeContainer' from project 'AddonPlatform')
    cd /Users/c4v4h/Library/Developer/Xcode/DerivedData/CascadeAddonRecoveryProbe/probe-xbuwn_k1/Sources
    write-file /Users/c4v4h/Library/Developer/Xcode/DerivedData/CascadeAddonRecoveryProbe/probe-xbuwn_k1/Build/Build/Intermediates.noindex/AddonPlatform.build/Debug/ProbeContainer.build/CascadeAddonProbeContainer-project-headers.hmap

WriteAuxiliaryFile /Users/c4v4h/Library/Developer/Xcode/DerivedData/CascadeAddonRecoveryProbe/probe-xbuwn_k1/Build/Build/Intermediates.noindex/AddonPlatform.build/Debug/ProbeContainer.build/CascadeAddonProbeContainer-own-target-headers.hmap (in target 'ProbeContainer' from project 'AddonPlatform')
    cd /Users/c4v4h/Library/Developer/Xcode/DerivedData/CascadeAddonRecoveryProbe/probe-xbuwn_k1/Sources
    write-file /Users/c4v4h/Library/Developer/Xcode/DerivedData/CascadeAddonRecoveryProbe/probe-xbuwn_k1/Build/Build/Intermediates.noindex/AddonPlatform.build/Debug/ProbeContainer.build/CascadeAddonProbeContainer-own-target-headers.hmap

WriteAuxiliaryFile /Users/c4v4h/Library/Developer/Xcode/DerivedData/CascadeAddonRecoveryProbe/probe-xbuwn_k1/Build/Build/Intermediates.noindex/AddonPlatform.build/Debug/ProbeContainer.build/CascadeAddonProbeContainer-generated-files.hmap (in target 'ProbeContainer' from project 'AddonPlatform')
    cd /Users/c4v4h/Library/Developer/Xcode/DerivedData/CascadeAddonRecoveryProbe/probe-xbuwn_k1/Sources
    write-file /Users/c4v4h/Library/Developer/Xcode/DerivedData/CascadeAddonRecoveryProbe/probe-xbuwn_k1/Build/Build/Intermediates.noindex/AddonPlatform.build/Debug/ProbeContainer.build/CascadeAddonProbeContainer-generated-files.hmap

WriteAuxiliaryFile /Users/c4v4h/Library/Developer/Xcode/DerivedData/CascadeAddonRecoveryProbe/probe-xbuwn_k1/Build/Build/Intermediates.noindex/AddonPlatform.build/Debug/ProbeContainer.build/CascadeAddonProbeContainer-all-target-headers.hmap (in target 'ProbeContainer' from project 'AddonPlatform')
    cd /Users/c4v4h/Library/Developer/Xcode/DerivedData/CascadeAddonRecoveryProbe/probe-xbuwn_k1/Sources
    write-file /Users/c4v4h/Library/Developer/Xcode/DerivedData/CascadeAddonRecoveryProbe/probe-xbuwn_k1/Build/Build/Intermediates.noindex/AddonPlatform.build/Debug/ProbeContainer.build/CascadeAddonProbeContainer-all-target-headers.hmap

WriteAuxiliaryFile /Users/c4v4h/Library/Developer/Xcode/DerivedData/CascadeAddonRecoveryProbe/probe-xbuwn_k1/Build/Build/Intermediates.noindex/AddonPlatform.build/Debug/ProbeContainer.build/CascadeAddonProbeContainer-all-non-framework-target-headers.hmap (in target 'ProbeContainer' from project 'AddonPlatform')
    cd /Users/c4v4h/Library/Developer/Xcode/DerivedData/CascadeAddonRecoveryProbe/probe-xbuwn_k1/Sources
    write-file /Users/c4v4h/Library/Developer/Xcode/DerivedData/CascadeAddonRecoveryProbe/probe-xbuwn_k1/Build/Build/Intermediates.noindex/AddonPlatform.build/Debug/ProbeContainer.build/CascadeAddonProbeContainer-all-non-framework-target-headers.hmap

MkDir /Users/c4v4h/Library/Developer/Xcode/DerivedData/CascadeAddonRecoveryProbe/probe-xbuwn_k1/Build/Build/Products/Debug/CascadeProbeProvider.appex/Contents (in target 'ProbeProvider' from project 'AddonPlatform')
    cd /Users/c4v4h/Library/Developer/Xcode/DerivedData/CascadeAddonRecoveryProbe/probe-xbuwn_k1/Sources
    /bin/mkdir -p /Users/c4v4h/Library/Developer/Xcode/DerivedData/CascadeAddonRecoveryProbe/probe-xbuwn_k1/Build/Build/Products/Debug/CascadeProbeProvider.appex/Contents

MkDir /Users/c4v4h/Library/Developer/Xcode/DerivedData/CascadeAddonRecoveryProbe/probe-xbuwn_k1/Build/Build/Products/Debug/CascadeProbeProvider.appex/Contents/MacOS (in target 'ProbeProvider' from project 'AddonPlatform')
    cd /Users/c4v4h/Library/Developer/Xcode/DerivedData/CascadeAddonRecoveryProbe/probe-xbuwn_k1/Sources
    /bin/mkdir -p /Users/c4v4h/Library/Developer/Xcode/DerivedData/CascadeAddonRecoveryProbe/probe-xbuwn_k1/Build/Build/Products/Debug/CascadeProbeProvider.appex/Contents/MacOS

MkDir /Users/c4v4h/Library/Developer/Xcode/DerivedData/CascadeAddonRecoveryProbe/probe-xbuwn_k1/Build/Build/Products/Debug/CascadeProbeProvider.appex (in target 'ProbeProvider' from project 'AddonPlatform')
    cd /Users/c4v4h/Library/Developer/Xcode/DerivedData/CascadeAddonRecoveryProbe/probe-xbuwn_k1/Sources
    /bin/mkdir -p /Users/c4v4h/Library/Developer/Xcode/DerivedData/CascadeAddonRecoveryProbe/probe-xbuwn_k1/Build/Build/Products/Debug/CascadeProbeProvider.appex

MkDir /Users/c4v4h/Library/Developer/Xcode/DerivedData/CascadeAddonRecoveryProbe/probe-xbuwn_k1/Build/Build/Products/Debug/CascadeAddonProbe.app/Contents/Extensions (in target 'ProbeHost' from project 'AddonPlatform')
    cd /Users/c4v4h/Library/Developer/Xcode/DerivedData/CascadeAddonRecoveryProbe/probe-xbuwn_k1/Sources
    /bin/mkdir -p /Users/c4v4h/Library/Developer/Xcode/DerivedData/CascadeAddonRecoveryProbe/probe-xbuwn_k1/Build/Build/Products/Debug/CascadeAddonProbe.app/Contents/Extensions

MkDir /Users/c4v4h/Library/Developer/Xcode/DerivedData/CascadeAddonRecoveryProbe/probe-xbuwn_k1/Build/Build/Products/Debug/CascadeAddonProbe.app/Contents/MacOS (in target 'ProbeHost' from project 'AddonPlatform')
    cd /Users/c4v4h/Library/Developer/Xcode/DerivedData/CascadeAddonRecoveryProbe/probe-xbuwn_k1/Sources
    /bin/mkdir -p /Users/c4v4h/Library/Developer/Xcode/DerivedData/CascadeAddonRecoveryProbe/probe-xbuwn_k1/Build/Build/Products/Debug/CascadeAddonProbe.app/Contents/MacOS

MkDir /Users/c4v4h/Library/Developer/Xcode/DerivedData/CascadeAddonRecoveryProbe/probe-xbuwn_k1/Build/Build/Products/Debug/CascadeAddonProbe.app/Contents (in target 'ProbeHost' from project 'AddonPlatform')
    cd /Users/c4v4h/Library/Developer/Xcode/DerivedData/CascadeAddonRecoveryProbe/probe-xbuwn_k1/Sources
    /bin/mkdir -p /Users/c4v4h/Library/Developer/Xcode/DerivedData/CascadeAddonRecoveryProbe/probe-xbuwn_k1/Build/Build/Products/Debug/CascadeAddonProbe.app/Contents

MkDir /Users/c4v4h/Library/Developer/Xcode/DerivedData/CascadeAddonRecoveryProbe/probe-xbuwn_k1/Build/Build/Products/Debug/CascadeAddonProbe.app (in target 'ProbeHost' from project 'AddonPlatform')
    cd /Users/c4v4h/Library/Developer/Xcode/DerivedData/CascadeAddonRecoveryProbe/probe-xbuwn_k1/Sources
    /bin/mkdir -p /Users/c4v4h/Library/Developer/Xcode/DerivedData/CascadeAddonRecoveryProbe/probe-xbuwn_k1/Build/Build/Products/Debug/CascadeAddonProbe.app

MkDir /Users/c4v4h/Library/Developer/Xcode/DerivedData/CascadeAddonRecoveryProbe/probe-xbuwn_k1/Build/Build/Products/Debug/CascadeAddonProbeContainer.app/Contents/MacOS (in target 'ProbeContainer' from project 'AddonPlatform')
    cd /Users/c4v4h/Library/Developer/Xcode/DerivedData/CascadeAddonRecoveryProbe/probe-xbuwn_k1/Sources
    /bin/mkdir -p /Users/c4v4h/Library/Developer/Xcode/DerivedData/CascadeAddonRecoveryProbe/probe-xbuwn_k1/Build/Build/Products/Debug/CascadeAddonProbeContainer.app/Contents/MacOS

MkDir /Users/c4v4h/Library/Developer/Xcode/DerivedData/CascadeAddonRecoveryProbe/probe-xbuwn_k1/Build/Build/Products/Debug/CascadeAddonProbeContainer.app/Contents/Extensions (in target 'ProbeContainer' from project 'AddonPlatform')
    cd /Users/c4v4h/Library/Developer/Xcode/DerivedData/CascadeAddonRecoveryProbe/probe-xbuwn_k1/Sources
    /bin/mkdir -p /Users/c4v4h/Library/Developer/Xcode/DerivedData/CascadeAddonRecoveryProbe/probe-xbuwn_k1/Build/Build/Products/Debug/CascadeAddonProbeContainer.app/Contents/Extensions

MkDir /Users/c4v4h/Library/Developer/Xcode/DerivedData/CascadeAddonRecoveryProbe/probe-xbuwn_k1/Build/Build/Products/Debug/CascadeAddonProbeContainer.app/Contents (in target 'ProbeContainer' from project 'AddonPlatform')
    cd /Users/c4v4h/Library/Developer/Xcode/DerivedData/CascadeAddonRecoveryProbe/probe-xbuwn_k1/Sources
    /bin/mkdir -p /Users/c4v4h/Library/Developer/Xcode/DerivedData/CascadeAddonRecoveryProbe/probe-xbuwn_k1/Build/Build/Products/Debug/CascadeAddonProbeContainer.app/Contents

MkDir /Users/c4v4h/Library/Developer/Xcode/DerivedData/CascadeAddonRecoveryProbe/probe-xbuwn_k1/Build/Build/Products/Debug/CascadeAddonProbeContainer.app (in target 'ProbeContainer' from project 'AddonPlatform')
    cd /Users/c4v4h/Library/Developer/Xcode/DerivedData/CascadeAddonRecoveryProbe/probe-xbuwn_k1/Sources
    /bin/mkdir -p /Users/c4v4h/Library/Developer/Xcode/DerivedData/CascadeAddonRecoveryProbe/probe-xbuwn_k1/Build/Build/Products/Debug/CascadeAddonProbeContainer.app

ProcessProductPackaging /Users/c4v4h/Library/Developer/Xcode/DerivedData/CascadeAddonRecoveryProbe/probe-xbuwn_k1/Sources/Provider/Provider.entitlements /Users/c4v4h/Library/Developer/Xcode/DerivedData/CascadeAddonRecoveryProbe/probe-xbuwn_k1/Build/Build/Intermediates.noindex/AddonPlatform.build/Debug/ProbeProvider.build/CascadeProbeProvider.appex.xcent (in target 'ProbeProvider' from project 'AddonPlatform')
    cd /Users/c4v4h/Library/Developer/Xcode/DerivedData/CascadeAddonRecoveryProbe/probe-xbuwn_k1/Sources
    
    Entitlements:
    
    {
    "com.apple.security.app-sandbox" = 1;
}
    
    builtin-productPackagingUtility /Users/c4v4h/Library/Developer/Xcode/DerivedData/CascadeAddonRecoveryProbe/probe-xbuwn_k1/Sources/Provider/Provider.entitlements -entitlements -format xml -o /Users/c4v4h/Library/Developer/Xcode/DerivedData/CascadeAddonRecoveryProbe/probe-xbuwn_k1/Build/Build/Intermediates.noindex/AddonPlatform.build/Debug/ProbeProvider.build/CascadeProbeProvider.appex.xcent

ProcessInfoPlistFile /Users/c4v4h/Library/Developer/Xcode/DerivedData/CascadeAddonRecoveryProbe/probe-xbuwn_k1/Build/Build/Products/Debug/CascadeAddonProbe.app/Contents/Info.plist /Users/c4v4h/Library/Developer/Xcode/DerivedData/CascadeAddonRecoveryProbe/probe-xbuwn_k1/Sources/Host/Info.plist (in target 'ProbeHost' from project 'AddonPlatform')
    cd /Users/c4v4h/Library/Developer/Xcode/DerivedData/CascadeAddonRecoveryProbe/probe-xbuwn_k1/Sources
    builtin-infoPlistUtility /Users/c4v4h/Library/Developer/Xcode/DerivedData/CascadeAddonRecoveryProbe/probe-xbuwn_k1/Sources/Host/Info.plist -producttype com.apple.product-type.application -genpkginfo /Users/c4v4h/Library/Developer/Xcode/DerivedData/CascadeAddonRecoveryProbe/probe-xbuwn_k1/Build/Build/Products/Debug/CascadeAddonProbe.app/Contents/PkgInfo -expandbuildsettings -platform macosx -o /Users/c4v4h/Library/Developer/Xcode/DerivedData/CascadeAddonRecoveryProbe/probe-xbuwn_k1/Build/Build/Products/Debug/CascadeAddonProbe.app/Contents/Info.plist

ProcessProductPackagingDER /Users/c4v4h/Library/Developer/Xcode/DerivedData/CascadeAddonRecoveryProbe/probe-xbuwn_k1/Build/Build/Intermediates.noindex/AddonPlatform.build/Debug/ProbeProvider.build/CascadeProbeProvider.appex.xcent /Users/c4v4h/Library/Developer/Xcode/DerivedData/CascadeAddonRecoveryProbe/probe-xbuwn_k1/Build/Build/Intermediates.noindex/AddonPlatform.build/Debug/ProbeProvider.build/CascadeProbeProvider.appex.xcent.der (in target 'ProbeProvider' from project 'AddonPlatform')
    cd /Users/c4v4h/Library/Developer/Xcode/DerivedData/CascadeAddonRecoveryProbe/probe-xbuwn_k1/Sources
    /usr/bin/derq query -f xml -i /Users/c4v4h/Library/Developer/Xcode/DerivedData/CascadeAddonRecoveryProbe/probe-xbuwn_k1/Build/Build/Intermediates.noindex/AddonPlatform.build/Debug/ProbeProvider.build/CascadeProbeProvider.appex.xcent -o /Users/c4v4h/Library/Developer/Xcode/DerivedData/CascadeAddonRecoveryProbe/probe-xbuwn_k1/Build/Build/Intermediates.noindex/AddonPlatform.build/Debug/ProbeProvider.build/CascadeProbeProvider.appex.xcent.der --raw

SwiftDriver ProbeProvider normal arm64 com.apple.xcode.tools.swift.compiler (in target 'ProbeProvider' from project 'AddonPlatform')
    cd /Users/c4v4h/Library/Developer/Xcode/DerivedData/CascadeAddonRecoveryProbe/probe-xbuwn_k1/Sources
    builtin-SwiftDriver -- /Applications/Xcode-beta.app/Contents/Developer/Toolchains/XcodeDefault.xctoolchain/usr/bin/swiftc -module-name CascadeProbeProvider -Onone @/Users/c4v4h/Library/Developer/Xcode/DerivedData/CascadeAddonRecoveryProbe/probe-xbuwn_k1/Build/Build/Intermediates.noindex/AddonPlatform.build/Debug/ProbeProvider.build/Objects-normal/arm64/CascadeProbeProvider.SwiftFileList -DDEBUG -DRECOVERY_PROBE -DBROKER_PROVIDER -enable-bare-slash-regex -enable-experimental-feature DebugDescriptionMacro -sdk /Applications/Xcode-beta.app/Contents/Developer/Platforms/MacOSX.platform/Developer/SDKs/MacOSX27.0.sdk -target arm64-apple-macos14.0 -g -module-cache-path /Users/c4v4h/Library/Developer/Xcode/DerivedData/CascadeAddonRecoveryProbe/probe-xbuwn_k1/Build/ModuleCache.noindex -Xfrontend -serialize-debugging-options -application-extension -index-store-path /Users/c4v4h/Library/Developer/Xcode/DerivedData/CascadeAddonRecoveryProbe/probe-xbuwn_k1/Build/Index.noindex/DataStore -swift-version 5 -I /Users/c4v4h/Library/Developer/Xcode/DerivedData/CascadeAddonRecoveryProbe/probe-xbuwn_k1/Build/Build/Products/Debug -F /Users/c4v4h/Library/Developer/Xcode/DerivedData/CascadeAddonRecoveryProbe/probe-xbuwn_k1/Build/Build/Products/Debug -c -j8 -enable-batch-mode -incremental -Xcc -ivfsstatcache -Xcc /Users/c4v4h/Library/Developer/Xcode/DerivedData/CascadeAddonRecoveryProbe/probe-xbuwn_k1/Build/SDKStatCaches.noindex/macosx27.0-26A5419a-e829b21a6f8c9b70876ba0858053c04445874285e5972fffeae925c4ab065928.sdkstatcache -output-file-map /Users/c4v4h/Library/Developer/Xcode/DerivedData/CascadeAddonRecoveryProbe/probe-xbuwn_k1/Build/Build/Intermediates.noindex/AddonPlatform.build/Debug/ProbeProvider.build/Objects-normal/arm64/ProbeProvider-OutputFileMap.json -save-temps -no-color-diagnostics -explicit-module-build -module-cache-path /Users/c4v4h/Library/Developer/Xcode/DerivedData/CascadeAddonRecoveryProbe/probe-xbuwn_k1/Build/Build/Intermediates.noindex/SwiftExplicitPrecompiledModules -clang-scanner-module-cache-path /Users/c4v4h/Library/Developer/Xcode/DerivedData/CascadeAddonRecoveryProbe/probe-xbuwn_k1/Build/ModuleCache.noindex -sdk-module-cache-path /Users/c4v4h/Library/Developer/Xcode/DerivedData/CascadeAddonRecoveryProbe/probe-xbuwn_k1/Build/SDKExplicitPrecompiledModules -emit-dependencies -emit-module -emit-module-path /Users/c4v4h/Library/Developer/Xcode/DerivedData/CascadeAddonRecoveryProbe/probe-xbuwn_k1/Build/Build/Intermediates.noindex/AddonPlatform.build/Debug/ProbeProvider.build/Objects-normal/arm64/CascadeProbeProvider.swiftmodule -serialize-diagnostics -dependency-scan-serialize-diagnostics-path /Users/c4v4h/Library/Developer/Xcode/DerivedData/CascadeAddonRecoveryProbe/probe-xbuwn_k1/Build/Build/Intermediates.noindex/AddonPlatform.build/Debug/ProbeProvider.build/Objects-normal/arm64/CascadeProbeProvider-dependency-scan.dia -validate-clang-modules-once -clang-build-session-file /Users/c4v4h/Library/Developer/Xcode/DerivedData/CascadeAddonRecoveryProbe/probe-xbuwn_k1/Build/ModuleCache.noindex/Session.modulevalidation -Xcc -fmodules-prune-interval\=86400 -Xcc -fmodules-prune-after\=345600 -emit-const-values -const-gather-protocols-list /Users/c4v4h/Library/Developer/Xcode/DerivedData/CascadeAddonRecoveryProbe/probe-xbuwn_k1/Build/Build/Intermediates.noindex/AddonPlatform.build/Debug/ProbeProvider.build/Objects-normal/arm64/ProbeProvider_const_extract_protocols.json -Xcc -iquote -Xcc /Users/c4v4h/Library/Developer/Xcode/DerivedData/CascadeAddonRecoveryProbe/probe-xbuwn_k1/Build/Build/Intermediates.noindex/AddonPlatform.build/Debug/ProbeProvider.build/CascadeProbeProvider-generated-files.hmap -Xcc -I/Users/c4v4h/Library/Developer/Xcode/DerivedData/CascadeAddonRecoveryProbe/probe-xbuwn_k1/Build/Build/Intermediates.noindex/AddonPlatform.build/Debug/ProbeProvider.build/CascadeProbeProvider-own-target-headers.hmap -Xcc -I/Users/c4v4h/Library/Developer/Xcode/DerivedData/CascadeAddonRecoveryProbe/probe-xbuwn_k1/Build/Build/Intermediates.noindex/AddonPlatform.build/Debug/ProbeProvider.build/CascadeProbeProvider-all-target-headers.hmap -Xcc -iquote -Xcc /Users/c4v4h/Library/Developer/Xcode/DerivedData/CascadeAddonRecoveryProbe/probe-xbuwn_k1/Build/Build/Intermediates.noindex/AddonPlatform.build/Debug/ProbeProvider.build/CascadeProbeProvider-project-headers.hmap -Xcc -I/Users/c4v4h/Library/Developer/Xcode/DerivedData/CascadeAddonRecoveryProbe/probe-xbuwn_k1/Build/Build/Products/Debug/include -Xcc -I/Users/c4v4h/Library/Developer/Xcode/DerivedData/CascadeAddonRecoveryProbe/probe-xbuwn_k1/Build/Build/Intermediates.noindex/AddonPlatform.build/Debug/ProbeProvider.build/DerivedSources-normal/arm64 -Xcc -I/Users/c4v4h/Library/Developer/Xcode/DerivedData/CascadeAddonRecoveryProbe/probe-xbuwn_k1/Build/Build/Intermediates.noindex/AddonPlatform.build/Debug/ProbeProvider.build/DerivedSources/arm64 -Xcc -I/Users/c4v4h/Library/Developer/Xcode/DerivedData/CascadeAddonRecoveryProbe/probe-xbuwn_k1/Build/Build/Intermediates.noindex/AddonPlatform.build/Debug/ProbeProvider.build/DerivedSources -emit-objc-header -emit-objc-header-path /Users/c4v4h/Library/Developer/Xcode/DerivedData/CascadeAddonRecoveryProbe/probe-xbuwn_k1/Build/Build/Intermediates.noindex/AddonPlatform.build/Debug/ProbeProvider.build/Objects-normal/arm64/CascadeProbeProvider-Swift.h -working-directory /Users/c4v4h/Library/Developer/Xcode/DerivedData/CascadeAddonRecoveryProbe/probe-xbuwn_k1/Sources -experimental-emit-module-separately -disable-cmo

SwiftDriver ProbeProvider normal x86_64 com.apple.xcode.tools.swift.compiler (in target 'ProbeProvider' from project 'AddonPlatform')
    cd /Users/c4v4h/Library/Developer/Xcode/DerivedData/CascadeAddonRecoveryProbe/probe-xbuwn_k1/Sources
    builtin-SwiftDriver -- /Applications/Xcode-beta.app/Contents/Developer/Toolchains/XcodeDefault.xctoolchain/usr/bin/swiftc -module-name CascadeProbeProvider -Onone @/Users/c4v4h/Library/Developer/Xcode/DerivedData/CascadeAddonRecoveryProbe/probe-xbuwn_k1/Build/Build/Intermediates.noindex/AddonPlatform.build/Debug/ProbeProvider.build/Objects-normal/x86_64/CascadeProbeProvider.SwiftFileList -DDEBUG -DRECOVERY_PROBE -DBROKER_PROVIDER -enable-bare-slash-regex -enable-experimental-feature DebugDescriptionMacro -sdk /Applications/Xcode-beta.app/Contents/Developer/Platforms/MacOSX.platform/Developer/SDKs/MacOSX27.0.sdk -target x86_64-apple-macos14.0 -g -module-cache-path /Users/c4v4h/Library/Developer/Xcode/DerivedData/CascadeAddonRecoveryProbe/probe-xbuwn_k1/Build/ModuleCache.noindex -Xfrontend -serialize-debugging-options -application-extension -index-store-path /Users/c4v4h/Library/Developer/Xcode/DerivedData/CascadeAddonRecoveryProbe/probe-xbuwn_k1/Build/Index.noindex/DataStore -swift-version 5 -I /Users/c4v4h/Library/Developer/Xcode/DerivedData/CascadeAddonRecoveryProbe/probe-xbuwn_k1/Build/Build/Products/Debug -F /Users/c4v4h/Library/Developer/Xcode/DerivedData/CascadeAddonRecoveryProbe/probe-xbuwn_k1/Build/Build/Products/Debug -c -j8 -enable-batch-mode -incremental -Xcc -ivfsstatcache -Xcc /Users/c4v4h/Library/Developer/Xcode/DerivedData/CascadeAddonRecoveryProbe/probe-xbuwn_k1/Build/SDKStatCaches.noindex/macosx27.0-26A5419a-e829b21a6f8c9b70876ba0858053c04445874285e5972fffeae925c4ab065928.sdkstatcache -output-file-map /Users/c4v4h/Library/Developer/Xcode/DerivedData/CascadeAddonRecoveryProbe/probe-xbuwn_k1/Build/Build/Intermediates.noindex/AddonPlatform.build/Debug/ProbeProvider.build/Objects-normal/x86_64/ProbeProvider-OutputFileMap.json -save-temps -no-color-diagnostics -explicit-module-build -module-cache-path /Users/c4v4h/Library/Developer/Xcode/DerivedData/CascadeAddonRecoveryProbe/probe-xbuwn_k1/Build/Build/Intermediates.noindex/SwiftExplicitPrecompiledModules -clang-scanner-module-cache-path /Users/c4v4h/Library/Developer/Xcode/DerivedData/CascadeAddonRecoveryProbe/probe-xbuwn_k1/Build/ModuleCache.noindex -sdk-module-cache-path /Users/c4v4h/Library/Developer/Xcode/DerivedData/CascadeAddonRecoveryProbe/probe-xbuwn_k1/Build/SDKExplicitPrecompiledModules -emit-dependencies -emit-module -emit-module-path /Users/c4v4h/Library/Developer/Xcode/DerivedData/CascadeAddonRecoveryProbe/probe-xbuwn_k1/Build/Build/Intermediates.noindex/AddonPlatform.build/Debug/ProbeProvider.build/Objects-normal/x86_64/CascadeProbeProvider.swiftmodule -serialize-diagnostics -dependency-scan-serialize-diagnostics-path /Users/c4v4h/Library/Developer/Xcode/DerivedData/CascadeAddonRecoveryProbe/probe-xbuwn_k1/Build/Build/Intermediates.noindex/AddonPlatform.build/Debug/ProbeProvider.build/Objects-normal/x86_64/CascadeProbeProvider-dependency-scan.dia -validate-clang-modules-once -clang-build-session-file /Users/c4v4h/Library/Developer/Xcode/DerivedData/CascadeAddonRecoveryProbe/probe-xbuwn_k1/Build/ModuleCache.noindex/Session.modulevalidation -Xcc -fmodules-prune-interval\=86400 -Xcc -fmodules-prune-after\=345600 -emit-const-values -const-gather-protocols-list /Users/c4v4h/Library/Developer/Xcode/DerivedData/CascadeAddonRecoveryProbe/probe-xbuwn_k1/Build/Build/Intermediates.noindex/AddonPlatform.build/Debug/ProbeProvider.build/Objects-normal/x86_64/ProbeProvider_const_extract_protocols.json -Xcc -iquote -Xcc /Users/c4v4h/Library/Developer/Xcode/DerivedData/CascadeAddonRecoveryProbe/probe-xbuwn_k1/Build/Build/Intermediates.noindex/AddonPlatform.build/Debug/ProbeProvider.build/CascadeProbeProvider-generated-files.hmap -Xcc -I/Users/c4v4h/Library/Developer/Xcode/DerivedData/CascadeAddonRecoveryProbe/probe-xbuwn_k1/Build/Build/Intermediates.noindex/AddonPlatform.build/Debug/ProbeProvider.build/CascadeProbeProvider-own-target-headers.hmap -Xcc -I/Users/c4v4h/Library/Developer/Xcode/DerivedData/CascadeAddonRecoveryProbe/probe-xbuwn_k1/Build/Build/Intermediates.noindex/AddonPlatform.build/Debug/ProbeProvider.build/CascadeProbeProvider-all-target-headers.hmap -Xcc -iquote -Xcc /Users/c4v4h/Library/Developer/Xcode/DerivedData/CascadeAddonRecoveryProbe/probe-xbuwn_k1/Build/Build/Intermediates.noindex/AddonPlatform.build/Debug/ProbeProvider.build/CascadeProbeProvider-project-headers.hmap -Xcc -I/Users/c4v4h/Library/Developer/Xcode/DerivedData/CascadeAddonRecoveryProbe/probe-xbuwn_k1/Build/Build/Products/Debug/include -Xcc -I/Users/c4v4h/Library/Developer/Xcode/DerivedData/CascadeAddonRecoveryProbe/probe-xbuwn_k1/Build/Build/Intermediates.noindex/AddonPlatform.build/Debug/ProbeProvider.build/DerivedSources-normal/x86_64 -Xcc -I/Users/c4v4h/Library/Developer/Xcode/DerivedData/CascadeAddonRecoveryProbe/probe-xbuwn_k1/Build/Build/Intermediates.noindex/AddonPlatform.build/Debug/ProbeProvider.build/DerivedSources/x86_64 -Xcc -I/Users/c4v4h/Library/Developer/Xcode/DerivedData/CascadeAddonRecoveryProbe/probe-xbuwn_k1/Build/Build/Intermediates.noindex/AddonPlatform.build/Debug/ProbeProvider.build/DerivedSources -emit-objc-header -emit-objc-header-path /Users/c4v4h/Library/Developer/Xcode/DerivedData/CascadeAddonRecoveryProbe/probe-xbuwn_k1/Build/Build/Intermediates.noindex/AddonPlatform.build/Debug/ProbeProvider.build/Objects-normal/x86_64/CascadeProbeProvider-Swift.h -working-directory /Users/c4v4h/Library/Developer/Xcode/DerivedData/CascadeAddonRecoveryProbe/probe-xbuwn_k1/Sources -experimental-emit-module-separately -disable-cmo

SwiftDriver ProbeHost normal arm64 com.apple.xcode.tools.swift.compiler (in target 'ProbeHost' from project 'AddonPlatform')
    cd /Users/c4v4h/Library/Developer/Xcode/DerivedData/CascadeAddonRecoveryProbe/probe-xbuwn_k1/Sources
    builtin-SwiftDriver -- /Applications/Xcode-beta.app/Contents/Developer/Toolchains/XcodeDefault.xctoolchain/usr/bin/swiftc -module-name CascadeAddonProbe -Onone @/Users/c4v4h/Library/Developer/Xcode/DerivedData/CascadeAddonRecoveryProbe/probe-xbuwn_k1/Build/Build/Intermediates.noindex/AddonPlatform.build/Debug/ProbeHost.build/Objects-normal/arm64/CascadeAddonProbe.SwiftFileList -DDEBUG -DRECOVERY_PROBE -DBROKER_PROVIDER -enable-bare-slash-regex -enable-experimental-feature DebugDescriptionMacro -sdk /Applications/Xcode-beta.app/Contents/Developer/Platforms/MacOSX.platform/Developer/SDKs/MacOSX27.0.sdk -target arm64-apple-macos14.0 -g -module-cache-path /Users/c4v4h/Library/Developer/Xcode/DerivedData/CascadeAddonRecoveryProbe/probe-xbuwn_k1/Build/ModuleCache.noindex -Xfrontend -serialize-debugging-options -index-store-path /Users/c4v4h/Library/Developer/Xcode/DerivedData/CascadeAddonRecoveryProbe/probe-xbuwn_k1/Build/Index.noindex/DataStore -swift-version 5 -I /Users/c4v4h/Library/Developer/Xcode/DerivedData/CascadeAddonRecoveryProbe/probe-xbuwn_k1/Build/Build/Products/Debug -F /Users/c4v4h/Library/Developer/Xcode/DerivedData/CascadeAddonRecoveryProbe/probe-xbuwn_k1/Build/Build/Products/Debug -c -j8 -enable-batch-mode -incremental -Xcc -ivfsstatcache -Xcc /Users/c4v4h/Library/Developer/Xcode/DerivedData/CascadeAddonRecoveryProbe/probe-xbuwn_k1/Build/SDKStatCaches.noindex/macosx27.0-26A5419a-e829b21a6f8c9b70876ba0858053c04445874285e5972fffeae925c4ab065928.sdkstatcache -output-file-map /Users/c4v4h/Library/Developer/Xcode/DerivedData/CascadeAddonRecoveryProbe/probe-xbuwn_k1/Build/Build/Intermediates.noindex/AddonPlatform.build/Debug/ProbeHost.build/Objects-normal/arm64/ProbeHost-OutputFileMap.json -save-temps -no-color-diagnostics -explicit-module-build -module-cache-path /Users/c4v4h/Library/Developer/Xcode/DerivedData/CascadeAddonRecoveryProbe/probe-xbuwn_k1/Build/Build/Intermediates.noindex/SwiftExplicitPrecompiledModules -clang-scanner-module-cache-path /Users/c4v4h/Library/Developer/Xcode/DerivedData/CascadeAddonRecoveryProbe/probe-xbuwn_k1/Build/ModuleCache.noindex -sdk-module-cache-path /Users/c4v4h/Library/Developer/Xcode/DerivedData/CascadeAddonRecoveryProbe/probe-xbuwn_k1/Build/SDKExplicitPrecompiledModules -emit-dependencies -emit-module -emit-module-path /Users/c4v4h/Library/Developer/Xcode/DerivedData/CascadeAddonRecoveryProbe/probe-xbuwn_k1/Build/Build/Intermediates.noindex/AddonPlatform.build/Debug/ProbeHost.build/Objects-normal/arm64/CascadeAddonProbe.swiftmodule -serialize-diagnostics -dependency-scan-serialize-diagnostics-path /Users/c4v4h/Library/Developer/Xcode/DerivedData/CascadeAddonRecoveryProbe/probe-xbuwn_k1/Build/Build/Intermediates.noindex/AddonPlatform.build/Debug/ProbeHost.build/Objects-normal/arm64/CascadeAddonProbe-dependency-scan.dia -validate-clang-modules-once -clang-build-session-file /Users/c4v4h/Library/Developer/Xcode/DerivedData/CascadeAddonRecoveryProbe/probe-xbuwn_k1/Build/ModuleCache.noindex/Session.modulevalidation -Xcc -fmodules-prune-interval\=86400 -Xcc -fmodules-prune-after\=345600 -emit-const-values -const-gather-protocols-list /Users/c4v4h/Library/Developer/Xcode/DerivedData/CascadeAddonRecoveryProbe/probe-xbuwn_k1/Build/Build/Intermediates.noindex/AddonPlatform.build/Debug/ProbeHost.build/Objects-normal/arm64/ProbeHost_const_extract_protocols.json -Xcc -iquote -Xcc /Users/c4v4h/Library/Developer/Xcode/DerivedData/CascadeAddonRecoveryProbe/probe-xbuwn_k1/Build/Build/Intermediates.noindex/AddonPlatform.build/Debug/ProbeHost.build/CascadeAddonProbe-generated-files.hmap -Xcc -I/Users/c4v4h/Library/Developer/Xcode/DerivedData/CascadeAddonRecoveryProbe/probe-xbuwn_k1/Build/Build/Intermediates.noindex/AddonPlatform.build/Debug/ProbeHost.build/CascadeAddonProbe-own-target-headers.hmap -Xcc -I/Users/c4v4h/Library/Developer/Xcode/DerivedData/CascadeAddonRecoveryProbe/probe-xbuwn_k1/Build/Build/Intermediates.noindex/AddonPlatform.build/Debug/ProbeHost.build/CascadeAddonProbe-all-target-headers.hmap -Xcc -iquote -Xcc /Users/c4v4h/Library/Developer/Xcode/DerivedData/CascadeAddonRecoveryProbe/probe-xbuwn_k1/Build/Build/Intermediates.noindex/AddonPlatform.build/Debug/ProbeHost.build/CascadeAddonProbe-project-headers.hmap -Xcc -I/Users/c4v4h/Library/Developer/Xcode/DerivedData/CascadeAddonRecoveryProbe/probe-xbuwn_k1/Build/Build/Products/Debug/include -Xcc -I/Users/c4v4h/Library/Developer/Xcode/DerivedData/CascadeAddonRecoveryProbe/probe-xbuwn_k1/Build/Build/Intermediates.noindex/AddonPlatform.build/Debug/ProbeHost.build/DerivedSources-normal/arm64 -Xcc -I/Users/c4v4h/Library/Developer/Xcode/DerivedData/CascadeAddonRecoveryProbe/probe-xbuwn_k1/Build/Build/Intermediates.noindex/AddonPlatform.build/Debug/ProbeHost.build/DerivedSources/arm64 -Xcc -I/Users/c4v4h/Library/Developer/Xcode/DerivedData/CascadeAddonRecoveryProbe/probe-xbuwn_k1/Build/Build/Intermediates.noindex/AddonPlatform.build/Debug/ProbeHost.build/DerivedSources -emit-objc-header -emit-objc-header-path /Users/c4v4h/Library/Developer/Xcode/DerivedData/CascadeAddonRecoveryProbe/probe-xbuwn_k1/Build/Build/Intermediates.noindex/AddonPlatform.build/Debug/ProbeHost.build/Objects-normal/arm64/CascadeAddonProbe-Swift.h -working-directory /Users/c4v4h/Library/Developer/Xcode/DerivedData/CascadeAddonRecoveryProbe/probe-xbuwn_k1/Sources -experimental-emit-module-separately -disable-cmo

SwiftDriver ProbeHost normal x86_64 com.apple.xcode.tools.swift.compiler (in target 'ProbeHost' from project 'AddonPlatform')
    cd /Users/c4v4h/Library/Developer/Xcode/DerivedData/CascadeAddonRecoveryProbe/probe-xbuwn_k1/Sources
    builtin-SwiftDriver -- /Applications/Xcode-beta.app/Contents/Developer/Toolchains/XcodeDefault.xctoolchain/usr/bin/swiftc -module-name CascadeAddonProbe -Onone @/Users/c4v4h/Library/Developer/Xcode/DerivedData/CascadeAddonRecoveryProbe/probe-xbuwn_k1/Build/Build/Intermediates.noindex/AddonPlatform.build/Debug/ProbeHost.build/Objects-normal/x86_64/CascadeAddonProbe.SwiftFileList -DDEBUG -DRECOVERY_PROBE -DBROKER_PROVIDER -enable-bare-slash-regex -enable-experimental-feature DebugDescriptionMacro -sdk /Applications/Xcode-beta.app/Contents/Developer/Platforms/MacOSX.platform/Developer/SDKs/MacOSX27.0.sdk -target x86_64-apple-macos14.0 -g -module-cache-path /Users/c4v4h/Library/Developer/Xcode/DerivedData/CascadeAddonRecoveryProbe/probe-xbuwn_k1/Build/ModuleCache.noindex -Xfrontend -serialize-debugging-options -index-store-path /Users/c4v4h/Library/Developer/Xcode/DerivedData/CascadeAddonRecoveryProbe/probe-xbuwn_k1/Build/Index.noindex/DataStore -swift-version 5 -I /Users/c4v4h/Library/Developer/Xcode/DerivedData/CascadeAddonRecoveryProbe/probe-xbuwn_k1/Build/Build/Products/Debug -F /Users/c4v4h/Library/Developer/Xcode/DerivedData/CascadeAddonRecoveryProbe/probe-xbuwn_k1/Build/Build/Products/Debug -c -j8 -enable-batch-mode -incremental -Xcc -ivfsstatcache -Xcc /Users/c4v4h/Library/Developer/Xcode/DerivedData/CascadeAddonRecoveryProbe/probe-xbuwn_k1/Build/SDKStatCaches.noindex/macosx27.0-26A5419a-e829b21a6f8c9b70876ba0858053c04445874285e5972fffeae925c4ab065928.sdkstatcache -output-file-map /Users/c4v4h/Library/Developer/Xcode/DerivedData/CascadeAddonRecoveryProbe/probe-xbuwn_k1/Build/Build/Intermediates.noindex/AddonPlatform.build/Debug/ProbeHost.build/Objects-normal/x86_64/ProbeHost-OutputFileMap.json -save-temps -no-color-diagnostics -explicit-module-build -module-cache-path /Users/c4v4h/Library/Developer/Xcode/DerivedData/CascadeAddonRecoveryProbe/probe-xbuwn_k1/Build/Build/Intermediates.noindex/SwiftExplicitPrecompiledModules -clang-scanner-module-cache-path /Users/c4v4h/Library/Developer/Xcode/DerivedData/CascadeAddonRecoveryProbe/probe-xbuwn_k1/Build/ModuleCache.noindex -sdk-module-cache-path /Users/c4v4h/Library/Developer/Xcode/DerivedData/CascadeAddonRecoveryProbe/probe-xbuwn_k1/Build/SDKExplicitPrecompiledModules -emit-dependencies -emit-module -emit-module-path /Users/c4v4h/Library/Developer/Xcode/DerivedData/CascadeAddonRecoveryProbe/probe-xbuwn_k1/Build/Build/Intermediates.noindex/AddonPlatform.build/Debug/ProbeHost.build/Objects-normal/x86_64/CascadeAddonProbe.swiftmodule -serialize-diagnostics -dependency-scan-serialize-diagnostics-path /Users/c4v4h/Library/Developer/Xcode/DerivedData/CascadeAddonRecoveryProbe/probe-xbuwn_k1/Build/Build/Intermediates.noindex/AddonPlatform.build/Debug/ProbeHost.build/Objects-normal/x86_64/CascadeAddonProbe-dependency-scan.dia -validate-clang-modules-once -clang-build-session-file /Users/c4v4h/Library/Developer/Xcode/DerivedData/CascadeAddonRecoveryProbe/probe-xbuwn_k1/Build/ModuleCache.noindex/Session.modulevalidation -Xcc -fmodules-prune-interval\=86400 -Xcc -fmodules-prune-after\=345600 -emit-const-values -const-gather-protocols-list /Users/c4v4h/Library/Developer/Xcode/DerivedData/CascadeAddonRecoveryProbe/probe-xbuwn_k1/Build/Build/Intermediates.noindex/AddonPlatform.build/Debug/ProbeHost.build/Objects-normal/x86_64/ProbeHost_const_extract_protocols.json -Xcc -iquote -Xcc /Users/c4v4h/Library/Developer/Xcode/DerivedData/CascadeAddonRecoveryProbe/probe-xbuwn_k1/Build/Build/Intermediates.noindex/AddonPlatform.build/Debug/ProbeHost.build/CascadeAddonProbe-generated-files.hmap -Xcc -I/Users/c4v4h/Library/Developer/Xcode/DerivedData/CascadeAddonRecoveryProbe/probe-xbuwn_k1/Build/Build/Intermediates.noindex/AddonPlatform.build/Debug/ProbeHost.build/CascadeAddonProbe-own-target-headers.hmap -Xcc -I/Users/c4v4h/Library/Developer/Xcode/DerivedData/CascadeAddonRecoveryProbe/probe-xbuwn_k1/Build/Build/Intermediates.noindex/AddonPlatform.build/Debug/ProbeHost.build/CascadeAddonProbe-all-target-headers.hmap -Xcc -iquote -Xcc /Users/c4v4h/Library/Developer/Xcode/DerivedData/CascadeAddonRecoveryProbe/probe-xbuwn_k1/Build/Build/Intermediates.noindex/AddonPlatform.build/Debug/ProbeHost.build/CascadeAddonProbe-project-headers.hmap -Xcc -I/Users/c4v4h/Library/Developer/Xcode/DerivedData/CascadeAddonRecoveryProbe/probe-xbuwn_k1/Build/Build/Products/Debug/include -Xcc -I/Users/c4v4h/Library/Developer/Xcode/DerivedData/CascadeAddonRecoveryProbe/probe-xbuwn_k1/Build/Build/Intermediates.noindex/AddonPlatform.build/Debug/ProbeHost.build/DerivedSources-normal/x86_64 -Xcc -I/Users/c4v4h/Library/Developer/Xcode/DerivedData/CascadeAddonRecoveryProbe/probe-xbuwn_k1/Build/Build/Intermediates.noindex/AddonPlatform.build/Debug/ProbeHost.build/DerivedSources/x86_64 -Xcc -I/Users/c4v4h/Library/Developer/Xcode/DerivedData/CascadeAddonRecoveryProbe/probe-xbuwn_k1/Build/Build/Intermediates.noindex/AddonPlatform.build/Debug/ProbeHost.build/DerivedSources -emit-objc-header -emit-objc-header-path /Users/c4v4h/Library/Developer/Xcode/DerivedData/CascadeAddonRecoveryProbe/probe-xbuwn_k1/Build/Build/Intermediates.noindex/AddonPlatform.build/Debug/ProbeHost.build/Objects-normal/x86_64/CascadeAddonProbe-Swift.h -working-directory /Users/c4v4h/Library/Developer/Xcode/DerivedData/CascadeAddonRecoveryProbe/probe-xbuwn_k1/Sources -experimental-emit-module-separately -disable-cmo

SwiftExplicitDependencyGeneratePcm arm64 /Users/c4v4h/Library/Developer/Xcode/DerivedData/CascadeAddonRecoveryProbe/probe-xbuwn_k1/Build/SDKExplicitPrecompiledModules/_Builtin_stdbool-58HNHI30HT5XZ60WNGCKRIMIH.pcm

SwiftExplicitDependencyGeneratePcm arm64 /Users/c4v4h/Library/Developer/Xcode/DerivedData/CascadeAddonRecoveryProbe/probe-xbuwn_k1/Build/SDKExplicitPrecompiledModules/_Builtin_float-3JOCM4IJI9GP0L009E4UOP3RX.pcm

SwiftExplicitDependencyGeneratePcm arm64 /Users/c4v4h/Library/Developer/Xcode/DerivedData/CascadeAddonRecoveryProbe/probe-xbuwn_k1/Build/SDKExplicitPrecompiledModules/_Builtin_stddef-58EI2B7CJSIRPICZBX3VQ0OUJ.pcm

SwiftExplicitDependencyGeneratePcm arm64 /Users/c4v4h/Library/Developer/Xcode/DerivedData/CascadeAddonRecoveryProbe/probe-xbuwn_k1/Build/SDKExplicitPrecompiledModules/ptrauth-319YTKI8QLUWKRWY66HVIZB1K.pcm

SwiftExplicitDependencyGeneratePcm arm64 /Users/c4v4h/Library/Developer/Xcode/DerivedData/CascadeAddonRecoveryProbe/probe-xbuwn_k1/Build/SDKExplicitPrecompiledModules/_SwiftConcurrencyShims-9FUY7S3ZU939XEPZBJLPWACDD.pcm

SwiftExplicitDependencyGeneratePcm arm64 /Users/c4v4h/Library/Developer/Xcode/DerivedData/CascadeAddonRecoveryProbe/probe-xbuwn_k1/Build/SDKExplicitPrecompiledModules/SwiftShims-5U2HXHR77HWFQYTKGYPP6DJ9H.pcm

SwiftExplicitDependencyGeneratePcm x86_64 /Users/c4v4h/Library/Developer/Xcode/DerivedData/CascadeAddonRecoveryProbe/probe-xbuwn_k1/Build/SDKExplicitPrecompiledModules/_Builtin_stddef-69CTPJQOT27MCVOL7058TC3O0.pcm

SwiftExplicitDependencyGeneratePcm x86_64 /Users/c4v4h/Library/Developer/Xcode/DerivedData/CascadeAddonRecoveryProbe/probe-xbuwn_k1/Build/SDKExplicitPrecompiledModules/SwiftShims-EF5EPYOES9L2NDKYQ7P48KVQ0.pcm

SwiftExplicitDependencyGeneratePcm x86_64 /Users/c4v4h/Library/Developer/Xcode/DerivedData/CascadeAddonRecoveryProbe/probe-xbuwn_k1/Build/SDKExplicitPrecompiledModules/_Builtin_stdbool-3FQRG1HJBOG1WX7OGLLAHWC07.pcm

SwiftExplicitDependencyGeneratePcm x86_64 /Users/c4v4h/Library/Developer/Xcode/DerivedData/CascadeAddonRecoveryProbe/probe-xbuwn_k1/Build/SDKExplicitPrecompiledModules/ptrauth-2CID1O7EW0O801Z6Y8ZWDFTCV.pcm

SwiftExplicitDependencyGeneratePcm x86_64 /Users/c4v4h/Library/Developer/Xcode/DerivedData/CascadeAddonRecoveryProbe/probe-xbuwn_k1/Build/SDKExplicitPrecompiledModules/ptrcheck-E4XIQXNU6AOHNXZE2JC7ZT9DK.pcm

SwiftExplicitDependencyGeneratePcm x86_64 /Users/c4v4h/Library/Developer/Xcode/DerivedData/CascadeAddonRecoveryProbe/probe-xbuwn_k1/Build/SDKExplicitPrecompiledModules/_Builtin_float-1HFYNTU4A75IRT1XNRLVNO5R7.pcm

SwiftExplicitDependencyGeneratePcm x86_64 /Users/c4v4h/Library/Developer/Xcode/DerivedData/CascadeAddonRecoveryProbe/probe-xbuwn_k1/Build/SDKExplicitPrecompiledModules/_Builtin_stdarg-F4M3306VNBXQTFBU48529B6BH.pcm

SwiftExplicitDependencyGeneratePcm arm64 /Users/c4v4h/Library/Developer/Xcode/DerivedData/CascadeAddonRecoveryProbe/probe-xbuwn_k1/Build/SDKExplicitPrecompiledModules/_Builtin_stdarg-6GZSW2EMFCI6ESFQY8K26NV4X.pcm

SwiftExplicitDependencyGeneratePcm arm64 /Users/c4v4h/Library/Developer/Xcode/DerivedData/CascadeAddonRecoveryProbe/probe-xbuwn_k1/Build/SDKExplicitPrecompiledModules/ptrcheck-97GGOCS53R5ROQ0FVDDSGLIBC.pcm

SwiftExplicitDependencyGeneratePcm arm64 /Users/c4v4h/Library/Developer/Xcode/DerivedData/CascadeAddonRecoveryProbe/probe-xbuwn_k1/Build/SDKExplicitPrecompiledModules/_AvailabilityInternal-4VIREBZQZFXE9BOATADM7T9HY.pcm

SwiftExplicitDependencyGeneratePcm x86_64 /Users/c4v4h/Library/Developer/Xcode/DerivedData/CascadeAddonRecoveryProbe/probe-xbuwn_k1/Build/SDKExplicitPrecompiledModules/_AvailabilityInternal-7FTA36HBYZH3CD3KV3RSINU4H.pcm

SwiftExplicitDependencyGeneratePcm x86_64 /Users/c4v4h/Library/Developer/Xcode/DerivedData/CascadeAddonRecoveryProbe/probe-xbuwn_k1/Build/SDKExplicitPrecompiledModules/_SwiftConcurrencyShims-BPIYLAKKXBA1N287OP5O4IGID.pcm

SwiftExplicitDependencyGeneratePcm x86_64 /Users/c4v4h/Library/Developer/Xcode/DerivedData/CascadeAddonRecoveryProbe/probe-xbuwn_k1/Build/SDKExplicitPrecompiledModules/DeveloperToolsSupport-SGH5F3MR25BOQZ69OBF62DVA.pcm

SwiftExplicitDependencyGeneratePcm x86_64 /Users/c4v4h/Library/Developer/Xcode/DerivedData/CascadeAddonRecoveryProbe/probe-xbuwn_k1/Build/SDKExplicitPrecompiledModules/_AvailabilityInternal-EEIF4IO4LXKMTE6TPBTDCBKS6.pcm

SwiftExplicitDependencyGeneratePcm x86_64 /Users/c4v4h/Library/Developer/Xcode/DerivedData/CascadeAddonRecoveryProbe/probe-xbuwn_k1/Build/SDKExplicitPrecompiledModules/ptrcheck-HZDQ17FNY1RWSCLYX7AEUCHV.pcm

SwiftExplicitDependencyGeneratePcm x86_64 /Users/c4v4h/Library/Developer/Xcode/DerivedData/CascadeAddonRecoveryProbe/probe-xbuwn_k1/Build/SDKExplicitPrecompiledModules/SwiftShims-DZSVKF2MMBNQT3GR0YQOQLHZY.pcm

SwiftExplicitDependencyGeneratePcm x86_64 /Users/c4v4h/Library/Developer/Xcode/DerivedData/CascadeAddonRecoveryProbe/probe-xbuwn_k1/Build/SDKExplicitPrecompiledModules/_Builtin_float-DXS5PXSKGGR68TUSWH3QQNAK3.pcm

SwiftExplicitDependencyGeneratePcm x86_64 /Users/c4v4h/Library/Developer/Xcode/DerivedData/CascadeAddonRecoveryProbe/probe-xbuwn_k1/Build/SDKExplicitPrecompiledModules/ptrauth-C5XPVVJA60AGQC9Q5Q4NZOI6Q.pcm

SwiftExplicitDependencyGeneratePcm x86_64 /Users/c4v4h/Library/Developer/Xcode/DerivedData/CascadeAddonRecoveryProbe/probe-xbuwn_k1/Build/SDKExplicitPrecompiledModules/_Builtin_stdbool-CP3F4WFFS46MM3WRRUQITKA56.pcm

SwiftExplicitDependencyGeneratePcm x86_64 /Users/c4v4h/Library/Developer/Xcode/DerivedData/CascadeAddonRecoveryProbe/probe-xbuwn_k1/Build/SDKExplicitPrecompiledModules/_Builtin_stddef-AXA1A4W96Q4X7U0JNCQ93JUP1.pcm

SwiftExplicitDependencyGeneratePcm x86_64 /Users/c4v4h/Library/Developer/Xcode/DerivedData/CascadeAddonRecoveryProbe/probe-xbuwn_k1/Build/SDKExplicitPrecompiledModules/_SwiftConcurrencyShims-7STFVYRBIMR85RZ7ABZZ0DSAE.pcm

SwiftExplicitDependencyGeneratePcm x86_64 /Users/c4v4h/Library/Developer/Xcode/DerivedData/CascadeAddonRecoveryProbe/probe-xbuwn_k1/Build/SDKExplicitPrecompiledModules/_Builtin_stdarg-BHTC0J6MJ8Y16G5M1A2UMOQHU.pcm

SwiftExplicitDependencyGeneratePcm arm64 /Users/c4v4h/Library/Developer/Xcode/DerivedData/CascadeAddonRecoveryProbe/probe-xbuwn_k1/Build/SDKExplicitPrecompiledModules/SwiftShims-BVUVHUK03X3YYIOL1538HIELW.pcm

SwiftExplicitDependencyGeneratePcm arm64 /Users/c4v4h/Library/Developer/Xcode/DerivedData/CascadeAddonRecoveryProbe/probe-xbuwn_k1/Build/SDKExplicitPrecompiledModules/_Builtin_stdbool-5R8FC498ZQU8VOFOSR5LM2KNZ.pcm

SwiftExplicitDependencyGeneratePcm arm64 /Users/c4v4h/Library/Developer/Xcode/DerivedData/CascadeAddonRecoveryProbe/probe-xbuwn_k1/Build/SDKExplicitPrecompiledModules/_Builtin_stdarg-B865XYIYBAFZSJ01JD2SK0KB3.pcm

SwiftExplicitDependencyGeneratePcm arm64 /Users/c4v4h/Library/Developer/Xcode/DerivedData/CascadeAddonRecoveryProbe/probe-xbuwn_k1/Build/SDKExplicitPrecompiledModules/_AvailabilityInternal-8CHRRHAFNV56J8JTNTW4J5KBK.pcm

SwiftExplicitDependencyGeneratePcm arm64 /Users/c4v4h/Library/Developer/Xcode/DerivedData/CascadeAddonRecoveryProbe/probe-xbuwn_k1/Build/SDKExplicitPrecompiledModules/DeveloperToolsSupport-F1QUK3UA22POPWCXTFZWB0ZOJ.pcm

SwiftExplicitDependencyGeneratePcm arm64 /Users/c4v4h/Library/Developer/Xcode/DerivedData/CascadeAddonRecoveryProbe/probe-xbuwn_k1/Build/SDKExplicitPrecompiledModules/_DarwinFoundation1-RPP2SAZJB48YUH7118B89U4J.pcm

SwiftExplicitDependencyGeneratePcm x86_64 /Users/c4v4h/Library/Developer/Xcode/DerivedData/CascadeAddonRecoveryProbe/probe-xbuwn_k1/Build/SDKExplicitPrecompiledModules/_DarwinFoundation1-5PKO0P0FSSMFINQ266BW7OE6V.pcm

SwiftExplicitDependencyGeneratePcm arm64 /Users/c4v4h/Library/Developer/Xcode/DerivedData/CascadeAddonRecoveryProbe/probe-xbuwn_k1/Build/SDKExplicitPrecompiledModules/_Builtin_stddef-AJN0KG2U5JS106FZU91TCCNOC.pcm

SwiftExplicitDependencyGeneratePcm arm64 /Users/c4v4h/Library/Developer/Xcode/DerivedData/CascadeAddonRecoveryProbe/probe-xbuwn_k1/Build/SDKExplicitPrecompiledModules/_Builtin_float-AN3ONP2GDZ2N4HM6FPK63B9YE.pcm

SwiftExplicitDependencyGeneratePcm arm64 /Users/c4v4h/Library/Developer/Xcode/DerivedData/CascadeAddonRecoveryProbe/probe-xbuwn_k1/Build/SDKExplicitPrecompiledModules/ptrauth-C50TV9S65A1AWIQE0K0PP5I9J.pcm

SwiftExplicitDependencyGeneratePcm x86_64 /Users/c4v4h/Library/Developer/Xcode/DerivedData/CascadeAddonRecoveryProbe/probe-xbuwn_k1/Build/SDKExplicitPrecompiledModules/_DarwinFoundation1-E74GB7ACBIFH7CO94FHONX6OU.pcm

SwiftExplicitDependencyGeneratePcm arm64 /Users/c4v4h/Library/Developer/Xcode/DerivedData/CascadeAddonRecoveryProbe/probe-xbuwn_k1/Build/SDKExplicitPrecompiledModules/_SwiftConcurrencyShims-809LI8S9BQI2PD5JHHGWTEKKU.pcm

SwiftExplicitDependencyGeneratePcm arm64 /Users/c4v4h/Library/Developer/Xcode/DerivedData/CascadeAddonRecoveryProbe/probe-xbuwn_k1/Build/SDKExplicitPrecompiledModules/ptrcheck-CZA31K5CT3MQ0P88XSR7UUS6H.pcm

SwiftExplicitDependencyGeneratePcm arm64 /Users/c4v4h/Library/Developer/Xcode/DerivedData/CascadeAddonRecoveryProbe/probe-xbuwn_k1/Build/SDKExplicitPrecompiledModules/ExtensionFoundation-9BOKNQNHFIY53VU14C5GOK51R.pcm

SwiftExplicitDependencyGeneratePcm arm64 /Users/c4v4h/Library/Developer/Xcode/DerivedData/CascadeAddonRecoveryProbe/probe-xbuwn_k1/Build/SDKExplicitPrecompiledModules/_Builtin_limits-68NL5OB4G282P1FYVFD327Y6W.pcm

SwiftExplicitDependencyGeneratePcm arm64 /Users/c4v4h/Library/Developer/Xcode/DerivedData/CascadeAddonRecoveryProbe/probe-xbuwn_k1/Build/SDKExplicitPrecompiledModules/_DarwinFoundation2-F2QY0PY850F291WZYZ5C6LMB7.pcm

SwiftExplicitDependencyGeneratePcm x86_64 /Users/c4v4h/Library/Developer/Xcode/DerivedData/CascadeAddonRecoveryProbe/probe-xbuwn_k1/Build/SDKExplicitPrecompiledModules/ExtensionFoundation-3CO0YL0PYRYKOD1V7V55A5NG6.pcm

SwiftExplicitDependencyGeneratePcm x86_64 /Users/c4v4h/Library/Developer/Xcode/DerivedData/CascadeAddonRecoveryProbe/probe-xbuwn_k1/Build/SDKExplicitPrecompiledModules/_DarwinFoundation2-8TCG6W13R9PT4HJ8QG49IM5RW.pcm

SwiftExplicitDependencyGeneratePcm x86_64 /Users/c4v4h/Library/Developer/Xcode/DerivedData/CascadeAddonRecoveryProbe/probe-xbuwn_k1/Build/SDKExplicitPrecompiledModules/_Builtin_limits-D6ETYTO58W1JZDTVNEVT0M7IK.pcm

SwiftExplicitDependencyGeneratePcm arm64 /Users/c4v4h/Library/Developer/Xcode/DerivedData/CascadeAddonRecoveryProbe/probe-xbuwn_k1/Build/SDKExplicitPrecompiledModules/_DarwinFoundation1-AP47EHTP0124ZENV78SWHSQZF.pcm

SwiftExplicitDependencyGeneratePcm x86_64 /Users/c4v4h/Library/Developer/Xcode/DerivedData/CascadeAddonRecoveryProbe/probe-xbuwn_k1/Build/SDKExplicitPrecompiledModules/ExtensionFoundation-809WKNW8ASA248QHQEEOR3YEN.pcm

SwiftExplicitDependencyGeneratePcm x86_64 /Users/c4v4h/Library/Developer/Xcode/DerivedData/CascadeAddonRecoveryProbe/probe-xbuwn_k1/Build/SDKExplicitPrecompiledModules/_Builtin_limits-CXUI28U0SPCTC9NL5LVBDL0IP.pcm

SwiftExplicitDependencyGeneratePcm x86_64 /Users/c4v4h/Library/Developer/Xcode/DerivedData/CascadeAddonRecoveryProbe/probe-xbuwn_k1/Build/SDKExplicitPrecompiledModules/_DarwinFoundation2-4BAEEW4DZ4AGJH9CJ7UU0EILR.pcm

SwiftExplicitDependencyGeneratePcm x86_64 /Users/c4v4h/Library/Developer/Xcode/DerivedData/CascadeAddonRecoveryProbe/probe-xbuwn_k1/Build/SDKExplicitPrecompiledModules/string_h-94EK6GCP008JZ0XGXB2ELA5JQ.pcm

SwiftExplicitDependencyGeneratePcm x86_64 /Users/c4v4h/Library/Developer/Xcode/DerivedData/CascadeAddonRecoveryProbe/probe-xbuwn_k1/Build/SDKExplicitPrecompiledModules/_Builtin_stdint-143A0NSE16SYPCSNFYMQ7OU3H.pcm

SwiftExplicitDependencyGeneratePcm x86_64 /Users/c4v4h/Library/Developer/Xcode/DerivedData/CascadeAddonRecoveryProbe/probe-xbuwn_k1/Build/SDKExplicitPrecompiledModules/sys_types-28F4KITARL0PTAXUEIVSFEPXW.pcm

SwiftExplicitDependencyGeneratePcm arm64 /Users/c4v4h/Library/Developer/Xcode/DerivedData/CascadeAddonRecoveryProbe/probe-xbuwn_k1/Build/SDKExplicitPrecompiledModules/_Builtin_limits-92SGG4PGCS61CB6WKO227ROGU.pcm

SwiftExplicitDependencyGeneratePcm arm64 /Users/c4v4h/Library/Developer/Xcode/DerivedData/CascadeAddonRecoveryProbe/probe-xbuwn_k1/Build/SDKExplicitPrecompiledModules/ExtensionFoundation-A8A5DQZJ950RY7T7X038YBBVH.pcm

SwiftExplicitDependencyGeneratePcm arm64 /Users/c4v4h/Library/Developer/Xcode/DerivedData/CascadeAddonRecoveryProbe/probe-xbuwn_k1/Build/SDKExplicitPrecompiledModules/_DarwinFoundation2-EZORN1MFMR6G6070NG0UIAHFQ.pcm

SwiftExplicitDependencyGeneratePcm x86_64 /Users/c4v4h/Library/Developer/Xcode/DerivedData/CascadeAddonRecoveryProbe/probe-xbuwn_k1/Build/SDKExplicitPrecompiledModules/_Builtin_tgmath-364SISNX9R9W3ITUAJ2XYJVZZ.pcm

SwiftExplicitDependencyGeneratePcm x86_64 /Users/c4v4h/Library/Developer/Xcode/DerivedData/CascadeAddonRecoveryProbe/probe-xbuwn_k1/Build/SDKExplicitPrecompiledModules/_Builtin_stdint-4MK6DJMIAIUDJG56VY4SWKYGB.pcm

SwiftExplicitDependencyGeneratePcm x86_64 /Users/c4v4h/Library/Developer/Xcode/DerivedData/CascadeAddonRecoveryProbe/probe-xbuwn_k1/Build/SDKExplicitPrecompiledModules/string_h-61KR8QI5D1FH95BKA83ENA2RI.pcm

SwiftExplicitDependencyGeneratePcm x86_64 /Users/c4v4h/Library/Developer/Xcode/DerivedData/CascadeAddonRecoveryProbe/probe-xbuwn_k1/Build/SDKExplicitPrecompiledModules/sys_types-1SJ5HT9A3TI8N1JHC34OBMF8J.pcm

SwiftExplicitDependencyGeneratePcm x86_64 /Users/c4v4h/Library/Developer/Xcode/DerivedData/CascadeAddonRecoveryProbe/probe-xbuwn_k1/Build/SDKExplicitPrecompiledModules/_DarwinFoundation3-B2U579IE34BOIV47PIYN4PS9H.pcm

SwiftExplicitDependencyGeneratePcm x86_64 /Users/c4v4h/Library/Developer/Xcode/DerivedData/CascadeAddonRecoveryProbe/probe-xbuwn_k1/Build/SDKExplicitPrecompiledModules/_Builtin_stdatomic-FW65IQKF5IO014ULRAFXJXJR.pcm

SwiftExplicitDependencyGeneratePcm x86_64 /Users/c4v4h/Library/Developer/Xcode/DerivedData/CascadeAddonRecoveryProbe/probe-xbuwn_k1/Build/SDKExplicitPrecompiledModules/libDER-CWM0LJ3V8QL4B4GOX298DEUD7.pcm

SwiftExplicitDependencyGeneratePcm x86_64 /Users/c4v4h/Library/Developer/Xcode/DerivedData/CascadeAddonRecoveryProbe/probe-xbuwn_k1/Build/SDKExplicitPrecompiledModules/_Builtin_stdatomic-7MHHK88OBUU8SWGYHUKU9QQZI.pcm

SwiftExplicitDependencyGeneratePcm x86_64 /Users/c4v4h/Library/Developer/Xcode/DerivedData/CascadeAddonRecoveryProbe/probe-xbuwn_k1/Build/SDKExplicitPrecompiledModules/_DarwinFoundation3-6ZFW861M4MU6YGNY5HJ5ZH390.pcm

SwiftExplicitDependencyGeneratePcm x86_64 /Users/c4v4h/Library/Developer/Xcode/DerivedData/CascadeAddonRecoveryProbe/probe-xbuwn_k1/Build/SDKExplicitPrecompiledModules/libDER-5BZI6FTN93IBJWF9J88SRF3VG.pcm

SwiftExplicitDependencyGeneratePcm arm64 /Users/c4v4h/Library/Developer/Xcode/DerivedData/CascadeAddonRecoveryProbe/probe-xbuwn_k1/Build/SDKExplicitPrecompiledModules/_Builtin_stdint-8LXS1V73M7MBXP3KLMQFLFS2C.pcm

SwiftExplicitDependencyGeneratePcm arm64 /Users/c4v4h/Library/Developer/Xcode/DerivedData/CascadeAddonRecoveryProbe/probe-xbuwn_k1/Build/SDKExplicitPrecompiledModules/sys_types-63Q7I8TZHED8CLW3GMWJZGQFN.pcm

SwiftExplicitDependencyGeneratePcm arm64 /Users/c4v4h/Library/Developer/Xcode/DerivedData/CascadeAddonRecoveryProbe/probe-xbuwn_k1/Build/SDKExplicitPrecompiledModules/string_h-8A9NV34LIXFAO0YHBNUYDXQLI.pcm

SwiftExplicitDependencyGeneratePcm arm64 /Users/c4v4h/Library/Developer/Xcode/DerivedData/CascadeAddonRecoveryProbe/probe-xbuwn_k1/Build/SDKExplicitPrecompiledModules/_Builtin_stdint-2X5PXWGY1WQX3PJTEO720MY8Y.pcm

SwiftExplicitDependencyGeneratePcm arm64 /Users/c4v4h/Library/Developer/Xcode/DerivedData/CascadeAddonRecoveryProbe/probe-xbuwn_k1/Build/SDKExplicitPrecompiledModules/_Builtin_tgmath-6YP7WUG4D1NBYZUO0IKDHQURP.pcm

SwiftExplicitDependencyGeneratePcm arm64 /Users/c4v4h/Library/Developer/Xcode/DerivedData/CascadeAddonRecoveryProbe/probe-xbuwn_k1/Build/SDKExplicitPrecompiledModules/string_h-2WTCX57E9JXZNAY47WI1QPMFG.pcm

SwiftExplicitDependencyGeneratePcm arm64 /Users/c4v4h/Library/Developer/Xcode/DerivedData/CascadeAddonRecoveryProbe/probe-xbuwn_k1/Build/SDKExplicitPrecompiledModules/sys_types-66TWTKNC9C1WEDLEL38CR8P7N.pcm

SwiftExplicitDependencyGeneratePcm arm64 /Users/c4v4h/Library/Developer/Xcode/DerivedData/CascadeAddonRecoveryProbe/probe-xbuwn_k1/Build/SDKExplicitPrecompiledModules/libDER-CX0REP61H2D0BOYA7M7DWNM1J.pcm

SwiftExplicitDependencyGeneratePcm arm64 /Users/c4v4h/Library/Developer/Xcode/DerivedData/CascadeAddonRecoveryProbe/probe-xbuwn_k1/Build/SDKExplicitPrecompiledModules/_Builtin_stdatomic-72S5EEAJX8041OO7WX789QXVW.pcm

SwiftExplicitDependencyGeneratePcm arm64 /Users/c4v4h/Library/Developer/Xcode/DerivedData/CascadeAddonRecoveryProbe/probe-xbuwn_k1/Build/SDKExplicitPrecompiledModules/_DarwinFoundation3-EYGDTOUOU5E7GXONLRYR2QKFP.pcm

SwiftExplicitDependencyGeneratePcm arm64 /Users/c4v4h/Library/Developer/Xcode/DerivedData/CascadeAddonRecoveryProbe/probe-xbuwn_k1/Build/SDKExplicitPrecompiledModules/_DarwinFoundation3-770JVZ7UFLBR26WGWXTQK287P.pcm

SwiftExplicitDependencyGeneratePcm arm64 /Users/c4v4h/Library/Developer/Xcode/DerivedData/CascadeAddonRecoveryProbe/probe-xbuwn_k1/Build/SDKExplicitPrecompiledModules/libDER-F0YFZNP1HXECEBV9V0WTCX5K.pcm

SwiftExplicitDependencyGeneratePcm arm64 /Users/c4v4h/Library/Developer/Xcode/DerivedData/CascadeAddonRecoveryProbe/probe-xbuwn_k1/Build/SDKExplicitPrecompiledModules/_Builtin_stdatomic-CQZEYLZ1R6T9DOH64S4OVGBKG.pcm

SwiftExplicitDependencyGeneratePcm arm64 /Users/c4v4h/Library/Developer/Xcode/DerivedData/CascadeAddonRecoveryProbe/probe-xbuwn_k1/Build/SDKExplicitPrecompiledModules/_Builtin_intrinsics-4RNTWM5PLLGV5ZLBJ7BWNNK8.pcm

SwiftExplicitDependencyGeneratePcm x86_64 /Users/c4v4h/Library/Developer/Xcode/DerivedData/CascadeAddonRecoveryProbe/probe-xbuwn_k1/Build/SDKExplicitPrecompiledModules/_Builtin_intrinsics-86701TTEZ4T4LILR8UH5Y86BY.pcm

SwiftExplicitDependencyGeneratePcm x86_64 /Users/c4v4h/Library/Developer/Xcode/DerivedData/CascadeAddonRecoveryProbe/probe-xbuwn_k1/Build/SDKExplicitPrecompiledModules/_Builtin_inttypes-773OA80J697A90U1LD9OP909Z.pcm

SwiftExplicitDependencyGeneratePcm x86_64 /Users/c4v4h/Library/Developer/Xcode/DerivedData/CascadeAddonRecoveryProbe/probe-xbuwn_k1/Build/SDKExplicitPrecompiledModules/_Builtin_inttypes-BJ2JSMQWOGD4SLRJOX4DVWAUY.pcm

SwiftExplicitDependencyGeneratePcm x86_64 /Users/c4v4h/Library/Developer/Xcode/DerivedData/CascadeAddonRecoveryProbe/probe-xbuwn_k1/Build/SDKExplicitPrecompiledModules/_Builtin_intrinsics-9XK6BVTSROWCCARGDN61OLTG1.pcm

SwiftExplicitDependencyGeneratePcm arm64 /Users/c4v4h/Library/Developer/Xcode/DerivedData/CascadeAddonRecoveryProbe/probe-xbuwn_k1/Build/SDKExplicitPrecompiledModules/_Builtin_inttypes-5BEKE2NX7QAY3F6WP316Z6L3U.pcm

SwiftExplicitDependencyGeneratePcm arm64 /Users/c4v4h/Library/Developer/Xcode/DerivedData/CascadeAddonRecoveryProbe/probe-xbuwn_k1/Build/SDKExplicitPrecompiledModules/_Builtin_inttypes-AVGTZLQSW3PAV7RUIUGV00HJX.pcm

SwiftExplicitDependencyGeneratePcm x86_64 /Users/c4v4h/Library/Developer/Xcode/DerivedData/CascadeAddonRecoveryProbe/probe-xbuwn_k1/Build/SDKExplicitPrecompiledModules/Darwin-81KSG219I6S67FZXI7I4WIIS0.pcm

SwiftExplicitDependencyGeneratePcm x86_64 /Users/c4v4h/Library/Developer/Xcode/DerivedData/CascadeAddonRecoveryProbe/probe-xbuwn_k1/Build/SDKExplicitPrecompiledModules/Darwin-F13W7EMKZWL0GS58XIPM23OCH.pcm

SwiftExplicitDependencyGeneratePcm arm64 /Users/c4v4h/Library/Developer/Xcode/DerivedData/CascadeAddonRecoveryProbe/probe-xbuwn_k1/Build/SDKExplicitPrecompiledModules/Darwin-59COKTERZD94O004P1VAT53JZ.pcm

SwiftExplicitDependencyGeneratePcm arm64 /Users/c4v4h/Library/Developer/Xcode/DerivedData/CascadeAddonRecoveryProbe/probe-xbuwn_k1/Build/SDKExplicitPrecompiledModules/Darwin-B8C3VNONY8F93ZRELE1UO7B72.pcm

SwiftExplicitDependencyGeneratePcm arm64 /Users/c4v4h/Library/Developer/Xcode/DerivedData/CascadeAddonRecoveryProbe/probe-xbuwn_k1/Build/SDKExplicitPrecompiledModules/simd-4DSLOM2B3S4ZTV1AOS3LGCRL.pcm

SwiftExplicitDependencyGeneratePcm x86_64 /Users/c4v4h/Library/Developer/Xcode/DerivedData/CascadeAddonRecoveryProbe/probe-xbuwn_k1/Build/SDKExplicitPrecompiledModules/libkern-8AE4Z1GEZRJMD39LTUUVGARV1.pcm

SwiftExplicitDependencyGeneratePcm x86_64 /Users/c4v4h/Library/Developer/Xcode/DerivedData/CascadeAddonRecoveryProbe/probe-xbuwn_k1/Build/SDKExplicitPrecompiledModules/MachO-BQYCB9FXRVA1HOKL12IU31KP1.pcm

SwiftExplicitDependencyGeneratePcm x86_64 /Users/c4v4h/Library/Developer/Xcode/DerivedData/CascadeAddonRecoveryProbe/probe-xbuwn_k1/Build/SDKExplicitPrecompiledModules/CUPS-77X2WZJ5A18PA86E6TRW2F874.pcm

SwiftExplicitDependencyGeneratePcm x86_64 /Users/c4v4h/Library/Developer/Xcode/DerivedData/CascadeAddonRecoveryProbe/probe-xbuwn_k1/Build/SDKExplicitPrecompiledModules/launch-25TCNDUGM3PT34K9NHNIGEIW5.pcm

SwiftExplicitDependencyGeneratePcm x86_64 /Users/c4v4h/Library/Developer/Xcode/DerivedData/CascadeAddonRecoveryProbe/probe-xbuwn_k1/Build/SDKExplicitPrecompiledModules/launch-2RK3RG4RLHJW798VYR5HQI9Q7.pcm

SwiftExplicitDependencyGeneratePcm x86_64 /Users/c4v4h/Library/Developer/Xcode/DerivedData/CascadeAddonRecoveryProbe/probe-xbuwn_k1/Build/SDKExplicitPrecompiledModules/libkern-5L1R1DW5OKHW0LOWYKY0M39V0.pcm

SwiftExplicitDependencyGeneratePcm x86_64 /Users/c4v4h/Library/Developer/Xcode/DerivedData/CascadeAddonRecoveryProbe/probe-xbuwn_k1/Build/SDKExplicitPrecompiledModules/simd-2U9MH50GHZ2K1RYZIJ6U1XSCS.pcm

SwiftExplicitDependencyGeneratePcm arm64 /Users/c4v4h/Library/Developer/Xcode/DerivedData/CascadeAddonRecoveryProbe/probe-xbuwn_k1/Build/SDKExplicitPrecompiledModules/MachO-B4ZD1RMAD3610YBTJ5WZW6UJ0.pcm

SwiftExplicitDependencyGeneratePcm arm64 /Users/c4v4h/Library/Developer/Xcode/DerivedData/CascadeAddonRecoveryProbe/probe-xbuwn_k1/Build/SDKExplicitPrecompiledModules/CUPS-CSTJ28YMAGA8PJWK2QLGUM8PW.pcm

SwiftExplicitDependencyGeneratePcm x86_64 /Users/c4v4h/Library/Developer/Xcode/DerivedData/CascadeAddonRecoveryProbe/probe-xbuwn_k1/Build/SDKExplicitPrecompiledModules/ObjectiveC-5X62GNCXDS1A236J9TQRXYBGM.pcm

SwiftExplicitDependencyGeneratePcm arm64 /Users/c4v4h/Library/Developer/Xcode/DerivedData/CascadeAddonRecoveryProbe/probe-xbuwn_k1/Build/SDKExplicitPrecompiledModules/libkern-6IYRLMBTUQZGCHMUIHGV1TJOJ.pcm

SwiftExplicitDependencyGeneratePcm arm64 /Users/c4v4h/Library/Developer/Xcode/DerivedData/CascadeAddonRecoveryProbe/probe-xbuwn_k1/Build/SDKExplicitPrecompiledModules/libkern-1KEQMOUK7V9W6VXMXZ3WMJ8T0.pcm

SwiftExplicitDependencyGeneratePcm arm64 /Users/c4v4h/Library/Developer/Xcode/DerivedData/CascadeAddonRecoveryProbe/probe-xbuwn_k1/Build/SDKExplicitPrecompiledModules/launch-AKJ8SZCJAW19G1T4T0BI181BT.pcm

SwiftExplicitDependencyGeneratePcm arm64 /Users/c4v4h/Library/Developer/Xcode/DerivedData/CascadeAddonRecoveryProbe/probe-xbuwn_k1/Build/SDKExplicitPrecompiledModules/MachO-E89FAB90U3JPD9O2SO2L3EBF9.pcm

SwiftExplicitDependencyGeneratePcm x86_64 /Users/c4v4h/Library/Developer/Xcode/DerivedData/CascadeAddonRecoveryProbe/probe-xbuwn_k1/Build/SDKExplicitPrecompiledModules/MachO-DSATIYGQK4ISISTEQV5K34J9V.pcm

SwiftExplicitDependencyGeneratePcm arm64 /Users/c4v4h/Library/Developer/Xcode/DerivedData/CascadeAddonRecoveryProbe/probe-xbuwn_k1/Build/SDKExplicitPrecompiledModules/ObjectiveC-C705NINRWH6BO9KXTTRAWKZUG.pcm

SwiftExplicitDependencyGeneratePcm arm64 /Users/c4v4h/Library/Developer/Xcode/DerivedData/CascadeAddonRecoveryProbe/probe-xbuwn_k1/Build/SDKExplicitPrecompiledModules/launch-B398L1T1EQ33D6BEKIZQ7K2.pcm

SwiftExplicitDependencyGeneratePcm x86_64 /Users/c4v4h/Library/Developer/Xcode/DerivedData/CascadeAddonRecoveryProbe/probe-xbuwn_k1/Build/SDKExplicitPrecompiledModules/os_object-5KSH1RXHDE0CGO0W01KMH03O8.pcm

SwiftExplicitDependencyGeneratePcm arm64 /Users/c4v4h/Library/Developer/Xcode/DerivedData/CascadeAddonRecoveryProbe/probe-xbuwn_k1/Build/SDKExplicitPrecompiledModules/os_object-7BR5GHZRIO2AGUSJHXPX1BAC4.pcm

SwiftExplicitDependencyGeneratePcm arm64 /Users/c4v4h/Library/Developer/Xcode/DerivedData/CascadeAddonRecoveryProbe/probe-xbuwn_k1/Build/SDKExplicitPrecompiledModules/ObjectiveC-AA7CLXCREQI97T0I3OJZI0BG3.pcm

SwiftExplicitDependencyGeneratePcm x86_64 /Users/c4v4h/Library/Developer/Xcode/DerivedData/CascadeAddonRecoveryProbe/probe-xbuwn_k1/Build/SDKExplicitPrecompiledModules/ObjectiveC-8VWB00A8ANG5RMRWN8W8HUNUV.pcm

SwiftExplicitDependencyGeneratePcm x86_64 /Users/c4v4h/Library/Developer/Xcode/DerivedData/CascadeAddonRecoveryProbe/probe-xbuwn_k1/Build/SDKExplicitPrecompiledModules/os_workgroup-91W2SDZEOQM7QF4LS2GVT3KI5.pcm

SwiftExplicitDependencyGeneratePcm arm64 /Users/c4v4h/Library/Developer/Xcode/DerivedData/CascadeAddonRecoveryProbe/probe-xbuwn_k1/Build/SDKExplicitPrecompiledModules/Spatial-22B4BC9X7QT2MTR5JFTVJTP11.pcm

SwiftExplicitDependencyGeneratePcm arm64 /Users/c4v4h/Library/Developer/Xcode/DerivedData/CascadeAddonRecoveryProbe/probe-xbuwn_k1/Build/SDKExplicitPrecompiledModules/os_workgroup-KLHEZLKX892W74Q3VGYKM0GV.pcm

SwiftExplicitDependencyGeneratePcm arm64 /Users/c4v4h/Library/Developer/Xcode/DerivedData/CascadeAddonRecoveryProbe/probe-xbuwn_k1/Build/SDKExplicitPrecompiledModules/os_object-80D85QH54XIKPZJFE34C5YLEM.pcm

SwiftExplicitDependencyGeneratePcm x86_64 /Users/c4v4h/Library/Developer/Xcode/DerivedData/CascadeAddonRecoveryProbe/probe-xbuwn_k1/Build/SDKExplicitPrecompiledModules/Dispatch-9FKK9BU0XMO1UKRDPV16ZHCNU.pcm

SwiftExplicitDependencyGeneratePcm x86_64 /Users/c4v4h/Library/Developer/Xcode/DerivedData/CascadeAddonRecoveryProbe/probe-xbuwn_k1/Build/SDKExplicitPrecompiledModules/os_object-CA60Z9BC1R5O0O7FQKK97VT34.pcm

SwiftExplicitDependencyGeneratePcm arm64 /Users/c4v4h/Library/Developer/Xcode/DerivedData/CascadeAddonRecoveryProbe/probe-xbuwn_k1/Build/SDKExplicitPrecompiledModules/Dispatch-EKVO6YPO2SXDJOZGZ09G6S19D.pcm

SwiftExplicitDependencyGeneratePcm arm64 /Users/c4v4h/Library/Developer/Xcode/DerivedData/CascadeAddonRecoveryProbe/probe-xbuwn_k1/Build/SDKExplicitPrecompiledModules/os_workgroup-7SGZ6ITWW27OIUABD1Q8SJ26J.pcm

SwiftExplicitDependencyGeneratePcm x86_64 /Users/c4v4h/Library/Developer/Xcode/DerivedData/CascadeAddonRecoveryProbe/probe-xbuwn_k1/Build/SDKExplicitPrecompiledModules/os_workgroup-EOGYBU7VZUTRZUCOL4A2PDOX6.pcm

SwiftExplicitDependencyGeneratePcm x86_64 /Users/c4v4h/Library/Developer/Xcode/DerivedData/CascadeAddonRecoveryProbe/probe-xbuwn_k1/Build/SDKExplicitPrecompiledModules/CoreFoundation-F50GLP5605CCA4K24YCTXA9CG.pcm

SwiftExplicitDependencyGeneratePcm x86_64 /Users/c4v4h/Library/Developer/Xcode/DerivedData/CascadeAddonRecoveryProbe/probe-xbuwn_k1/Build/SDKExplicitPrecompiledModules/XPC-CAOO93URS16DX05ZW0RHJV40X.pcm

SwiftExplicitDependencyGeneratePcm x86_64 /Users/c4v4h/Library/Developer/Xcode/DerivedData/CascadeAddonRecoveryProbe/probe-xbuwn_k1/Build/SDKExplicitPrecompiledModules/dnssd-2NP5IZGQF284YX2XS736FW7M8.pcm

SwiftExplicitDependencyGeneratePcm arm64 /Users/c4v4h/Library/Developer/Xcode/DerivedData/CascadeAddonRecoveryProbe/probe-xbuwn_k1/Build/SDKExplicitPrecompiledModules/Dispatch-150B7VJMDXQ592SVEBIYOCRVU.pcm

SwiftExplicitDependencyGeneratePcm arm64 /Users/c4v4h/Library/Developer/Xcode/DerivedData/CascadeAddonRecoveryProbe/probe-xbuwn_k1/Build/SDKExplicitPrecompiledModules/XPC-DJPARCGD27E80L84VOLIS6NP4.pcm

SwiftExplicitDependencyGeneratePcm arm64 /Users/c4v4h/Library/Developer/Xcode/DerivedData/CascadeAddonRecoveryProbe/probe-xbuwn_k1/Build/SDKExplicitPrecompiledModules/dnssd-EY2WWVGUCDE31TC62FAH9G92T.pcm

SwiftExplicitDependencyGeneratePcm x86_64 /Users/c4v4h/Library/Developer/Xcode/DerivedData/CascadeAddonRecoveryProbe/probe-xbuwn_k1/Build/SDKExplicitPrecompiledModules/Dispatch-2HMSCQKLCTB4KTM8L61HYXTV1.pcm

SwiftExplicitDependencyGeneratePcm x86_64 /Users/c4v4h/Library/Developer/Xcode/DerivedData/CascadeAddonRecoveryProbe/probe-xbuwn_k1/Build/SDKExplicitPrecompiledModules/Spatial-ACS2Z7MZ7ZS04O1WNHIPIUGTO.pcm

SwiftExplicitDependencyGeneratePcm arm64 /Users/c4v4h/Library/Developer/Xcode/DerivedData/CascadeAddonRecoveryProbe/probe-xbuwn_k1/Build/SDKExplicitPrecompiledModules/CoreFoundation-40G1NBZ4B6UOUFHA5TLU9WXGC.pcm

SwiftExplicitDependencyGeneratePcm x86_64 /Users/c4v4h/Library/Developer/Xcode/DerivedData/CascadeAddonRecoveryProbe/probe-xbuwn_k1/Build/SDKExplicitPrecompiledModules/os-6MG7PXXX5NBP9GVJJOXEFGRSE.pcm

SwiftExplicitDependencyGeneratePcm x86_64 /Users/c4v4h/Library/Developer/Xcode/DerivedData/CascadeAddonRecoveryProbe/probe-xbuwn_k1/Build/SDKExplicitPrecompiledModules/XPC-DFN04ZE7764MAPSP3951TWVWL.pcm

SwiftExplicitDependencyGeneratePcm x86_64 /Users/c4v4h/Library/Developer/Xcode/DerivedData/CascadeAddonRecoveryProbe/probe-xbuwn_k1/Build/SDKExplicitPrecompiledModules/dnssd-104WG32MXWT7D9773FBHMBZVG.pcm

SwiftExplicitDependencyGeneratePcm x86_64 /Users/c4v4h/Library/Developer/Xcode/DerivedData/CascadeAddonRecoveryProbe/probe-xbuwn_k1/Build/SDKExplicitPrecompiledModules/CoreFoundation-3L9LCQ77X1X7VWI12H51ADCD2.pcm

SwiftExplicitDependencyGeneratePcm x86_64 /Users/c4v4h/Library/Developer/Xcode/DerivedData/CascadeAddonRecoveryProbe/probe-xbuwn_k1/Build/SDKExplicitPrecompiledModules/CFNetwork-1U454SREDXV281PEVJQLP7JMB.pcm

SwiftExplicitDependencyGeneratePcm arm64 /Users/c4v4h/Library/Developer/Xcode/DerivedData/CascadeAddonRecoveryProbe/probe-xbuwn_k1/Build/SDKExplicitPrecompiledModules/dnssd-9ZR96KCR3RHRZ858A7WE8NHQ0.pcm

SwiftExplicitDependencyGeneratePcm arm64 /Users/c4v4h/Library/Developer/Xcode/DerivedData/CascadeAddonRecoveryProbe/probe-xbuwn_k1/Build/SDKExplicitPrecompiledModules/CoreFoundation-9S6O1JESSGGESA4WNYNGK6EU.pcm

SwiftExplicitDependencyGeneratePcm arm64 /Users/c4v4h/Library/Developer/Xcode/DerivedData/CascadeAddonRecoveryProbe/probe-xbuwn_k1/Build/SDKExplicitPrecompiledModules/XPC-7FX62Y3JO96E3EJZTMG8FKHIH.pcm

SwiftExplicitDependencyGeneratePcm x86_64 /Users/c4v4h/Library/Developer/Xcode/DerivedData/CascadeAddonRecoveryProbe/probe-xbuwn_k1/Build/SDKExplicitPrecompiledModules/CoreAudioTypes-D7LJ0F4WMISIR765R8NWMSN78.pcm

SwiftExplicitDependencyGeneratePcm x86_64 /Users/c4v4h/Library/Developer/Xcode/DerivedData/CascadeAddonRecoveryProbe/probe-xbuwn_k1/Build/SDKExplicitPrecompiledModules/IOKit-1P0RVLOE2Y0VUJ6MBUKVWNC9H.pcm

SwiftExplicitDependencyGeneratePcm x86_64 /Users/c4v4h/Library/Developer/Xcode/DerivedData/CascadeAddonRecoveryProbe/probe-xbuwn_k1/Build/SDKExplicitPrecompiledModules/os-B7RZ4TROEWL37G4KPI261CXH7.pcm

SwiftExplicitDependencyGeneratePcm x86_64 /Users/c4v4h/Library/Developer/Xcode/DerivedData/CascadeAddonRecoveryProbe/probe-xbuwn_k1/Build/SDKExplicitPrecompiledModules/Security-7TU7LDBEV6DOEGBNNQN4FEC8E.pcm

SwiftExplicitDependencyGeneratePcm arm64 /Users/c4v4h/Library/Developer/Xcode/DerivedData/CascadeAddonRecoveryProbe/probe-xbuwn_k1/Build/SDKExplicitPrecompiledModules/IOKit-C5JZZJ5Y61PUMX2MORW1GNZTV.pcm

SwiftExplicitDependencyGeneratePcm x86_64 /Users/c4v4h/Library/Developer/Xcode/DerivedData/CascadeAddonRecoveryProbe/probe-xbuwn_k1/Build/SDKExplicitPrecompiledModules/CFNetwork-8DFPGQ00QNF92DU4KS2EPOVUA.pcm

SwiftExplicitDependencyGeneratePcm x86_64 /Users/c4v4h/Library/Developer/Xcode/DerivedData/CascadeAddonRecoveryProbe/probe-xbuwn_k1/Build/SDKExplicitPrecompiledModules/IOKit-5YZUXGM36LV3NFKHCS9JR16PM.pcm

SwiftExplicitDependencyGeneratePcm arm64 /Users/c4v4h/Library/Developer/Xcode/DerivedData/CascadeAddonRecoveryProbe/probe-xbuwn_k1/Build/SDKExplicitPrecompiledModules/os-BVP7J6WXSZYATGF1ZR7L77TKK.pcm

SwiftExplicitDependencyGeneratePcm x86_64 /Users/c4v4h/Library/Developer/Xcode/DerivedData/CascadeAddonRecoveryProbe/probe-xbuwn_k1/Build/SDKExplicitPrecompiledModules/Security-7SMP9IMB2W6CWTB3UQ0A7EI98.pcm

SwiftExplicitDependencyGeneratePcm arm64 /Users/c4v4h/Library/Developer/Xcode/DerivedData/CascadeAddonRecoveryProbe/probe-xbuwn_k1/Build/SDKExplicitPrecompiledModules/IOKit-6XZCAF5UUAFEUYTL0GZEBKPD3.pcm

SwiftExplicitDependencyGeneratePcm arm64 /Users/c4v4h/Library/Developer/Xcode/DerivedData/CascadeAddonRecoveryProbe/probe-xbuwn_k1/Build/SDKExplicitPrecompiledModules/CFNetwork-DNOB281IVUKHB95BT1RTUF57V.pcm

SwiftExplicitDependencyGeneratePcm arm64 /Users/c4v4h/Library/Developer/Xcode/DerivedData/CascadeAddonRecoveryProbe/probe-xbuwn_k1/Build/SDKExplicitPrecompiledModules/Security-BD1JKUB85ISFNTVHNRB9USM40.pcm

SwiftExplicitDependencyGeneratePcm arm64 /Users/c4v4h/Library/Developer/Xcode/DerivedData/CascadeAddonRecoveryProbe/probe-xbuwn_k1/Build/SDKExplicitPrecompiledModules/Security-9BJ82BF6TVCDMMG1VPLGIZFEJ.pcm

SwiftExplicitDependencyGeneratePcm arm64 /Users/c4v4h/Library/Developer/Xcode/DerivedData/CascadeAddonRecoveryProbe/probe-xbuwn_k1/Build/SDKExplicitPrecompiledModules/ColorSync-762JD6M4MO6ODZ3Y7BLPDXRGL.pcm

SwiftExplicitDependencyGeneratePcm x86_64 /Users/c4v4h/Library/Developer/Xcode/DerivedData/CascadeAddonRecoveryProbe/probe-xbuwn_k1/Build/SDKExplicitPrecompiledModules/DiskArbitration-D3GOGALBZNWQH02TCNC4VZHE2.pcm

SwiftExplicitDependencyGeneratePcm x86_64 /Users/c4v4h/Library/Developer/Xcode/DerivedData/CascadeAddonRecoveryProbe/probe-xbuwn_k1/Build/SDKExplicitPrecompiledModules/CoreGraphics-CSAJWHZ1X8X1HXIPS0J2G20F3.pcm

SwiftExplicitDependencyGeneratePcm arm64 /Users/c4v4h/Library/Developer/Xcode/DerivedData/CascadeAddonRecoveryProbe/probe-xbuwn_k1/Build/SDKExplicitPrecompiledModules/CoreAudioTypes-5IERRODFBEDQFMETP2JD78553.pcm

SwiftExplicitDependencyGeneratePcm arm64 /Users/c4v4h/Library/Developer/Xcode/DerivedData/CascadeAddonRecoveryProbe/probe-xbuwn_k1/Build/SDKExplicitPrecompiledModules/CoreGraphics-17Z2MI3VFJAZION64PLKU541B.pcm

SwiftExplicitDependencyGeneratePcm arm64 /Users/c4v4h/Library/Developer/Xcode/DerivedData/CascadeAddonRecoveryProbe/probe-xbuwn_k1/Build/SDKExplicitPrecompiledModules/DiskArbitration-76MWXGO9X7I5OVNZUUEOSKWNH.pcm

SwiftExplicitDependencyGeneratePcm x86_64 /Users/c4v4h/Library/Developer/Xcode/DerivedData/CascadeAddonRecoveryProbe/probe-xbuwn_k1/Build/SDKExplicitPrecompiledModules/CoreServices-3ZSA6V11KBQZQS2WMHJJZHVFV.pcm

SwiftExplicitDependencyGeneratePcm x86_64 /Users/c4v4h/Library/Developer/Xcode/DerivedData/CascadeAddonRecoveryProbe/probe-xbuwn_k1/Build/SDKExplicitPrecompiledModules/DiskArbitration-72JHB0LCK9YQSHUM9YDV3J81D.pcm

SwiftExplicitDependencyGeneratePcm x86_64 /Users/c4v4h/Library/Developer/Xcode/DerivedData/CascadeAddonRecoveryProbe/probe-xbuwn_k1/Build/SDKExplicitPrecompiledModules/ColorSync-CYHLCT2F7OJT3N9LZNV81PEZY.pcm

SwiftExplicitDependencyGeneratePcm arm64 /Users/c4v4h/Library/Developer/Xcode/DerivedData/CascadeAddonRecoveryProbe/probe-xbuwn_k1/Build/SDKExplicitPrecompiledModules/DiskArbitration-E9CYDZVFMJUN54XLYSX2HNZQ9.pcm

SwiftExplicitDependencyGeneratePcm arm64 /Users/c4v4h/Library/Developer/Xcode/DerivedData/CascadeAddonRecoveryProbe/probe-xbuwn_k1/Build/SDKExplicitPrecompiledModules/os-7Z328B37SNUFA0WN1YLJH5GIS.pcm

SwiftExplicitDependencyGeneratePcm arm64 /Users/c4v4h/Library/Developer/Xcode/DerivedData/CascadeAddonRecoveryProbe/probe-xbuwn_k1/Build/SDKExplicitPrecompiledModules/CFNetwork-3XY0QUDWF8T77VABHJNSL8BFV.pcm

SwiftExplicitDependencyGeneratePcm x86_64 /Users/c4v4h/Library/Developer/Xcode/DerivedData/CascadeAddonRecoveryProbe/probe-xbuwn_k1/Build/SDKExplicitPrecompiledModules/CoreText-4G6O8L57GU1GJ6Q2UOSMQM63D.pcm

SwiftExplicitDependencyGeneratePcm x86_64 /Users/c4v4h/Library/Developer/Xcode/DerivedData/CascadeAddonRecoveryProbe/probe-xbuwn_k1/Build/SDKExplicitPrecompiledModules/CoreServices-27W3YKMOQ2YXS4ZC184EHH9BT.pcm

SwiftExplicitDependencyGeneratePcm x86_64 /Users/c4v4h/Library/Developer/Xcode/DerivedData/CascadeAddonRecoveryProbe/probe-xbuwn_k1/Build/SDKExplicitPrecompiledModules/ImageIO-7NWE0QBPN8I38PDV9T8GM49K2.pcm

SwiftExplicitDependencyGeneratePcm arm64 /Users/c4v4h/Library/Developer/Xcode/DerivedData/CascadeAddonRecoveryProbe/probe-xbuwn_k1/Build/SDKExplicitPrecompiledModules/CoreServices-A3ZGIS1CW4GR0PL3NENCT4HM0.pcm

SwiftExplicitDependencyGeneratePcm arm64 /Users/c4v4h/Library/Developer/Xcode/DerivedData/CascadeAddonRecoveryProbe/probe-xbuwn_k1/Build/SDKExplicitPrecompiledModules/CoreServices-8T95VQ1MXFSO8CB7UWY6OZ8CM.pcm

SwiftExplicitDependencyGeneratePcm arm64 /Users/c4v4h/Library/Developer/Xcode/DerivedData/CascadeAddonRecoveryProbe/probe-xbuwn_k1/Build/SDKExplicitPrecompiledModules/CoreText-7AZEPHC21ZDLD979BTBYSF5TL.pcm

SwiftExplicitDependencyGeneratePcm arm64 /Users/c4v4h/Library/Developer/Xcode/DerivedData/CascadeAddonRecoveryProbe/probe-xbuwn_k1/Build/SDKExplicitPrecompiledModules/ImageIO-DOUKHIEUHBHG30OX93M1GRH33.pcm

SwiftExplicitDependencyGeneratePcm x86_64 /Users/c4v4h/Library/Developer/Xcode/DerivedData/CascadeAddonRecoveryProbe/probe-xbuwn_k1/Build/SDKExplicitPrecompiledModules/Foundation-2RBQCSZZL1LV525R174CCH4ML.pcm

SwiftExplicitDependencyGeneratePcm x86_64 /Users/c4v4h/Library/Developer/Xcode/DerivedData/CascadeAddonRecoveryProbe/probe-xbuwn_k1/Build/SDKExplicitPrecompiledModules/Foundation-68OMTSSCAR98F8CYB4LLJN7O9.pcm

SwiftExplicitDependencyGeneratePcm arm64 /Users/c4v4h/Library/Developer/Xcode/DerivedData/CascadeAddonRecoveryProbe/probe-xbuwn_k1/Build/SDKExplicitPrecompiledModules/Foundation-CNJCKQNBVJWDK1IWVUWOO7P0W.pcm

SwiftExplicitDependencyGeneratePcm arm64 /Users/c4v4h/Library/Developer/Xcode/DerivedData/CascadeAddonRecoveryProbe/probe-xbuwn_k1/Build/SDKExplicitPrecompiledModules/Foundation-9JDOSRKKEAV34ZWBKFVVYQI0E.pcm

SwiftExplicitDependencyGeneratePcm x86_64 /Users/c4v4h/Library/Developer/Xcode/DerivedData/CascadeAddonRecoveryProbe/probe-xbuwn_k1/Build/SDKExplicitPrecompiledModules/ApplicationServices-99VA1L46ENFLMS663ARYLL2FN.pcm

SwiftExplicitDependencyGeneratePcm x86_64 /Users/c4v4h/Library/Developer/Xcode/DerivedData/CascadeAddonRecoveryProbe/probe-xbuwn_k1/Build/SDKExplicitPrecompiledModules/IOSurface-9JOAILTUAPBY37KM30RP2JQLA.pcm

SwiftExplicitDependencyGeneratePcm x86_64 /Users/c4v4h/Library/Developer/Xcode/DerivedData/CascadeAddonRecoveryProbe/probe-xbuwn_k1/Build/SDKExplicitPrecompiledModules/OSLog-BNAT08SHFWPQYM06HNPCW9IYB.pcm

SwiftExplicitDependencyGeneratePcm x86_64 /Users/c4v4h/Library/Developer/Xcode/DerivedData/CascadeAddonRecoveryProbe/probe-xbuwn_k1/Build/SDKExplicitPrecompiledModules/Network-BZP1LVXZ0BG2ISTZQKLKV5HHH.pcm

SwiftExplicitDependencyGeneratePcm x86_64 /Users/c4v4h/Library/Developer/Xcode/DerivedData/CascadeAddonRecoveryProbe/probe-xbuwn_k1/Build/SDKExplicitPrecompiledModules/Symbols-C88KTPJC4HNT09XY9LQ4ZIO62.pcm

SwiftExplicitDependencyGeneratePcm x86_64 /Users/c4v4h/Library/Developer/Xcode/DerivedData/CascadeAddonRecoveryProbe/probe-xbuwn_k1/Build/SDKExplicitPrecompiledModules/CoreAudio-BRDH0UPTLKUCYWGIOXC9C9X39.pcm

SwiftExplicitDependencyGeneratePcm x86_64 /Users/c4v4h/Library/Developer/Xcode/DerivedData/CascadeAddonRecoveryProbe/probe-xbuwn_k1/Build/SDKExplicitPrecompiledModules/UniformTypeIdentifiers-DG64FXJXOZMGHSGGPZU233N43.pcm

SwiftExplicitDependencyGeneratePcm x86_64 /Users/c4v4h/Library/Developer/Xcode/DerivedData/CascadeAddonRecoveryProbe/probe-xbuwn_k1/Build/SDKExplicitPrecompiledModules/Accessibility-D3NCRLR7BUIKHLNU6KCQLKVP9.pcm

SwiftExplicitDependencyGeneratePcm x86_64 /Users/c4v4h/Library/Developer/Xcode/DerivedData/CascadeAddonRecoveryProbe/probe-xbuwn_k1/Build/SDKExplicitPrecompiledModules/UniformTypeIdentifiers-6TDY4QRWRUPEC10DNXOASLN3C.pcm

SwiftExplicitDependencyGeneratePcm x86_64 /Users/c4v4h/Library/Developer/Xcode/DerivedData/CascadeAddonRecoveryProbe/probe-xbuwn_k1/Build/SDKExplicitPrecompiledModules/OSLog-6OWAV89R2NUDZ5WE7SKR08GPM.pcm

SwiftExplicitDependencyGeneratePcm arm64 /Users/c4v4h/Library/Developer/Xcode/DerivedData/CascadeAddonRecoveryProbe/probe-xbuwn_k1/Build/SDKExplicitPrecompiledModules/OSLog-DNBLPHY9MRML4AVFJVRPUUFC0.pcm

SwiftExplicitDependencyGeneratePcm arm64 /Users/c4v4h/Library/Developer/Xcode/DerivedData/CascadeAddonRecoveryProbe/probe-xbuwn_k1/Build/SDKExplicitPrecompiledModules/UniformTypeIdentifiers-7FI1JJREGV88QC3FDH5QKEPHC.pcm

SwiftExplicitDependencyGeneratePcm arm64 /Users/c4v4h/Library/Developer/Xcode/DerivedData/CascadeAddonRecoveryProbe/probe-xbuwn_k1/Build/SDKExplicitPrecompiledModules/ApplicationServices-5HKP1O1AIWA9TSVSV2DH59V39.pcm

SwiftExplicitDependencyGeneratePcm arm64 /Users/c4v4h/Library/Developer/Xcode/DerivedData/CascadeAddonRecoveryProbe/probe-xbuwn_k1/Build/SDKExplicitPrecompiledModules/IOSurface-EDNN1EPVLLI1C5PGJ1GWSB0OA.pcm

SwiftExplicitDependencyGeneratePcm arm64 /Users/c4v4h/Library/Developer/Xcode/DerivedData/CascadeAddonRecoveryProbe/probe-xbuwn_k1/Build/SDKExplicitPrecompiledModules/Network-3ORGUS036YO9E9KLQL7AH0IUG.pcm

SwiftExplicitDependencyGeneratePcm arm64 /Users/c4v4h/Library/Developer/Xcode/DerivedData/CascadeAddonRecoveryProbe/probe-xbuwn_k1/Build/SDKExplicitPrecompiledModules/DataDetection-6TWQS86LJOFCX0HWP3ZN92QGL.pcm

SwiftExplicitDependencyGeneratePcm arm64 /Users/c4v4h/Library/Developer/Xcode/DerivedData/CascadeAddonRecoveryProbe/probe-xbuwn_k1/Build/SDKExplicitPrecompiledModules/UniformTypeIdentifiers-EVNDQWI1O65XJGCUMRFITYT7C.pcm

SwiftExplicitDependencyGeneratePcm arm64 /Users/c4v4h/Library/Developer/Xcode/DerivedData/CascadeAddonRecoveryProbe/probe-xbuwn_k1/Build/SDKExplicitPrecompiledModules/CoreAudio-D004TJOHXEQ4B660DH8Y137UF.pcm

SwiftExplicitDependencyGeneratePcm x86_64 /Users/c4v4h/Library/Developer/Xcode/DerivedData/CascadeAddonRecoveryProbe/probe-xbuwn_k1/Build/SDKExplicitPrecompiledModules/OpenGL-8Z0SK4O4WTI6X8H65OR8SETFF.pcm

SwiftExplicitDependencyGeneratePcm x86_64 /Users/c4v4h/Library/Developer/Xcode/DerivedData/CascadeAddonRecoveryProbe/probe-xbuwn_k1/Build/SDKExplicitPrecompiledModules/Metal-2LMMNGPYSM48M13CKJMM7J85S.pcm

SwiftExplicitDependencyGeneratePcm arm64 /Users/c4v4h/Library/Developer/Xcode/DerivedData/CascadeAddonRecoveryProbe/probe-xbuwn_k1/Build/SDKExplicitPrecompiledModules/Accessibility-1ZJN70RBZTPHJ63JLVV5APLH5.pcm

SwiftExplicitDependencyGeneratePcm x86_64 /Users/c4v4h/Library/Developer/Xcode/DerivedData/CascadeAddonRecoveryProbe/probe-xbuwn_k1/Build/SDKExplicitPrecompiledModules/CoreTransferable-ATX77LDSNG3IBTXWEWY7HCS0N.pcm

SwiftExplicitDependencyGeneratePcm arm64 /Users/c4v4h/Library/Developer/Xcode/DerivedData/CascadeAddonRecoveryProbe/probe-xbuwn_k1/Build/SDKExplicitPrecompiledModules/OpenGL-9H3E2L1QKN1BLDJY4TYJ8EROD.pcm

SwiftExplicitDependencyGeneratePcm arm64 /Users/c4v4h/Library/Developer/Xcode/DerivedData/CascadeAddonRecoveryProbe/probe-xbuwn_k1/Build/SDKExplicitPrecompiledModules/Metal-22SGQFG974MEBKBN4WP4JP4BJ.pcm

SwiftExplicitDependencyGeneratePcm arm64 /Users/c4v4h/Library/Developer/Xcode/DerivedData/CascadeAddonRecoveryProbe/probe-xbuwn_k1/Build/SDKExplicitPrecompiledModules/OSLog-9XVL5RB0C5E0MP8B4Y8RNLE5L.pcm

SwiftExplicitDependencyGeneratePcm x86_64 /Users/c4v4h/Library/Developer/Xcode/DerivedData/CascadeAddonRecoveryProbe/probe-xbuwn_k1/Build/SDKExplicitPrecompiledModules/Network-O6AZ13LNILTPOZ7EU4GQPGP0.pcm

SwiftExplicitDependencyGeneratePcm x86_64 /Users/c4v4h/Library/Developer/Xcode/DerivedData/CascadeAddonRecoveryProbe/probe-xbuwn_k1/Build/SDKExplicitPrecompiledModules/CoreData-1PER1DT3WUPDFWEYPE5UEX54H.pcm

SwiftExplicitDependencyGeneratePcm arm64 /Users/c4v4h/Library/Developer/Xcode/DerivedData/CascadeAddonRecoveryProbe/probe-xbuwn_k1/Build/SDKExplicitPrecompiledModules/Symbols-3RMWVSEDJ85QQKU1DBUO3BC58.pcm

SwiftExplicitDependencyGeneratePcm arm64 /Users/c4v4h/Library/Developer/Xcode/DerivedData/CascadeAddonRecoveryProbe/probe-xbuwn_k1/Build/SDKExplicitPrecompiledModules/CoreData-CS27XOZVN3SCVUV7Y4V3D5WHD.pcm

SwiftExplicitDependencyGeneratePcm x86_64 /Users/c4v4h/Library/Developer/Xcode/DerivedData/CascadeAddonRecoveryProbe/probe-xbuwn_k1/Build/SDKExplicitPrecompiledModules/DataDetection-DL1ENGGEEMKEUU4GCOCI9XXSX.pcm

SwiftEmitModule normal x86_64 Emitting\ module\ for\ CascadeProbeProvider (in target 'ProbeProvider' from project 'AddonPlatform')

SwiftCompile normal x86_64 (in target 'ProbeProvider' from project 'AddonPlatform')
    cd /Users/c4v4h/Library/Developer/Xcode/DerivedData/CascadeAddonRecoveryProbe/probe-xbuwn_k1/Sources
    

SwiftExplicitDependencyGeneratePcm arm64 /Users/c4v4h/Library/Developer/Xcode/DerivedData/CascadeAddonRecoveryProbe/probe-xbuwn_k1/Build/SDKExplicitPrecompiledModules/Network-DRHFH7GPYGEGH1HT2AA84QG5R.pcm

SwiftExplicitDependencyGeneratePcm arm64 /Users/c4v4h/Library/Developer/Xcode/DerivedData/CascadeAddonRecoveryProbe/probe-xbuwn_k1/Build/SDKExplicitPrecompiledModules/CoreTransferable-3IHVHF1EDS2FNA767RRP83TN1.pcm

SwiftCompile normal x86_64 Compiling\ ProbeMessage.swift /Users/c4v4h/Library/Developer/Xcode/DerivedData/CascadeAddonRecoveryProbe/probe-xbuwn_k1/Sources/Shared/ProbeMessage.swift (in target 'ProbeProvider' from project 'AddonPlatform')

SwiftCompile normal x86_64 /Users/c4v4h/Library/Developer/Xcode/DerivedData/CascadeAddonRecoveryProbe/probe-xbuwn_k1/Sources/Shared/ProbeMessage.swift (in target 'ProbeProvider' from project 'AddonPlatform')
    cd /Users/c4v4h/Library/Developer/Xcode/DerivedData/CascadeAddonRecoveryProbe/probe-xbuwn_k1/Sources
    builtin-SwiftPerFileCompile ProbeMessage.swift

SwiftCompile normal x86_64 Compiling\ ProbeProvider.swift /Users/c4v4h/Library/Developer/Xcode/DerivedData/CascadeAddonRecoveryProbe/probe-xbuwn_k1/Sources/Provider/ProbeProvider.swift (in target 'ProbeProvider' from project 'AddonPlatform')

SwiftCompile normal x86_64 /Users/c4v4h/Library/Developer/Xcode/DerivedData/CascadeAddonRecoveryProbe/probe-xbuwn_k1/Sources/Provider/ProbeProvider.swift (in target 'ProbeProvider' from project 'AddonPlatform')
    cd /Users/c4v4h/Library/Developer/Xcode/DerivedData/CascadeAddonRecoveryProbe/probe-xbuwn_k1/Sources
    builtin-SwiftPerFileCompile ProbeProvider.swift

SwiftCompile normal arm64 Compiling\ ProbeProvider.swift /Users/c4v4h/Library/Developer/Xcode/DerivedData/CascadeAddonRecoveryProbe/probe-xbuwn_k1/Sources/Provider/ProbeProvider.swift (in target 'ProbeProvider' from project 'AddonPlatform')

SwiftCompile normal arm64 /Users/c4v4h/Library/Developer/Xcode/DerivedData/CascadeAddonRecoveryProbe/probe-xbuwn_k1/Sources/Provider/ProbeProvider.swift (in target 'ProbeProvider' from project 'AddonPlatform')
    cd /Users/c4v4h/Library/Developer/Xcode/DerivedData/CascadeAddonRecoveryProbe/probe-xbuwn_k1/Sources
    builtin-SwiftPerFileCompile ProbeProvider.swift

SwiftEmitModule normal arm64 Emitting\ module\ for\ CascadeProbeProvider (in target 'ProbeProvider' from project 'AddonPlatform')

SwiftCompile normal arm64 (in target 'ProbeProvider' from project 'AddonPlatform')
    cd /Users/c4v4h/Library/Developer/Xcode/DerivedData/CascadeAddonRecoveryProbe/probe-xbuwn_k1/Sources
    

SwiftCompile normal arm64 Compiling\ ProbeMessage.swift /Users/c4v4h/Library/Developer/Xcode/DerivedData/CascadeAddonRecoveryProbe/probe-xbuwn_k1/Sources/Shared/ProbeMessage.swift (in target 'ProbeProvider' from project 'AddonPlatform')

SwiftCompile normal arm64 /Users/c4v4h/Library/Developer/Xcode/DerivedData/CascadeAddonRecoveryProbe/probe-xbuwn_k1/Sources/Shared/ProbeMessage.swift (in target 'ProbeProvider' from project 'AddonPlatform')
    cd /Users/c4v4h/Library/Developer/Xcode/DerivedData/CascadeAddonRecoveryProbe/probe-xbuwn_k1/Sources
    builtin-SwiftPerFileCompile ProbeMessage.swift

SwiftExplicitDependencyGeneratePcm x86_64 /Users/c4v4h/Library/Developer/Xcode/DerivedData/CascadeAddonRecoveryProbe/probe-xbuwn_k1/Build/SDKExplicitPrecompiledModules/CoreVideo-D4ULP4E6WZTWP0W49SR16CNOE.pcm

SwiftDriverJobDiscovery normal x86_64 Emitting module for CascadeProbeProvider (in target 'ProbeProvider' from project 'AddonPlatform')

SwiftExplicitDependencyGeneratePcm arm64 /Users/c4v4h/Library/Developer/Xcode/DerivedData/CascadeAddonRecoveryProbe/probe-xbuwn_k1/Build/SDKExplicitPrecompiledModules/CoreVideo-EO1Z6SRU8MAFRZXOX283KEQTD.pcm

SwiftDriver\ Compilation\ Requirements ProbeProvider normal x86_64 com.apple.xcode.tools.swift.compiler (in target 'ProbeProvider' from project 'AddonPlatform')
    cd /Users/c4v4h/Library/Developer/Xcode/DerivedData/CascadeAddonRecoveryProbe/probe-xbuwn_k1/Sources
    builtin-Swift-Compilation-Requirements -- /Applications/Xcode-beta.app/Contents/Developer/Toolchains/XcodeDefault.xctoolchain/usr/bin/swiftc -module-name CascadeProbeProvider -Onone @/Users/c4v4h/Library/Developer/Xcode/DerivedData/CascadeAddonRecoveryProbe/probe-xbuwn_k1/Build/Build/Intermediates.noindex/AddonPlatform.build/Debug/ProbeProvider.build/Objects-normal/x86_64/CascadeProbeProvider.SwiftFileList -DDEBUG -DRECOVERY_PROBE -DBROKER_PROVIDER -enable-bare-slash-regex -enable-experimental-feature DebugDescriptionMacro -sdk /Applications/Xcode-beta.app/Contents/Developer/Platforms/MacOSX.platform/Developer/SDKs/MacOSX27.0.sdk -target x86_64-apple-macos14.0 -g -module-cache-path /Users/c4v4h/Library/Developer/Xcode/DerivedData/CascadeAddonRecoveryProbe/probe-xbuwn_k1/Build/ModuleCache.noindex -Xfrontend -serialize-debugging-options -application-extension -index-store-path /Users/c4v4h/Library/Developer/Xcode/DerivedData/CascadeAddonRecoveryProbe/probe-xbuwn_k1/Build/Index.noindex/DataStore -swift-version 5 -I /Users/c4v4h/Library/Developer/Xcode/DerivedData/CascadeAddonRecoveryProbe/probe-xbuwn_k1/Build/Build/Products/Debug -F /Users/c4v4h/Library/Developer/Xcode/DerivedData/CascadeAddonRecoveryProbe/probe-xbuwn_k1/Build/Build/Products/Debug -c -j8 -enable-batch-mode -incremental -Xcc -ivfsstatcache -Xcc /Users/c4v4h/Library/Developer/Xcode/DerivedData/CascadeAddonRecoveryProbe/probe-xbuwn_k1/Build/SDKStatCaches.noindex/macosx27.0-26A5419a-e829b21a6f8c9b70876ba0858053c04445874285e5972fffeae925c4ab065928.sdkstatcache -output-file-map /Users/c4v4h/Library/Developer/Xcode/DerivedData/CascadeAddonRecoveryProbe/probe-xbuwn_k1/Build/Build/Intermediates.noindex/AddonPlatform.build/Debug/ProbeProvider.build/Objects-normal/x86_64/ProbeProvider-OutputFileMap.json -save-temps -no-color-diagnostics -explicit-module-build -module-cache-path /Users/c4v4h/Library/Developer/Xcode/DerivedData/CascadeAddonRecoveryProbe/probe-xbuwn_k1/Build/Build/Intermediates.noindex/SwiftExplicitPrecompiledModules -clang-scanner-module-cache-path /Users/c4v4h/Library/Developer/Xcode/DerivedData/CascadeAddonRecoveryProbe/probe-xbuwn_k1/Build/ModuleCache.noindex -sdk-module-cache-path /Users/c4v4h/Library/Developer/Xcode/DerivedData/CascadeAddonRecoveryProbe/probe-xbuwn_k1/Build/SDKExplicitPrecompiledModules -emit-dependencies -emit-module -emit-module-path /Users/c4v4h/Library/Developer/Xcode/DerivedData/CascadeAddonRecoveryProbe/probe-xbuwn_k1/Build/Build/Intermediates.noindex/AddonPlatform.build/Debug/ProbeProvider.build/Objects-normal/x86_64/CascadeProbeProvider.swiftmodule -serialize-diagnostics -dependency-scan-serialize-diagnostics-path /Users/c4v4h/Library/Developer/Xcode/DerivedData/CascadeAddonRecoveryProbe/probe-xbuwn_k1/Build/Build/Intermediates.noindex/AddonPlatform.build/Debug/ProbeProvider.build/Objects-normal/x86_64/CascadeProbeProvider-dependency-scan.dia -validate-clang-modules-once -clang-build-session-file /Users/c4v4h/Library/Developer/Xcode/DerivedData/CascadeAddonRecoveryProbe/probe-xbuwn_k1/Build/ModuleCache.noindex/Session.modulevalidation -Xcc -fmodules-prune-interval\=86400 -Xcc -fmodules-prune-after\=345600 -emit-const-values -const-gather-protocols-list /Users/c4v4h/Library/Developer/Xcode/DerivedData/CascadeAddonRecoveryProbe/probe-xbuwn_k1/Build/Build/Intermediates.noindex/AddonPlatform.build/Debug/ProbeProvider.build/Objects-normal/x86_64/ProbeProvider_const_extract_protocols.json -Xcc -iquote -Xcc /Users/c4v4h/Library/Developer/Xcode/DerivedData/CascadeAddonRecoveryProbe/probe-xbuwn_k1/Build/Build/Intermediates.noindex/AddonPlatform.build/Debug/ProbeProvider.build/CascadeProbeProvider-generated-files.hmap -Xcc -I/Users/c4v4h/Library/Developer/Xcode/DerivedData/CascadeAddonRecoveryProbe/probe-xbuwn_k1/Build/Build/Intermediates.noindex/AddonPlatform.build/Debug/ProbeProvider.build/CascadeProbeProvider-own-target-headers.hmap -Xcc -I/Users/c4v4h/Library/Developer/Xcode/DerivedData/CascadeAddonRecoveryProbe/probe-xbuwn_k1/Build/Build/Intermediates.noindex/AddonPlatform.build/Debug/ProbeProvider.build/CascadeProbeProvider-all-target-headers.hmap -Xcc -iquote -Xcc /Users/c4v4h/Library/Developer/Xcode/DerivedData/CascadeAddonRecoveryProbe/probe-xbuwn_k1/Build/Build/Intermediates.noindex/AddonPlatform.build/Debug/ProbeProvider.build/CascadeProbeProvider-project-headers.hmap -Xcc -I/Users/c4v4h/Library/Developer/Xcode/DerivedData/CascadeAddonRecoveryProbe/probe-xbuwn_k1/Build/Build/Products/Debug/include -Xcc -I/Users/c4v4h/Library/Developer/Xcode/DerivedData/CascadeAddonRecoveryProbe/probe-xbuwn_k1/Build/Build/Intermediates.noindex/AddonPlatform.build/Debug/ProbeProvider.build/DerivedSources-normal/x86_64 -Xcc -I/Users/c4v4h/Library/Developer/Xcode/DerivedData/CascadeAddonRecoveryProbe/probe-xbuwn_k1/Build/Build/Intermediates.noindex/AddonPlatform.build/Debug/ProbeProvider.build/DerivedSources/x86_64 -Xcc -I/Users/c4v4h/Library/Developer/Xcode/DerivedData/CascadeAddonRecoveryProbe/probe-xbuwn_k1/Build/Build/Intermediates.noindex/AddonPlatform.build/Debug/ProbeProvider.build/DerivedSources -emit-objc-header -emit-objc-header-path /Users/c4v4h/Library/Developer/Xcode/DerivedData/CascadeAddonRecoveryProbe/probe-xbuwn_k1/Build/Build/Intermediates.noindex/AddonPlatform.build/Debug/ProbeProvider.build/Objects-normal/x86_64/CascadeProbeProvider-Swift.h -working-directory /Users/c4v4h/Library/Developer/Xcode/DerivedData/CascadeAddonRecoveryProbe/probe-xbuwn_k1/Sources -experimental-emit-module-separately -disable-cmo

Copy /Users/c4v4h/Library/Developer/Xcode/DerivedData/CascadeAddonRecoveryProbe/probe-xbuwn_k1/Build/Build/Products/Debug/CascadeProbeProvider.swiftmodule/x86_64-apple-macos.swiftmodule /Users/c4v4h/Library/Developer/Xcode/DerivedData/CascadeAddonRecoveryProbe/probe-xbuwn_k1/Build/Build/Intermediates.noindex/AddonPlatform.build/Debug/ProbeProvider.build/Objects-normal/x86_64/CascadeProbeProvider.swiftmodule (in target 'ProbeProvider' from project 'AddonPlatform')
    cd /Users/c4v4h/Library/Developer/Xcode/DerivedData/CascadeAddonRecoveryProbe/probe-xbuwn_k1/Sources
    builtin-copy -exclude .DS_Store -exclude CVS -exclude .svn -exclude .git -exclude .hg -strip-unsigned-binaries -strip-deterministic -strip-tool /Applications/Xcode-beta.app/Contents/Developer/Toolchains/XcodeDefault.xctoolchain/usr/bin/strip -resolve-src-symlinks -rename /Users/c4v4h/Library/Developer/Xcode/DerivedData/CascadeAddonRecoveryProbe/probe-xbuwn_k1/Build/Build/Intermediates.noindex/AddonPlatform.build/Debug/ProbeProvider.build/Objects-normal/x86_64/CascadeProbeProvider.swiftmodule /Users/c4v4h/Library/Developer/Xcode/DerivedData/CascadeAddonRecoveryProbe/probe-xbuwn_k1/Build/Build/Products/Debug/CascadeProbeProvider.swiftmodule/x86_64-apple-macos.swiftmodule

Copy /Users/c4v4h/Library/Developer/Xcode/DerivedData/CascadeAddonRecoveryProbe/probe-xbuwn_k1/Build/Build/Products/Debug/CascadeProbeProvider.swiftmodule/x86_64-apple-macos.swiftdoc /Users/c4v4h/Library/Developer/Xcode/DerivedData/CascadeAddonRecoveryProbe/probe-xbuwn_k1/Build/Build/Intermediates.noindex/AddonPlatform.build/Debug/ProbeProvider.build/Objects-normal/x86_64/CascadeProbeProvider.swiftdoc (in target 'ProbeProvider' from project 'AddonPlatform')
    cd /Users/c4v4h/Library/Developer/Xcode/DerivedData/CascadeAddonRecoveryProbe/probe-xbuwn_k1/Sources
    builtin-copy -exclude .DS_Store -exclude CVS -exclude .svn -exclude .git -exclude .hg -strip-unsigned-binaries -strip-deterministic -strip-tool /Applications/Xcode-beta.app/Contents/Developer/Toolchains/XcodeDefault.xctoolchain/usr/bin/strip -resolve-src-symlinks -rename /Users/c4v4h/Library/Developer/Xcode/DerivedData/CascadeAddonRecoveryProbe/probe-xbuwn_k1/Build/Build/Intermediates.noindex/AddonPlatform.build/Debug/ProbeProvider.build/Objects-normal/x86_64/CascadeProbeProvider.swiftdoc /Users/c4v4h/Library/Developer/Xcode/DerivedData/CascadeAddonRecoveryProbe/probe-xbuwn_k1/Build/Build/Products/Debug/CascadeProbeProvider.swiftmodule/x86_64-apple-macos.swiftdoc

Copy /Users/c4v4h/Library/Developer/Xcode/DerivedData/CascadeAddonRecoveryProbe/probe-xbuwn_k1/Build/Build/Products/Debug/CascadeProbeProvider.swiftmodule/x86_64-apple-macos.abi.json /Users/c4v4h/Library/Developer/Xcode/DerivedData/CascadeAddonRecoveryProbe/probe-xbuwn_k1/Build/Build/Intermediates.noindex/AddonPlatform.build/Debug/ProbeProvider.build/Objects-normal/x86_64/CascadeProbeProvider.abi.json (in target 'ProbeProvider' from project 'AddonPlatform')
    cd /Users/c4v4h/Library/Developer/Xcode/DerivedData/CascadeAddonRecoveryProbe/probe-xbuwn_k1/Sources
    builtin-copy -exclude .DS_Store -exclude CVS -exclude .svn -exclude .git -exclude .hg -strip-unsigned-binaries -strip-deterministic -strip-tool /Applications/Xcode-beta.app/Contents/Developer/Toolchains/XcodeDefault.xctoolchain/usr/bin/strip -resolve-src-symlinks -rename /Users/c4v4h/Library/Developer/Xcode/DerivedData/CascadeAddonRecoveryProbe/probe-xbuwn_k1/Build/Build/Intermediates.noindex/AddonPlatform.build/Debug/ProbeProvider.build/Objects-normal/x86_64/CascadeProbeProvider.abi.json /Users/c4v4h/Library/Developer/Xcode/DerivedData/CascadeAddonRecoveryProbe/probe-xbuwn_k1/Build/Build/Products/Debug/CascadeProbeProvider.swiftmodule/x86_64-apple-macos.abi.json

Copy /Users/c4v4h/Library/Developer/Xcode/DerivedData/CascadeAddonRecoveryProbe/probe-xbuwn_k1/Build/Build/Products/Debug/CascadeProbeProvider.swiftmodule/Project/x86_64-apple-macos.swiftsourceinfo /Users/c4v4h/Library/Developer/Xcode/DerivedData/CascadeAddonRecoveryProbe/probe-xbuwn_k1/Build/Build/Intermediates.noindex/AddonPlatform.build/Debug/ProbeProvider.build/Objects-normal/x86_64/CascadeProbeProvider.swiftsourceinfo (in target 'ProbeProvider' from project 'AddonPlatform')
    cd /Users/c4v4h/Library/Developer/Xcode/DerivedData/CascadeAddonRecoveryProbe/probe-xbuwn_k1/Sources
    builtin-copy -exclude .DS_Store -exclude CVS -exclude .svn -exclude .git -exclude .hg -strip-unsigned-binaries -strip-deterministic -strip-tool /Applications/Xcode-beta.app/Contents/Developer/Toolchains/XcodeDefault.xctoolchain/usr/bin/strip -resolve-src-symlinks -rename /Users/c4v4h/Library/Developer/Xcode/DerivedData/CascadeAddonRecoveryProbe/probe-xbuwn_k1/Build/Build/Intermediates.noindex/AddonPlatform.build/Debug/ProbeProvider.build/Objects-normal/x86_64/CascadeProbeProvider.swiftsourceinfo /Users/c4v4h/Library/Developer/Xcode/DerivedData/CascadeAddonRecoveryProbe/probe-xbuwn_k1/Build/Build/Products/Debug/CascadeProbeProvider.swiftmodule/Project/x86_64-apple-macos.swiftsourceinfo

SwiftExplicitDependencyGeneratePcm x86_64 /Users/c4v4h/Library/Developer/Xcode/DerivedData/CascadeAddonRecoveryProbe/probe-xbuwn_k1/Build/SDKExplicitPrecompiledModules/CoreMedia-5QTFQXH4P1Y0EBM14G8BRYOGA.pcm

SwiftExplicitDependencyGeneratePcm x86_64 /Users/c4v4h/Library/Developer/Xcode/DerivedData/CascadeAddonRecoveryProbe/probe-xbuwn_k1/Build/SDKExplicitPrecompiledModules/CoreImage-9B9KNGS1VA64C0EMQWLG4JGGY.pcm

SwiftExplicitDependencyGeneratePcm x86_64 /Users/c4v4h/Library/Developer/Xcode/DerivedData/CascadeAddonRecoveryProbe/probe-xbuwn_k1/Build/SDKExplicitPrecompiledModules/QuartzCore-6M7409LG84079VGZ41V8RI97H.pcm

SwiftExplicitDependencyGeneratePcm arm64 /Users/c4v4h/Library/Developer/Xcode/DerivedData/CascadeAddonRecoveryProbe/probe-xbuwn_k1/Build/SDKExplicitPrecompiledModules/QuartzCore-RBC5QFMEFUW7GP86H2NJK039.pcm

SwiftDriverJobDiscovery normal arm64 Emitting module for CascadeProbeProvider (in target 'ProbeProvider' from project 'AddonPlatform')

SwiftDriver\ Compilation\ Requirements ProbeProvider normal arm64 com.apple.xcode.tools.swift.compiler (in target 'ProbeProvider' from project 'AddonPlatform')
    cd /Users/c4v4h/Library/Developer/Xcode/DerivedData/CascadeAddonRecoveryProbe/probe-xbuwn_k1/Sources
    builtin-Swift-Compilation-Requirements -- /Applications/Xcode-beta.app/Contents/Developer/Toolchains/XcodeDefault.xctoolchain/usr/bin/swiftc -module-name CascadeProbeProvider -Onone @/Users/c4v4h/Library/Developer/Xcode/DerivedData/CascadeAddonRecoveryProbe/probe-xbuwn_k1/Build/Build/Intermediates.noindex/AddonPlatform.build/Debug/ProbeProvider.build/Objects-normal/arm64/CascadeProbeProvider.SwiftFileList -DDEBUG -DRECOVERY_PROBE -DBROKER_PROVIDER -enable-bare-slash-regex -enable-experimental-feature DebugDescriptionMacro -sdk /Applications/Xcode-beta.app/Contents/Developer/Platforms/MacOSX.platform/Developer/SDKs/MacOSX27.0.sdk -target arm64-apple-macos14.0 -g -module-cache-path /Users/c4v4h/Library/Developer/Xcode/DerivedData/CascadeAddonRecoveryProbe/probe-xbuwn_k1/Build/ModuleCache.noindex -Xfrontend -serialize-debugging-options -application-extension -index-store-path /Users/c4v4h/Library/Developer/Xcode/DerivedData/CascadeAddonRecoveryProbe/probe-xbuwn_k1/Build/Index.noindex/DataStore -swift-version 5 -I /Users/c4v4h/Library/Developer/Xcode/DerivedData/CascadeAddonRecoveryProbe/probe-xbuwn_k1/Build/Build/Products/Debug -F /Users/c4v4h/Library/Developer/Xcode/DerivedData/CascadeAddonRecoveryProbe/probe-xbuwn_k1/Build/Build/Products/Debug -c -j8 -enable-batch-mode -incremental -Xcc -ivfsstatcache -Xcc /Users/c4v4h/Library/Developer/Xcode/DerivedData/CascadeAddonRecoveryProbe/probe-xbuwn_k1/Build/SDKStatCaches.noindex/macosx27.0-26A5419a-e829b21a6f8c9b70876ba0858053c04445874285e5972fffeae925c4ab065928.sdkstatcache -output-file-map /Users/c4v4h/Library/Developer/Xcode/DerivedData/CascadeAddonRecoveryProbe/probe-xbuwn_k1/Build/Build/Intermediates.noindex/AddonPlatform.build/Debug/ProbeProvider.build/Objects-normal/arm64/ProbeProvider-OutputFileMap.json -save-temps -no-color-diagnostics -explicit-module-build -module-cache-path /Users/c4v4h/Library/Developer/Xcode/DerivedData/CascadeAddonRecoveryProbe/probe-xbuwn_k1/Build/Build/Intermediates.noindex/SwiftExplicitPrecompiledModules -clang-scanner-module-cache-path /Users/c4v4h/Library/Developer/Xcode/DerivedData/CascadeAddonRecoveryProbe/probe-xbuwn_k1/Build/ModuleCache.noindex -sdk-module-cache-path /Users/c4v4h/Library/Developer/Xcode/DerivedData/CascadeAddonRecoveryProbe/probe-xbuwn_k1/Build/SDKExplicitPrecompiledModules -emit-dependencies -emit-module -emit-module-path /Users/c4v4h/Library/Developer/Xcode/DerivedData/CascadeAddonRecoveryProbe/probe-xbuwn_k1/Build/Build/Intermediates.noindex/AddonPlatform.build/Debug/ProbeProvider.build/Objects-normal/arm64/CascadeProbeProvider.swiftmodule -serialize-diagnostics -dependency-scan-serialize-diagnostics-path /Users/c4v4h/Library/Developer/Xcode/DerivedData/CascadeAddonRecoveryProbe/probe-xbuwn_k1/Build/Build/Intermediates.noindex/AddonPlatform.build/Debug/ProbeProvider.build/Objects-normal/arm64/CascadeProbeProvider-dependency-scan.dia -validate-clang-modules-once -clang-build-session-file /Users/c4v4h/Library/Developer/Xcode/DerivedData/CascadeAddonRecoveryProbe/probe-xbuwn_k1/Build/ModuleCache.noindex/Session.modulevalidation -Xcc -fmodules-prune-interval\=86400 -Xcc -fmodules-prune-after\=345600 -emit-const-values -const-gather-protocols-list /Users/c4v4h/Library/Developer/Xcode/DerivedData/CascadeAddonRecoveryProbe/probe-xbuwn_k1/Build/Build/Intermediates.noindex/AddonPlatform.build/Debug/ProbeProvider.build/Objects-normal/arm64/ProbeProvider_const_extract_protocols.json -Xcc -iquote -Xcc /Users/c4v4h/Library/Developer/Xcode/DerivedData/CascadeAddonRecoveryProbe/probe-xbuwn_k1/Build/Build/Intermediates.noindex/AddonPlatform.build/Debug/ProbeProvider.build/CascadeProbeProvider-generated-files.hmap -Xcc -I/Users/c4v4h/Library/Developer/Xcode/DerivedData/CascadeAddonRecoveryProbe/probe-xbuwn_k1/Build/Build/Intermediates.noindex/AddonPlatform.build/Debug/ProbeProvider.build/CascadeProbeProvider-own-target-headers.hmap -Xcc -I/Users/c4v4h/Library/Developer/Xcode/DerivedData/CascadeAddonRecoveryProbe/probe-xbuwn_k1/Build/Build/Intermediates.noindex/AddonPlatform.build/Debug/ProbeProvider.build/CascadeProbeProvider-all-target-headers.hmap -Xcc -iquote -Xcc /Users/c4v4h/Library/Developer/Xcode/DerivedData/CascadeAddonRecoveryProbe/probe-xbuwn_k1/Build/Build/Intermediates.noindex/AddonPlatform.build/Debug/ProbeProvider.build/CascadeProbeProvider-project-headers.hmap -Xcc -I/Users/c4v4h/Library/Developer/Xcode/DerivedData/CascadeAddonRecoveryProbe/probe-xbuwn_k1/Build/Build/Products/Debug/include -Xcc -I/Users/c4v4h/Library/Developer/Xcode/DerivedData/CascadeAddonRecoveryProbe/probe-xbuwn_k1/Build/Build/Intermediates.noindex/AddonPlatform.build/Debug/ProbeProvider.build/DerivedSources-normal/arm64 -Xcc -I/Users/c4v4h/Library/Developer/Xcode/DerivedData/CascadeAddonRecoveryProbe/probe-xbuwn_k1/Build/Build/Intermediates.noindex/AddonPlatform.build/Debug/ProbeProvider.build/DerivedSources/arm64 -Xcc -I/Users/c4v4h/Library/Developer/Xcode/DerivedData/CascadeAddonRecoveryProbe/probe-xbuwn_k1/Build/Build/Intermediates.noindex/AddonPlatform.build/Debug/ProbeProvider.build/DerivedSources -emit-objc-header -emit-objc-header-path /Users/c4v4h/Library/Developer/Xcode/DerivedData/CascadeAddonRecoveryProbe/probe-xbuwn_k1/Build/Build/Intermediates.noindex/AddonPlatform.build/Debug/ProbeProvider.build/Objects-normal/arm64/CascadeProbeProvider-Swift.h -working-directory /Users/c4v4h/Library/Developer/Xcode/DerivedData/CascadeAddonRecoveryProbe/probe-xbuwn_k1/Sources -experimental-emit-module-separately -disable-cmo

SwiftExplicitDependencyGeneratePcm arm64 /Users/c4v4h/Library/Developer/Xcode/DerivedData/CascadeAddonRecoveryProbe/probe-xbuwn_k1/Build/SDKExplicitPrecompiledModules/CoreImage-WGRN2PWL87A21FPN2EMK3VFB.pcm

SwiftExplicitDependencyGeneratePcm x86_64 /Users/c4v4h/Library/Developer/Xcode/DerivedData/CascadeAddonRecoveryProbe/probe-xbuwn_k1/Build/SDKExplicitPrecompiledModules/SwiftUICore-1HBODOISMHTCHKDL5FSW6K0ST.pcm

SwiftMergeGeneratedHeaders /Users/c4v4h/Library/Developer/Xcode/DerivedData/CascadeAddonRecoveryProbe/probe-xbuwn_k1/Build/Build/Intermediates.noindex/AddonPlatform.build/Debug/ProbeProvider.build/DerivedSources/CascadeProbeProvider-Swift.h /Users/c4v4h/Library/Developer/Xcode/DerivedData/CascadeAddonRecoveryProbe/probe-xbuwn_k1/Build/Build/Intermediates.noindex/AddonPlatform.build/Debug/ProbeProvider.build/Objects-normal/arm64/CascadeProbeProvider-Swift.h /Users/c4v4h/Library/Developer/Xcode/DerivedData/CascadeAddonRecoveryProbe/probe-xbuwn_k1/Build/Build/Intermediates.noindex/AddonPlatform.build/Debug/ProbeProvider.build/Objects-normal/x86_64/CascadeProbeProvider-Swift.h (in target 'ProbeProvider' from project 'AddonPlatform')
    cd /Users/c4v4h/Library/Developer/Xcode/DerivedData/CascadeAddonRecoveryProbe/probe-xbuwn_k1/Sources
    builtin-swiftHeaderTool -arch arm64 /Users/c4v4h/Library/Developer/Xcode/DerivedData/CascadeAddonRecoveryProbe/probe-xbuwn_k1/Build/Build/Intermediates.noindex/AddonPlatform.build/Debug/ProbeProvider.build/Objects-normal/arm64/CascadeProbeProvider-Swift.h -arch x86_64 /Users/c4v4h/Library/Developer/Xcode/DerivedData/CascadeAddonRecoveryProbe/probe-xbuwn_k1/Build/Build/Intermediates.noindex/AddonPlatform.build/Debug/ProbeProvider.build/Objects-normal/x86_64/CascadeProbeProvider-Swift.h -o /Users/c4v4h/Library/Developer/Xcode/DerivedData/CascadeAddonRecoveryProbe/probe-xbuwn_k1/Build/Build/Intermediates.noindex/AddonPlatform.build/Debug/ProbeProvider.build/DerivedSources/CascadeProbeProvider-Swift.h

Copy /Users/c4v4h/Library/Developer/Xcode/DerivedData/CascadeAddonRecoveryProbe/probe-xbuwn_k1/Build/Build/Products/Debug/CascadeProbeProvider.swiftmodule/arm64-apple-macos.swiftmodule /Users/c4v4h/Library/Developer/Xcode/DerivedData/CascadeAddonRecoveryProbe/probe-xbuwn_k1/Build/Build/Intermediates.noindex/AddonPlatform.build/Debug/ProbeProvider.build/Objects-normal/arm64/CascadeProbeProvider.swiftmodule (in target 'ProbeProvider' from project 'AddonPlatform')
    cd /Users/c4v4h/Library/Developer/Xcode/DerivedData/CascadeAddonRecoveryProbe/probe-xbuwn_k1/Sources
    builtin-copy -exclude .DS_Store -exclude CVS -exclude .svn -exclude .git -exclude .hg -strip-unsigned-binaries -strip-deterministic -strip-tool /Applications/Xcode-beta.app/Contents/Developer/Toolchains/XcodeDefault.xctoolchain/usr/bin/strip -resolve-src-symlinks -rename /Users/c4v4h/Library/Developer/Xcode/DerivedData/CascadeAddonRecoveryProbe/probe-xbuwn_k1/Build/Build/Intermediates.noindex/AddonPlatform.build/Debug/ProbeProvider.build/Objects-normal/arm64/CascadeProbeProvider.swiftmodule /Users/c4v4h/Library/Developer/Xcode/DerivedData/CascadeAddonRecoveryProbe/probe-xbuwn_k1/Build/Build/Products/Debug/CascadeProbeProvider.swiftmodule/arm64-apple-macos.swiftmodule

Copy /Users/c4v4h/Library/Developer/Xcode/DerivedData/CascadeAddonRecoveryProbe/probe-xbuwn_k1/Build/Build/Products/Debug/CascadeProbeProvider.swiftmodule/arm64-apple-macos.swiftdoc /Users/c4v4h/Library/Developer/Xcode/DerivedData/CascadeAddonRecoveryProbe/probe-xbuwn_k1/Build/Build/Intermediates.noindex/AddonPlatform.build/Debug/ProbeProvider.build/Objects-normal/arm64/CascadeProbeProvider.swiftdoc (in target 'ProbeProvider' from project 'AddonPlatform')
    cd /Users/c4v4h/Library/Developer/Xcode/DerivedData/CascadeAddonRecoveryProbe/probe-xbuwn_k1/Sources
    builtin-copy -exclude .DS_Store -exclude CVS -exclude .svn -exclude .git -exclude .hg -strip-unsigned-binaries -strip-deterministic -strip-tool /Applications/Xcode-beta.app/Contents/Developer/Toolchains/XcodeDefault.xctoolchain/usr/bin/strip -resolve-src-symlinks -rename /Users/c4v4h/Library/Developer/Xcode/DerivedData/CascadeAddonRecoveryProbe/probe-xbuwn_k1/Build/Build/Intermediates.noindex/AddonPlatform.build/Debug/ProbeProvider.build/Objects-normal/arm64/CascadeProbeProvider.swiftdoc /Users/c4v4h/Library/Developer/Xcode/DerivedData/CascadeAddonRecoveryProbe/probe-xbuwn_k1/Build/Build/Products/Debug/CascadeProbeProvider.swiftmodule/arm64-apple-macos.swiftdoc

Copy /Users/c4v4h/Library/Developer/Xcode/DerivedData/CascadeAddonRecoveryProbe/probe-xbuwn_k1/Build/Build/Products/Debug/CascadeProbeProvider.swiftmodule/arm64-apple-macos.abi.json /Users/c4v4h/Library/Developer/Xcode/DerivedData/CascadeAddonRecoveryProbe/probe-xbuwn_k1/Build/Build/Intermediates.noindex/AddonPlatform.build/Debug/ProbeProvider.build/Objects-normal/arm64/CascadeProbeProvider.abi.json (in target 'ProbeProvider' from project 'AddonPlatform')
    cd /Users/c4v4h/Library/Developer/Xcode/DerivedData/CascadeAddonRecoveryProbe/probe-xbuwn_k1/Sources
    builtin-copy -exclude .DS_Store -exclude CVS -exclude .svn -exclude .git -exclude .hg -strip-unsigned-binaries -strip-deterministic -strip-tool /Applications/Xcode-beta.app/Contents/Developer/Toolchains/XcodeDefault.xctoolchain/usr/bin/strip -resolve-src-symlinks -rename /Users/c4v4h/Library/Developer/Xcode/DerivedData/CascadeAddonRecoveryProbe/probe-xbuwn_k1/Build/Build/Intermediates.noindex/AddonPlatform.build/Debug/ProbeProvider.build/Objects-normal/arm64/CascadeProbeProvider.abi.json /Users/c4v4h/Library/Developer/Xcode/DerivedData/CascadeAddonRecoveryProbe/probe-xbuwn_k1/Build/Build/Products/Debug/CascadeProbeProvider.swiftmodule/arm64-apple-macos.abi.json

Copy /Users/c4v4h/Library/Developer/Xcode/DerivedData/CascadeAddonRecoveryProbe/probe-xbuwn_k1/Build/Build/Products/Debug/CascadeProbeProvider.swiftmodule/Project/arm64-apple-macos.swiftsourceinfo /Users/c4v4h/Library/Developer/Xcode/DerivedData/CascadeAddonRecoveryProbe/probe-xbuwn_k1/Build/Build/Intermediates.noindex/AddonPlatform.build/Debug/ProbeProvider.build/Objects-normal/arm64/CascadeProbeProvider.swiftsourceinfo (in target 'ProbeProvider' from project 'AddonPlatform')
    cd /Users/c4v4h/Library/Developer/Xcode/DerivedData/CascadeAddonRecoveryProbe/probe-xbuwn_k1/Sources
    builtin-copy -exclude .DS_Store -exclude CVS -exclude .svn -exclude .git -exclude .hg -strip-unsigned-binaries -strip-deterministic -strip-tool /Applications/Xcode-beta.app/Contents/Developer/Toolchains/XcodeDefault.xctoolchain/usr/bin/strip -resolve-src-symlinks -rename /Users/c4v4h/Library/Developer/Xcode/DerivedData/CascadeAddonRecoveryProbe/probe-xbuwn_k1/Build/Build/Intermediates.noindex/AddonPlatform.build/Debug/ProbeProvider.build/Objects-normal/arm64/CascadeProbeProvider.swiftsourceinfo /Users/c4v4h/Library/Developer/Xcode/DerivedData/CascadeAddonRecoveryProbe/probe-xbuwn_k1/Build/Build/Products/Debug/CascadeProbeProvider.swiftmodule/Project/arm64-apple-macos.swiftsourceinfo

SwiftExplicitDependencyGeneratePcm arm64 /Users/c4v4h/Library/Developer/Xcode/DerivedData/CascadeAddonRecoveryProbe/probe-xbuwn_k1/Build/SDKExplicitPrecompiledModules/SwiftUICore-H3167VQ7UQVY6NX6J23UR5T6.pcm

SwiftExplicitDependencyGeneratePcm x86_64 /Users/c4v4h/Library/Developer/Xcode/DerivedData/CascadeAddonRecoveryProbe/probe-xbuwn_k1/Build/SDKExplicitPrecompiledModules/AppKit-DN5WHRLAWFLS1CW3RPOCM649O.pcm

SwiftExplicitDependencyGeneratePcm arm64 /Users/c4v4h/Library/Developer/Xcode/DerivedData/CascadeAddonRecoveryProbe/probe-xbuwn_k1/Build/SDKExplicitPrecompiledModules/CoreMedia-5F5Q9JQ52ODPP2963B8S00RE3.pcm

SwiftDriver ProbeContainer normal arm64 com.apple.xcode.tools.swift.compiler (in target 'ProbeContainer' from project 'AddonPlatform')
    cd /Users/c4v4h/Library/Developer/Xcode/DerivedData/CascadeAddonRecoveryProbe/probe-xbuwn_k1/Sources
    builtin-SwiftDriver -- /Applications/Xcode-beta.app/Contents/Developer/Toolchains/XcodeDefault.xctoolchain/usr/bin/swiftc -module-name CascadeAddonProbeContainer -Onone @/Users/c4v4h/Library/Developer/Xcode/DerivedData/CascadeAddonRecoveryProbe/probe-xbuwn_k1/Build/Build/Intermediates.noindex/AddonPlatform.build/Debug/ProbeContainer.build/Objects-normal/arm64/CascadeAddonProbeContainer.SwiftFileList -DDEBUG -DRECOVERY_PROBE -DBROKER_PROVIDER -enable-bare-slash-regex -enable-experimental-feature DebugDescriptionMacro -sdk /Applications/Xcode-beta.app/Contents/Developer/Platforms/MacOSX.platform/Developer/SDKs/MacOSX27.0.sdk -target arm64-apple-macos14.0 -g -module-cache-path /Users/c4v4h/Library/Developer/Xcode/DerivedData/CascadeAddonRecoveryProbe/probe-xbuwn_k1/Build/ModuleCache.noindex -Xfrontend -serialize-debugging-options -index-store-path /Users/c4v4h/Library/Developer/Xcode/DerivedData/CascadeAddonRecoveryProbe/probe-xbuwn_k1/Build/Index.noindex/DataStore -swift-version 5 -I /Users/c4v4h/Library/Developer/Xcode/DerivedData/CascadeAddonRecoveryProbe/probe-xbuwn_k1/Build/Build/Products/Debug -F /Users/c4v4h/Library/Developer/Xcode/DerivedData/CascadeAddonRecoveryProbe/probe-xbuwn_k1/Build/Build/Products/Debug -parse-as-library -c -j8 -enable-batch-mode -incremental -Xcc -ivfsstatcache -Xcc /Users/c4v4h/Library/Developer/Xcode/DerivedData/CascadeAddonRecoveryProbe/probe-xbuwn_k1/Build/SDKStatCaches.noindex/macosx27.0-26A5419a-e829b21a6f8c9b70876ba0858053c04445874285e5972fffeae925c4ab065928.sdkstatcache -output-file-map /Users/c4v4h/Library/Developer/Xcode/DerivedData/CascadeAddonRecoveryProbe/probe-xbuwn_k1/Build/Build/Intermediates.noindex/AddonPlatform.build/Debug/ProbeContainer.build/Objects-normal/arm64/ProbeContainer-OutputFileMap.json -save-temps -no-color-diagnostics -explicit-module-build -module-cache-path /Users/c4v4h/Library/Developer/Xcode/DerivedData/CascadeAddonRecoveryProbe/probe-xbuwn_k1/Build/Build/Intermediates.noindex/SwiftExplicitPrecompiledModules -clang-scanner-module-cache-path /Users/c4v4h/Library/Developer/Xcode/DerivedData/CascadeAddonRecoveryProbe/probe-xbuwn_k1/Build/ModuleCache.noindex -sdk-module-cache-path /Users/c4v4h/Library/Developer/Xcode/DerivedData/CascadeAddonRecoveryProbe/probe-xbuwn_k1/Build/SDKExplicitPrecompiledModules -emit-dependencies -emit-module -emit-module-path /Users/c4v4h/Library/Developer/Xcode/DerivedData/CascadeAddonRecoveryProbe/probe-xbuwn_k1/Build/Build/Intermediates.noindex/AddonPlatform.build/Debug/ProbeContainer.build/Objects-normal/arm64/CascadeAddonProbeContainer.swiftmodule -serialize-diagnostics -dependency-scan-serialize-diagnostics-path /Users/c4v4h/Library/Developer/Xcode/DerivedData/CascadeAddonRecoveryProbe/probe-xbuwn_k1/Build/Build/Intermediates.noindex/AddonPlatform.build/Debug/ProbeContainer.build/Objects-normal/arm64/CascadeAddonProbeContainer-dependency-scan.dia -validate-clang-modules-once -clang-build-session-file /Users/c4v4h/Library/Developer/Xcode/DerivedData/CascadeAddonRecoveryProbe/probe-xbuwn_k1/Build/ModuleCache.noindex/Session.modulevalidation -Xcc -fmodules-prune-interval\=86400 -Xcc -fmodules-prune-after\=345600 -emit-const-values -const-gather-protocols-list /Users/c4v4h/Library/Developer/Xcode/DerivedData/CascadeAddonRecoveryProbe/probe-xbuwn_k1/Build/Build/Intermediates.noindex/AddonPlatform.build/Debug/ProbeContainer.build/Objects-normal/arm64/ProbeContainer_const_extract_protocols.json -Xcc -iquote -Xcc /Users/c4v4h/Library/Developer/Xcode/DerivedData/CascadeAddonRecoveryProbe/probe-xbuwn_k1/Build/Build/Intermediates.noindex/AddonPlatform.build/Debug/ProbeContainer.build/CascadeAddonProbeContainer-generated-files.hmap -Xcc -I/Users/c4v4h/Library/Developer/Xcode/DerivedData/CascadeAddonRecoveryProbe/probe-xbuwn_k1/Build/Build/Intermediates.noindex/AddonPlatform.build/Debug/ProbeContainer.build/CascadeAddonProbeContainer-own-target-headers.hmap -Xcc -I/Users/c4v4h/Library/Developer/Xcode/DerivedData/CascadeAddonRecoveryProbe/probe-xbuwn_k1/Build/Build/Intermediates.noindex/AddonPlatform.build/Debug/ProbeContainer.build/CascadeAddonProbeContainer-all-target-headers.hmap -Xcc -iquote -Xcc /Users/c4v4h/Library/Developer/Xcode/DerivedData/CascadeAddonRecoveryProbe/probe-xbuwn_k1/Build/Build/Intermediates.noindex/AddonPlatform.build/Debug/ProbeContainer.build/CascadeAddonProbeContainer-project-headers.hmap -Xcc -I/Users/c4v4h/Library/Developer/Xcode/DerivedData/CascadeAddonRecoveryProbe/probe-xbuwn_k1/Build/Build/Products/Debug/include -Xcc -I/Users/c4v4h/Library/Developer/Xcode/DerivedData/CascadeAddonRecoveryProbe/probe-xbuwn_k1/Build/Build/Intermediates.noindex/AddonPlatform.build/Debug/ProbeContainer.build/DerivedSources-normal/arm64 -Xcc -I/Users/c4v4h/Library/Developer/Xcode/DerivedData/CascadeAddonRecoveryProbe/probe-xbuwn_k1/Build/Build/Intermediates.noindex/AddonPlatform.build/Debug/ProbeContainer.build/DerivedSources/arm64 -Xcc -I/Users/c4v4h/Library/Developer/Xcode/DerivedData/CascadeAddonRecoveryProbe/probe-xbuwn_k1/Build/Build/Intermediates.noindex/AddonPlatform.build/Debug/ProbeContainer.build/DerivedSources -emit-objc-header -emit-objc-header-path /Users/c4v4h/Library/Developer/Xcode/DerivedData/CascadeAddonRecoveryProbe/probe-xbuwn_k1/Build/Build/Intermediates.noindex/AddonPlatform.build/Debug/ProbeContainer.build/Objects-normal/arm64/CascadeAddonProbeContainer-Swift.h -working-directory /Users/c4v4h/Library/Developer/Xcode/DerivedData/CascadeAddonRecoveryProbe/probe-xbuwn_k1/Sources -experimental-emit-module-separately -disable-cmo

SwiftDriver ProbeContainer normal x86_64 com.apple.xcode.tools.swift.compiler (in target 'ProbeContainer' from project 'AddonPlatform')
    cd /Users/c4v4h/Library/Developer/Xcode/DerivedData/CascadeAddonRecoveryProbe/probe-xbuwn_k1/Sources
    builtin-SwiftDriver -- /Applications/Xcode-beta.app/Contents/Developer/Toolchains/XcodeDefault.xctoolchain/usr/bin/swiftc -module-name CascadeAddonProbeContainer -Onone @/Users/c4v4h/Library/Developer/Xcode/DerivedData/CascadeAddonRecoveryProbe/probe-xbuwn_k1/Build/Build/Intermediates.noindex/AddonPlatform.build/Debug/ProbeContainer.build/Objects-normal/x86_64/CascadeAddonProbeContainer.SwiftFileList -DDEBUG -DRECOVERY_PROBE -DBROKER_PROVIDER -enable-bare-slash-regex -enable-experimental-feature DebugDescriptionMacro -sdk /Applications/Xcode-beta.app/Contents/Developer/Platforms/MacOSX.platform/Developer/SDKs/MacOSX27.0.sdk -target x86_64-apple-macos14.0 -g -module-cache-path /Users/c4v4h/Library/Developer/Xcode/DerivedData/CascadeAddonRecoveryProbe/probe-xbuwn_k1/Build/ModuleCache.noindex -Xfrontend -serialize-debugging-options -index-store-path /Users/c4v4h/Library/Developer/Xcode/DerivedData/CascadeAddonRecoveryProbe/probe-xbuwn_k1/Build/Index.noindex/DataStore -swift-version 5 -I /Users/c4v4h/Library/Developer/Xcode/DerivedData/CascadeAddonRecoveryProbe/probe-xbuwn_k1/Build/Build/Products/Debug -F /Users/c4v4h/Library/Developer/Xcode/DerivedData/CascadeAddonRecoveryProbe/probe-xbuwn_k1/Build/Build/Products/Debug -parse-as-library -c -j8 -enable-batch-mode -incremental -Xcc -ivfsstatcache -Xcc /Users/c4v4h/Library/Developer/Xcode/DerivedData/CascadeAddonRecoveryProbe/probe-xbuwn_k1/Build/SDKStatCaches.noindex/macosx27.0-26A5419a-e829b21a6f8c9b70876ba0858053c04445874285e5972fffeae925c4ab065928.sdkstatcache -output-file-map /Users/c4v4h/Library/Developer/Xcode/DerivedData/CascadeAddonRecoveryProbe/probe-xbuwn_k1/Build/Build/Intermediates.noindex/AddonPlatform.build/Debug/ProbeContainer.build/Objects-normal/x86_64/ProbeContainer-OutputFileMap.json -save-temps -no-color-diagnostics -explicit-module-build -module-cache-path /Users/c4v4h/Library/Developer/Xcode/DerivedData/CascadeAddonRecoveryProbe/probe-xbuwn_k1/Build/Build/Intermediates.noindex/SwiftExplicitPrecompiledModules -clang-scanner-module-cache-path /Users/c4v4h/Library/Developer/Xcode/DerivedData/CascadeAddonRecoveryProbe/probe-xbuwn_k1/Build/ModuleCache.noindex -sdk-module-cache-path /Users/c4v4h/Library/Developer/Xcode/DerivedData/CascadeAddonRecoveryProbe/probe-xbuwn_k1/Build/SDKExplicitPrecompiledModules -emit-dependencies -emit-module -emit-module-path /Users/c4v4h/Library/Developer/Xcode/DerivedData/CascadeAddonRecoveryProbe/probe-xbuwn_k1/Build/Build/Intermediates.noindex/AddonPlatform.build/Debug/ProbeContainer.build/Objects-normal/x86_64/CascadeAddonProbeContainer.swiftmodule -serialize-diagnostics -dependency-scan-serialize-diagnostics-path /Users/c4v4h/Library/Developer/Xcode/DerivedData/CascadeAddonRecoveryProbe/probe-xbuwn_k1/Build/Build/Intermediates.noindex/AddonPlatform.build/Debug/ProbeContainer.build/Objects-normal/x86_64/CascadeAddonProbeContainer-dependency-scan.dia -validate-clang-modules-once -clang-build-session-file /Users/c4v4h/Library/Developer/Xcode/DerivedData/CascadeAddonRecoveryProbe/probe-xbuwn_k1/Build/ModuleCache.noindex/Session.modulevalidation -Xcc -fmodules-prune-interval\=86400 -Xcc -fmodules-prune-after\=345600 -emit-const-values -const-gather-protocols-list /Users/c4v4h/Library/Developer/Xcode/DerivedData/CascadeAddonRecoveryProbe/probe-xbuwn_k1/Build/Build/Intermediates.noindex/AddonPlatform.build/Debug/ProbeContainer.build/Objects-normal/x86_64/ProbeContainer_const_extract_protocols.json -Xcc -iquote -Xcc /Users/c4v4h/Library/Developer/Xcode/DerivedData/CascadeAddonRecoveryProbe/probe-xbuwn_k1/Build/Build/Intermediates.noindex/AddonPlatform.build/Debug/ProbeContainer.build/CascadeAddonProbeContainer-generated-files.hmap -Xcc -I/Users/c4v4h/Library/Developer/Xcode/DerivedData/CascadeAddonRecoveryProbe/probe-xbuwn_k1/Build/Build/Intermediates.noindex/AddonPlatform.build/Debug/ProbeContainer.build/CascadeAddonProbeContainer-own-target-headers.hmap -Xcc -I/Users/c4v4h/Library/Developer/Xcode/DerivedData/CascadeAddonRecoveryProbe/probe-xbuwn_k1/Build/Build/Intermediates.noindex/AddonPlatform.build/Debug/ProbeContainer.build/CascadeAddonProbeContainer-all-target-headers.hmap -Xcc -iquote -Xcc /Users/c4v4h/Library/Developer/Xcode/DerivedData/CascadeAddonRecoveryProbe/probe-xbuwn_k1/Build/Build/Intermediates.noindex/AddonPlatform.build/Debug/ProbeContainer.build/CascadeAddonProbeContainer-project-headers.hmap -Xcc -I/Users/c4v4h/Library/Developer/Xcode/DerivedData/CascadeAddonRecoveryProbe/probe-xbuwn_k1/Build/Build/Products/Debug/include -Xcc -I/Users/c4v4h/Library/Developer/Xcode/DerivedData/CascadeAddonRecoveryProbe/probe-xbuwn_k1/Build/Build/Intermediates.noindex/AddonPlatform.build/Debug/ProbeContainer.build/DerivedSources-normal/x86_64 -Xcc -I/Users/c4v4h/Library/Developer/Xcode/DerivedData/CascadeAddonRecoveryProbe/probe-xbuwn_k1/Build/Build/Intermediates.noindex/AddonPlatform.build/Debug/ProbeContainer.build/DerivedSources/x86_64 -Xcc -I/Users/c4v4h/Library/Developer/Xcode/DerivedData/CascadeAddonRecoveryProbe/probe-xbuwn_k1/Build/Build/Intermediates.noindex/AddonPlatform.build/Debug/ProbeContainer.build/DerivedSources -emit-objc-header -emit-objc-header-path /Users/c4v4h/Library/Developer/Xcode/DerivedData/CascadeAddonRecoveryProbe/probe-xbuwn_k1/Build/Build/Intermediates.noindex/AddonPlatform.build/Debug/ProbeContainer.build/Objects-normal/x86_64/CascadeAddonProbeContainer-Swift.h -working-directory /Users/c4v4h/Library/Developer/Xcode/DerivedData/CascadeAddonRecoveryProbe/probe-xbuwn_k1/Sources -experimental-emit-module-separately -disable-cmo

SwiftExplicitDependencyGeneratePcm arm64 /Users/c4v4h/Library/Developer/Xcode/DerivedData/CascadeAddonRecoveryProbe/probe-xbuwn_k1/Build/SDKExplicitPrecompiledModules/AppKit-9EKOLW7DVSFL2WW022W1RGPIA.pcm

SwiftEmitModule normal x86_64 Emitting\ module\ for\ CascadeAddonProbeContainer (in target 'ProbeContainer' from project 'AddonPlatform')

SwiftCompile normal x86_64 (in target 'ProbeContainer' from project 'AddonPlatform')
    cd /Users/c4v4h/Library/Developer/Xcode/DerivedData/CascadeAddonRecoveryProbe/probe-xbuwn_k1/Sources
    

SwiftExplicitDependencyGeneratePcm x86_64 /Users/c4v4h/Library/Developer/Xcode/DerivedData/CascadeAddonRecoveryProbe/probe-xbuwn_k1/Build/SDKExplicitPrecompiledModules/SwiftUI-PEX13QYKAIWUQO1ZEPPZ1TU2.pcm

SwiftExplicitDependencyGeneratePcm x86_64 /Users/c4v4h/Library/Developer/Xcode/DerivedData/CascadeAddonRecoveryProbe/probe-xbuwn_k1/Build/SDKExplicitPrecompiledModules/ExtensionKit-4RGEDDFA9OXJ4W4OIHMJKDXJE.pcm

SwiftCompile normal x86_64 Compiling\ ProbeContainer.swift /Users/c4v4h/Library/Developer/Xcode/DerivedData/CascadeAddonRecoveryProbe/probe-xbuwn_k1/Sources/Container/ProbeContainer.swift (in target 'ProbeContainer' from project 'AddonPlatform')

SwiftCompile normal x86_64 /Users/c4v4h/Library/Developer/Xcode/DerivedData/CascadeAddonRecoveryProbe/probe-xbuwn_k1/Sources/Container/ProbeContainer.swift (in target 'ProbeContainer' from project 'AddonPlatform')
    cd /Users/c4v4h/Library/Developer/Xcode/DerivedData/CascadeAddonRecoveryProbe/probe-xbuwn_k1/Sources
    builtin-SwiftPerFileCompile ProbeContainer.swift

SwiftEmitModule normal x86_64 Emitting\ module\ for\ CascadeAddonProbe (in target 'ProbeHost' from project 'AddonPlatform')

SwiftCompile normal x86_64 (in target 'ProbeHost' from project 'AddonPlatform')
    cd /Users/c4v4h/Library/Developer/Xcode/DerivedData/CascadeAddonRecoveryProbe/probe-xbuwn_k1/Sources
    

SwiftCompile normal x86_64 Compiling\ ProbeMessage.swift /Users/c4v4h/Library/Developer/Xcode/DerivedData/CascadeAddonRecoveryProbe/probe-xbuwn_k1/Sources/Shared/ProbeMessage.swift (in target 'ProbeHost' from project 'AddonPlatform')

SwiftCompile normal x86_64 /Users/c4v4h/Library/Developer/Xcode/DerivedData/CascadeAddonRecoveryProbe/probe-xbuwn_k1/Sources/Shared/ProbeMessage.swift (in target 'ProbeHost' from project 'AddonPlatform')
    cd /Users/c4v4h/Library/Developer/Xcode/DerivedData/CascadeAddonRecoveryProbe/probe-xbuwn_k1/Sources
    builtin-SwiftPerFileCompile ProbeMessage.swift

SwiftDriverJobDiscovery normal x86_64 Emitting module for CascadeAddonProbeContainer (in target 'ProbeContainer' from project 'AddonPlatform')

SwiftDriver\ Compilation\ Requirements ProbeContainer normal x86_64 com.apple.xcode.tools.swift.compiler (in target 'ProbeContainer' from project 'AddonPlatform')
    cd /Users/c4v4h/Library/Developer/Xcode/DerivedData/CascadeAddonRecoveryProbe/probe-xbuwn_k1/Sources
    builtin-Swift-Compilation-Requirements -- /Applications/Xcode-beta.app/Contents/Developer/Toolchains/XcodeDefault.xctoolchain/usr/bin/swiftc -module-name CascadeAddonProbeContainer -Onone @/Users/c4v4h/Library/Developer/Xcode/DerivedData/CascadeAddonRecoveryProbe/probe-xbuwn_k1/Build/Build/Intermediates.noindex/AddonPlatform.build/Debug/ProbeContainer.build/Objects-normal/x86_64/CascadeAddonProbeContainer.SwiftFileList -DDEBUG -DRECOVERY_PROBE -DBROKER_PROVIDER -enable-bare-slash-regex -enable-experimental-feature DebugDescriptionMacro -sdk /Applications/Xcode-beta.app/Contents/Developer/Platforms/MacOSX.platform/Developer/SDKs/MacOSX27.0.sdk -target x86_64-apple-macos14.0 -g -module-cache-path /Users/c4v4h/Library/Developer/Xcode/DerivedData/CascadeAddonRecoveryProbe/probe-xbuwn_k1/Build/ModuleCache.noindex -Xfrontend -serialize-debugging-options -index-store-path /Users/c4v4h/Library/Developer/Xcode/DerivedData/CascadeAddonRecoveryProbe/probe-xbuwn_k1/Build/Index.noindex/DataStore -swift-version 5 -I /Users/c4v4h/Library/Developer/Xcode/DerivedData/CascadeAddonRecoveryProbe/probe-xbuwn_k1/Build/Build/Products/Debug -F /Users/c4v4h/Library/Developer/Xcode/DerivedData/CascadeAddonRecoveryProbe/probe-xbuwn_k1/Build/Build/Products/Debug -parse-as-library -c -j8 -enable-batch-mode -incremental -Xcc -ivfsstatcache -Xcc /Users/c4v4h/Library/Developer/Xcode/DerivedData/CascadeAddonRecoveryProbe/probe-xbuwn_k1/Build/SDKStatCaches.noindex/macosx27.0-26A5419a-e829b21a6f8c9b70876ba0858053c04445874285e5972fffeae925c4ab065928.sdkstatcache -output-file-map /Users/c4v4h/Library/Developer/Xcode/DerivedData/CascadeAddonRecoveryProbe/probe-xbuwn_k1/Build/Build/Intermediates.noindex/AddonPlatform.build/Debug/ProbeContainer.build/Objects-normal/x86_64/ProbeContainer-OutputFileMap.json -save-temps -no-color-diagnostics -explicit-module-build -module-cache-path /Users/c4v4h/Library/Developer/Xcode/DerivedData/CascadeAddonRecoveryProbe/probe-xbuwn_k1/Build/Build/Intermediates.noindex/SwiftExplicitPrecompiledModules -clang-scanner-module-cache-path /Users/c4v4h/Library/Developer/Xcode/DerivedData/CascadeAddonRecoveryProbe/probe-xbuwn_k1/Build/ModuleCache.noindex -sdk-module-cache-path /Users/c4v4h/Library/Developer/Xcode/DerivedData/CascadeAddonRecoveryProbe/probe-xbuwn_k1/Build/SDKExplicitPrecompiledModules -emit-dependencies -emit-module -emit-module-path /Users/c4v4h/Library/Developer/Xcode/DerivedData/CascadeAddonRecoveryProbe/probe-xbuwn_k1/Build/Build/Intermediates.noindex/AddonPlatform.build/Debug/ProbeContainer.build/Objects-normal/x86_64/CascadeAddonProbeContainer.swiftmodule -serialize-diagnostics -dependency-scan-serialize-diagnostics-path /Users/c4v4h/Library/Developer/Xcode/DerivedData/CascadeAddonRecoveryProbe/probe-xbuwn_k1/Build/Build/Intermediates.noindex/AddonPlatform.build/Debug/ProbeContainer.build/Objects-normal/x86_64/CascadeAddonProbeContainer-dependency-scan.dia -validate-clang-modules-once -clang-build-session-file /Users/c4v4h/Library/Developer/Xcode/DerivedData/CascadeAddonRecoveryProbe/probe-xbuwn_k1/Build/ModuleCache.noindex/Session.modulevalidation -Xcc -fmodules-prune-interval\=86400 -Xcc -fmodules-prune-after\=345600 -emit-const-values -const-gather-protocols-list /Users/c4v4h/Library/Developer/Xcode/DerivedData/CascadeAddonRecoveryProbe/probe-xbuwn_k1/Build/Build/Intermediates.noindex/AddonPlatform.build/Debug/ProbeContainer.build/Objects-normal/x86_64/ProbeContainer_const_extract_protocols.json -Xcc -iquote -Xcc /Users/c4v4h/Library/Developer/Xcode/DerivedData/CascadeAddonRecoveryProbe/probe-xbuwn_k1/Build/Build/Intermediates.noindex/AddonPlatform.build/Debug/ProbeContainer.build/CascadeAddonProbeContainer-generated-files.hmap -Xcc -I/Users/c4v4h/Library/Developer/Xcode/DerivedData/CascadeAddonRecoveryProbe/probe-xbuwn_k1/Build/Build/Intermediates.noindex/AddonPlatform.build/Debug/ProbeContainer.build/CascadeAddonProbeContainer-own-target-headers.hmap -Xcc -I/Users/c4v4h/Library/Developer/Xcode/DerivedData/CascadeAddonRecoveryProbe/probe-xbuwn_k1/Build/Build/Intermediates.noindex/AddonPlatform.build/Debug/ProbeContainer.build/CascadeAddonProbeContainer-all-target-headers.hmap -Xcc -iquote -Xcc /Users/c4v4h/Library/Developer/Xcode/DerivedData/CascadeAddonRecoveryProbe/probe-xbuwn_k1/Build/Build/Intermediates.noindex/AddonPlatform.build/Debug/ProbeContainer.build/CascadeAddonProbeContainer-project-headers.hmap -Xcc -I/Users/c4v4h/Library/Developer/Xcode/DerivedData/CascadeAddonRecoveryProbe/probe-xbuwn_k1/Build/Build/Products/Debug/include -Xcc -I/Users/c4v4h/Library/Developer/Xcode/DerivedData/CascadeAddonRecoveryProbe/probe-xbuwn_k1/Build/Build/Intermediates.noindex/AddonPlatform.build/Debug/ProbeContainer.build/DerivedSources-normal/x86_64 -Xcc -I/Users/c4v4h/Library/Developer/Xcode/DerivedData/CascadeAddonRecoveryProbe/probe-xbuwn_k1/Build/Build/Intermediates.noindex/AddonPlatform.build/Debug/ProbeContainer.build/DerivedSources/x86_64 -Xcc -I/Users/c4v4h/Library/Developer/Xcode/DerivedData/CascadeAddonRecoveryProbe/probe-xbuwn_k1/Build/Build/Intermediates.noindex/AddonPlatform.build/Debug/ProbeContainer.build/DerivedSources -emit-objc-header -emit-objc-header-path /Users/c4v4h/Library/Developer/Xcode/DerivedData/CascadeAddonRecoveryProbe/probe-xbuwn_k1/Build/Build/Intermediates.noindex/AddonPlatform.build/Debug/ProbeContainer.build/Objects-normal/x86_64/CascadeAddonProbeContainer-Swift.h -working-directory /Users/c4v4h/Library/Developer/Xcode/DerivedData/CascadeAddonRecoveryProbe/probe-xbuwn_k1/Sources -experimental-emit-module-separately -disable-cmo

SwiftEmitModule normal arm64 Emitting\ module\ for\ CascadeAddonProbeContainer (in target 'ProbeContainer' from project 'AddonPlatform')

SwiftCompile normal arm64 (in target 'ProbeContainer' from project 'AddonPlatform')
    cd /Users/c4v4h/Library/Developer/Xcode/DerivedData/CascadeAddonRecoveryProbe/probe-xbuwn_k1/Sources
    

SwiftDriverJobDiscovery normal arm64 Emitting module for CascadeAddonProbeContainer (in target 'ProbeContainer' from project 'AddonPlatform')

Copy /Users/c4v4h/Library/Developer/Xcode/DerivedData/CascadeAddonRecoveryProbe/probe-xbuwn_k1/Build/Build/Products/Debug/CascadeAddonProbeContainer.swiftmodule/x86_64-apple-macos.swiftmodule /Users/c4v4h/Library/Developer/Xcode/DerivedData/CascadeAddonRecoveryProbe/probe-xbuwn_k1/Build/Build/Intermediates.noindex/AddonPlatform.build/Debug/ProbeContainer.build/Objects-normal/x86_64/CascadeAddonProbeContainer.swiftmodule (in target 'ProbeContainer' from project 'AddonPlatform')
    cd /Users/c4v4h/Library/Developer/Xcode/DerivedData/CascadeAddonRecoveryProbe/probe-xbuwn_k1/Sources
    builtin-copy -exclude .DS_Store -exclude CVS -exclude .svn -exclude .git -exclude .hg -strip-unsigned-binaries -strip-deterministic -strip-tool /Applications/Xcode-beta.app/Contents/Developer/Toolchains/XcodeDefault.xctoolchain/usr/bin/strip -resolve-src-symlinks -rename /Users/c4v4h/Library/Developer/Xcode/DerivedData/CascadeAddonRecoveryProbe/probe-xbuwn_k1/Build/Build/Intermediates.noindex/AddonPlatform.build/Debug/ProbeContainer.build/Objects-normal/x86_64/CascadeAddonProbeContainer.swiftmodule /Users/c4v4h/Library/Developer/Xcode/DerivedData/CascadeAddonRecoveryProbe/probe-xbuwn_k1/Build/Build/Products/Debug/CascadeAddonProbeContainer.swiftmodule/x86_64-apple-macos.swiftmodule

SwiftDriver\ Compilation\ Requirements ProbeContainer normal arm64 com.apple.xcode.tools.swift.compiler (in target 'ProbeContainer' from project 'AddonPlatform')
    cd /Users/c4v4h/Library/Developer/Xcode/DerivedData/CascadeAddonRecoveryProbe/probe-xbuwn_k1/Sources
    builtin-Swift-Compilation-Requirements -- /Applications/Xcode-beta.app/Contents/Developer/Toolchains/XcodeDefault.xctoolchain/usr/bin/swiftc -module-name CascadeAddonProbeContainer -Onone @/Users/c4v4h/Library/Developer/Xcode/DerivedData/CascadeAddonRecoveryProbe/probe-xbuwn_k1/Build/Build/Intermediates.noindex/AddonPlatform.build/Debug/ProbeContainer.build/Objects-normal/arm64/CascadeAddonProbeContainer.SwiftFileList -DDEBUG -DRECOVERY_PROBE -DBROKER_PROVIDER -enable-bare-slash-regex -enable-experimental-feature DebugDescriptionMacro -sdk /Applications/Xcode-beta.app/Contents/Developer/Platforms/MacOSX.platform/Developer/SDKs/MacOSX27.0.sdk -target arm64-apple-macos14.0 -g -module-cache-path /Users/c4v4h/Library/Developer/Xcode/DerivedData/CascadeAddonRecoveryProbe/probe-xbuwn_k1/Build/ModuleCache.noindex -Xfrontend -serialize-debugging-options -index-store-path /Users/c4v4h/Library/Developer/Xcode/DerivedData/CascadeAddonRecoveryProbe/probe-xbuwn_k1/Build/Index.noindex/DataStore -swift-version 5 -I /Users/c4v4h/Library/Developer/Xcode/DerivedData/CascadeAddonRecoveryProbe/probe-xbuwn_k1/Build/Build/Products/Debug -F /Users/c4v4h/Library/Developer/Xcode/DerivedData/CascadeAddonRecoveryProbe/probe-xbuwn_k1/Build/Build/Products/Debug -parse-as-library -c -j8 -enable-batch-mode -incremental -Xcc -ivfsstatcache -Xcc /Users/c4v4h/Library/Developer/Xcode/DerivedData/CascadeAddonRecoveryProbe/probe-xbuwn_k1/Build/SDKStatCaches.noindex/macosx27.0-26A5419a-e829b21a6f8c9b70876ba0858053c04445874285e5972fffeae925c4ab065928.sdkstatcache -output-file-map /Users/c4v4h/Library/Developer/Xcode/DerivedData/CascadeAddonRecoveryProbe/probe-xbuwn_k1/Build/Build/Intermediates.noindex/AddonPlatform.build/Debug/ProbeContainer.build/Objects-normal/arm64/ProbeContainer-OutputFileMap.json -save-temps -no-color-diagnostics -explicit-module-build -module-cache-path /Users/c4v4h/Library/Developer/Xcode/DerivedData/CascadeAddonRecoveryProbe/probe-xbuwn_k1/Build/Build/Intermediates.noindex/SwiftExplicitPrecompiledModules -clang-scanner-module-cache-path /Users/c4v4h/Library/Developer/Xcode/DerivedData/CascadeAddonRecoveryProbe/probe-xbuwn_k1/Build/ModuleCache.noindex -sdk-module-cache-path /Users/c4v4h/Library/Developer/Xcode/DerivedData/CascadeAddonRecoveryProbe/probe-xbuwn_k1/Build/SDKExplicitPrecompiledModules -emit-dependencies -emit-module -emit-module-path /Users/c4v4h/Library/Developer/Xcode/DerivedData/CascadeAddonRecoveryProbe/probe-xbuwn_k1/Build/Build/Intermediates.noindex/AddonPlatform.build/Debug/ProbeContainer.build/Objects-normal/arm64/CascadeAddonProbeContainer.swiftmodule -serialize-diagnostics -dependency-scan-serialize-diagnostics-path /Users/c4v4h/Library/Developer/Xcode/DerivedData/CascadeAddonRecoveryProbe/probe-xbuwn_k1/Build/Build/Intermediates.noindex/AddonPlatform.build/Debug/ProbeContainer.build/Objects-normal/arm64/CascadeAddonProbeContainer-dependency-scan.dia -validate-clang-modules-once -clang-build-session-file /Users/c4v4h/Library/Developer/Xcode/DerivedData/CascadeAddonRecoveryProbe/probe-xbuwn_k1/Build/ModuleCache.noindex/Session.modulevalidation -Xcc -fmodules-prune-interval\=86400 -Xcc -fmodules-prune-after\=345600 -emit-const-values -const-gather-protocols-list /Users/c4v4h/Library/Developer/Xcode/DerivedData/CascadeAddonRecoveryProbe/probe-xbuwn_k1/Build/Build/Intermediates.noindex/AddonPlatform.build/Debug/ProbeContainer.build/Objects-normal/arm64/ProbeContainer_const_extract_protocols.json -Xcc -iquote -Xcc /Users/c4v4h/Library/Developer/Xcode/DerivedData/CascadeAddonRecoveryProbe/probe-xbuwn_k1/Build/Build/Intermediates.noindex/AddonPlatform.build/Debug/ProbeContainer.build/CascadeAddonProbeContainer-generated-files.hmap -Xcc -I/Users/c4v4h/Library/Developer/Xcode/DerivedData/CascadeAddonRecoveryProbe/probe-xbuwn_k1/Build/Build/Intermediates.noindex/AddonPlatform.build/Debug/ProbeContainer.build/CascadeAddonProbeContainer-own-target-headers.hmap -Xcc -I/Users/c4v4h/Library/Developer/Xcode/DerivedData/CascadeAddonRecoveryProbe/probe-xbuwn_k1/Build/Build/Intermediates.noindex/AddonPlatform.build/Debug/ProbeContainer.build/CascadeAddonProbeContainer-all-target-headers.hmap -Xcc -iquote -Xcc /Users/c4v4h/Library/Developer/Xcode/DerivedData/CascadeAddonRecoveryProbe/probe-xbuwn_k1/Build/Build/Intermediates.noindex/AddonPlatform.build/Debug/ProbeContainer.build/CascadeAddonProbeContainer-project-headers.hmap -Xcc -I/Users/c4v4h/Library/Developer/Xcode/DerivedData/CascadeAddonRecoveryProbe/probe-xbuwn_k1/Build/Build/Products/Debug/include -Xcc -I/Users/c4v4h/Library/Developer/Xcode/DerivedData/CascadeAddonRecoveryProbe/probe-xbuwn_k1/Build/Build/Intermediates.noindex/AddonPlatform.build/Debug/ProbeContainer.build/DerivedSources-normal/arm64 -Xcc -I/Users/c4v4h/Library/Developer/Xcode/DerivedData/CascadeAddonRecoveryProbe/probe-xbuwn_k1/Build/Build/Intermediates.noindex/AddonPlatform.build/Debug/ProbeContainer.build/DerivedSources/arm64 -Xcc -I/Users/c4v4h/Library/Developer/Xcode/DerivedData/CascadeAddonRecoveryProbe/probe-xbuwn_k1/Build/Build/Intermediates.noindex/AddonPlatform.build/Debug/ProbeContainer.build/DerivedSources -emit-objc-header -emit-objc-header-path /Users/c4v4h/Library/Developer/Xcode/DerivedData/CascadeAddonRecoveryProbe/probe-xbuwn_k1/Build/Build/Intermediates.noindex/AddonPlatform.build/Debug/ProbeContainer.build/Objects-normal/arm64/CascadeAddonProbeContainer-Swift.h -working-directory /Users/c4v4h/Library/Developer/Xcode/DerivedData/CascadeAddonRecoveryProbe/probe-xbuwn_k1/Sources -experimental-emit-module-separately -disable-cmo

Copy /Users/c4v4h/Library/Developer/Xcode/DerivedData/CascadeAddonRecoveryProbe/probe-xbuwn_k1/Build/Build/Products/Debug/CascadeAddonProbeContainer.swiftmodule/x86_64-apple-macos.swiftdoc /Users/c4v4h/Library/Developer/Xcode/DerivedData/CascadeAddonRecoveryProbe/probe-xbuwn_k1/Build/Build/Intermediates.noindex/AddonPlatform.build/Debug/ProbeContainer.build/Objects-normal/x86_64/CascadeAddonProbeContainer.swiftdoc (in target 'ProbeContainer' from project 'AddonPlatform')
    cd /Users/c4v4h/Library/Developer/Xcode/DerivedData/CascadeAddonRecoveryProbe/probe-xbuwn_k1/Sources
    builtin-copy -exclude .DS_Store -exclude CVS -exclude .svn -exclude .git -exclude .hg -strip-unsigned-binaries -strip-deterministic -strip-tool /Applications/Xcode-beta.app/Contents/Developer/Toolchains/XcodeDefault.xctoolchain/usr/bin/strip -resolve-src-symlinks -rename /Users/c4v4h/Library/Developer/Xcode/DerivedData/CascadeAddonRecoveryProbe/probe-xbuwn_k1/Build/Build/Intermediates.noindex/AddonPlatform.build/Debug/ProbeContainer.build/Objects-normal/x86_64/CascadeAddonProbeContainer.swiftdoc /Users/c4v4h/Library/Developer/Xcode/DerivedData/CascadeAddonRecoveryProbe/probe-xbuwn_k1/Build/Build/Products/Debug/CascadeAddonProbeContainer.swiftmodule/x86_64-apple-macos.swiftdoc

SwiftMergeGeneratedHeaders /Users/c4v4h/Library/Developer/Xcode/DerivedData/CascadeAddonRecoveryProbe/probe-xbuwn_k1/Build/Build/Intermediates.noindex/AddonPlatform.build/Debug/ProbeContainer.build/DerivedSources/CascadeAddonProbeContainer-Swift.h /Users/c4v4h/Library/Developer/Xcode/DerivedData/CascadeAddonRecoveryProbe/probe-xbuwn_k1/Build/Build/Intermediates.noindex/AddonPlatform.build/Debug/ProbeContainer.build/Objects-normal/arm64/CascadeAddonProbeContainer-Swift.h /Users/c4v4h/Library/Developer/Xcode/DerivedData/CascadeAddonRecoveryProbe/probe-xbuwn_k1/Build/Build/Intermediates.noindex/AddonPlatform.build/Debug/ProbeContainer.build/Objects-normal/x86_64/CascadeAddonProbeContainer-Swift.h (in target 'ProbeContainer' from project 'AddonPlatform')
    cd /Users/c4v4h/Library/Developer/Xcode/DerivedData/CascadeAddonRecoveryProbe/probe-xbuwn_k1/Sources
    builtin-swiftHeaderTool -arch arm64 /Users/c4v4h/Library/Developer/Xcode/DerivedData/CascadeAddonRecoveryProbe/probe-xbuwn_k1/Build/Build/Intermediates.noindex/AddonPlatform.build/Debug/ProbeContainer.build/Objects-normal/arm64/CascadeAddonProbeContainer-Swift.h -arch x86_64 /Users/c4v4h/Library/Developer/Xcode/DerivedData/CascadeAddonRecoveryProbe/probe-xbuwn_k1/Build/Build/Intermediates.noindex/AddonPlatform.build/Debug/ProbeContainer.build/Objects-normal/x86_64/CascadeAddonProbeContainer-Swift.h -o /Users/c4v4h/Library/Developer/Xcode/DerivedData/CascadeAddonRecoveryProbe/probe-xbuwn_k1/Build/Build/Intermediates.noindex/AddonPlatform.build/Debug/ProbeContainer.build/DerivedSources/CascadeAddonProbeContainer-Swift.h

Copy /Users/c4v4h/Library/Developer/Xcode/DerivedData/CascadeAddonRecoveryProbe/probe-xbuwn_k1/Build/Build/Products/Debug/CascadeAddonProbeContainer.swiftmodule/x86_64-apple-macos.abi.json /Users/c4v4h/Library/Developer/Xcode/DerivedData/CascadeAddonRecoveryProbe/probe-xbuwn_k1/Build/Build/Intermediates.noindex/AddonPlatform.build/Debug/ProbeContainer.build/Objects-normal/x86_64/CascadeAddonProbeContainer.abi.json (in target 'ProbeContainer' from project 'AddonPlatform')
    cd /Users/c4v4h/Library/Developer/Xcode/DerivedData/CascadeAddonRecoveryProbe/probe-xbuwn_k1/Sources
    builtin-copy -exclude .DS_Store -exclude CVS -exclude .svn -exclude .git -exclude .hg -strip-unsigned-binaries -strip-deterministic -strip-tool /Applications/Xcode-beta.app/Contents/Developer/Toolchains/XcodeDefault.xctoolchain/usr/bin/strip -resolve-src-symlinks -rename /Users/c4v4h/Library/Developer/Xcode/DerivedData/CascadeAddonRecoveryProbe/probe-xbuwn_k1/Build/Build/Intermediates.noindex/AddonPlatform.build/Debug/ProbeContainer.build/Objects-normal/x86_64/CascadeAddonProbeContainer.abi.json /Users/c4v4h/Library/Developer/Xcode/DerivedData/CascadeAddonRecoveryProbe/probe-xbuwn_k1/Build/Build/Products/Debug/CascadeAddonProbeContainer.swiftmodule/x86_64-apple-macos.abi.json

Copy /Users/c4v4h/Library/Developer/Xcode/DerivedData/CascadeAddonRecoveryProbe/probe-xbuwn_k1/Build/Build/Products/Debug/CascadeAddonProbeContainer.swiftmodule/arm64-apple-macos.swiftmodule /Users/c4v4h/Library/Developer/Xcode/DerivedData/CascadeAddonRecoveryProbe/probe-xbuwn_k1/Build/Build/Intermediates.noindex/AddonPlatform.build/Debug/ProbeContainer.build/Objects-normal/arm64/CascadeAddonProbeContainer.swiftmodule (in target 'ProbeContainer' from project 'AddonPlatform')
    cd /Users/c4v4h/Library/Developer/Xcode/DerivedData/CascadeAddonRecoveryProbe/probe-xbuwn_k1/Sources
    builtin-copy -exclude .DS_Store -exclude CVS -exclude .svn -exclude .git -exclude .hg -strip-unsigned-binaries -strip-deterministic -strip-tool /Applications/Xcode-beta.app/Contents/Developer/Toolchains/XcodeDefault.xctoolchain/usr/bin/strip -resolve-src-symlinks -rename /Users/c4v4h/Library/Developer/Xcode/DerivedData/CascadeAddonRecoveryProbe/probe-xbuwn_k1/Build/Build/Intermediates.noindex/AddonPlatform.build/Debug/ProbeContainer.build/Objects-normal/arm64/CascadeAddonProbeContainer.swiftmodule /Users/c4v4h/Library/Developer/Xcode/DerivedData/CascadeAddonRecoveryProbe/probe-xbuwn_k1/Build/Build/Products/Debug/CascadeAddonProbeContainer.swiftmodule/arm64-apple-macos.swiftmodule

SwiftDriverJobDiscovery normal x86_64 Emitting module for CascadeAddonProbe (in target 'ProbeHost' from project 'AddonPlatform')

Copy /Users/c4v4h/Library/Developer/Xcode/DerivedData/CascadeAddonRecoveryProbe/probe-xbuwn_k1/Build/Build/Products/Debug/CascadeAddonProbeContainer.swiftmodule/arm64-apple-macos.swiftdoc /Users/c4v4h/Library/Developer/Xcode/DerivedData/CascadeAddonRecoveryProbe/probe-xbuwn_k1/Build/Build/Intermediates.noindex/AddonPlatform.build/Debug/ProbeContainer.build/Objects-normal/arm64/CascadeAddonProbeContainer.swiftdoc (in target 'ProbeContainer' from project 'AddonPlatform')
    cd /Users/c4v4h/Library/Developer/Xcode/DerivedData/CascadeAddonRecoveryProbe/probe-xbuwn_k1/Sources
    builtin-copy -exclude .DS_Store -exclude CVS -exclude .svn -exclude .git -exclude .hg -strip-unsigned-binaries -strip-deterministic -strip-tool /Applications/Xcode-beta.app/Contents/Developer/Toolchains/XcodeDefault.xctoolchain/usr/bin/strip -resolve-src-symlinks -rename /Users/c4v4h/Library/Developer/Xcode/DerivedData/CascadeAddonRecoveryProbe/probe-xbuwn_k1/Build/Build/Intermediates.noindex/AddonPlatform.build/Debug/ProbeContainer.build/Objects-normal/arm64/CascadeAddonProbeContainer.swiftdoc /Users/c4v4h/Library/Developer/Xcode/DerivedData/CascadeAddonRecoveryProbe/probe-xbuwn_k1/Build/Build/Products/Debug/CascadeAddonProbeContainer.swiftmodule/arm64-apple-macos.swiftdoc

SwiftDriver\ Compilation\ Requirements ProbeHost normal x86_64 com.apple.xcode.tools.swift.compiler (in target 'ProbeHost' from project 'AddonPlatform')
    cd /Users/c4v4h/Library/Developer/Xcode/DerivedData/CascadeAddonRecoveryProbe/probe-xbuwn_k1/Sources
    builtin-Swift-Compilation-Requirements -- /Applications/Xcode-beta.app/Contents/Developer/Toolchains/XcodeDefault.xctoolchain/usr/bin/swiftc -module-name CascadeAddonProbe -Onone @/Users/c4v4h/Library/Developer/Xcode/DerivedData/CascadeAddonRecoveryProbe/probe-xbuwn_k1/Build/Build/Intermediates.noindex/AddonPlatform.build/Debug/ProbeHost.build/Objects-normal/x86_64/CascadeAddonProbe.SwiftFileList -DDEBUG -DRECOVERY_PROBE -DBROKER_PROVIDER -enable-bare-slash-regex -enable-experimental-feature DebugDescriptionMacro -sdk /Applications/Xcode-beta.app/Contents/Developer/Platforms/MacOSX.platform/Developer/SDKs/MacOSX27.0.sdk -target x86_64-apple-macos14.0 -g -module-cache-path /Users/c4v4h/Library/Developer/Xcode/DerivedData/CascadeAddonRecoveryProbe/probe-xbuwn_k1/Build/ModuleCache.noindex -Xfrontend -serialize-debugging-options -index-store-path /Users/c4v4h/Library/Developer/Xcode/DerivedData/CascadeAddonRecoveryProbe/probe-xbuwn_k1/Build/Index.noindex/DataStore -swift-version 5 -I /Users/c4v4h/Library/Developer/Xcode/DerivedData/CascadeAddonRecoveryProbe/probe-xbuwn_k1/Build/Build/Products/Debug -F /Users/c4v4h/Library/Developer/Xcode/DerivedData/CascadeAddonRecoveryProbe/probe-xbuwn_k1/Build/Build/Products/Debug -c -j8 -enable-batch-mode -incremental -Xcc -ivfsstatcache -Xcc /Users/c4v4h/Library/Developer/Xcode/DerivedData/CascadeAddonRecoveryProbe/probe-xbuwn_k1/Build/SDKStatCaches.noindex/macosx27.0-26A5419a-e829b21a6f8c9b70876ba0858053c04445874285e5972fffeae925c4ab065928.sdkstatcache -output-file-map /Users/c4v4h/Library/Developer/Xcode/DerivedData/CascadeAddonRecoveryProbe/probe-xbuwn_k1/Build/Build/Intermediates.noindex/AddonPlatform.build/Debug/ProbeHost.build/Objects-normal/x86_64/ProbeHost-OutputFileMap.json -save-temps -no-color-diagnostics -explicit-module-build -module-cache-path /Users/c4v4h/Library/Developer/Xcode/DerivedData/CascadeAddonRecoveryProbe/probe-xbuwn_k1/Build/Build/Intermediates.noindex/SwiftExplicitPrecompiledModules -clang-scanner-module-cache-path /Users/c4v4h/Library/Developer/Xcode/DerivedData/CascadeAddonRecoveryProbe/probe-xbuwn_k1/Build/ModuleCache.noindex -sdk-module-cache-path /Users/c4v4h/Library/Developer/Xcode/DerivedData/CascadeAddonRecoveryProbe/probe-xbuwn_k1/Build/SDKExplicitPrecompiledModules -emit-dependencies -emit-module -emit-module-path /Users/c4v4h/Library/Developer/Xcode/DerivedData/CascadeAddonRecoveryProbe/probe-xbuwn_k1/Build/Build/Intermediates.noindex/AddonPlatform.build/Debug/ProbeHost.build/Objects-normal/x86_64/CascadeAddonProbe.swiftmodule -serialize-diagnostics -dependency-scan-serialize-diagnostics-path /Users/c4v4h/Library/Developer/Xcode/DerivedData/CascadeAddonRecoveryProbe/probe-xbuwn_k1/Build/Build/Intermediates.noindex/AddonPlatform.build/Debug/ProbeHost.build/Objects-normal/x86_64/CascadeAddonProbe-dependency-scan.dia -validate-clang-modules-once -clang-build-session-file /Users/c4v4h/Library/Developer/Xcode/DerivedData/CascadeAddonRecoveryProbe/probe-xbuwn_k1/Build/ModuleCache.noindex/Session.modulevalidation -Xcc -fmodules-prune-interval\=86400 -Xcc -fmodules-prune-after\=345600 -emit-const-values -const-gather-protocols-list /Users/c4v4h/Library/Developer/Xcode/DerivedData/CascadeAddonRecoveryProbe/probe-xbuwn_k1/Build/Build/Intermediates.noindex/AddonPlatform.build/Debug/ProbeHost.build/Objects-normal/x86_64/ProbeHost_const_extract_protocols.json -Xcc -iquote -Xcc /Users/c4v4h/Library/Developer/Xcode/DerivedData/CascadeAddonRecoveryProbe/probe-xbuwn_k1/Build/Build/Intermediates.noindex/AddonPlatform.build/Debug/ProbeHost.build/CascadeAddonProbe-generated-files.hmap -Xcc -I/Users/c4v4h/Library/Developer/Xcode/DerivedData/CascadeAddonRecoveryProbe/probe-xbuwn_k1/Build/Build/Intermediates.noindex/AddonPlatform.build/Debug/ProbeHost.build/CascadeAddonProbe-own-target-headers.hmap -Xcc -I/Users/c4v4h/Library/Developer/Xcode/DerivedData/CascadeAddonRecoveryProbe/probe-xbuwn_k1/Build/Build/Intermediates.noindex/AddonPlatform.build/Debug/ProbeHost.build/CascadeAddonProbe-all-target-headers.hmap -Xcc -iquote -Xcc /Users/c4v4h/Library/Developer/Xcode/DerivedData/CascadeAddonRecoveryProbe/probe-xbuwn_k1/Build/Build/Intermediates.noindex/AddonPlatform.build/Debug/ProbeHost.build/CascadeAddonProbe-project-headers.hmap -Xcc -I/Users/c4v4h/Library/Developer/Xcode/DerivedData/CascadeAddonRecoveryProbe/probe-xbuwn_k1/Build/Build/Products/Debug/include -Xcc -I/Users/c4v4h/Library/Developer/Xcode/DerivedData/CascadeAddonRecoveryProbe/probe-xbuwn_k1/Build/Build/Intermediates.noindex/AddonPlatform.build/Debug/ProbeHost.build/DerivedSources-normal/x86_64 -Xcc -I/Users/c4v4h/Library/Developer/Xcode/DerivedData/CascadeAddonRecoveryProbe/probe-xbuwn_k1/Build/Build/Intermediates.noindex/AddonPlatform.build/Debug/ProbeHost.build/DerivedSources/x86_64 -Xcc -I/Users/c4v4h/Library/Developer/Xcode/DerivedData/CascadeAddonRecoveryProbe/probe-xbuwn_k1/Build/Build/Intermediates.noindex/AddonPlatform.build/Debug/ProbeHost.build/DerivedSources -emit-objc-header -emit-objc-header-path /Users/c4v4h/Library/Developer/Xcode/DerivedData/CascadeAddonRecoveryProbe/probe-xbuwn_k1/Build/Build/Intermediates.noindex/AddonPlatform.build/Debug/ProbeHost.build/Objects-normal/x86_64/CascadeAddonProbe-Swift.h -working-directory /Users/c4v4h/Library/Developer/Xcode/DerivedData/CascadeAddonRecoveryProbe/probe-xbuwn_k1/Sources -experimental-emit-module-separately -disable-cmo

Copy /Users/c4v4h/Library/Developer/Xcode/DerivedData/CascadeAddonRecoveryProbe/probe-xbuwn_k1/Build/Build/Products/Debug/CascadeAddonProbeContainer.swiftmodule/arm64-apple-macos.abi.json /Users/c4v4h/Library/Developer/Xcode/DerivedData/CascadeAddonRecoveryProbe/probe-xbuwn_k1/Build/Build/Intermediates.noindex/AddonPlatform.build/Debug/ProbeContainer.build/Objects-normal/arm64/CascadeAddonProbeContainer.abi.json (in target 'ProbeContainer' from project 'AddonPlatform')
    cd /Users/c4v4h/Library/Developer/Xcode/DerivedData/CascadeAddonRecoveryProbe/probe-xbuwn_k1/Sources
    builtin-copy -exclude .DS_Store -exclude CVS -exclude .svn -exclude .git -exclude .hg -strip-unsigned-binaries -strip-deterministic -strip-tool /Applications/Xcode-beta.app/Contents/Developer/Toolchains/XcodeDefault.xctoolchain/usr/bin/strip -resolve-src-symlinks -rename /Users/c4v4h/Library/Developer/Xcode/DerivedData/CascadeAddonRecoveryProbe/probe-xbuwn_k1/Build/Build/Intermediates.noindex/AddonPlatform.build/Debug/ProbeContainer.build/Objects-normal/arm64/CascadeAddonProbeContainer.abi.json /Users/c4v4h/Library/Developer/Xcode/DerivedData/CascadeAddonRecoveryProbe/probe-xbuwn_k1/Build/Build/Products/Debug/CascadeAddonProbeContainer.swiftmodule/arm64-apple-macos.abi.json

Copy /Users/c4v4h/Library/Developer/Xcode/DerivedData/CascadeAddonRecoveryProbe/probe-xbuwn_k1/Build/Build/Products/Debug/CascadeAddonProbeContainer.swiftmodule/Project/x86_64-apple-macos.swiftsourceinfo /Users/c4v4h/Library/Developer/Xcode/DerivedData/CascadeAddonRecoveryProbe/probe-xbuwn_k1/Build/Build/Intermediates.noindex/AddonPlatform.build/Debug/ProbeContainer.build/Objects-normal/x86_64/CascadeAddonProbeContainer.swiftsourceinfo (in target 'ProbeContainer' from project 'AddonPlatform')
    cd /Users/c4v4h/Library/Developer/Xcode/DerivedData/CascadeAddonRecoveryProbe/probe-xbuwn_k1/Sources
    builtin-copy -exclude .DS_Store -exclude CVS -exclude .svn -exclude .git -exclude .hg -strip-unsigned-binaries -strip-deterministic -strip-tool /Applications/Xcode-beta.app/Contents/Developer/Toolchains/XcodeDefault.xctoolchain/usr/bin/strip -resolve-src-symlinks -rename /Users/c4v4h/Library/Developer/Xcode/DerivedData/CascadeAddonRecoveryProbe/probe-xbuwn_k1/Build/Build/Intermediates.noindex/AddonPlatform.build/Debug/ProbeContainer.build/Objects-normal/x86_64/CascadeAddonProbeContainer.swiftsourceinfo /Users/c4v4h/Library/Developer/Xcode/DerivedData/CascadeAddonRecoveryProbe/probe-xbuwn_k1/Build/Build/Products/Debug/CascadeAddonProbeContainer.swiftmodule/Project/x86_64-apple-macos.swiftsourceinfo

Copy /Users/c4v4h/Library/Developer/Xcode/DerivedData/CascadeAddonRecoveryProbe/probe-xbuwn_k1/Build/Build/Products/Debug/CascadeAddonProbeContainer.swiftmodule/Project/arm64-apple-macos.swiftsourceinfo /Users/c4v4h/Library/Developer/Xcode/DerivedData/CascadeAddonRecoveryProbe/probe-xbuwn_k1/Build/Build/Intermediates.noindex/AddonPlatform.build/Debug/ProbeContainer.build/Objects-normal/arm64/CascadeAddonProbeContainer.swiftsourceinfo (in target 'ProbeContainer' from project 'AddonPlatform')
    cd /Users/c4v4h/Library/Developer/Xcode/DerivedData/CascadeAddonRecoveryProbe/probe-xbuwn_k1/Sources
    builtin-copy -exclude .DS_Store -exclude CVS -exclude .svn -exclude .git -exclude .hg -strip-unsigned-binaries -strip-deterministic -strip-tool /Applications/Xcode-beta.app/Contents/Developer/Toolchains/XcodeDefault.xctoolchain/usr/bin/strip -resolve-src-symlinks -rename /Users/c4v4h/Library/Developer/Xcode/DerivedData/CascadeAddonRecoveryProbe/probe-xbuwn_k1/Build/Build/Intermediates.noindex/AddonPlatform.build/Debug/ProbeContainer.build/Objects-normal/arm64/CascadeAddonProbeContainer.swiftsourceinfo /Users/c4v4h/Library/Developer/Xcode/DerivedData/CascadeAddonRecoveryProbe/probe-xbuwn_k1/Build/Build/Products/Debug/CascadeAddonProbeContainer.swiftmodule/Project/arm64-apple-macos.swiftsourceinfo

Copy /Users/c4v4h/Library/Developer/Xcode/DerivedData/CascadeAddonRecoveryProbe/probe-xbuwn_k1/Build/Build/Products/Debug/CascadeAddonProbe.swiftmodule/x86_64-apple-macos.swiftmodule /Users/c4v4h/Library/Developer/Xcode/DerivedData/CascadeAddonRecoveryProbe/probe-xbuwn_k1/Build/Build/Intermediates.noindex/AddonPlatform.build/Debug/ProbeHost.build/Objects-normal/x86_64/CascadeAddonProbe.swiftmodule (in target 'ProbeHost' from project 'AddonPlatform')
    cd /Users/c4v4h/Library/Developer/Xcode/DerivedData/CascadeAddonRecoveryProbe/probe-xbuwn_k1/Sources
    builtin-copy -exclude .DS_Store -exclude CVS -exclude .svn -exclude .git -exclude .hg -strip-unsigned-binaries -strip-deterministic -strip-tool /Applications/Xcode-beta.app/Contents/Developer/Toolchains/XcodeDefault.xctoolchain/usr/bin/strip -resolve-src-symlinks -rename /Users/c4v4h/Library/Developer/Xcode/DerivedData/CascadeAddonRecoveryProbe/probe-xbuwn_k1/Build/Build/Intermediates.noindex/AddonPlatform.build/Debug/ProbeHost.build/Objects-normal/x86_64/CascadeAddonProbe.swiftmodule /Users/c4v4h/Library/Developer/Xcode/DerivedData/CascadeAddonRecoveryProbe/probe-xbuwn_k1/Build/Build/Products/Debug/CascadeAddonProbe.swiftmodule/x86_64-apple-macos.swiftmodule

Copy /Users/c4v4h/Library/Developer/Xcode/DerivedData/CascadeAddonRecoveryProbe/probe-xbuwn_k1/Build/Build/Products/Debug/CascadeAddonProbe.swiftmodule/x86_64-apple-macos.swiftdoc /Users/c4v4h/Library/Developer/Xcode/DerivedData/CascadeAddonRecoveryProbe/probe-xbuwn_k1/Build/Build/Intermediates.noindex/AddonPlatform.build/Debug/ProbeHost.build/Objects-normal/x86_64/CascadeAddonProbe.swiftdoc (in target 'ProbeHost' from project 'AddonPlatform')
    cd /Users/c4v4h/Library/Developer/Xcode/DerivedData/CascadeAddonRecoveryProbe/probe-xbuwn_k1/Sources
    builtin-copy -exclude .DS_Store -exclude CVS -exclude .svn -exclude .git -exclude .hg -strip-unsigned-binaries -strip-deterministic -strip-tool /Applications/Xcode-beta.app/Contents/Developer/Toolchains/XcodeDefault.xctoolchain/usr/bin/strip -resolve-src-symlinks -rename /Users/c4v4h/Library/Developer/Xcode/DerivedData/CascadeAddonRecoveryProbe/probe-xbuwn_k1/Build/Build/Intermediates.noindex/AddonPlatform.build/Debug/ProbeHost.build/Objects-normal/x86_64/CascadeAddonProbe.swiftdoc /Users/c4v4h/Library/Developer/Xcode/DerivedData/CascadeAddonRecoveryProbe/probe-xbuwn_k1/Build/Build/Products/Debug/CascadeAddonProbe.swiftmodule/x86_64-apple-macos.swiftdoc

Copy /Users/c4v4h/Library/Developer/Xcode/DerivedData/CascadeAddonRecoveryProbe/probe-xbuwn_k1/Build/Build/Products/Debug/CascadeAddonProbe.swiftmodule/x86_64-apple-macos.abi.json /Users/c4v4h/Library/Developer/Xcode/DerivedData/CascadeAddonRecoveryProbe/probe-xbuwn_k1/Build/Build/Intermediates.noindex/AddonPlatform.build/Debug/ProbeHost.build/Objects-normal/x86_64/CascadeAddonProbe.abi.json (in target 'ProbeHost' from project 'AddonPlatform')
    cd /Users/c4v4h/Library/Developer/Xcode/DerivedData/CascadeAddonRecoveryProbe/probe-xbuwn_k1/Sources
    builtin-copy -exclude .DS_Store -exclude CVS -exclude .svn -exclude .git -exclude .hg -strip-unsigned-binaries -strip-deterministic -strip-tool /Applications/Xcode-beta.app/Contents/Developer/Toolchains/XcodeDefault.xctoolchain/usr/bin/strip -resolve-src-symlinks -rename /Users/c4v4h/Library/Developer/Xcode/DerivedData/CascadeAddonRecoveryProbe/probe-xbuwn_k1/Build/Build/Intermediates.noindex/AddonPlatform.build/Debug/ProbeHost.build/Objects-normal/x86_64/CascadeAddonProbe.abi.json /Users/c4v4h/Library/Developer/Xcode/DerivedData/CascadeAddonRecoveryProbe/probe-xbuwn_k1/Build/Build/Products/Debug/CascadeAddonProbe.swiftmodule/x86_64-apple-macos.abi.json

Copy /Users/c4v4h/Library/Developer/Xcode/DerivedData/CascadeAddonRecoveryProbe/probe-xbuwn_k1/Build/Build/Products/Debug/CascadeAddonProbe.swiftmodule/Project/x86_64-apple-macos.swiftsourceinfo /Users/c4v4h/Library/Developer/Xcode/DerivedData/CascadeAddonRecoveryProbe/probe-xbuwn_k1/Build/Build/Intermediates.noindex/AddonPlatform.build/Debug/ProbeHost.build/Objects-normal/x86_64/CascadeAddonProbe.swiftsourceinfo (in target 'ProbeHost' from project 'AddonPlatform')
    cd /Users/c4v4h/Library/Developer/Xcode/DerivedData/CascadeAddonRecoveryProbe/probe-xbuwn_k1/Sources
    builtin-copy -exclude .DS_Store -exclude CVS -exclude .svn -exclude .git -exclude .hg -strip-unsigned-binaries -strip-deterministic -strip-tool /Applications/Xcode-beta.app/Contents/Developer/Toolchains/XcodeDefault.xctoolchain/usr/bin/strip -resolve-src-symlinks -rename /Users/c4v4h/Library/Developer/Xcode/DerivedData/CascadeAddonRecoveryProbe/probe-xbuwn_k1/Build/Build/Intermediates.noindex/AddonPlatform.build/Debug/ProbeHost.build/Objects-normal/x86_64/CascadeAddonProbe.swiftsourceinfo /Users/c4v4h/Library/Developer/Xcode/DerivedData/CascadeAddonRecoveryProbe/probe-xbuwn_k1/Build/Build/Products/Debug/CascadeAddonProbe.swiftmodule/Project/x86_64-apple-macos.swiftsourceinfo

SwiftExplicitDependencyGeneratePcm arm64 /Users/c4v4h/Library/Developer/Xcode/DerivedData/CascadeAddonRecoveryProbe/probe-xbuwn_k1/Build/SDKExplicitPrecompiledModules/ExtensionKit-8FVL3VHG3T1K4SRYWASGDPEP7.pcm

SwiftExplicitDependencyGeneratePcm arm64 /Users/c4v4h/Library/Developer/Xcode/DerivedData/CascadeAddonRecoveryProbe/probe-xbuwn_k1/Build/SDKExplicitPrecompiledModules/SwiftUI-CYJA5H04FZSLLIXPDYRHNI9RE.pcm

SwiftCompile normal x86_64 Compiling\ ProbeHost.swift /Users/c4v4h/Library/Developer/Xcode/DerivedData/CascadeAddonRecoveryProbe/probe-xbuwn_k1/Sources/Host/ProbeHost.swift (in target 'ProbeHost' from project 'AddonPlatform')

SwiftCompile normal x86_64 /Users/c4v4h/Library/Developer/Xcode/DerivedData/CascadeAddonRecoveryProbe/probe-xbuwn_k1/Sources/Host/ProbeHost.swift (in target 'ProbeHost' from project 'AddonPlatform')
    cd /Users/c4v4h/Library/Developer/Xcode/DerivedData/CascadeAddonRecoveryProbe/probe-xbuwn_k1/Sources
    builtin-SwiftPerFileCompile ProbeHost.swift

SwiftCompile normal arm64 Compiling\ ProbeContainer.swift /Users/c4v4h/Library/Developer/Xcode/DerivedData/CascadeAddonRecoveryProbe/probe-xbuwn_k1/Sources/Container/ProbeContainer.swift (in target 'ProbeContainer' from project 'AddonPlatform')

SwiftCompile normal arm64 /Users/c4v4h/Library/Developer/Xcode/DerivedData/CascadeAddonRecoveryProbe/probe-xbuwn_k1/Sources/Container/ProbeContainer.swift (in target 'ProbeContainer' from project 'AddonPlatform')
    cd /Users/c4v4h/Library/Developer/Xcode/DerivedData/CascadeAddonRecoveryProbe/probe-xbuwn_k1/Sources
    builtin-SwiftPerFileCompile ProbeContainer.swift

SwiftEmitModule normal arm64 Emitting\ module\ for\ CascadeAddonProbe (in target 'ProbeHost' from project 'AddonPlatform')

SwiftCompile normal arm64 (in target 'ProbeHost' from project 'AddonPlatform')
    cd /Users/c4v4h/Library/Developer/Xcode/DerivedData/CascadeAddonRecoveryProbe/probe-xbuwn_k1/Sources
    

SwiftDriverJobDiscovery normal arm64 Compiling ProbeMessage.swift (in target 'ProbeProvider' from project 'AddonPlatform')

SwiftCompile normal arm64 Compiling\ ProbeMessage.swift /Users/c4v4h/Library/Developer/Xcode/DerivedData/CascadeAddonRecoveryProbe/probe-xbuwn_k1/Sources/Shared/ProbeMessage.swift (in target 'ProbeHost' from project 'AddonPlatform')

SwiftCompile normal arm64 /Users/c4v4h/Library/Developer/Xcode/DerivedData/CascadeAddonRecoveryProbe/probe-xbuwn_k1/Sources/Shared/ProbeMessage.swift (in target 'ProbeHost' from project 'AddonPlatform')
    cd /Users/c4v4h/Library/Developer/Xcode/DerivedData/CascadeAddonRecoveryProbe/probe-xbuwn_k1/Sources
    builtin-SwiftPerFileCompile ProbeMessage.swift

SwiftDriverJobDiscovery normal x86_64 Compiling ProbeMessage.swift (in target 'ProbeProvider' from project 'AddonPlatform')

SwiftCompile normal arm64 Compiling\ ProbeHost.swift /Users/c4v4h/Library/Developer/Xcode/DerivedData/CascadeAddonRecoveryProbe/probe-xbuwn_k1/Sources/Host/ProbeHost.swift (in target 'ProbeHost' from project 'AddonPlatform')

SwiftCompile normal arm64 /Users/c4v4h/Library/Developer/Xcode/DerivedData/CascadeAddonRecoveryProbe/probe-xbuwn_k1/Sources/Host/ProbeHost.swift (in target 'ProbeHost' from project 'AddonPlatform')
    cd /Users/c4v4h/Library/Developer/Xcode/DerivedData/CascadeAddonRecoveryProbe/probe-xbuwn_k1/Sources
    builtin-SwiftPerFileCompile ProbeHost.swift

SwiftDriverJobDiscovery normal arm64 Compiling ProbeProvider.swift (in target 'ProbeProvider' from project 'AddonPlatform')

SwiftDriver\ Compilation ProbeProvider normal arm64 com.apple.xcode.tools.swift.compiler (in target 'ProbeProvider' from project 'AddonPlatform')
    cd /Users/c4v4h/Library/Developer/Xcode/DerivedData/CascadeAddonRecoveryProbe/probe-xbuwn_k1/Sources
    builtin-Swift-Compilation -- /Applications/Xcode-beta.app/Contents/Developer/Toolchains/XcodeDefault.xctoolchain/usr/bin/swiftc -module-name CascadeProbeProvider -Onone @/Users/c4v4h/Library/Developer/Xcode/DerivedData/CascadeAddonRecoveryProbe/probe-xbuwn_k1/Build/Build/Intermediates.noindex/AddonPlatform.build/Debug/ProbeProvider.build/Objects-normal/arm64/CascadeProbeProvider.SwiftFileList -DDEBUG -DRECOVERY_PROBE -DBROKER_PROVIDER -enable-bare-slash-regex -enable-experimental-feature DebugDescriptionMacro -sdk /Applications/Xcode-beta.app/Contents/Developer/Platforms/MacOSX.platform/Developer/SDKs/MacOSX27.0.sdk -target arm64-apple-macos14.0 -g -module-cache-path /Users/c4v4h/Library/Developer/Xcode/DerivedData/CascadeAddonRecoveryProbe/probe-xbuwn_k1/Build/ModuleCache.noindex -Xfrontend -serialize-debugging-options -application-extension -index-store-path /Users/c4v4h/Library/Developer/Xcode/DerivedData/CascadeAddonRecoveryProbe/probe-xbuwn_k1/Build/Index.noindex/DataStore -swift-version 5 -I /Users/c4v4h/Library/Developer/Xcode/DerivedData/CascadeAddonRecoveryProbe/probe-xbuwn_k1/Build/Build/Products/Debug -F /Users/c4v4h/Library/Developer/Xcode/DerivedData/CascadeAddonRecoveryProbe/probe-xbuwn_k1/Build/Build/Products/Debug -c -j8 -enable-batch-mode -incremental -Xcc -ivfsstatcache -Xcc /Users/c4v4h/Library/Developer/Xcode/DerivedData/CascadeAddonRecoveryProbe/probe-xbuwn_k1/Build/SDKStatCaches.noindex/macosx27.0-26A5419a-e829b21a6f8c9b70876ba0858053c04445874285e5972fffeae925c4ab065928.sdkstatcache -output-file-map /Users/c4v4h/Library/Developer/Xcode/DerivedData/CascadeAddonRecoveryProbe/probe-xbuwn_k1/Build/Build/Intermediates.noindex/AddonPlatform.build/Debug/ProbeProvider.build/Objects-normal/arm64/ProbeProvider-OutputFileMap.json -save-temps -no-color-diagnostics -explicit-module-build -module-cache-path /Users/c4v4h/Library/Developer/Xcode/DerivedData/CascadeAddonRecoveryProbe/probe-xbuwn_k1/Build/Build/Intermediates.noindex/SwiftExplicitPrecompiledModules -clang-scanner-module-cache-path /Users/c4v4h/Library/Developer/Xcode/DerivedData/CascadeAddonRecoveryProbe/probe-xbuwn_k1/Build/ModuleCache.noindex -sdk-module-cache-path /Users/c4v4h/Library/Developer/Xcode/DerivedData/CascadeAddonRecoveryProbe/probe-xbuwn_k1/Build/SDKExplicitPrecompiledModules -emit-dependencies -emit-module -emit-module-path /Users/c4v4h/Library/Developer/Xcode/DerivedData/CascadeAddonRecoveryProbe/probe-xbuwn_k1/Build/Build/Intermediates.noindex/AddonPlatform.build/Debug/ProbeProvider.build/Objects-normal/arm64/CascadeProbeProvider.swiftmodule -serialize-diagnostics -dependency-scan-serialize-diagnostics-path /Users/c4v4h/Library/Developer/Xcode/DerivedData/CascadeAddonRecoveryProbe/probe-xbuwn_k1/Build/Build/Intermediates.noindex/AddonPlatform.build/Debug/ProbeProvider.build/Objects-normal/arm64/CascadeProbeProvider-dependency-scan.dia -validate-clang-modules-once -clang-build-session-file /Users/c4v4h/Library/Developer/Xcode/DerivedData/CascadeAddonRecoveryProbe/probe-xbuwn_k1/Build/ModuleCache.noindex/Session.modulevalidation -Xcc -fmodules-prune-interval\=86400 -Xcc -fmodules-prune-after\=345600 -emit-const-values -const-gather-protocols-list /Users/c4v4h/Library/Developer/Xcode/DerivedData/CascadeAddonRecoveryProbe/probe-xbuwn_k1/Build/Build/Intermediates.noindex/AddonPlatform.build/Debug/ProbeProvider.build/Objects-normal/arm64/ProbeProvider_const_extract_protocols.json -Xcc -iquote -Xcc /Users/c4v4h/Library/Developer/Xcode/DerivedData/CascadeAddonRecoveryProbe/probe-xbuwn_k1/Build/Build/Intermediates.noindex/AddonPlatform.build/Debug/ProbeProvider.build/CascadeProbeProvider-generated-files.hmap -Xcc -I/Users/c4v4h/Library/Developer/Xcode/DerivedData/CascadeAddonRecoveryProbe/probe-xbuwn_k1/Build/Build/Intermediates.noindex/AddonPlatform.build/Debug/ProbeProvider.build/CascadeProbeProvider-own-target-headers.hmap -Xcc -I/Users/c4v4h/Library/Developer/Xcode/DerivedData/CascadeAddonRecoveryProbe/probe-xbuwn_k1/Build/Build/Intermediates.noindex/AddonPlatform.build/Debug/ProbeProvider.build/CascadeProbeProvider-all-target-headers.hmap -Xcc -iquote -Xcc /Users/c4v4h/Library/Developer/Xcode/DerivedData/CascadeAddonRecoveryProbe/probe-xbuwn_k1/Build/Build/Intermediates.noindex/AddonPlatform.build/Debug/ProbeProvider.build/CascadeProbeProvider-project-headers.hmap -Xcc -I/Users/c4v4h/Library/Developer/Xcode/DerivedData/CascadeAddonRecoveryProbe/probe-xbuwn_k1/Build/Build/Products/Debug/include -Xcc -I/Users/c4v4h/Library/Developer/Xcode/DerivedData/CascadeAddonRecoveryProbe/probe-xbuwn_k1/Build/Build/Intermediates.noindex/AddonPlatform.build/Debug/ProbeProvider.build/DerivedSources-normal/arm64 -Xcc -I/Users/c4v4h/Library/Developer/Xcode/DerivedData/CascadeAddonRecoveryProbe/probe-xbuwn_k1/Build/Build/Intermediates.noindex/AddonPlatform.build/Debug/ProbeProvider.build/DerivedSources/arm64 -Xcc -I/Users/c4v4h/Library/Developer/Xcode/DerivedData/CascadeAddonRecoveryProbe/probe-xbuwn_k1/Build/Build/Intermediates.noindex/AddonPlatform.build/Debug/ProbeProvider.build/DerivedSources -emit-objc-header -emit-objc-header-path /Users/c4v4h/Library/Developer/Xcode/DerivedData/CascadeAddonRecoveryProbe/probe-xbuwn_k1/Build/Build/Intermediates.noindex/AddonPlatform.build/Debug/ProbeProvider.build/Objects-normal/arm64/CascadeProbeProvider-Swift.h -working-directory /Users/c4v4h/Library/Developer/Xcode/DerivedData/CascadeAddonRecoveryProbe/probe-xbuwn_k1/Sources -experimental-emit-module-separately -disable-cmo

SwiftDriverJobDiscovery normal x86_64 Compiling ProbeProvider.swift (in target 'ProbeProvider' from project 'AddonPlatform')

SwiftDriver\ Compilation ProbeProvider normal x86_64 com.apple.xcode.tools.swift.compiler (in target 'ProbeProvider' from project 'AddonPlatform')
    cd /Users/c4v4h/Library/Developer/Xcode/DerivedData/CascadeAddonRecoveryProbe/probe-xbuwn_k1/Sources
    builtin-Swift-Compilation -- /Applications/Xcode-beta.app/Contents/Developer/Toolchains/XcodeDefault.xctoolchain/usr/bin/swiftc -module-name CascadeProbeProvider -Onone @/Users/c4v4h/Library/Developer/Xcode/DerivedData/CascadeAddonRecoveryProbe/probe-xbuwn_k1/Build/Build/Intermediates.noindex/AddonPlatform.build/Debug/ProbeProvider.build/Objects-normal/x86_64/CascadeProbeProvider.SwiftFileList -DDEBUG -DRECOVERY_PROBE -DBROKER_PROVIDER -enable-bare-slash-regex -enable-experimental-feature DebugDescriptionMacro -sdk /Applications/Xcode-beta.app/Contents/Developer/Platforms/MacOSX.platform/Developer/SDKs/MacOSX27.0.sdk -target x86_64-apple-macos14.0 -g -module-cache-path /Users/c4v4h/Library/Developer/Xcode/DerivedData/CascadeAddonRecoveryProbe/probe-xbuwn_k1/Build/ModuleCache.noindex -Xfrontend -serialize-debugging-options -application-extension -index-store-path /Users/c4v4h/Library/Developer/Xcode/DerivedData/CascadeAddonRecoveryProbe/probe-xbuwn_k1/Build/Index.noindex/DataStore -swift-version 5 -I /Users/c4v4h/Library/Developer/Xcode/DerivedData/CascadeAddonRecoveryProbe/probe-xbuwn_k1/Build/Build/Products/Debug -F /Users/c4v4h/Library/Developer/Xcode/DerivedData/CascadeAddonRecoveryProbe/probe-xbuwn_k1/Build/Build/Products/Debug -c -j8 -enable-batch-mode -incremental -Xcc -ivfsstatcache -Xcc /Users/c4v4h/Library/Developer/Xcode/DerivedData/CascadeAddonRecoveryProbe/probe-xbuwn_k1/Build/SDKStatCaches.noindex/macosx27.0-26A5419a-e829b21a6f8c9b70876ba0858053c04445874285e5972fffeae925c4ab065928.sdkstatcache -output-file-map /Users/c4v4h/Library/Developer/Xcode/DerivedData/CascadeAddonRecoveryProbe/probe-xbuwn_k1/Build/Build/Intermediates.noindex/AddonPlatform.build/Debug/ProbeProvider.build/Objects-normal/x86_64/ProbeProvider-OutputFileMap.json -save-temps -no-color-diagnostics -explicit-module-build -module-cache-path /Users/c4v4h/Library/Developer/Xcode/DerivedData/CascadeAddonRecoveryProbe/probe-xbuwn_k1/Build/Build/Intermediates.noindex/SwiftExplicitPrecompiledModules -clang-scanner-module-cache-path /Users/c4v4h/Library/Developer/Xcode/DerivedData/CascadeAddonRecoveryProbe/probe-xbuwn_k1/Build/ModuleCache.noindex -sdk-module-cache-path /Users/c4v4h/Library/Developer/Xcode/DerivedData/CascadeAddonRecoveryProbe/probe-xbuwn_k1/Build/SDKExplicitPrecompiledModules -emit-dependencies -emit-module -emit-module-path /Users/c4v4h/Library/Developer/Xcode/DerivedData/CascadeAddonRecoveryProbe/probe-xbuwn_k1/Build/Build/Intermediates.noindex/AddonPlatform.build/Debug/ProbeProvider.build/Objects-normal/x86_64/CascadeProbeProvider.swiftmodule -serialize-diagnostics -dependency-scan-serialize-diagnostics-path /Users/c4v4h/Library/Developer/Xcode/DerivedData/CascadeAddonRecoveryProbe/probe-xbuwn_k1/Build/Build/Intermediates.noindex/AddonPlatform.build/Debug/ProbeProvider.build/Objects-normal/x86_64/CascadeProbeProvider-dependency-scan.dia -validate-clang-modules-once -clang-build-session-file /Users/c4v4h/Library/Developer/Xcode/DerivedData/CascadeAddonRecoveryProbe/probe-xbuwn_k1/Build/ModuleCache.noindex/Session.modulevalidation -Xcc -fmodules-prune-interval\=86400 -Xcc -fmodules-prune-after\=345600 -emit-const-values -const-gather-protocols-list /Users/c4v4h/Library/Developer/Xcode/DerivedData/CascadeAddonRecoveryProbe/probe-xbuwn_k1/Build/Build/Intermediates.noindex/AddonPlatform.build/Debug/ProbeProvider.build/Objects-normal/x86_64/ProbeProvider_const_extract_protocols.json -Xcc -iquote -Xcc /Users/c4v4h/Library/Developer/Xcode/DerivedData/CascadeAddonRecoveryProbe/probe-xbuwn_k1/Build/Build/Intermediates.noindex/AddonPlatform.build/Debug/ProbeProvider.build/CascadeProbeProvider-generated-files.hmap -Xcc -I/Users/c4v4h/Library/Developer/Xcode/DerivedData/CascadeAddonRecoveryProbe/probe-xbuwn_k1/Build/Build/Intermediates.noindex/AddonPlatform.build/Debug/ProbeProvider.build/CascadeProbeProvider-own-target-headers.hmap -Xcc -I/Users/c4v4h/Library/Developer/Xcode/DerivedData/CascadeAddonRecoveryProbe/probe-xbuwn_k1/Build/Build/Intermediates.noindex/AddonPlatform.build/Debug/ProbeProvider.build/CascadeProbeProvider-all-target-headers.hmap -Xcc -iquote -Xcc /Users/c4v4h/Library/Developer/Xcode/DerivedData/CascadeAddonRecoveryProbe/probe-xbuwn_k1/Build/Build/Intermediates.noindex/AddonPlatform.build/Debug/ProbeProvider.build/CascadeProbeProvider-project-headers.hmap -Xcc -I/Users/c4v4h/Library/Developer/Xcode/DerivedData/CascadeAddonRecoveryProbe/probe-xbuwn_k1/Build/Build/Products/Debug/include -Xcc -I/Users/c4v4h/Library/Developer/Xcode/DerivedData/CascadeAddonRecoveryProbe/probe-xbuwn_k1/Build/Build/Intermediates.noindex/AddonPlatform.build/Debug/ProbeProvider.build/DerivedSources-normal/x86_64 -Xcc -I/Users/c4v4h/Library/Developer/Xcode/DerivedData/CascadeAddonRecoveryProbe/probe-xbuwn_k1/Build/Build/Intermediates.noindex/AddonPlatform.build/Debug/ProbeProvider.build/DerivedSources/x86_64 -Xcc -I/Users/c4v4h/Library/Developer/Xcode/DerivedData/CascadeAddonRecoveryProbe/probe-xbuwn_k1/Build/Build/Intermediates.noindex/AddonPlatform.build/Debug/ProbeProvider.build/DerivedSources -emit-objc-header -emit-objc-header-path /Users/c4v4h/Library/Developer/Xcode/DerivedData/CascadeAddonRecoveryProbe/probe-xbuwn_k1/Build/Build/Intermediates.noindex/AddonPlatform.build/Debug/ProbeProvider.build/Objects-normal/x86_64/CascadeProbeProvider-Swift.h -working-directory /Users/c4v4h/Library/Developer/Xcode/DerivedData/CascadeAddonRecoveryProbe/probe-xbuwn_k1/Sources -experimental-emit-module-separately -disable-cmo

Ld /Users/c4v4h/Library/Developer/Xcode/DerivedData/CascadeAddonRecoveryProbe/probe-xbuwn_k1/Build/Build/Intermediates.noindex/AddonPlatform.build/Debug/ProbeProvider.build/Objects-normal/arm64/Binary/ProbeProvider normal arm64 (in target 'ProbeProvider' from project 'AddonPlatform')
    cd /Users/c4v4h/Library/Developer/Xcode/DerivedData/CascadeAddonRecoveryProbe/probe-xbuwn_k1/Sources
    /Applications/Xcode-beta.app/Contents/Developer/Toolchains/XcodeDefault.xctoolchain/usr/bin/clang -Xlinker -reproducible -target arm64-apple-macos14.0 -isysroot /Applications/Xcode-beta.app/Contents/Developer/Platforms/MacOSX.platform/Developer/SDKs/MacOSX27.0.sdk -Os -Xlinker -no_warn_duplicate_libraries -L/Users/c4v4h/Library/Developer/Xcode/DerivedData/CascadeAddonRecoveryProbe/probe-xbuwn_k1/Build/Build/Intermediates.noindex/EagerLinkingTBDs/Debug -L/Users/c4v4h/Library/Developer/Xcode/DerivedData/CascadeAddonRecoveryProbe/probe-xbuwn_k1/Build/Build/Products/Debug -F/Users/c4v4h/Library/Developer/Xcode/DerivedData/CascadeAddonRecoveryProbe/probe-xbuwn_k1/Build/Build/Intermediates.noindex/EagerLinkingTBDs/Debug -F/Users/c4v4h/Library/Developer/Xcode/DerivedData/CascadeAddonRecoveryProbe/probe-xbuwn_k1/Build/Build/Products/Debug -filelist /Users/c4v4h/Library/Developer/Xcode/DerivedData/CascadeAddonRecoveryProbe/probe-xbuwn_k1/Build/Build/Intermediates.noindex/AddonPlatform.build/Debug/ProbeProvider.build/Objects-normal/arm64/CascadeProbeProvider.LinkFileList -Xlinker -rpath -Xlinker /usr/lib/swift -Xlinker -object_path_lto -Xlinker /Users/c4v4h/Library/Developer/Xcode/DerivedData/CascadeAddonRecoveryProbe/probe-xbuwn_k1/Build/Build/Intermediates.noindex/AddonPlatform.build/Debug/ProbeProvider.build/Objects-normal/arm64/CascadeProbeProvider_lto.o -Xlinker -dependency_info -Xlinker /Users/c4v4h/Library/Developer/Xcode/DerivedData/CascadeAddonRecoveryProbe/probe-xbuwn_k1/Build/Build/Intermediates.noindex/AddonPlatform.build/Debug/ProbeProvider.build/Objects-normal/arm64/CascadeProbeProvider_dependency_info.dat -e _NSExtensionMain -fapplication-extension -fobjc-link-runtime -L/Applications/Xcode-beta.app/Contents/Developer/Toolchains/XcodeDefault.xctoolchain/usr/lib/swift/macosx -L/usr/lib/swift -Xlinker -add_ast_path -Xlinker /Users/c4v4h/Library/Developer/Xcode/DerivedData/CascadeAddonRecoveryProbe/probe-xbuwn_k1/Build/Build/Intermediates.noindex/AddonPlatform.build/Debug/ProbeProvider.build/Objects-normal/arm64/CascadeProbeProvider.swiftmodule -Xlinker -no_adhoc_codesign -o /Users/c4v4h/Library/Developer/Xcode/DerivedData/CascadeAddonRecoveryProbe/probe-xbuwn_k1/Build/Build/Intermediates.noindex/AddonPlatform.build/Debug/ProbeProvider.build/Objects-normal/arm64/Binary/ProbeProvider

Ld /Users/c4v4h/Library/Developer/Xcode/DerivedData/CascadeAddonRecoveryProbe/probe-xbuwn_k1/Build/Build/Intermediates.noindex/AddonPlatform.build/Debug/ProbeProvider.build/Objects-normal/x86_64/Binary/ProbeProvider normal x86_64 (in target 'ProbeProvider' from project 'AddonPlatform')
    cd /Users/c4v4h/Library/Developer/Xcode/DerivedData/CascadeAddonRecoveryProbe/probe-xbuwn_k1/Sources
    /Applications/Xcode-beta.app/Contents/Developer/Toolchains/XcodeDefault.xctoolchain/usr/bin/clang -Xlinker -reproducible -target x86_64-apple-macos14.0 -isysroot /Applications/Xcode-beta.app/Contents/Developer/Platforms/MacOSX.platform/Developer/SDKs/MacOSX27.0.sdk -Os -Xlinker -no_warn_duplicate_libraries -L/Users/c4v4h/Library/Developer/Xcode/DerivedData/CascadeAddonRecoveryProbe/probe-xbuwn_k1/Build/Build/Intermediates.noindex/EagerLinkingTBDs/Debug -L/Users/c4v4h/Library/Developer/Xcode/DerivedData/CascadeAddonRecoveryProbe/probe-xbuwn_k1/Build/Build/Products/Debug -F/Users/c4v4h/Library/Developer/Xcode/DerivedData/CascadeAddonRecoveryProbe/probe-xbuwn_k1/Build/Build/Intermediates.noindex/EagerLinkingTBDs/Debug -F/Users/c4v4h/Library/Developer/Xcode/DerivedData/CascadeAddonRecoveryProbe/probe-xbuwn_k1/Build/Build/Products/Debug -filelist /Users/c4v4h/Library/Developer/Xcode/DerivedData/CascadeAddonRecoveryProbe/probe-xbuwn_k1/Build/Build/Intermediates.noindex/AddonPlatform.build/Debug/ProbeProvider.build/Objects-normal/x86_64/CascadeProbeProvider.LinkFileList -Xlinker -rpath -Xlinker /usr/lib/swift -Xlinker -object_path_lto -Xlinker /Users/c4v4h/Library/Developer/Xcode/DerivedData/CascadeAddonRecoveryProbe/probe-xbuwn_k1/Build/Build/Intermediates.noindex/AddonPlatform.build/Debug/ProbeProvider.build/Objects-normal/x86_64/CascadeProbeProvider_lto.o -Xlinker -dependency_info -Xlinker /Users/c4v4h/Library/Developer/Xcode/DerivedData/CascadeAddonRecoveryProbe/probe-xbuwn_k1/Build/Build/Intermediates.noindex/AddonPlatform.build/Debug/ProbeProvider.build/Objects-normal/x86_64/CascadeProbeProvider_dependency_info.dat -e _NSExtensionMain -fapplication-extension -fobjc-link-runtime -L/Applications/Xcode-beta.app/Contents/Developer/Toolchains/XcodeDefault.xctoolchain/usr/lib/swift/macosx -L/usr/lib/swift -Xlinker -add_ast_path -Xlinker /Users/c4v4h/Library/Developer/Xcode/DerivedData/CascadeAddonRecoveryProbe/probe-xbuwn_k1/Build/Build/Intermediates.noindex/AddonPlatform.build/Debug/ProbeProvider.build/Objects-normal/x86_64/CascadeProbeProvider.swiftmodule -Xlinker -no_adhoc_codesign -o /Users/c4v4h/Library/Developer/Xcode/DerivedData/CascadeAddonRecoveryProbe/probe-xbuwn_k1/Build/Build/Intermediates.noindex/AddonPlatform.build/Debug/ProbeProvider.build/Objects-normal/x86_64/Binary/ProbeProvider

SwiftDriverJobDiscovery normal arm64 Emitting module for CascadeAddonProbe (in target 'ProbeHost' from project 'AddonPlatform')

SwiftDriver\ Compilation\ Requirements ProbeHost normal arm64 com.apple.xcode.tools.swift.compiler (in target 'ProbeHost' from project 'AddonPlatform')
    cd /Users/c4v4h/Library/Developer/Xcode/DerivedData/CascadeAddonRecoveryProbe/probe-xbuwn_k1/Sources
    builtin-Swift-Compilation-Requirements -- /Applications/Xcode-beta.app/Contents/Developer/Toolchains/XcodeDefault.xctoolchain/usr/bin/swiftc -module-name CascadeAddonProbe -Onone @/Users/c4v4h/Library/Developer/Xcode/DerivedData/CascadeAddonRecoveryProbe/probe-xbuwn_k1/Build/Build/Intermediates.noindex/AddonPlatform.build/Debug/ProbeHost.build/Objects-normal/arm64/CascadeAddonProbe.SwiftFileList -DDEBUG -DRECOVERY_PROBE -DBROKER_PROVIDER -enable-bare-slash-regex -enable-experimental-feature DebugDescriptionMacro -sdk /Applications/Xcode-beta.app/Contents/Developer/Platforms/MacOSX.platform/Developer/SDKs/MacOSX27.0.sdk -target arm64-apple-macos14.0 -g -module-cache-path /Users/c4v4h/Library/Developer/Xcode/DerivedData/CascadeAddonRecoveryProbe/probe-xbuwn_k1/Build/ModuleCache.noindex -Xfrontend -serialize-debugging-options -index-store-path /Users/c4v4h/Library/Developer/Xcode/DerivedData/CascadeAddonRecoveryProbe/probe-xbuwn_k1/Build/Index.noindex/DataStore -swift-version 5 -I /Users/c4v4h/Library/Developer/Xcode/DerivedData/CascadeAddonRecoveryProbe/probe-xbuwn_k1/Build/Build/Products/Debug -F /Users/c4v4h/Library/Developer/Xcode/DerivedData/CascadeAddonRecoveryProbe/probe-xbuwn_k1/Build/Build/Products/Debug -c -j8 -enable-batch-mode -incremental -Xcc -ivfsstatcache -Xcc /Users/c4v4h/Library/Developer/Xcode/DerivedData/CascadeAddonRecoveryProbe/probe-xbuwn_k1/Build/SDKStatCaches.noindex/macosx27.0-26A5419a-e829b21a6f8c9b70876ba0858053c04445874285e5972fffeae925c4ab065928.sdkstatcache -output-file-map /Users/c4v4h/Library/Developer/Xcode/DerivedData/CascadeAddonRecoveryProbe/probe-xbuwn_k1/Build/Build/Intermediates.noindex/AddonPlatform.build/Debug/ProbeHost.build/Objects-normal/arm64/ProbeHost-OutputFileMap.json -save-temps -no-color-diagnostics -explicit-module-build -module-cache-path /Users/c4v4h/Library/Developer/Xcode/DerivedData/CascadeAddonRecoveryProbe/probe-xbuwn_k1/Build/Build/Intermediates.noindex/SwiftExplicitPrecompiledModules -clang-scanner-module-cache-path /Users/c4v4h/Library/Developer/Xcode/DerivedData/CascadeAddonRecoveryProbe/probe-xbuwn_k1/Build/ModuleCache.noindex -sdk-module-cache-path /Users/c4v4h/Library/Developer/Xcode/DerivedData/CascadeAddonRecoveryProbe/probe-xbuwn_k1/Build/SDKExplicitPrecompiledModules -emit-dependencies -emit-module -emit-module-path /Users/c4v4h/Library/Developer/Xcode/DerivedData/CascadeAddonRecoveryProbe/probe-xbuwn_k1/Build/Build/Intermediates.noindex/AddonPlatform.build/Debug/ProbeHost.build/Objects-normal/arm64/CascadeAddonProbe.swiftmodule -serialize-diagnostics -dependency-scan-serialize-diagnostics-path /Users/c4v4h/Library/Developer/Xcode/DerivedData/CascadeAddonRecoveryProbe/probe-xbuwn_k1/Build/Build/Intermediates.noindex/AddonPlatform.build/Debug/ProbeHost.build/Objects-normal/arm64/CascadeAddonProbe-dependency-scan.dia -validate-clang-modules-once -clang-build-session-file /Users/c4v4h/Library/Developer/Xcode/DerivedData/CascadeAddonRecoveryProbe/probe-xbuwn_k1/Build/ModuleCache.noindex/Session.modulevalidation -Xcc -fmodules-prune-interval\=86400 -Xcc -fmodules-prune-after\=345600 -emit-const-values -const-gather-protocols-list /Users/c4v4h/Library/Developer/Xcode/DerivedData/CascadeAddonRecoveryProbe/probe-xbuwn_k1/Build/Build/Intermediates.noindex/AddonPlatform.build/Debug/ProbeHost.build/Objects-normal/arm64/ProbeHost_const_extract_protocols.json -Xcc -iquote -Xcc /Users/c4v4h/Library/Developer/Xcode/DerivedData/CascadeAddonRecoveryProbe/probe-xbuwn_k1/Build/Build/Intermediates.noindex/AddonPlatform.build/Debug/ProbeHost.build/CascadeAddonProbe-generated-files.hmap -Xcc -I/Users/c4v4h/Library/Developer/Xcode/DerivedData/CascadeAddonRecoveryProbe/probe-xbuwn_k1/Build/Build/Intermediates.noindex/AddonPlatform.build/Debug/ProbeHost.build/CascadeAddonProbe-own-target-headers.hmap -Xcc -I/Users/c4v4h/Library/Developer/Xcode/DerivedData/CascadeAddonRecoveryProbe/probe-xbuwn_k1/Build/Build/Intermediates.noindex/AddonPlatform.build/Debug/ProbeHost.build/CascadeAddonProbe-all-target-headers.hmap -Xcc -iquote -Xcc /Users/c4v4h/Library/Developer/Xcode/DerivedData/CascadeAddonRecoveryProbe/probe-xbuwn_k1/Build/Build/Intermediates.noindex/AddonPlatform.build/Debug/ProbeHost.build/CascadeAddonProbe-project-headers.hmap -Xcc -I/Users/c4v4h/Library/Developer/Xcode/DerivedData/CascadeAddonRecoveryProbe/probe-xbuwn_k1/Build/Build/Products/Debug/include -Xcc -I/Users/c4v4h/Library/Developer/Xcode/DerivedData/CascadeAddonRecoveryProbe/probe-xbuwn_k1/Build/Build/Intermediates.noindex/AddonPlatform.build/Debug/ProbeHost.build/DerivedSources-normal/arm64 -Xcc -I/Users/c4v4h/Library/Developer/Xcode/DerivedData/CascadeAddonRecoveryProbe/probe-xbuwn_k1/Build/Build/Intermediates.noindex/AddonPlatform.build/Debug/ProbeHost.build/DerivedSources/arm64 -Xcc -I/Users/c4v4h/Library/Developer/Xcode/DerivedData/CascadeAddonRecoveryProbe/probe-xbuwn_k1/Build/Build/Intermediates.noindex/AddonPlatform.build/Debug/ProbeHost.build/DerivedSources -emit-objc-header -emit-objc-header-path /Users/c4v4h/Library/Developer/Xcode/DerivedData/CascadeAddonRecoveryProbe/probe-xbuwn_k1/Build/Build/Intermediates.noindex/AddonPlatform.build/Debug/ProbeHost.build/Objects-normal/arm64/CascadeAddonProbe-Swift.h -working-directory /Users/c4v4h/Library/Developer/Xcode/DerivedData/CascadeAddonRecoveryProbe/probe-xbuwn_k1/Sources -experimental-emit-module-separately -disable-cmo

AppExtensionPListGenerator (in target 'ProbeProvider' from project 'AddonPlatform')
    cd /Users/c4v4h/Library/Developer/Xcode/DerivedData/CascadeAddonRecoveryProbe/probe-xbuwn_k1/Sources
    /Applications/Xcode-beta.app/Contents/Developer/Toolchains/XcodeDefault.xctoolchain/usr/bin/exutil generate-appextension-plist --module-name CascadeProbeProvider --sdk-root /Applications/Xcode-beta.app/Contents/Developer/Platforms/MacOSX.platform/Developer/SDKs/MacOSX27.0.sdk --xcode-version 27A5252f --platform-family macOS --deployment-target 14.0 --bundle-identifier hylo.Cascade.AddonProbeContainer.Provider --output /Users/c4v4h/Library/Developer/Xcode/DerivedData/CascadeAddonRecoveryProbe/probe-xbuwn_k1/Build/Build/Intermediates.noindex/AddonPlatform.build/Debug/ProbeProvider.build/ProbeProvider-appextension-generated-info.plist /Users/c4v4h/Library/Developer/Xcode/DerivedData/CascadeAddonRecoveryProbe/probe-xbuwn_k1/Build/Build/Intermediates.noindex/AddonPlatform.build/Debug/ProbeProvider.build/Objects-normal/arm64/ProbeProvider.swiftconstvalues /Users/c4v4h/Library/Developer/Xcode/DerivedData/CascadeAddonRecoveryProbe/probe-xbuwn_k1/Build/Build/Intermediates.noindex/AddonPlatform.build/Debug/ProbeProvider.build/Objects-normal/arm64/ProbeMessage.swiftconstvalues

SwiftMergeGeneratedHeaders /Users/c4v4h/Library/Developer/Xcode/DerivedData/CascadeAddonRecoveryProbe/probe-xbuwn_k1/Build/Build/Intermediates.noindex/AddonPlatform.build/Debug/ProbeHost.build/DerivedSources/CascadeAddonProbe-Swift.h /Users/c4v4h/Library/Developer/Xcode/DerivedData/CascadeAddonRecoveryProbe/probe-xbuwn_k1/Build/Build/Intermediates.noindex/AddonPlatform.build/Debug/ProbeHost.build/Objects-normal/arm64/CascadeAddonProbe-Swift.h /Users/c4v4h/Library/Developer/Xcode/DerivedData/CascadeAddonRecoveryProbe/probe-xbuwn_k1/Build/Build/Intermediates.noindex/AddonPlatform.build/Debug/ProbeHost.build/Objects-normal/x86_64/CascadeAddonProbe-Swift.h (in target 'ProbeHost' from project 'AddonPlatform')
    cd /Users/c4v4h/Library/Developer/Xcode/DerivedData/CascadeAddonRecoveryProbe/probe-xbuwn_k1/Sources
    builtin-swiftHeaderTool -arch arm64 /Users/c4v4h/Library/Developer/Xcode/DerivedData/CascadeAddonRecoveryProbe/probe-xbuwn_k1/Build/Build/Intermediates.noindex/AddonPlatform.build/Debug/ProbeHost.build/Objects-normal/arm64/CascadeAddonProbe-Swift.h -arch x86_64 /Users/c4v4h/Library/Developer/Xcode/DerivedData/CascadeAddonRecoveryProbe/probe-xbuwn_k1/Build/Build/Intermediates.noindex/AddonPlatform.build/Debug/ProbeHost.build/Objects-normal/x86_64/CascadeAddonProbe-Swift.h -o /Users/c4v4h/Library/Developer/Xcode/DerivedData/CascadeAddonRecoveryProbe/probe-xbuwn_k1/Build/Build/Intermediates.noindex/AddonPlatform.build/Debug/ProbeHost.build/DerivedSources/CascadeAddonProbe-Swift.h

CreateUniversalBinary /Users/c4v4h/Library/Developer/Xcode/DerivedData/CascadeAddonRecoveryProbe/probe-xbuwn_k1/Build/Build/Products/Debug/CascadeProbeProvider.appex/Contents/MacOS/ProbeProvider normal arm64\ x86_64 (in target 'ProbeProvider' from project 'AddonPlatform')
    cd /Users/c4v4h/Library/Developer/Xcode/DerivedData/CascadeAddonRecoveryProbe/probe-xbuwn_k1/Sources
    /Applications/Xcode-beta.app/Contents/Developer/Toolchains/XcodeDefault.xctoolchain/usr/bin/lipo -create /Users/c4v4h/Library/Developer/Xcode/DerivedData/CascadeAddonRecoveryProbe/probe-xbuwn_k1/Build/Build/Intermediates.noindex/AddonPlatform.build/Debug/ProbeProvider.build/Objects-normal/arm64/Binary/ProbeProvider /Users/c4v4h/Library/Developer/Xcode/DerivedData/CascadeAddonRecoveryProbe/probe-xbuwn_k1/Build/Build/Intermediates.noindex/AddonPlatform.build/Debug/ProbeProvider.build/Objects-normal/x86_64/Binary/ProbeProvider -output /Users/c4v4h/Library/Developer/Xcode/DerivedData/CascadeAddonRecoveryProbe/probe-xbuwn_k1/Build/Build/Products/Debug/CascadeProbeProvider.appex/Contents/MacOS/ProbeProvider

Copy /Users/c4v4h/Library/Developer/Xcode/DerivedData/CascadeAddonRecoveryProbe/probe-xbuwn_k1/Build/Build/Products/Debug/CascadeAddonProbe.swiftmodule/arm64-apple-macos.swiftmodule /Users/c4v4h/Library/Developer/Xcode/DerivedData/CascadeAddonRecoveryProbe/probe-xbuwn_k1/Build/Build/Intermediates.noindex/AddonPlatform.build/Debug/ProbeHost.build/Objects-normal/arm64/CascadeAddonProbe.swiftmodule (in target 'ProbeHost' from project 'AddonPlatform')
    cd /Users/c4v4h/Library/Developer/Xcode/DerivedData/CascadeAddonRecoveryProbe/probe-xbuwn_k1/Sources
    builtin-copy -exclude .DS_Store -exclude CVS -exclude .svn -exclude .git -exclude .hg -strip-unsigned-binaries -strip-deterministic -strip-tool /Applications/Xcode-beta.app/Contents/Developer/Toolchains/XcodeDefault.xctoolchain/usr/bin/strip -resolve-src-symlinks -rename /Users/c4v4h/Library/Developer/Xcode/DerivedData/CascadeAddonRecoveryProbe/probe-xbuwn_k1/Build/Build/Intermediates.noindex/AddonPlatform.build/Debug/ProbeHost.build/Objects-normal/arm64/CascadeAddonProbe.swiftmodule /Users/c4v4h/Library/Developer/Xcode/DerivedData/CascadeAddonRecoveryProbe/probe-xbuwn_k1/Build/Build/Products/Debug/CascadeAddonProbe.swiftmodule/arm64-apple-macos.swiftmodule

Copy /Users/c4v4h/Library/Developer/Xcode/DerivedData/CascadeAddonRecoveryProbe/probe-xbuwn_k1/Build/Build/Products/Debug/CascadeAddonProbe.swiftmodule/arm64-apple-macos.swiftdoc /Users/c4v4h/Library/Developer/Xcode/DerivedData/CascadeAddonRecoveryProbe/probe-xbuwn_k1/Build/Build/Intermediates.noindex/AddonPlatform.build/Debug/ProbeHost.build/Objects-normal/arm64/CascadeAddonProbe.swiftdoc (in target 'ProbeHost' from project 'AddonPlatform')
    cd /Users/c4v4h/Library/Developer/Xcode/DerivedData/CascadeAddonRecoveryProbe/probe-xbuwn_k1/Sources
    builtin-copy -exclude .DS_Store -exclude CVS -exclude .svn -exclude .git -exclude .hg -strip-unsigned-binaries -strip-deterministic -strip-tool /Applications/Xcode-beta.app/Contents/Developer/Toolchains/XcodeDefault.xctoolchain/usr/bin/strip -resolve-src-symlinks -rename /Users/c4v4h/Library/Developer/Xcode/DerivedData/CascadeAddonRecoveryProbe/probe-xbuwn_k1/Build/Build/Intermediates.noindex/AddonPlatform.build/Debug/ProbeHost.build/Objects-normal/arm64/CascadeAddonProbe.swiftdoc /Users/c4v4h/Library/Developer/Xcode/DerivedData/CascadeAddonRecoveryProbe/probe-xbuwn_k1/Build/Build/Products/Debug/CascadeAddonProbe.swiftmodule/arm64-apple-macos.swiftdoc

Copy /Users/c4v4h/Library/Developer/Xcode/DerivedData/CascadeAddonRecoveryProbe/probe-xbuwn_k1/Build/Build/Products/Debug/CascadeAddonProbe.swiftmodule/arm64-apple-macos.abi.json /Users/c4v4h/Library/Developer/Xcode/DerivedData/CascadeAddonRecoveryProbe/probe-xbuwn_k1/Build/Build/Intermediates.noindex/AddonPlatform.build/Debug/ProbeHost.build/Objects-normal/arm64/CascadeAddonProbe.abi.json (in target 'ProbeHost' from project 'AddonPlatform')
    cd /Users/c4v4h/Library/Developer/Xcode/DerivedData/CascadeAddonRecoveryProbe/probe-xbuwn_k1/Sources
    builtin-copy -exclude .DS_Store -exclude CVS -exclude .svn -exclude .git -exclude .hg -strip-unsigned-binaries -strip-deterministic -strip-tool /Applications/Xcode-beta.app/Contents/Developer/Toolchains/XcodeDefault.xctoolchain/usr/bin/strip -resolve-src-symlinks -rename /Users/c4v4h/Library/Developer/Xcode/DerivedData/CascadeAddonRecoveryProbe/probe-xbuwn_k1/Build/Build/Intermediates.noindex/AddonPlatform.build/Debug/ProbeHost.build/Objects-normal/arm64/CascadeAddonProbe.abi.json /Users/c4v4h/Library/Developer/Xcode/DerivedData/CascadeAddonRecoveryProbe/probe-xbuwn_k1/Build/Build/Products/Debug/CascadeAddonProbe.swiftmodule/arm64-apple-macos.abi.json

Copy /Users/c4v4h/Library/Developer/Xcode/DerivedData/CascadeAddonRecoveryProbe/probe-xbuwn_k1/Build/Build/Products/Debug/CascadeAddonProbe.swiftmodule/Project/arm64-apple-macos.swiftsourceinfo /Users/c4v4h/Library/Developer/Xcode/DerivedData/CascadeAddonRecoveryProbe/probe-xbuwn_k1/Build/Build/Intermediates.noindex/AddonPlatform.build/Debug/ProbeHost.build/Objects-normal/arm64/CascadeAddonProbe.swiftsourceinfo (in target 'ProbeHost' from project 'AddonPlatform')
    cd /Users/c4v4h/Library/Developer/Xcode/DerivedData/CascadeAddonRecoveryProbe/probe-xbuwn_k1/Sources
    builtin-copy -exclude .DS_Store -exclude CVS -exclude .svn -exclude .git -exclude .hg -strip-unsigned-binaries -strip-deterministic -strip-tool /Applications/Xcode-beta.app/Contents/Developer/Toolchains/XcodeDefault.xctoolchain/usr/bin/strip -resolve-src-symlinks -rename /Users/c4v4h/Library/Developer/Xcode/DerivedData/CascadeAddonRecoveryProbe/probe-xbuwn_k1/Build/Build/Intermediates.noindex/AddonPlatform.build/Debug/ProbeHost.build/Objects-normal/arm64/CascadeAddonProbe.swiftsourceinfo /Users/c4v4h/Library/Developer/Xcode/DerivedData/CascadeAddonRecoveryProbe/probe-xbuwn_k1/Build/Build/Products/Debug/CascadeAddonProbe.swiftmodule/Project/arm64-apple-macos.swiftsourceinfo

ProcessInfoPlistFile /Users/c4v4h/Library/Developer/Xcode/DerivedData/CascadeAddonRecoveryProbe/probe-xbuwn_k1/Build/Build/Products/Debug/CascadeProbeProvider.appex/Contents/Info.plist /Users/c4v4h/Library/Developer/Xcode/DerivedData/CascadeAddonRecoveryProbe/probe-xbuwn_k1/Sources/Provider/Info.plist (in target 'ProbeProvider' from project 'AddonPlatform')
    cd /Users/c4v4h/Library/Developer/Xcode/DerivedData/CascadeAddonRecoveryProbe/probe-xbuwn_k1/Sources
    builtin-infoPlistUtility /Users/c4v4h/Library/Developer/Xcode/DerivedData/CascadeAddonRecoveryProbe/probe-xbuwn_k1/Sources/Provider/Info.plist -producttype com.apple.product-type.extensionkit-extension -expandbuildsettings -platform macosx -additionalcontentfile /Users/c4v4h/Library/Developer/Xcode/DerivedData/CascadeAddonRecoveryProbe/probe-xbuwn_k1/Build/Build/Intermediates.noindex/AddonPlatform.build/Debug/ProbeProvider.build/ProbeProvider-appextension-generated-info.plist -o /Users/c4v4h/Library/Developer/Xcode/DerivedData/CascadeAddonRecoveryProbe/probe-xbuwn_k1/Build/Build/Products/Debug/CascadeProbeProvider.appex/Contents/Info.plist

ExtractAppIntentsMetadata (in target 'ProbeProvider' from project 'AddonPlatform')
    cd /Users/c4v4h/Library/Developer/Xcode/DerivedData/CascadeAddonRecoveryProbe/probe-xbuwn_k1/Sources
    /Applications/Xcode-beta.app/Contents/Developer/Toolchains/XcodeDefault.xctoolchain/usr/bin/appintentsmetadataprocessor --toolchain-dir /var/run/com.apple.security.cryptexd/mnt/com.apple.MobileAsset.MetalToolchain-v27.1.5252.6.a2EVDm/Metal.xctoolchain --module-name CascadeProbeProvider --sdk-root /Applications/Xcode-beta.app/Contents/Developer/Platforms/MacOSX.platform/Developer/SDKs/MacOSX27.0.sdk --xcode-version 27A5252f --platform-family macOS --deployment-target 14.0 --bundle-identifier hylo.Cascade.AddonProbeContainer.Provider --output /Users/c4v4h/Library/Developer/Xcode/DerivedData/CascadeAddonRecoveryProbe/probe-xbuwn_k1/Build/Build/Products/Debug/CascadeProbeProvider.appex/Contents/Resources --target-triple arm64-apple-macos14.0 --target-triple x86_64-apple-macos14.0 --binary-file /Users/c4v4h/Library/Developer/Xcode/DerivedData/CascadeAddonRecoveryProbe/probe-xbuwn_k1/Build/Build/Products/Debug/CascadeProbeProvider.appex/Contents/MacOS/ProbeProvider --dependency-file /Users/c4v4h/Library/Developer/Xcode/DerivedData/CascadeAddonRecoveryProbe/probe-xbuwn_k1/Build/Build/Intermediates.noindex/AddonPlatform.build/Debug/ProbeProvider.build/Objects-normal/arm64/CascadeProbeProvider_dependency_info.dat --dependency-file /Users/c4v4h/Library/Developer/Xcode/DerivedData/CascadeAddonRecoveryProbe/probe-xbuwn_k1/Build/Build/Intermediates.noindex/AddonPlatform.build/Debug/ProbeProvider.build/Objects-normal/x86_64/CascadeProbeProvider_dependency_info.dat --stringsdata-file /Users/c4v4h/Library/Developer/Xcode/DerivedData/CascadeAddonRecoveryProbe/probe-xbuwn_k1/Build/Build/Intermediates.noindex/AddonPlatform.build/Debug/ProbeProvider.build/Objects-normal/arm64/ExtractedAppShortcutsMetadata.stringsdata --stringsdata-file /Users/c4v4h/Library/Developer/Xcode/DerivedData/CascadeAddonRecoveryProbe/probe-xbuwn_k1/Build/Build/Intermediates.noindex/AddonPlatform.build/Debug/ProbeProvider.build/Objects-normal/x86_64/ExtractedAppShortcutsMetadata.stringsdata --source-file-list /Users/c4v4h/Library/Developer/Xcode/DerivedData/CascadeAddonRecoveryProbe/probe-xbuwn_k1/Build/Build/Intermediates.noindex/AddonPlatform.build/Debug/ProbeProvider.build/Objects-normal/arm64/CascadeProbeProvider.SwiftFileList --source-file-list /Users/c4v4h/Library/Developer/Xcode/DerivedData/CascadeAddonRecoveryProbe/probe-xbuwn_k1/Build/Build/Intermediates.noindex/AddonPlatform.build/Debug/ProbeProvider.build/Objects-normal/x86_64/CascadeProbeProvider.SwiftFileList --metadata-file-list /Users/c4v4h/Library/Developer/Xcode/DerivedData/CascadeAddonRecoveryProbe/probe-xbuwn_k1/Build/Build/Intermediates.noindex/AddonPlatform.build/Debug/ProbeProvider.build/CascadeProbeProvider.DependencyMetadataFileList --static-metadata-file-list /Users/c4v4h/Library/Developer/Xcode/DerivedData/CascadeAddonRecoveryProbe/probe-xbuwn_k1/Build/Build/Intermediates.noindex/AddonPlatform.build/Debug/ProbeProvider.build/CascadeProbeProvider.DependencyStaticMetadataFileList --swift-const-vals-list /Users/c4v4h/Library/Developer/Xcode/DerivedData/CascadeAddonRecoveryProbe/probe-xbuwn_k1/Build/Build/Intermediates.noindex/AddonPlatform.build/Debug/ProbeProvider.build/Objects-normal/arm64/CascadeProbeProvider.SwiftConstValuesFileList --swift-const-vals-list /Users/c4v4h/Library/Developer/Xcode/DerivedData/CascadeAddonRecoveryProbe/probe-xbuwn_k1/Build/Build/Intermediates.noindex/AddonPlatform.build/Debug/ProbeProvider.build/Objects-normal/x86_64/CascadeProbeProvider.SwiftConstValuesFileList --compile-time-extraction --deployment-aware-processing --no-app-shortcuts-localization
2026-09-25 17:24:52.085 appintentsmetadataprocessor[59166:1983746] Starting appintentsmetadataprocessor export
2026-09-25 17:24:52.089 appintentsmetadataprocessor[59166:1983746] warning: Metadata extraction skipped, no AppIntents.framework dependency found

CodeSign /Users/c4v4h/Library/Developer/Xcode/DerivedData/CascadeAddonRecoveryProbe/probe-xbuwn_k1/Build/Build/Products/Debug/CascadeProbeProvider.appex (in target 'ProbeProvider' from project 'AddonPlatform')
    cd /Users/c4v4h/Library/Developer/Xcode/DerivedData/CascadeAddonRecoveryProbe/probe-xbuwn_k1/Sources
    
    Signing Identity:     "Apple Development: cavallerolore@icloud.com (MRZYW8THXH)"
    
    /usr/bin/codesign --force --sign 4A857D842A5406C2D3071776FDE7B27B3098FE63 -o runtime --entitlements /Users/c4v4h/Library/Developer/Xcode/DerivedData/CascadeAddonRecoveryProbe/probe-xbuwn_k1/Build/Build/Intermediates.noindex/AddonPlatform.build/Debug/ProbeProvider.build/CascadeProbeProvider.appex.xcent --timestamp\=none --generate-entitlement-der /Users/c4v4h/Library/Developer/Xcode/DerivedData/CascadeAddonRecoveryProbe/probe-xbuwn_k1/Build/Build/Products/Debug/CascadeProbeProvider.appex

SwiftDriverJobDiscovery normal arm64 Compiling ProbeMessage.swift (in target 'ProbeHost' from project 'AddonPlatform')

RegisterExecutionPolicyException /Users/c4v4h/Library/Developer/Xcode/DerivedData/CascadeAddonRecoveryProbe/probe-xbuwn_k1/Build/Build/Products/Debug/CascadeProbeProvider.appex (in target 'ProbeProvider' from project 'AddonPlatform')
    cd /Users/c4v4h/Library/Developer/Xcode/DerivedData/CascadeAddonRecoveryProbe/probe-xbuwn_k1/Sources
    builtin-RegisterExecutionPolicyException /Users/c4v4h/Library/Developer/Xcode/DerivedData/CascadeAddonRecoveryProbe/probe-xbuwn_k1/Build/Build/Products/Debug/CascadeProbeProvider.appex

Touch /Users/c4v4h/Library/Developer/Xcode/DerivedData/CascadeAddonRecoveryProbe/probe-xbuwn_k1/Build/Build/Products/Debug/CascadeProbeProvider.appex (in target 'ProbeProvider' from project 'AddonPlatform')
    cd /Users/c4v4h/Library/Developer/Xcode/DerivedData/CascadeAddonRecoveryProbe/probe-xbuwn_k1/Sources
    /usr/bin/touch -c /Users/c4v4h/Library/Developer/Xcode/DerivedData/CascadeAddonRecoveryProbe/probe-xbuwn_k1/Build/Build/Products/Debug/CascadeProbeProvider.appex

SwiftDriverJobDiscovery normal x86_64 Compiling ProbeMessage.swift (in target 'ProbeHost' from project 'AddonPlatform')

SwiftDriverJobDiscovery normal x86_64 Compiling ProbeContainer.swift (in target 'ProbeContainer' from project 'AddonPlatform')

SwiftDriver\ Compilation ProbeContainer normal x86_64 com.apple.xcode.tools.swift.compiler (in target 'ProbeContainer' from project 'AddonPlatform')
    cd /Users/c4v4h/Library/Developer/Xcode/DerivedData/CascadeAddonRecoveryProbe/probe-xbuwn_k1/Sources
    builtin-Swift-Compilation -- /Applications/Xcode-beta.app/Contents/Developer/Toolchains/XcodeDefault.xctoolchain/usr/bin/swiftc -module-name CascadeAddonProbeContainer -Onone @/Users/c4v4h/Library/Developer/Xcode/DerivedData/CascadeAddonRecoveryProbe/probe-xbuwn_k1/Build/Build/Intermediates.noindex/AddonPlatform.build/Debug/ProbeContainer.build/Objects-normal/x86_64/CascadeAddonProbeContainer.SwiftFileList -DDEBUG -DRECOVERY_PROBE -DBROKER_PROVIDER -enable-bare-slash-regex -enable-experimental-feature DebugDescriptionMacro -sdk /Applications/Xcode-beta.app/Contents/Developer/Platforms/MacOSX.platform/Developer/SDKs/MacOSX27.0.sdk -target x86_64-apple-macos14.0 -g -module-cache-path /Users/c4v4h/Library/Developer/Xcode/DerivedData/CascadeAddonRecoveryProbe/probe-xbuwn_k1/Build/ModuleCache.noindex -Xfrontend -serialize-debugging-options -index-store-path /Users/c4v4h/Library/Developer/Xcode/DerivedData/CascadeAddonRecoveryProbe/probe-xbuwn_k1/Build/Index.noindex/DataStore -swift-version 5 -I /Users/c4v4h/Library/Developer/Xcode/DerivedData/CascadeAddonRecoveryProbe/probe-xbuwn_k1/Build/Build/Products/Debug -F /Users/c4v4h/Library/Developer/Xcode/DerivedData/CascadeAddonRecoveryProbe/probe-xbuwn_k1/Build/Build/Products/Debug -parse-as-library -c -j8 -enable-batch-mode -incremental -Xcc -ivfsstatcache -Xcc /Users/c4v4h/Library/Developer/Xcode/DerivedData/CascadeAddonRecoveryProbe/probe-xbuwn_k1/Build/SDKStatCaches.noindex/macosx27.0-26A5419a-e829b21a6f8c9b70876ba0858053c04445874285e5972fffeae925c4ab065928.sdkstatcache -output-file-map /Users/c4v4h/Library/Developer/Xcode/DerivedData/CascadeAddonRecoveryProbe/probe-xbuwn_k1/Build/Build/Intermediates.noindex/AddonPlatform.build/Debug/ProbeContainer.build/Objects-normal/x86_64/ProbeContainer-OutputFileMap.json -save-temps -no-color-diagnostics -explicit-module-build -module-cache-path /Users/c4v4h/Library/Developer/Xcode/DerivedData/CascadeAddonRecoveryProbe/probe-xbuwn_k1/Build/Build/Intermediates.noindex/SwiftExplicitPrecompiledModules -clang-scanner-module-cache-path /Users/c4v4h/Library/Developer/Xcode/DerivedData/CascadeAddonRecoveryProbe/probe-xbuwn_k1/Build/ModuleCache.noindex -sdk-module-cache-path /Users/c4v4h/Library/Developer/Xcode/DerivedData/CascadeAddonRecoveryProbe/probe-xbuwn_k1/Build/SDKExplicitPrecompiledModules -emit-dependencies -emit-module -emit-module-path /Users/c4v4h/Library/Developer/Xcode/DerivedData/CascadeAddonRecoveryProbe/probe-xbuwn_k1/Build/Build/Intermediates.noindex/AddonPlatform.build/Debug/ProbeContainer.build/Objects-normal/x86_64/CascadeAddonProbeContainer.swiftmodule -serialize-diagnostics -dependency-scan-serialize-diagnostics-path /Users/c4v4h/Library/Developer/Xcode/DerivedData/CascadeAddonRecoveryProbe/probe-xbuwn_k1/Build/Build/Intermediates.noindex/AddonPlatform.build/Debug/ProbeContainer.build/Objects-normal/x86_64/CascadeAddonProbeContainer-dependency-scan.dia -validate-clang-modules-once -clang-build-session-file /Users/c4v4h/Library/Developer/Xcode/DerivedData/CascadeAddonRecoveryProbe/probe-xbuwn_k1/Build/ModuleCache.noindex/Session.modulevalidation -Xcc -fmodules-prune-interval\=86400 -Xcc -fmodules-prune-after\=345600 -emit-const-values -const-gather-protocols-list /Users/c4v4h/Library/Developer/Xcode/DerivedData/CascadeAddonRecoveryProbe/probe-xbuwn_k1/Build/Build/Intermediates.noindex/AddonPlatform.build/Debug/ProbeContainer.build/Objects-normal/x86_64/ProbeContainer_const_extract_protocols.json -Xcc -iquote -Xcc /Users/c4v4h/Library/Developer/Xcode/DerivedData/CascadeAddonRecoveryProbe/probe-xbuwn_k1/Build/Build/Intermediates.noindex/AddonPlatform.build/Debug/ProbeContainer.build/CascadeAddonProbeContainer-generated-files.hmap -Xcc -I/Users/c4v4h/Library/Developer/Xcode/DerivedData/CascadeAddonRecoveryProbe/probe-xbuwn_k1/Build/Build/Intermediates.noindex/AddonPlatform.build/Debug/ProbeContainer.build/CascadeAddonProbeContainer-own-target-headers.hmap -Xcc -I/Users/c4v4h/Library/Developer/Xcode/DerivedData/CascadeAddonRecoveryProbe/probe-xbuwn_k1/Build/Build/Intermediates.noindex/AddonPlatform.build/Debug/ProbeContainer.build/CascadeAddonProbeContainer-all-target-headers.hmap -Xcc -iquote -Xcc /Users/c4v4h/Library/Developer/Xcode/DerivedData/CascadeAddonRecoveryProbe/probe-xbuwn_k1/Build/Build/Intermediates.noindex/AddonPlatform.build/Debug/ProbeContainer.build/CascadeAddonProbeContainer-project-headers.hmap -Xcc -I/Users/c4v4h/Library/Developer/Xcode/DerivedData/CascadeAddonRecoveryProbe/probe-xbuwn_k1/Build/Build/Products/Debug/include -Xcc -I/Users/c4v4h/Library/Developer/Xcode/DerivedData/CascadeAddonRecoveryProbe/probe-xbuwn_k1/Build/Build/Intermediates.noindex/AddonPlatform.build/Debug/ProbeContainer.build/DerivedSources-normal/x86_64 -Xcc -I/Users/c4v4h/Library/Developer/Xcode/DerivedData/CascadeAddonRecoveryProbe/probe-xbuwn_k1/Build/Build/Intermediates.noindex/AddonPlatform.build/Debug/ProbeContainer.build/DerivedSources/x86_64 -Xcc -I/Users/c4v4h/Library/Developer/Xcode/DerivedData/CascadeAddonRecoveryProbe/probe-xbuwn_k1/Build/Build/Intermediates.noindex/AddonPlatform.build/Debug/ProbeContainer.build/DerivedSources -emit-objc-header -emit-objc-header-path /Users/c4v4h/Library/Developer/Xcode/DerivedData/CascadeAddonRecoveryProbe/probe-xbuwn_k1/Build/Build/Intermediates.noindex/AddonPlatform.build/Debug/ProbeContainer.build/Objects-normal/x86_64/CascadeAddonProbeContainer-Swift.h -working-directory /Users/c4v4h/Library/Developer/Xcode/DerivedData/CascadeAddonRecoveryProbe/probe-xbuwn_k1/Sources -experimental-emit-module-separately -disable-cmo

Ld /Users/c4v4h/Library/Developer/Xcode/DerivedData/CascadeAddonRecoveryProbe/probe-xbuwn_k1/Build/Build/Intermediates.noindex/AddonPlatform.build/Debug/ProbeContainer.build/Objects-normal/x86_64/Binary/ProbeContainer normal x86_64 (in target 'ProbeContainer' from project 'AddonPlatform')
    cd /Users/c4v4h/Library/Developer/Xcode/DerivedData/CascadeAddonRecoveryProbe/probe-xbuwn_k1/Sources
    /Applications/Xcode-beta.app/Contents/Developer/Toolchains/XcodeDefault.xctoolchain/usr/bin/clang -Xlinker -reproducible -target x86_64-apple-macos14.0 -isysroot /Applications/Xcode-beta.app/Contents/Developer/Platforms/MacOSX.platform/Developer/SDKs/MacOSX27.0.sdk -Os -Xlinker -no_warn_duplicate_libraries -L/Users/c4v4h/Library/Developer/Xcode/DerivedData/CascadeAddonRecoveryProbe/probe-xbuwn_k1/Build/Build/Intermediates.noindex/EagerLinkingTBDs/Debug -L/Users/c4v4h/Library/Developer/Xcode/DerivedData/CascadeAddonRecoveryProbe/probe-xbuwn_k1/Build/Build/Products/Debug -F/Users/c4v4h/Library/Developer/Xcode/DerivedData/CascadeAddonRecoveryProbe/probe-xbuwn_k1/Build/Build/Intermediates.noindex/EagerLinkingTBDs/Debug -F/Users/c4v4h/Library/Developer/Xcode/DerivedData/CascadeAddonRecoveryProbe/probe-xbuwn_k1/Build/Build/Products/Debug -filelist /Users/c4v4h/Library/Developer/Xcode/DerivedData/CascadeAddonRecoveryProbe/probe-xbuwn_k1/Build/Build/Intermediates.noindex/AddonPlatform.build/Debug/ProbeContainer.build/Objects-normal/x86_64/CascadeAddonProbeContainer.LinkFileList -Xlinker -rpath -Xlinker /usr/lib/swift -Xlinker -object_path_lto -Xlinker /Users/c4v4h/Library/Developer/Xcode/DerivedData/CascadeAddonRecoveryProbe/probe-xbuwn_k1/Build/Build/Intermediates.noindex/AddonPlatform.build/Debug/ProbeContainer.build/Objects-normal/x86_64/CascadeAddonProbeContainer_lto.o -Xlinker -dependency_info -Xlinker /Users/c4v4h/Library/Developer/Xcode/DerivedData/CascadeAddonRecoveryProbe/probe-xbuwn_k1/Build/Build/Intermediates.noindex/AddonPlatform.build/Debug/ProbeContainer.build/Objects-normal/x86_64/CascadeAddonProbeContainer_dependency_info.dat -fobjc-link-runtime -L/Applications/Xcode-beta.app/Contents/Developer/Toolchains/XcodeDefault.xctoolchain/usr/lib/swift/macosx -L/usr/lib/swift -Xlinker -add_ast_path -Xlinker /Users/c4v4h/Library/Developer/Xcode/DerivedData/CascadeAddonRecoveryProbe/probe-xbuwn_k1/Build/Build/Intermediates.noindex/AddonPlatform.build/Debug/ProbeContainer.build/Objects-normal/x86_64/CascadeAddonProbeContainer.swiftmodule -Xlinker -no_adhoc_codesign -o /Users/c4v4h/Library/Developer/Xcode/DerivedData/CascadeAddonRecoveryProbe/probe-xbuwn_k1/Build/Build/Intermediates.noindex/AddonPlatform.build/Debug/ProbeContainer.build/Objects-normal/x86_64/Binary/ProbeContainer

SwiftDriverJobDiscovery normal arm64 Compiling ProbeContainer.swift (in target 'ProbeContainer' from project 'AddonPlatform')

SwiftDriver\ Compilation ProbeContainer normal arm64 com.apple.xcode.tools.swift.compiler (in target 'ProbeContainer' from project 'AddonPlatform')
    cd /Users/c4v4h/Library/Developer/Xcode/DerivedData/CascadeAddonRecoveryProbe/probe-xbuwn_k1/Sources
    builtin-Swift-Compilation -- /Applications/Xcode-beta.app/Contents/Developer/Toolchains/XcodeDefault.xctoolchain/usr/bin/swiftc -module-name CascadeAddonProbeContainer -Onone @/Users/c4v4h/Library/Developer/Xcode/DerivedData/CascadeAddonRecoveryProbe/probe-xbuwn_k1/Build/Build/Intermediates.noindex/AddonPlatform.build/Debug/ProbeContainer.build/Objects-normal/arm64/CascadeAddonProbeContainer.SwiftFileList -DDEBUG -DRECOVERY_PROBE -DBROKER_PROVIDER -enable-bare-slash-regex -enable-experimental-feature DebugDescriptionMacro -sdk /Applications/Xcode-beta.app/Contents/Developer/Platforms/MacOSX.platform/Developer/SDKs/MacOSX27.0.sdk -target arm64-apple-macos14.0 -g -module-cache-path /Users/c4v4h/Library/Developer/Xcode/DerivedData/CascadeAddonRecoveryProbe/probe-xbuwn_k1/Build/ModuleCache.noindex -Xfrontend -serialize-debugging-options -index-store-path /Users/c4v4h/Library/Developer/Xcode/DerivedData/CascadeAddonRecoveryProbe/probe-xbuwn_k1/Build/Index.noindex/DataStore -swift-version 5 -I /Users/c4v4h/Library/Developer/Xcode/DerivedData/CascadeAddonRecoveryProbe/probe-xbuwn_k1/Build/Build/Products/Debug -F /Users/c4v4h/Library/Developer/Xcode/DerivedData/CascadeAddonRecoveryProbe/probe-xbuwn_k1/Build/Build/Products/Debug -parse-as-library -c -j8 -enable-batch-mode -incremental -Xcc -ivfsstatcache -Xcc /Users/c4v4h/Library/Developer/Xcode/DerivedData/CascadeAddonRecoveryProbe/probe-xbuwn_k1/Build/SDKStatCaches.noindex/macosx27.0-26A5419a-e829b21a6f8c9b70876ba0858053c04445874285e5972fffeae925c4ab065928.sdkstatcache -output-file-map /Users/c4v4h/Library/Developer/Xcode/DerivedData/CascadeAddonRecoveryProbe/probe-xbuwn_k1/Build/Build/Intermediates.noindex/AddonPlatform.build/Debug/ProbeContainer.build/Objects-normal/arm64/ProbeContainer-OutputFileMap.json -save-temps -no-color-diagnostics -explicit-module-build -module-cache-path /Users/c4v4h/Library/Developer/Xcode/DerivedData/CascadeAddonRecoveryProbe/probe-xbuwn_k1/Build/Build/Intermediates.noindex/SwiftExplicitPrecompiledModules -clang-scanner-module-cache-path /Users/c4v4h/Library/Developer/Xcode/DerivedData/CascadeAddonRecoveryProbe/probe-xbuwn_k1/Build/ModuleCache.noindex -sdk-module-cache-path /Users/c4v4h/Library/Developer/Xcode/DerivedData/CascadeAddonRecoveryProbe/probe-xbuwn_k1/Build/SDKExplicitPrecompiledModules -emit-dependencies -emit-module -emit-module-path /Users/c4v4h/Library/Developer/Xcode/DerivedData/CascadeAddonRecoveryProbe/probe-xbuwn_k1/Build/Build/Intermediates.noindex/AddonPlatform.build/Debug/ProbeContainer.build/Objects-normal/arm64/CascadeAddonProbeContainer.swiftmodule -serialize-diagnostics -dependency-scan-serialize-diagnostics-path /Users/c4v4h/Library/Developer/Xcode/DerivedData/CascadeAddonRecoveryProbe/probe-xbuwn_k1/Build/Build/Intermediates.noindex/AddonPlatform.build/Debug/ProbeContainer.build/Objects-normal/arm64/CascadeAddonProbeContainer-dependency-scan.dia -validate-clang-modules-once -clang-build-session-file /Users/c4v4h/Library/Developer/Xcode/DerivedData/CascadeAddonRecoveryProbe/probe-xbuwn_k1/Build/ModuleCache.noindex/Session.modulevalidation -Xcc -fmodules-prune-interval\=86400 -Xcc -fmodules-prune-after\=345600 -emit-const-values -const-gather-protocols-list /Users/c4v4h/Library/Developer/Xcode/DerivedData/CascadeAddonRecoveryProbe/probe-xbuwn_k1/Build/Build/Intermediates.noindex/AddonPlatform.build/Debug/ProbeContainer.build/Objects-normal/arm64/ProbeContainer_const_extract_protocols.json -Xcc -iquote -Xcc /Users/c4v4h/Library/Developer/Xcode/DerivedData/CascadeAddonRecoveryProbe/probe-xbuwn_k1/Build/Build/Intermediates.noindex/AddonPlatform.build/Debug/ProbeContainer.build/CascadeAddonProbeContainer-generated-files.hmap -Xcc -I/Users/c4v4h/Library/Developer/Xcode/DerivedData/CascadeAddonRecoveryProbe/probe-xbuwn_k1/Build/Build/Intermediates.noindex/AddonPlatform.build/Debug/ProbeContainer.build/CascadeAddonProbeContainer-own-target-headers.hmap -Xcc -I/Users/c4v4h/Library/Developer/Xcode/DerivedData/CascadeAddonRecoveryProbe/probe-xbuwn_k1/Build/Build/Intermediates.noindex/AddonPlatform.build/Debug/ProbeContainer.build/CascadeAddonProbeContainer-all-target-headers.hmap -Xcc -iquote -Xcc /Users/c4v4h/Library/Developer/Xcode/DerivedData/CascadeAddonRecoveryProbe/probe-xbuwn_k1/Build/Build/Intermediates.noindex/AddonPlatform.build/Debug/ProbeContainer.build/CascadeAddonProbeContainer-project-headers.hmap -Xcc -I/Users/c4v4h/Library/Developer/Xcode/DerivedData/CascadeAddonRecoveryProbe/probe-xbuwn_k1/Build/Build/Products/Debug/include -Xcc -I/Users/c4v4h/Library/Developer/Xcode/DerivedData/CascadeAddonRecoveryProbe/probe-xbuwn_k1/Build/Build/Intermediates.noindex/AddonPlatform.build/Debug/ProbeContainer.build/DerivedSources-normal/arm64 -Xcc -I/Users/c4v4h/Library/Developer/Xcode/DerivedData/CascadeAddonRecoveryProbe/probe-xbuwn_k1/Build/Build/Intermediates.noindex/AddonPlatform.build/Debug/ProbeContainer.build/DerivedSources/arm64 -Xcc -I/Users/c4v4h/Library/Developer/Xcode/DerivedData/CascadeAddonRecoveryProbe/probe-xbuwn_k1/Build/Build/Intermediates.noindex/AddonPlatform.build/Debug/ProbeContainer.build/DerivedSources -emit-objc-header -emit-objc-header-path /Users/c4v4h/Library/Developer/Xcode/DerivedData/CascadeAddonRecoveryProbe/probe-xbuwn_k1/Build/Build/Intermediates.noindex/AddonPlatform.build/Debug/ProbeContainer.build/Objects-normal/arm64/CascadeAddonProbeContainer-Swift.h -working-directory /Users/c4v4h/Library/Developer/Xcode/DerivedData/CascadeAddonRecoveryProbe/probe-xbuwn_k1/Sources -experimental-emit-module-separately -disable-cmo

Ld /Users/c4v4h/Library/Developer/Xcode/DerivedData/CascadeAddonRecoveryProbe/probe-xbuwn_k1/Build/Build/Intermediates.noindex/AddonPlatform.build/Debug/ProbeContainer.build/Objects-normal/arm64/Binary/ProbeContainer normal arm64 (in target 'ProbeContainer' from project 'AddonPlatform')
    cd /Users/c4v4h/Library/Developer/Xcode/DerivedData/CascadeAddonRecoveryProbe/probe-xbuwn_k1/Sources
    /Applications/Xcode-beta.app/Contents/Developer/Toolchains/XcodeDefault.xctoolchain/usr/bin/clang -Xlinker -reproducible -target arm64-apple-macos14.0 -isysroot /Applications/Xcode-beta.app/Contents/Developer/Platforms/MacOSX.platform/Developer/SDKs/MacOSX27.0.sdk -Os -Xlinker -no_warn_duplicate_libraries -L/Users/c4v4h/Library/Developer/Xcode/DerivedData/CascadeAddonRecoveryProbe/probe-xbuwn_k1/Build/Build/Intermediates.noindex/EagerLinkingTBDs/Debug -L/Users/c4v4h/Library/Developer/Xcode/DerivedData/CascadeAddonRecoveryProbe/probe-xbuwn_k1/Build/Build/Products/Debug -F/Users/c4v4h/Library/Developer/Xcode/DerivedData/CascadeAddonRecoveryProbe/probe-xbuwn_k1/Build/Build/Intermediates.noindex/EagerLinkingTBDs/Debug -F/Users/c4v4h/Library/Developer/Xcode/DerivedData/CascadeAddonRecoveryProbe/probe-xbuwn_k1/Build/Build/Products/Debug -filelist /Users/c4v4h/Library/Developer/Xcode/DerivedData/CascadeAddonRecoveryProbe/probe-xbuwn_k1/Build/Build/Intermediates.noindex/AddonPlatform.build/Debug/ProbeContainer.build/Objects-normal/arm64/CascadeAddonProbeContainer.LinkFileList -Xlinker -rpath -Xlinker /usr/lib/swift -Xlinker -object_path_lto -Xlinker /Users/c4v4h/Library/Developer/Xcode/DerivedData/CascadeAddonRecoveryProbe/probe-xbuwn_k1/Build/Build/Intermediates.noindex/AddonPlatform.build/Debug/ProbeContainer.build/Objects-normal/arm64/CascadeAddonProbeContainer_lto.o -Xlinker -dependency_info -Xlinker /Users/c4v4h/Library/Developer/Xcode/DerivedData/CascadeAddonRecoveryProbe/probe-xbuwn_k1/Build/Build/Intermediates.noindex/AddonPlatform.build/Debug/ProbeContainer.build/Objects-normal/arm64/CascadeAddonProbeContainer_dependency_info.dat -fobjc-link-runtime -L/Applications/Xcode-beta.app/Contents/Developer/Toolchains/XcodeDefault.xctoolchain/usr/lib/swift/macosx -L/usr/lib/swift -Xlinker -add_ast_path -Xlinker /Users/c4v4h/Library/Developer/Xcode/DerivedData/CascadeAddonRecoveryProbe/probe-xbuwn_k1/Build/Build/Intermediates.noindex/AddonPlatform.build/Debug/ProbeContainer.build/Objects-normal/arm64/CascadeAddonProbeContainer.swiftmodule -Xlinker -no_adhoc_codesign -o /Users/c4v4h/Library/Developer/Xcode/DerivedData/CascadeAddonRecoveryProbe/probe-xbuwn_k1/Build/Build/Intermediates.noindex/AddonPlatform.build/Debug/ProbeContainer.build/Objects-normal/arm64/Binary/ProbeContainer

CreateUniversalBinary /Users/c4v4h/Library/Developer/Xcode/DerivedData/CascadeAddonRecoveryProbe/probe-xbuwn_k1/Build/Build/Products/Debug/CascadeAddonProbeContainer.app/Contents/MacOS/ProbeContainer normal arm64\ x86_64 (in target 'ProbeContainer' from project 'AddonPlatform')
    cd /Users/c4v4h/Library/Developer/Xcode/DerivedData/CascadeAddonRecoveryProbe/probe-xbuwn_k1/Sources
    /Applications/Xcode-beta.app/Contents/Developer/Toolchains/XcodeDefault.xctoolchain/usr/bin/lipo -create /Users/c4v4h/Library/Developer/Xcode/DerivedData/CascadeAddonRecoveryProbe/probe-xbuwn_k1/Build/Build/Intermediates.noindex/AddonPlatform.build/Debug/ProbeContainer.build/Objects-normal/arm64/Binary/ProbeContainer /Users/c4v4h/Library/Developer/Xcode/DerivedData/CascadeAddonRecoveryProbe/probe-xbuwn_k1/Build/Build/Intermediates.noindex/AddonPlatform.build/Debug/ProbeContainer.build/Objects-normal/x86_64/Binary/ProbeContainer -output /Users/c4v4h/Library/Developer/Xcode/DerivedData/CascadeAddonRecoveryProbe/probe-xbuwn_k1/Build/Build/Products/Debug/CascadeAddonProbeContainer.app/Contents/MacOS/ProbeContainer

Copy /Users/c4v4h/Library/Developer/Xcode/DerivedData/CascadeAddonRecoveryProbe/probe-xbuwn_k1/Build/Build/Products/Debug/CascadeAddonProbeContainer.app/Contents/Extensions/CascadeProbeProvider.appex /Users/c4v4h/Library/Developer/Xcode/DerivedData/CascadeAddonRecoveryProbe/probe-xbuwn_k1/Build/Build/Products/Debug/CascadeProbeProvider.appex (in target 'ProbeContainer' from project 'AddonPlatform')
    cd /Users/c4v4h/Library/Developer/Xcode/DerivedData/CascadeAddonRecoveryProbe/probe-xbuwn_k1/Sources
    builtin-copy -exclude .DS_Store -exclude CVS -exclude .svn -exclude .git -exclude .hg -exclude Headers -exclude PrivateHeaders -exclude Modules -exclude \*.tbd -strip-unsigned-binaries -strip-deterministic -strip-tool /Applications/Xcode-beta.app/Contents/Developer/Toolchains/XcodeDefault.xctoolchain/usr/bin/strip -resolve-src-symlinks -remove-static-executable /Users/c4v4h/Library/Developer/Xcode/DerivedData/CascadeAddonRecoveryProbe/probe-xbuwn_k1/Build/Build/Products/Debug/CascadeProbeProvider.appex /Users/c4v4h/Library/Developer/Xcode/DerivedData/CascadeAddonRecoveryProbe/probe-xbuwn_k1/Build/Build/Products/Debug/CascadeAddonProbeContainer.app/Contents/Extensions
warning: not stripping binary because it is signed: /Users/c4v4h/Library/Developer/Xcode/DerivedData/CascadeAddonRecoveryProbe/probe-xbuwn_k1/Build/Build/Products/Debug/CascadeProbeProvider.appex/Contents/MacOS/ProbeProvider (in target 'ProbeContainer' from project 'AddonPlatform')

ProcessInfoPlistFile /Users/c4v4h/Library/Developer/Xcode/DerivedData/CascadeAddonRecoveryProbe/probe-xbuwn_k1/Build/Build/Products/Debug/CascadeAddonProbeContainer.app/Contents/Info.plist /Users/c4v4h/Library/Developer/Xcode/DerivedData/CascadeAddonRecoveryProbe/probe-xbuwn_k1/Sources/Container/Info.plist (in target 'ProbeContainer' from project 'AddonPlatform')
    cd /Users/c4v4h/Library/Developer/Xcode/DerivedData/CascadeAddonRecoveryProbe/probe-xbuwn_k1/Sources
    builtin-infoPlistUtility /Users/c4v4h/Library/Developer/Xcode/DerivedData/CascadeAddonRecoveryProbe/probe-xbuwn_k1/Sources/Container/Info.plist -producttype com.apple.product-type.application -genpkginfo /Users/c4v4h/Library/Developer/Xcode/DerivedData/CascadeAddonRecoveryProbe/probe-xbuwn_k1/Build/Build/Products/Debug/CascadeAddonProbeContainer.app/Contents/PkgInfo -expandbuildsettings -platform macosx -scanforprivacyfile /Users/c4v4h/Library/Developer/Xcode/DerivedData/CascadeAddonRecoveryProbe/probe-xbuwn_k1/Build/Build/Products/Debug/CascadeAddonProbeContainer.app/Contents/Extensions/CascadeProbeProvider.appex -o /Users/c4v4h/Library/Developer/Xcode/DerivedData/CascadeAddonRecoveryProbe/probe-xbuwn_k1/Build/Build/Products/Debug/CascadeAddonProbeContainer.app/Contents/Info.plist

CopySwiftLibs /Users/c4v4h/Library/Developer/Xcode/DerivedData/CascadeAddonRecoveryProbe/probe-xbuwn_k1/Build/Build/Products/Debug/CascadeAddonProbeContainer.app (in target 'ProbeContainer' from project 'AddonPlatform')
    cd /Users/c4v4h/Library/Developer/Xcode/DerivedData/CascadeAddonRecoveryProbe/probe-xbuwn_k1/Sources
    builtin-swiftStdLibTool --copy --verbose --sign 4A857D842A5406C2D3071776FDE7B27B3098FE63 --scan-executable /Users/c4v4h/Library/Developer/Xcode/DerivedData/CascadeAddonRecoveryProbe/probe-xbuwn_k1/Build/Build/Products/Debug/CascadeAddonProbeContainer.app/Contents/MacOS/ProbeContainer --scan-folder /Users/c4v4h/Library/Developer/Xcode/DerivedData/CascadeAddonRecoveryProbe/probe-xbuwn_k1/Build/Build/Products/Debug/CascadeAddonProbeContainer.app/Contents/Frameworks --scan-folder /Users/c4v4h/Library/Developer/Xcode/DerivedData/CascadeAddonRecoveryProbe/probe-xbuwn_k1/Build/Build/Products/Debug/CascadeAddonProbeContainer.app/Contents/PlugIns --scan-folder /Users/c4v4h/Library/Developer/Xcode/DerivedData/CascadeAddonRecoveryProbe/probe-xbuwn_k1/Build/Build/Products/Debug/CascadeAddonProbeContainer.app/Contents/Library/SystemExtensions --scan-folder /Users/c4v4h/Library/Developer/Xcode/DerivedData/CascadeAddonRecoveryProbe/probe-xbuwn_k1/Build/Build/Products/Debug/CascadeAddonProbeContainer.app/Contents/Extensions --platform macosx --toolchain /var/run/com.apple.security.cryptexd/mnt/com.apple.MobileAsset.MetalToolchain-v27.1.5252.6.a2EVDm/Metal.xctoolchain --toolchain /Applications/Xcode-beta.app/Contents/Developer/Toolchains/XcodeDefault.xctoolchain --destination /Users/c4v4h/Library/Developer/Xcode/DerivedData/CascadeAddonRecoveryProbe/probe-xbuwn_k1/Build/Build/Products/Debug/CascadeAddonProbeContainer.app/Contents/Frameworks --strip-bitcode --strip-bitcode-tool /Applications/Xcode-beta.app/Contents/Developer/Toolchains/XcodeDefault.xctoolchain/usr/bin/bitcode_strip --emit-dependency-info /Users/c4v4h/Library/Developer/Xcode/DerivedData/CascadeAddonRecoveryProbe/probe-xbuwn_k1/Build/Build/Intermediates.noindex/AddonPlatform.build/Debug/ProbeContainer.build/SwiftStdLibToolInputDependencies.dep --filter-for-swift-os --back-deploy-swift-span

ExtractAppIntentsMetadata (in target 'ProbeContainer' from project 'AddonPlatform')
    cd /Users/c4v4h/Library/Developer/Xcode/DerivedData/CascadeAddonRecoveryProbe/probe-xbuwn_k1/Sources
    /Applications/Xcode-beta.app/Contents/Developer/Toolchains/XcodeDefault.xctoolchain/usr/bin/appintentsmetadataprocessor --toolchain-dir /var/run/com.apple.security.cryptexd/mnt/com.apple.MobileAsset.MetalToolchain-v27.1.5252.6.a2EVDm/Metal.xctoolchain --module-name CascadeAddonProbeContainer --sdk-root /Applications/Xcode-beta.app/Contents/Developer/Platforms/MacOSX.platform/Developer/SDKs/MacOSX27.0.sdk --xcode-version 27A5252f --platform-family macOS --deployment-target 14.0 --bundle-identifier hylo.Cascade.AddonProbeContainer --output /Users/c4v4h/Library/Developer/Xcode/DerivedData/CascadeAddonRecoveryProbe/probe-xbuwn_k1/Build/Build/Products/Debug/CascadeAddonProbeContainer.app/Contents/Resources --target-triple arm64-apple-macos14.0 --target-triple x86_64-apple-macos14.0 --binary-file /Users/c4v4h/Library/Developer/Xcode/DerivedData/CascadeAddonRecoveryProbe/probe-xbuwn_k1/Build/Build/Products/Debug/CascadeAddonProbeContainer.app/Contents/MacOS/ProbeContainer --dependency-file /Users/c4v4h/Library/Developer/Xcode/DerivedData/CascadeAddonRecoveryProbe/probe-xbuwn_k1/Build/Build/Intermediates.noindex/AddonPlatform.build/Debug/ProbeContainer.build/Objects-normal/arm64/CascadeAddonProbeContainer_dependency_info.dat --dependency-file /Users/c4v4h/Library/Developer/Xcode/DerivedData/CascadeAddonRecoveryProbe/probe-xbuwn_k1/Build/Build/Intermediates.noindex/AddonPlatform.build/Debug/ProbeContainer.build/Objects-normal/x86_64/CascadeAddonProbeContainer_dependency_info.dat --stringsdata-file /Users/c4v4h/Library/Developer/Xcode/DerivedData/CascadeAddonRecoveryProbe/probe-xbuwn_k1/Build/Build/Intermediates.noindex/AddonPlatform.build/Debug/ProbeContainer.build/Objects-normal/arm64/ExtractedAppShortcutsMetadata.stringsdata --stringsdata-file /Users/c4v4h/Library/Developer/Xcode/DerivedData/CascadeAddonRecoveryProbe/probe-xbuwn_k1/Build/Build/Intermediates.noindex/AddonPlatform.build/Debug/ProbeContainer.build/Objects-normal/x86_64/ExtractedAppShortcutsMetadata.stringsdata --source-file-list /Users/c4v4h/Library/Developer/Xcode/DerivedData/CascadeAddonRecoveryProbe/probe-xbuwn_k1/Build/Build/Intermediates.noindex/AddonPlatform.build/Debug/ProbeContainer.build/Objects-normal/arm64/CascadeAddonProbeContainer.SwiftFileList --source-file-list /Users/c4v4h/Library/Developer/Xcode/DerivedData/CascadeAddonRecoveryProbe/probe-xbuwn_k1/Build/Build/Intermediates.noindex/AddonPlatform.build/Debug/ProbeContainer.build/Objects-normal/x86_64/CascadeAddonProbeContainer.SwiftFileList --metadata-file-list /Users/c4v4h/Library/Developer/Xcode/DerivedData/CascadeAddonRecoveryProbe/probe-xbuwn_k1/Build/Build/Intermediates.noindex/AddonPlatform.build/Debug/ProbeContainer.build/CascadeAddonProbeContainer.DependencyMetadataFileList --static-metadata-file-list /Users/c4v4h/Library/Developer/Xcode/DerivedData/CascadeAddonRecoveryProbe/probe-xbuwn_k1/Build/Build/Intermediates.noindex/AddonPlatform.build/Debug/ProbeContainer.build/CascadeAddonProbeContainer.DependencyStaticMetadataFileList --swift-const-vals-list /Users/c4v4h/Library/Developer/Xcode/DerivedData/CascadeAddonRecoveryProbe/probe-xbuwn_k1/Build/Build/Intermediates.noindex/AddonPlatform.build/Debug/ProbeContainer.build/Objects-normal/arm64/CascadeAddonProbeContainer.SwiftConstValuesFileList --swift-const-vals-list /Users/c4v4h/Library/Developer/Xcode/DerivedData/CascadeAddonRecoveryProbe/probe-xbuwn_k1/Build/Build/Intermediates.noindex/AddonPlatform.build/Debug/ProbeContainer.build/Objects-normal/x86_64/CascadeAddonProbeContainer.SwiftConstValuesFileList --compile-time-extraction --deployment-aware-processing --no-app-shortcuts-localization
2026-09-25 17:24:53.330 appintentsmetadataprocessor[59176:1983818] Starting appintentsmetadataprocessor export
2026-09-25 17:24:53.332 appintentsmetadataprocessor[59176:1983818] warning: Metadata extraction skipped, no AppIntents.framework dependency found

CodeSign /Users/c4v4h/Library/Developer/Xcode/DerivedData/CascadeAddonRecoveryProbe/probe-xbuwn_k1/Build/Build/Products/Debug/CascadeAddonProbeContainer.app (in target 'ProbeContainer' from project 'AddonPlatform')
    cd /Users/c4v4h/Library/Developer/Xcode/DerivedData/CascadeAddonRecoveryProbe/probe-xbuwn_k1/Sources
    
    Signing Identity:     "Apple Development: cavallerolore@icloud.com (MRZYW8THXH)"
    
    /usr/bin/codesign --force --sign 4A857D842A5406C2D3071776FDE7B27B3098FE63 -o runtime --timestamp\=none --generate-entitlement-der /Users/c4v4h/Library/Developer/Xcode/DerivedData/CascadeAddonRecoveryProbe/probe-xbuwn_k1/Build/Build/Products/Debug/CascadeAddonProbeContainer.app

ValidateEmbeddedBinary /Users/c4v4h/Library/Developer/Xcode/DerivedData/CascadeAddonRecoveryProbe/probe-xbuwn_k1/Build/Build/Products/Debug/CascadeAddonProbeContainer.app/Contents/Extensions/CascadeProbeProvider.appex (in target 'ProbeContainer' from project 'AddonPlatform')
    cd /Users/c4v4h/Library/Developer/Xcode/DerivedData/CascadeAddonRecoveryProbe/probe-xbuwn_k1/Sources
    /Applications/Xcode-beta.app/Contents/Developer/usr/bin/embeddedBinaryValidationUtility /Users/c4v4h/Library/Developer/Xcode/DerivedData/CascadeAddonRecoveryProbe/probe-xbuwn_k1/Build/Build/Products/Debug/CascadeAddonProbeContainer.app/Contents/Extensions/CascadeProbeProvider.appex -signing-cert 4A857D842A5406C2D3071776FDE7B27B3098FE63 -info-plist-path /Users/c4v4h/Library/Developer/Xcode/DerivedData/CascadeAddonRecoveryProbe/probe-xbuwn_k1/Build/Build/Products/Debug/CascadeAddonProbeContainer.app/Contents/Info.plist

RegisterExecutionPolicyException /Users/c4v4h/Library/Developer/Xcode/DerivedData/CascadeAddonRecoveryProbe/probe-xbuwn_k1/Build/Build/Products/Debug/CascadeAddonProbeContainer.app (in target 'ProbeContainer' from project 'AddonPlatform')
    cd /Users/c4v4h/Library/Developer/Xcode/DerivedData/CascadeAddonRecoveryProbe/probe-xbuwn_k1/Sources
    builtin-RegisterExecutionPolicyException /Users/c4v4h/Library/Developer/Xcode/DerivedData/CascadeAddonRecoveryProbe/probe-xbuwn_k1/Build/Build/Products/Debug/CascadeAddonProbeContainer.app

Validate /Users/c4v4h/Library/Developer/Xcode/DerivedData/CascadeAddonRecoveryProbe/probe-xbuwn_k1/Build/Build/Products/Debug/CascadeAddonProbeContainer.app (in target 'ProbeContainer' from project 'AddonPlatform')
    cd /Users/c4v4h/Library/Developer/Xcode/DerivedData/CascadeAddonRecoveryProbe/probe-xbuwn_k1/Sources
    builtin-validationUtility /Users/c4v4h/Library/Developer/Xcode/DerivedData/CascadeAddonRecoveryProbe/probe-xbuwn_k1/Build/Build/Products/Debug/CascadeAddonProbeContainer.app -no-validate-extension -infoplist-subpath Contents/Info.plist

Touch /Users/c4v4h/Library/Developer/Xcode/DerivedData/CascadeAddonRecoveryProbe/probe-xbuwn_k1/Build/Build/Products/Debug/CascadeAddonProbeContainer.app (in target 'ProbeContainer' from project 'AddonPlatform')
    cd /Users/c4v4h/Library/Developer/Xcode/DerivedData/CascadeAddonRecoveryProbe/probe-xbuwn_k1/Sources
    /usr/bin/touch -c /Users/c4v4h/Library/Developer/Xcode/DerivedData/CascadeAddonRecoveryProbe/probe-xbuwn_k1/Build/Build/Products/Debug/CascadeAddonProbeContainer.app

RegisterWithLaunchServices /Users/c4v4h/Library/Developer/Xcode/DerivedData/CascadeAddonRecoveryProbe/probe-xbuwn_k1/Build/Build/Products/Debug/CascadeAddonProbeContainer.app (in target 'ProbeContainer' from project 'AddonPlatform')
    cd /Users/c4v4h/Library/Developer/Xcode/DerivedData/CascadeAddonRecoveryProbe/probe-xbuwn_k1/Sources
    builtin-lsregisterurl --record-path /Users/c4v4h/Library/Developer/Xcode/DerivedData/CascadeAddonRecoveryProbe/probe-xbuwn_k1/Build/Build/Intermediates.noindex/XCBuildData/registered-launchservices.txt -- /System/Library/Frameworks/CoreServices.framework/Versions/Current/Frameworks/LaunchServices.framework/Versions/Current/Support/lsregister -f -R -trusted /Users/c4v4h/Library/Developer/Xcode/DerivedData/CascadeAddonRecoveryProbe/probe-xbuwn_k1/Build/Build/Products/Debug/CascadeAddonProbeContainer.app

SwiftDriverJobDiscovery normal arm64 Compiling ProbeHost.swift (in target 'ProbeHost' from project 'AddonPlatform')

SwiftDriver\ Compilation ProbeHost normal arm64 com.apple.xcode.tools.swift.compiler (in target 'ProbeHost' from project 'AddonPlatform')
    cd /Users/c4v4h/Library/Developer/Xcode/DerivedData/CascadeAddonRecoveryProbe/probe-xbuwn_k1/Sources
    builtin-Swift-Compilation -- /Applications/Xcode-beta.app/Contents/Developer/Toolchains/XcodeDefault.xctoolchain/usr/bin/swiftc -module-name CascadeAddonProbe -Onone @/Users/c4v4h/Library/Developer/Xcode/DerivedData/CascadeAddonRecoveryProbe/probe-xbuwn_k1/Build/Build/Intermediates.noindex/AddonPlatform.build/Debug/ProbeHost.build/Objects-normal/arm64/CascadeAddonProbe.SwiftFileList -DDEBUG -DRECOVERY_PROBE -DBROKER_PROVIDER -enable-bare-slash-regex -enable-experimental-feature DebugDescriptionMacro -sdk /Applications/Xcode-beta.app/Contents/Developer/Platforms/MacOSX.platform/Developer/SDKs/MacOSX27.0.sdk -target arm64-apple-macos14.0 -g -module-cache-path /Users/c4v4h/Library/Developer/Xcode/DerivedData/CascadeAddonRecoveryProbe/probe-xbuwn_k1/Build/ModuleCache.noindex -Xfrontend -serialize-debugging-options -index-store-path /Users/c4v4h/Library/Developer/Xcode/DerivedData/CascadeAddonRecoveryProbe/probe-xbuwn_k1/Build/Index.noindex/DataStore -swift-version 5 -I /Users/c4v4h/Library/Developer/Xcode/DerivedData/CascadeAddonRecoveryProbe/probe-xbuwn_k1/Build/Build/Products/Debug -F /Users/c4v4h/Library/Developer/Xcode/DerivedData/CascadeAddonRecoveryProbe/probe-xbuwn_k1/Build/Build/Products/Debug -c -j8 -enable-batch-mode -incremental -Xcc -ivfsstatcache -Xcc /Users/c4v4h/Library/Developer/Xcode/DerivedData/CascadeAddonRecoveryProbe/probe-xbuwn_k1/Build/SDKStatCaches.noindex/macosx27.0-26A5419a-e829b21a6f8c9b70876ba0858053c04445874285e5972fffeae925c4ab065928.sdkstatcache -output-file-map /Users/c4v4h/Library/Developer/Xcode/DerivedData/CascadeAddonRecoveryProbe/probe-xbuwn_k1/Build/Build/Intermediates.noindex/AddonPlatform.build/Debug/ProbeHost.build/Objects-normal/arm64/ProbeHost-OutputFileMap.json -save-temps -no-color-diagnostics -explicit-module-build -module-cache-path /Users/c4v4h/Library/Developer/Xcode/DerivedData/CascadeAddonRecoveryProbe/probe-xbuwn_k1/Build/Build/Intermediates.noindex/SwiftExplicitPrecompiledModules -clang-scanner-module-cache-path /Users/c4v4h/Library/Developer/Xcode/DerivedData/CascadeAddonRecoveryProbe/probe-xbuwn_k1/Build/ModuleCache.noindex -sdk-module-cache-path /Users/c4v4h/Library/Developer/Xcode/DerivedData/CascadeAddonRecoveryProbe/probe-xbuwn_k1/Build/SDKExplicitPrecompiledModules -emit-dependencies -emit-module -emit-module-path /Users/c4v4h/Library/Developer/Xcode/DerivedData/CascadeAddonRecoveryProbe/probe-xbuwn_k1/Build/Build/Intermediates.noindex/AddonPlatform.build/Debug/ProbeHost.build/Objects-normal/arm64/CascadeAddonProbe.swiftmodule -serialize-diagnostics -dependency-scan-serialize-diagnostics-path /Users/c4v4h/Library/Developer/Xcode/DerivedData/CascadeAddonRecoveryProbe/probe-xbuwn_k1/Build/Build/Intermediates.noindex/AddonPlatform.build/Debug/ProbeHost.build/Objects-normal/arm64/CascadeAddonProbe-dependency-scan.dia -validate-clang-modules-once -clang-build-session-file /Users/c4v4h/Library/Developer/Xcode/DerivedData/CascadeAddonRecoveryProbe/probe-xbuwn_k1/Build/ModuleCache.noindex/Session.modulevalidation -Xcc -fmodules-prune-interval\=86400 -Xcc -fmodules-prune-after\=345600 -emit-const-values -const-gather-protocols-list /Users/c4v4h/Library/Developer/Xcode/DerivedData/CascadeAddonRecoveryProbe/probe-xbuwn_k1/Build/Build/Intermediates.noindex/AddonPlatform.build/Debug/ProbeHost.build/Objects-normal/arm64/ProbeHost_const_extract_protocols.json -Xcc -iquote -Xcc /Users/c4v4h/Library/Developer/Xcode/DerivedData/CascadeAddonRecoveryProbe/probe-xbuwn_k1/Build/Build/Intermediates.noindex/AddonPlatform.build/Debug/ProbeHost.build/CascadeAddonProbe-generated-files.hmap -Xcc -I/Users/c4v4h/Library/Developer/Xcode/DerivedData/CascadeAddonRecoveryProbe/probe-xbuwn_k1/Build/Build/Intermediates.noindex/AddonPlatform.build/Debug/ProbeHost.build/CascadeAddonProbe-own-target-headers.hmap -Xcc -I/Users/c4v4h/Library/Developer/Xcode/DerivedData/CascadeAddonRecoveryProbe/probe-xbuwn_k1/Build/Build/Intermediates.noindex/AddonPlatform.build/Debug/ProbeHost.build/CascadeAddonProbe-all-target-headers.hmap -Xcc -iquote -Xcc /Users/c4v4h/Library/Developer/Xcode/DerivedData/CascadeAddonRecoveryProbe/probe-xbuwn_k1/Build/Build/Intermediates.noindex/AddonPlatform.build/Debug/ProbeHost.build/CascadeAddonProbe-project-headers.hmap -Xcc -I/Users/c4v4h/Library/Developer/Xcode/DerivedData/CascadeAddonRecoveryProbe/probe-xbuwn_k1/Build/Build/Products/Debug/include -Xcc -I/Users/c4v4h/Library/Developer/Xcode/DerivedData/CascadeAddonRecoveryProbe/probe-xbuwn_k1/Build/Build/Intermediates.noindex/AddonPlatform.build/Debug/ProbeHost.build/DerivedSources-normal/arm64 -Xcc -I/Users/c4v4h/Library/Developer/Xcode/DerivedData/CascadeAddonRecoveryProbe/probe-xbuwn_k1/Build/Build/Intermediates.noindex/AddonPlatform.build/Debug/ProbeHost.build/DerivedSources/arm64 -Xcc -I/Users/c4v4h/Library/Developer/Xcode/DerivedData/CascadeAddonRecoveryProbe/probe-xbuwn_k1/Build/Build/Intermediates.noindex/AddonPlatform.build/Debug/ProbeHost.build/DerivedSources -emit-objc-header -emit-objc-header-path /Users/c4v4h/Library/Developer/Xcode/DerivedData/CascadeAddonRecoveryProbe/probe-xbuwn_k1/Build/Build/Intermediates.noindex/AddonPlatform.build/Debug/ProbeHost.build/Objects-normal/arm64/CascadeAddonProbe-Swift.h -working-directory /Users/c4v4h/Library/Developer/Xcode/DerivedData/CascadeAddonRecoveryProbe/probe-xbuwn_k1/Sources -experimental-emit-module-separately -disable-cmo

Ld /Users/c4v4h/Library/Developer/Xcode/DerivedData/CascadeAddonRecoveryProbe/probe-xbuwn_k1/Build/Build/Intermediates.noindex/AddonPlatform.build/Debug/ProbeHost.build/Objects-normal/arm64/Binary/ProbeHost normal arm64 (in target 'ProbeHost' from project 'AddonPlatform')
    cd /Users/c4v4h/Library/Developer/Xcode/DerivedData/CascadeAddonRecoveryProbe/probe-xbuwn_k1/Sources
    /Applications/Xcode-beta.app/Contents/Developer/Toolchains/XcodeDefault.xctoolchain/usr/bin/clang -Xlinker -reproducible -target arm64-apple-macos14.0 -isysroot /Applications/Xcode-beta.app/Contents/Developer/Platforms/MacOSX.platform/Developer/SDKs/MacOSX27.0.sdk -Os -Xlinker -no_warn_duplicate_libraries -L/Users/c4v4h/Library/Developer/Xcode/DerivedData/CascadeAddonRecoveryProbe/probe-xbuwn_k1/Build/Build/Intermediates.noindex/EagerLinkingTBDs/Debug -L/Users/c4v4h/Library/Developer/Xcode/DerivedData/CascadeAddonRecoveryProbe/probe-xbuwn_k1/Build/Build/Products/Debug -F/Users/c4v4h/Library/Developer/Xcode/DerivedData/CascadeAddonRecoveryProbe/probe-xbuwn_k1/Build/Build/Intermediates.noindex/EagerLinkingTBDs/Debug -F/Users/c4v4h/Library/Developer/Xcode/DerivedData/CascadeAddonRecoveryProbe/probe-xbuwn_k1/Build/Build/Products/Debug -filelist /Users/c4v4h/Library/Developer/Xcode/DerivedData/CascadeAddonRecoveryProbe/probe-xbuwn_k1/Build/Build/Intermediates.noindex/AddonPlatform.build/Debug/ProbeHost.build/Objects-normal/arm64/CascadeAddonProbe.LinkFileList -Xlinker -rpath -Xlinker /usr/lib/swift -Xlinker -object_path_lto -Xlinker /Users/c4v4h/Library/Developer/Xcode/DerivedData/CascadeAddonRecoveryProbe/probe-xbuwn_k1/Build/Build/Intermediates.noindex/AddonPlatform.build/Debug/ProbeHost.build/Objects-normal/arm64/CascadeAddonProbe_lto.o -Xlinker -dependency_info -Xlinker /Users/c4v4h/Library/Developer/Xcode/DerivedData/CascadeAddonRecoveryProbe/probe-xbuwn_k1/Build/Build/Intermediates.noindex/AddonPlatform.build/Debug/ProbeHost.build/Objects-normal/arm64/CascadeAddonProbe_dependency_info.dat -fobjc-link-runtime -L/Applications/Xcode-beta.app/Contents/Developer/Toolchains/XcodeDefault.xctoolchain/usr/lib/swift/macosx -L/usr/lib/swift -Xlinker -add_ast_path -Xlinker /Users/c4v4h/Library/Developer/Xcode/DerivedData/CascadeAddonRecoveryProbe/probe-xbuwn_k1/Build/Build/Intermediates.noindex/AddonPlatform.build/Debug/ProbeHost.build/Objects-normal/arm64/CascadeAddonProbe.swiftmodule -Xlinker -no_adhoc_codesign -o /Users/c4v4h/Library/Developer/Xcode/DerivedData/CascadeAddonRecoveryProbe/probe-xbuwn_k1/Build/Build/Intermediates.noindex/AddonPlatform.build/Debug/ProbeHost.build/Objects-normal/arm64/Binary/ProbeHost

SwiftDriverJobDiscovery normal x86_64 Compiling ProbeHost.swift (in target 'ProbeHost' from project 'AddonPlatform')

SwiftDriver\ Compilation ProbeHost normal x86_64 com.apple.xcode.tools.swift.compiler (in target 'ProbeHost' from project 'AddonPlatform')
    cd /Users/c4v4h/Library/Developer/Xcode/DerivedData/CascadeAddonRecoveryProbe/probe-xbuwn_k1/Sources
    builtin-Swift-Compilation -- /Applications/Xcode-beta.app/Contents/Developer/Toolchains/XcodeDefault.xctoolchain/usr/bin/swiftc -module-name CascadeAddonProbe -Onone @/Users/c4v4h/Library/Developer/Xcode/DerivedData/CascadeAddonRecoveryProbe/probe-xbuwn_k1/Build/Build/Intermediates.noindex/AddonPlatform.build/Debug/ProbeHost.build/Objects-normal/x86_64/CascadeAddonProbe.SwiftFileList -DDEBUG -DRECOVERY_PROBE -DBROKER_PROVIDER -enable-bare-slash-regex -enable-experimental-feature DebugDescriptionMacro -sdk /Applications/Xcode-beta.app/Contents/Developer/Platforms/MacOSX.platform/Developer/SDKs/MacOSX27.0.sdk -target x86_64-apple-macos14.0 -g -module-cache-path /Users/c4v4h/Library/Developer/Xcode/DerivedData/CascadeAddonRecoveryProbe/probe-xbuwn_k1/Build/ModuleCache.noindex -Xfrontend -serialize-debugging-options -index-store-path /Users/c4v4h/Library/Developer/Xcode/DerivedData/CascadeAddonRecoveryProbe/probe-xbuwn_k1/Build/Index.noindex/DataStore -swift-version 5 -I /Users/c4v4h/Library/Developer/Xcode/DerivedData/CascadeAddonRecoveryProbe/probe-xbuwn_k1/Build/Build/Products/Debug -F /Users/c4v4h/Library/Developer/Xcode/DerivedData/CascadeAddonRecoveryProbe/probe-xbuwn_k1/Build/Build/Products/Debug -c -j8 -enable-batch-mode -incremental -Xcc -ivfsstatcache -Xcc /Users/c4v4h/Library/Developer/Xcode/DerivedData/CascadeAddonRecoveryProbe/probe-xbuwn_k1/Build/SDKStatCaches.noindex/macosx27.0-26A5419a-e829b21a6f8c9b70876ba0858053c04445874285e5972fffeae925c4ab065928.sdkstatcache -output-file-map /Users/c4v4h/Library/Developer/Xcode/DerivedData/CascadeAddonRecoveryProbe/probe-xbuwn_k1/Build/Build/Intermediates.noindex/AddonPlatform.build/Debug/ProbeHost.build/Objects-normal/x86_64/ProbeHost-OutputFileMap.json -save-temps -no-color-diagnostics -explicit-module-build -module-cache-path /Users/c4v4h/Library/Developer/Xcode/DerivedData/CascadeAddonRecoveryProbe/probe-xbuwn_k1/Build/Build/Intermediates.noindex/SwiftExplicitPrecompiledModules -clang-scanner-module-cache-path /Users/c4v4h/Library/Developer/Xcode/DerivedData/CascadeAddonRecoveryProbe/probe-xbuwn_k1/Build/ModuleCache.noindex -sdk-module-cache-path /Users/c4v4h/Library/Developer/Xcode/DerivedData/CascadeAddonRecoveryProbe/probe-xbuwn_k1/Build/SDKExplicitPrecompiledModules -emit-dependencies -emit-module -emit-module-path /Users/c4v4h/Library/Developer/Xcode/DerivedData/CascadeAddonRecoveryProbe/probe-xbuwn_k1/Build/Build/Intermediates.noindex/AddonPlatform.build/Debug/ProbeHost.build/Objects-normal/x86_64/CascadeAddonProbe.swiftmodule -serialize-diagnostics -dependency-scan-serialize-diagnostics-path /Users/c4v4h/Library/Developer/Xcode/DerivedData/CascadeAddonRecoveryProbe/probe-xbuwn_k1/Build/Build/Intermediates.noindex/AddonPlatform.build/Debug/ProbeHost.build/Objects-normal/x86_64/CascadeAddonProbe-dependency-scan.dia -validate-clang-modules-once -clang-build-session-file /Users/c4v4h/Library/Developer/Xcode/DerivedData/CascadeAddonRecoveryProbe/probe-xbuwn_k1/Build/ModuleCache.noindex/Session.modulevalidation -Xcc -fmodules-prune-interval\=86400 -Xcc -fmodules-prune-after\=345600 -emit-const-values -const-gather-protocols-list /Users/c4v4h/Library/Developer/Xcode/DerivedData/CascadeAddonRecoveryProbe/probe-xbuwn_k1/Build/Build/Intermediates.noindex/AddonPlatform.build/Debug/ProbeHost.build/Objects-normal/x86_64/ProbeHost_const_extract_protocols.json -Xcc -iquote -Xcc /Users/c4v4h/Library/Developer/Xcode/DerivedData/CascadeAddonRecoveryProbe/probe-xbuwn_k1/Build/Build/Intermediates.noindex/AddonPlatform.build/Debug/ProbeHost.build/CascadeAddonProbe-generated-files.hmap -Xcc -I/Users/c4v4h/Library/Developer/Xcode/DerivedData/CascadeAddonRecoveryProbe/probe-xbuwn_k1/Build/Build/Intermediates.noindex/AddonPlatform.build/Debug/ProbeHost.build/CascadeAddonProbe-own-target-headers.hmap -Xcc -I/Users/c4v4h/Library/Developer/Xcode/DerivedData/CascadeAddonRecoveryProbe/probe-xbuwn_k1/Build/Build/Intermediates.noindex/AddonPlatform.build/Debug/ProbeHost.build/CascadeAddonProbe-all-target-headers.hmap -Xcc -iquote -Xcc /Users/c4v4h/Library/Developer/Xcode/DerivedData/CascadeAddonRecoveryProbe/probe-xbuwn_k1/Build/Build/Intermediates.noindex/AddonPlatform.build/Debug/ProbeHost.build/CascadeAddonProbe-project-headers.hmap -Xcc -I/Users/c4v4h/Library/Developer/Xcode/DerivedData/CascadeAddonRecoveryProbe/probe-xbuwn_k1/Build/Build/Products/Debug/include -Xcc -I/Users/c4v4h/Library/Developer/Xcode/DerivedData/CascadeAddonRecoveryProbe/probe-xbuwn_k1/Build/Build/Intermediates.noindex/AddonPlatform.build/Debug/ProbeHost.build/DerivedSources-normal/x86_64 -Xcc -I/Users/c4v4h/Library/Developer/Xcode/DerivedData/CascadeAddonRecoveryProbe/probe-xbuwn_k1/Build/Build/Intermediates.noindex/AddonPlatform.build/Debug/ProbeHost.build/DerivedSources/x86_64 -Xcc -I/Users/c4v4h/Library/Developer/Xcode/DerivedData/CascadeAddonRecoveryProbe/probe-xbuwn_k1/Build/Build/Intermediates.noindex/AddonPlatform.build/Debug/ProbeHost.build/DerivedSources -emit-objc-header -emit-objc-header-path /Users/c4v4h/Library/Developer/Xcode/DerivedData/CascadeAddonRecoveryProbe/probe-xbuwn_k1/Build/Build/Intermediates.noindex/AddonPlatform.build/Debug/ProbeHost.build/Objects-normal/x86_64/CascadeAddonProbe-Swift.h -working-directory /Users/c4v4h/Library/Developer/Xcode/DerivedData/CascadeAddonRecoveryProbe/probe-xbuwn_k1/Sources -experimental-emit-module-separately -disable-cmo

Ld /Users/c4v4h/Library/Developer/Xcode/DerivedData/CascadeAddonRecoveryProbe/probe-xbuwn_k1/Build/Build/Intermediates.noindex/AddonPlatform.build/Debug/ProbeHost.build/Objects-normal/x86_64/Binary/ProbeHost normal x86_64 (in target 'ProbeHost' from project 'AddonPlatform')
    cd /Users/c4v4h/Library/Developer/Xcode/DerivedData/CascadeAddonRecoveryProbe/probe-xbuwn_k1/Sources
    /Applications/Xcode-beta.app/Contents/Developer/Toolchains/XcodeDefault.xctoolchain/usr/bin/clang -Xlinker -reproducible -target x86_64-apple-macos14.0 -isysroot /Applications/Xcode-beta.app/Contents/Developer/Platforms/MacOSX.platform/Developer/SDKs/MacOSX27.0.sdk -Os -Xlinker -no_warn_duplicate_libraries -L/Users/c4v4h/Library/Developer/Xcode/DerivedData/CascadeAddonRecoveryProbe/probe-xbuwn_k1/Build/Build/Intermediates.noindex/EagerLinkingTBDs/Debug -L/Users/c4v4h/Library/Developer/Xcode/DerivedData/CascadeAddonRecoveryProbe/probe-xbuwn_k1/Build/Build/Products/Debug -F/Users/c4v4h/Library/Developer/Xcode/DerivedData/CascadeAddonRecoveryProbe/probe-xbuwn_k1/Build/Build/Intermediates.noindex/EagerLinkingTBDs/Debug -F/Users/c4v4h/Library/Developer/Xcode/DerivedData/CascadeAddonRecoveryProbe/probe-xbuwn_k1/Build/Build/Products/Debug -filelist /Users/c4v4h/Library/Developer/Xcode/DerivedData/CascadeAddonRecoveryProbe/probe-xbuwn_k1/Build/Build/Intermediates.noindex/AddonPlatform.build/Debug/ProbeHost.build/Objects-normal/x86_64/CascadeAddonProbe.LinkFileList -Xlinker -rpath -Xlinker /usr/lib/swift -Xlinker -object_path_lto -Xlinker /Users/c4v4h/Library/Developer/Xcode/DerivedData/CascadeAddonRecoveryProbe/probe-xbuwn_k1/Build/Build/Intermediates.noindex/AddonPlatform.build/Debug/ProbeHost.build/Objects-normal/x86_64/CascadeAddonProbe_lto.o -Xlinker -dependency_info -Xlinker /Users/c4v4h/Library/Developer/Xcode/DerivedData/CascadeAddonRecoveryProbe/probe-xbuwn_k1/Build/Build/Intermediates.noindex/AddonPlatform.build/Debug/ProbeHost.build/Objects-normal/x86_64/CascadeAddonProbe_dependency_info.dat -fobjc-link-runtime -L/Applications/Xcode-beta.app/Contents/Developer/Toolchains/XcodeDefault.xctoolchain/usr/lib/swift/macosx -L/usr/lib/swift -Xlinker -add_ast_path -Xlinker /Users/c4v4h/Library/Developer/Xcode/DerivedData/CascadeAddonRecoveryProbe/probe-xbuwn_k1/Build/Build/Intermediates.noindex/AddonPlatform.build/Debug/ProbeHost.build/Objects-normal/x86_64/CascadeAddonProbe.swiftmodule -Xlinker -no_adhoc_codesign -o /Users/c4v4h/Library/Developer/Xcode/DerivedData/CascadeAddonRecoveryProbe/probe-xbuwn_k1/Build/Build/Intermediates.noindex/AddonPlatform.build/Debug/ProbeHost.build/Objects-normal/x86_64/Binary/ProbeHost

CreateUniversalBinary /Users/c4v4h/Library/Developer/Xcode/DerivedData/CascadeAddonRecoveryProbe/probe-xbuwn_k1/Build/Build/Products/Debug/CascadeAddonProbe.app/Contents/MacOS/ProbeHost normal arm64\ x86_64 (in target 'ProbeHost' from project 'AddonPlatform')
    cd /Users/c4v4h/Library/Developer/Xcode/DerivedData/CascadeAddonRecoveryProbe/probe-xbuwn_k1/Sources
    /Applications/Xcode-beta.app/Contents/Developer/Toolchains/XcodeDefault.xctoolchain/usr/bin/lipo -create /Users/c4v4h/Library/Developer/Xcode/DerivedData/CascadeAddonRecoveryProbe/probe-xbuwn_k1/Build/Build/Intermediates.noindex/AddonPlatform.build/Debug/ProbeHost.build/Objects-normal/arm64/Binary/ProbeHost /Users/c4v4h/Library/Developer/Xcode/DerivedData/CascadeAddonRecoveryProbe/probe-xbuwn_k1/Build/Build/Intermediates.noindex/AddonPlatform.build/Debug/ProbeHost.build/Objects-normal/x86_64/Binary/ProbeHost -output /Users/c4v4h/Library/Developer/Xcode/DerivedData/CascadeAddonRecoveryProbe/probe-xbuwn_k1/Build/Build/Products/Debug/CascadeAddonProbe.app/Contents/MacOS/ProbeHost

Copy /Users/c4v4h/Library/Developer/Xcode/DerivedData/CascadeAddonRecoveryProbe/probe-xbuwn_k1/Build/Build/Products/Debug/CascadeAddonProbe.app/Contents/Extensions/Probe.appextensionpoint /Users/c4v4h/Library/Developer/Xcode/DerivedData/CascadeAddonRecoveryProbe/probe-xbuwn_k1/Sources/Host/Probe.appextensionpoint (in target 'ProbeHost' from project 'AddonPlatform')
    cd /Users/c4v4h/Library/Developer/Xcode/DerivedData/CascadeAddonRecoveryProbe/probe-xbuwn_k1/Sources
    builtin-copy -exclude .DS_Store -exclude CVS -exclude .svn -exclude .git -exclude .hg -strip-unsigned-binaries -strip-deterministic -strip-tool /Applications/Xcode-beta.app/Contents/Developer/Toolchains/XcodeDefault.xctoolchain/usr/bin/strip -resolve-src-symlinks -remove-static-executable /Users/c4v4h/Library/Developer/Xcode/DerivedData/CascadeAddonRecoveryProbe/probe-xbuwn_k1/Sources/Host/Probe.appextensionpoint /Users/c4v4h/Library/Developer/Xcode/DerivedData/CascadeAddonRecoveryProbe/probe-xbuwn_k1/Build/Build/Products/Debug/CascadeAddonProbe.app/Contents/Extensions

CopySwiftLibs /Users/c4v4h/Library/Developer/Xcode/DerivedData/CascadeAddonRecoveryProbe/probe-xbuwn_k1/Build/Build/Products/Debug/CascadeAddonProbe.app (in target 'ProbeHost' from project 'AddonPlatform')
    cd /Users/c4v4h/Library/Developer/Xcode/DerivedData/CascadeAddonRecoveryProbe/probe-xbuwn_k1/Sources
    builtin-swiftStdLibTool --copy --verbose --sign 4A857D842A5406C2D3071776FDE7B27B3098FE63 --scan-executable /Users/c4v4h/Library/Developer/Xcode/DerivedData/CascadeAddonRecoveryProbe/probe-xbuwn_k1/Build/Build/Products/Debug/CascadeAddonProbe.app/Contents/MacOS/ProbeHost --scan-folder /Users/c4v4h/Library/Developer/Xcode/DerivedData/CascadeAddonRecoveryProbe/probe-xbuwn_k1/Build/Build/Products/Debug/CascadeAddonProbe.app/Contents/Frameworks --scan-folder /Users/c4v4h/Library/Developer/Xcode/DerivedData/CascadeAddonRecoveryProbe/probe-xbuwn_k1/Build/Build/Products/Debug/CascadeAddonProbe.app/Contents/PlugIns --scan-folder /Users/c4v4h/Library/Developer/Xcode/DerivedData/CascadeAddonRecoveryProbe/probe-xbuwn_k1/Build/Build/Products/Debug/CascadeAddonProbe.app/Contents/Library/SystemExtensions --scan-folder /Users/c4v4h/Library/Developer/Xcode/DerivedData/CascadeAddonRecoveryProbe/probe-xbuwn_k1/Build/Build/Products/Debug/CascadeAddonProbe.app/Contents/Extensions --platform macosx --toolchain /var/run/com.apple.security.cryptexd/mnt/com.apple.MobileAsset.MetalToolchain-v27.1.5252.6.a2EVDm/Metal.xctoolchain --toolchain /Applications/Xcode-beta.app/Contents/Developer/Toolchains/XcodeDefault.xctoolchain --destination /Users/c4v4h/Library/Developer/Xcode/DerivedData/CascadeAddonRecoveryProbe/probe-xbuwn_k1/Build/Build/Products/Debug/CascadeAddonProbe.app/Contents/Frameworks --strip-bitcode --strip-bitcode-tool /Applications/Xcode-beta.app/Contents/Developer/Toolchains/XcodeDefault.xctoolchain/usr/bin/bitcode_strip --emit-dependency-info /Users/c4v4h/Library/Developer/Xcode/DerivedData/CascadeAddonRecoveryProbe/probe-xbuwn_k1/Build/Build/Intermediates.noindex/AddonPlatform.build/Debug/ProbeHost.build/SwiftStdLibToolInputDependencies.dep --filter-for-swift-os --back-deploy-swift-span

ExtractAppIntentsMetadata (in target 'ProbeHost' from project 'AddonPlatform')
    cd /Users/c4v4h/Library/Developer/Xcode/DerivedData/CascadeAddonRecoveryProbe/probe-xbuwn_k1/Sources
    /Applications/Xcode-beta.app/Contents/Developer/Toolchains/XcodeDefault.xctoolchain/usr/bin/appintentsmetadataprocessor --toolchain-dir /var/run/com.apple.security.cryptexd/mnt/com.apple.MobileAsset.MetalToolchain-v27.1.5252.6.a2EVDm/Metal.xctoolchain --module-name CascadeAddonProbe --sdk-root /Applications/Xcode-beta.app/Contents/Developer/Platforms/MacOSX.platform/Developer/SDKs/MacOSX27.0.sdk --xcode-version 27A5252f --platform-family macOS --deployment-target 14.0 --bundle-identifier hylo.Cascade.AddonProbe --output /Users/c4v4h/Library/Developer/Xcode/DerivedData/CascadeAddonRecoveryProbe/probe-xbuwn_k1/Build/Build/Products/Debug/CascadeAddonProbe.app/Contents/Resources --target-triple arm64-apple-macos14.0 --target-triple x86_64-apple-macos14.0 --binary-file /Users/c4v4h/Library/Developer/Xcode/DerivedData/CascadeAddonRecoveryProbe/probe-xbuwn_k1/Build/Build/Products/Debug/CascadeAddonProbe.app/Contents/MacOS/ProbeHost --dependency-file /Users/c4v4h/Library/Developer/Xcode/DerivedData/CascadeAddonRecoveryProbe/probe-xbuwn_k1/Build/Build/Intermediates.noindex/AddonPlatform.build/Debug/ProbeHost.build/Objects-normal/arm64/CascadeAddonProbe_dependency_info.dat --dependency-file /Users/c4v4h/Library/Developer/Xcode/DerivedData/CascadeAddonRecoveryProbe/probe-xbuwn_k1/Build/Build/Intermediates.noindex/AddonPlatform.build/Debug/ProbeHost.build/Objects-normal/x86_64/CascadeAddonProbe_dependency_info.dat --stringsdata-file /Users/c4v4h/Library/Developer/Xcode/DerivedData/CascadeAddonRecoveryProbe/probe-xbuwn_k1/Build/Build/Intermediates.noindex/AddonPlatform.build/Debug/ProbeHost.build/Objects-normal/arm64/ExtractedAppShortcutsMetadata.stringsdata --stringsdata-file /Users/c4v4h/Library/Developer/Xcode/DerivedData/CascadeAddonRecoveryProbe/probe-xbuwn_k1/Build/Build/Intermediates.noindex/AddonPlatform.build/Debug/ProbeHost.build/Objects-normal/x86_64/ExtractedAppShortcutsMetadata.stringsdata --source-file-list /Users/c4v4h/Library/Developer/Xcode/DerivedData/CascadeAddonRecoveryProbe/probe-xbuwn_k1/Build/Build/Intermediates.noindex/AddonPlatform.build/Debug/ProbeHost.build/Objects-normal/arm64/CascadeAddonProbe.SwiftFileList --source-file-list /Users/c4v4h/Library/Developer/Xcode/DerivedData/CascadeAddonRecoveryProbe/probe-xbuwn_k1/Build/Build/Intermediates.noindex/AddonPlatform.build/Debug/ProbeHost.build/Objects-normal/x86_64/CascadeAddonProbe.SwiftFileList --metadata-file-list /Users/c4v4h/Library/Developer/Xcode/DerivedData/CascadeAddonRecoveryProbe/probe-xbuwn_k1/Build/Build/Intermediates.noindex/AddonPlatform.build/Debug/ProbeHost.build/CascadeAddonProbe.DependencyMetadataFileList --static-metadata-file-list /Users/c4v4h/Library/Developer/Xcode/DerivedData/CascadeAddonRecoveryProbe/probe-xbuwn_k1/Build/Build/Intermediates.noindex/AddonPlatform.build/Debug/ProbeHost.build/CascadeAddonProbe.DependencyStaticMetadataFileList --swift-const-vals-list /Users/c4v4h/Library/Developer/Xcode/DerivedData/CascadeAddonRecoveryProbe/probe-xbuwn_k1/Build/Build/Intermediates.noindex/AddonPlatform.build/Debug/ProbeHost.build/Objects-normal/arm64/CascadeAddonProbe.SwiftConstValuesFileList --swift-const-vals-list /Users/c4v4h/Library/Developer/Xcode/DerivedData/CascadeAddonRecoveryProbe/probe-xbuwn_k1/Build/Build/Intermediates.noindex/AddonPlatform.build/Debug/ProbeHost.build/Objects-normal/x86_64/CascadeAddonProbe.SwiftConstValuesFileList --compile-time-extraction --deployment-aware-processing --no-app-shortcuts-localization
2026-09-25 17:24:54.119 appintentsmetadataprocessor[59186:1983936] Starting appintentsmetadataprocessor export
2026-09-25 17:24:54.120 appintentsmetadataprocessor[59186:1983936] warning: Metadata extraction skipped, no AppIntents.framework dependency found

CodeSign /Users/c4v4h/Library/Developer/Xcode/DerivedData/CascadeAddonRecoveryProbe/probe-xbuwn_k1/Build/Build/Products/Debug/CascadeAddonProbe.app (in target 'ProbeHost' from project 'AddonPlatform')
    cd /Users/c4v4h/Library/Developer/Xcode/DerivedData/CascadeAddonRecoveryProbe/probe-xbuwn_k1/Sources
    
    Signing Identity:     "Apple Development: cavallerolore@icloud.com (MRZYW8THXH)"
    
    /usr/bin/codesign --force --sign 4A857D842A5406C2D3071776FDE7B27B3098FE63 -o runtime --timestamp\=none --generate-entitlement-der /Users/c4v4h/Library/Developer/Xcode/DerivedData/CascadeAddonRecoveryProbe/probe-xbuwn_k1/Build/Build/Products/Debug/CascadeAddonProbe.app

RegisterExecutionPolicyException /Users/c4v4h/Library/Developer/Xcode/DerivedData/CascadeAddonRecoveryProbe/probe-xbuwn_k1/Build/Build/Products/Debug/CascadeAddonProbe.app (in target 'ProbeHost' from project 'AddonPlatform')
    cd /Users/c4v4h/Library/Developer/Xcode/DerivedData/CascadeAddonRecoveryProbe/probe-xbuwn_k1/Sources
    builtin-RegisterExecutionPolicyException /Users/c4v4h/Library/Developer/Xcode/DerivedData/CascadeAddonRecoveryProbe/probe-xbuwn_k1/Build/Build/Products/Debug/CascadeAddonProbe.app

Validate /Users/c4v4h/Library/Developer/Xcode/DerivedData/CascadeAddonRecoveryProbe/probe-xbuwn_k1/Build/Build/Products/Debug/CascadeAddonProbe.app (in target 'ProbeHost' from project 'AddonPlatform')
    cd /Users/c4v4h/Library/Developer/Xcode/DerivedData/CascadeAddonRecoveryProbe/probe-xbuwn_k1/Sources
    builtin-validationUtility /Users/c4v4h/Library/Developer/Xcode/DerivedData/CascadeAddonRecoveryProbe/probe-xbuwn_k1/Build/Build/Products/Debug/CascadeAddonProbe.app -no-validate-extension -infoplist-subpath Contents/Info.plist

Touch /Users/c4v4h/Library/Developer/Xcode/DerivedData/CascadeAddonRecoveryProbe/probe-xbuwn_k1/Build/Build/Products/Debug/CascadeAddonProbe.app (in target 'ProbeHost' from project 'AddonPlatform')
    cd /Users/c4v4h/Library/Developer/Xcode/DerivedData/CascadeAddonRecoveryProbe/probe-xbuwn_k1/Sources
    /usr/bin/touch -c /Users/c4v4h/Library/Developer/Xcode/DerivedData/CascadeAddonRecoveryProbe/probe-xbuwn_k1/Build/Build/Products/Debug/CascadeAddonProbe.app

RegisterWithLaunchServices /Users/c4v4h/Library/Developer/Xcode/DerivedData/CascadeAddonRecoveryProbe/probe-xbuwn_k1/Build/Build/Products/Debug/CascadeAddonProbe.app (in target 'ProbeHost' from project 'AddonPlatform')
    cd /Users/c4v4h/Library/Developer/Xcode/DerivedData/CascadeAddonRecoveryProbe/probe-xbuwn_k1/Sources
    builtin-lsregisterurl --record-path /Users/c4v4h/Library/Developer/Xcode/DerivedData/CascadeAddonRecoveryProbe/probe-xbuwn_k1/Build/Build/Intermediates.noindex/XCBuildData/registered-launchservices.txt -- /System/Library/Frameworks/CoreServices.framework/Versions/Current/Frameworks/LaunchServices.framework/Versions/Current/Support/lsregister -f -R -trusted /Users/c4v4h/Library/Developer/Xcode/DerivedData/CascadeAddonRecoveryProbe/probe-xbuwn_k1/Build/Build/Products/Debug/CascadeAddonProbe.app

PruneExplicitPrecompiledModules /Users/c4v4h/Library/Developer/Xcode/DerivedData/CascadeAddonRecoveryProbe/probe-xbuwn_k1/Build/Build/Intermediates.noindex/SwiftExplicitPrecompiledModules

PruneExplicitPrecompiledModules /Users/c4v4h/Library/Developer/Xcode/DerivedData/CascadeAddonRecoveryProbe/probe-xbuwn_k1/Build/SDKExplicitPrecompiledModules

PruneExplicitPrecompiledModules /Users/c4v4h/Library/Developer/Xcode/DerivedData/CascadeAddonRecoveryProbe/probe-xbuwn_k1/Build/Build/Intermediates.noindex/ExplicitPrecompiledModules

** BUILD SUCCEEDED **

/Users/c4v4h/Library/Developer/Xcode/DerivedData/CascadeAddonRecoveryProbe/probe-xbuwn_k1/Build/Build/Products/Debug/CascadeAddonProbeContainer.app/Contents/Extensions/CascadeProbeProvider.appex: replacing existing signature
Executable=/Users/c4v4h/Library/Developer/Xcode/DerivedData/CascadeAddonRecoveryProbe/probe-xbuwn_k1/Build/Build/Products/Debug/CascadeAddonProbeContainer.app/Contents/Extensions/CascadeProbeProvider.appex/Contents/MacOS/ProbeProvider
<?xml version="1.0" encoding="UTF-8"?><!DOCTYPE plist PUBLIC "-//Apple//DTD PLIST 1.0//EN" "https://www.apple.com/DTDs/PropertyList-1.0.dtd"><plist version="1.0"><dict><key>com.apple.security.app-sandbox</key><true/></dict></plist>
/Users/c4v4h/Library/Developer/Xcode/DerivedData/CascadeAddonRecoveryProbe/probe-xbuwn_k1/Build/Build/Products/Debug/CascadeAddonProbeContainer.app: replacing existing signature
Executable=/Users/c4v4h/Library/Developer/Xcode/DerivedData/CascadeAddonRecoveryProbe/probe-xbuwn_k1/Build/Build/Products/Debug/CascadeAddonProbeContainer.app/Contents/MacOS/ProbeContainer
/Users/c4v4h/Library/Developer/Xcode/DerivedData/CascadeAddonRecoveryProbe/probe-xbuwn_k1/Build/Build/Products/Debug/CascadeAddonProbe.app: replacing existing signature
Executable=/Users/c4v4h/Library/Developer/Xcode/DerivedData/CascadeAddonRecoveryProbe/probe-xbuwn_k1/Build/Build/Products/Debug/CascadeAddonProbe.app/Contents/MacOS/ProbeHost
ProductName:		macOS
ProductVersion:		27.0
BuildVersion:		26A5425a
27.0
