Command line invocation:
    /Applications/Xcode-beta.app/Contents/Developer/usr/bin/xcodebuild -project /Users/c4v4h/Library/Developer/Xcode/DerivedData/CascadeAddonRecoveryProbe/probe-or1q_x20/Sources/AddonPlatform.xcodeproj -scheme AddonPlatform -configuration Debug -derivedDataPath /Users/c4v4h/Library/Developer/Xcode/DerivedData/CascadeAddonRecoveryProbe/probe-or1q_x20/Build "SWIFT_ACTIVE_COMPILATION_CONDITIONS=DEBUG RECOVERY_PROBE BROKER_PROVIDER" CODE_SIGN_INJECT_BASE_ENTITLEMENTS=NO build

Build settings from command line:
    CODE_SIGN_INJECT_BASE_ENTITLEMENTS = NO
    SWIFT_ACTIVE_COMPILATION_CONDITIONS = DEBUG RECOVERY_PROBE BROKER_PROVIDER

--- xcodebuild: WARNING: Using the first of multiple matching destinations:
{ platform:macOS, arch:arm64, id:00008112-000579C23A68A01E, name:My Mac }
{ platform:macOS, arch:x86_64, id:00008112-000579C23A68A01E, name:My Mac }
{ platform:macOS, name:Any Mac }
ComputePackagePrebuildTargetDependencyGraph

Prepare packages

CreateBuildRequest

SendProjectDescription

CreateBuildOperation

ComputeTargetDependencyGraph
note: Building targets in dependency order
note: Target dependency graph (3 targets)
    Target 'ProbeHost' in project 'AddonPlatform' (no dependencies)
    Target 'ProbeContainer' in project 'AddonPlatform'
        ➜ Explicit dependency on target 'ProbeProvider' in project 'AddonPlatform'
    Target 'ProbeProvider' in project 'AddonPlatform' (no dependencies)

GatherProvisioningInputs

CreateBuildDescription

ExecuteExternalTool /Applications/Xcode-beta.app/Contents/Developer/Toolchains/XcodeDefault.xctoolchain/usr/bin/swiftc --version

ExecuteExternalTool /Applications/Xcode-beta.app/Contents/Developer/Toolchains/XcodeDefault.xctoolchain/usr/bin/clang -v -E -dM -isysroot /Applications/Xcode-beta.app/Contents/Developer/Platforms/MacOSX.platform/Developer/SDKs/MacOSX27.0.sdk -x c -c /dev/null

ExecuteExternalTool /Applications/Xcode-beta.app/Contents/Developer/Toolchains/XcodeDefault.xctoolchain/usr/bin/ld -version_details

Build description signature: 76e66cc08c907a57356addc94cc24ece
Build description path: /Users/c4v4h/Library/Developer/Xcode/DerivedData/CascadeAddonRecoveryProbe/probe-or1q_x20/Build/Build/Intermediates.noindex/XCBuildData/76e66cc08c907a57356addc94cc24ece.xcbuilddata
CreateBuildDirectory /Users/c4v4h/Library/Developer/Xcode/DerivedData/CascadeAddonRecoveryProbe/probe-or1q_x20/Build/SDKExplicitPrecompiledModules
    cd /Users/c4v4h/Library/Developer/Xcode/DerivedData/CascadeAddonRecoveryProbe/probe-or1q_x20/Sources/AddonPlatform.xcodeproj
    builtin-create-build-directory /Users/c4v4h/Library/Developer/Xcode/DerivedData/CascadeAddonRecoveryProbe/probe-or1q_x20/Build/SDKExplicitPrecompiledModules

CreateBuildDirectory /Users/c4v4h/Library/Developer/Xcode/DerivedData/CascadeAddonRecoveryProbe/probe-or1q_x20/Build/ModuleCache.noindex
    cd /Users/c4v4h/Library/Developer/Xcode/DerivedData/CascadeAddonRecoveryProbe/probe-or1q_x20/Sources/AddonPlatform.xcodeproj
    builtin-create-build-directory /Users/c4v4h/Library/Developer/Xcode/DerivedData/CascadeAddonRecoveryProbe/probe-or1q_x20/Build/ModuleCache.noindex

CreateBuildDirectory /Users/c4v4h/Library/Developer/Xcode/DerivedData/CascadeAddonRecoveryProbe/probe-or1q_x20/Build/CompilationCache.noindex
    cd /Users/c4v4h/Library/Developer/Xcode/DerivedData/CascadeAddonRecoveryProbe/probe-or1q_x20/Sources/AddonPlatform.xcodeproj
    builtin-create-build-directory /Users/c4v4h/Library/Developer/Xcode/DerivedData/CascadeAddonRecoveryProbe/probe-or1q_x20/Build/CompilationCache.noindex

CreateBuildDirectory /Users/c4v4h/Library/Developer/Xcode/DerivedData/CascadeAddonRecoveryProbe/probe-or1q_x20/Build/Build/Intermediates.noindex
    cd /Users/c4v4h/Library/Developer/Xcode/DerivedData/CascadeAddonRecoveryProbe/probe-or1q_x20/Sources/AddonPlatform.xcodeproj
    builtin-create-build-directory /Users/c4v4h/Library/Developer/Xcode/DerivedData/CascadeAddonRecoveryProbe/probe-or1q_x20/Build/Build/Intermediates.noindex

CreateBuildDirectory /Users/c4v4h/Library/Developer/Xcode/DerivedData/CascadeAddonRecoveryProbe/probe-or1q_x20/Build/Build/Products
    cd /Users/c4v4h/Library/Developer/Xcode/DerivedData/CascadeAddonRecoveryProbe/probe-or1q_x20/Sources/AddonPlatform.xcodeproj
    builtin-create-build-directory /Users/c4v4h/Library/Developer/Xcode/DerivedData/CascadeAddonRecoveryProbe/probe-or1q_x20/Build/Build/Products

ClangStatCache /Applications/Xcode-beta.app/Contents/Developer/Toolchains/XcodeDefault.xctoolchain/usr/bin/clang-stat-cache /Applications/Xcode-beta.app/Contents/Developer/Platforms/MacOSX.platform/Developer/SDKs/MacOSX27.0.sdk /Users/c4v4h/Library/Developer/Xcode/DerivedData/CascadeAddonRecoveryProbe/probe-or1q_x20/Build/SDKStatCaches.noindex/macosx27.0-26A5419a-e829b21a6f8c9b70876ba0858053c04445874285e5972fffeae925c4ab065928.sdkstatcache
    cd /Users/c4v4h/Library/Developer/Xcode/DerivedData/CascadeAddonRecoveryProbe/probe-or1q_x20/Sources/AddonPlatform.xcodeproj
    /Applications/Xcode-beta.app/Contents/Developer/Toolchains/XcodeDefault.xctoolchain/usr/bin/clang-stat-cache /Applications/Xcode-beta.app/Contents/Developer/Platforms/MacOSX.platform/Developer/SDKs/MacOSX27.0.sdk -o /Users/c4v4h/Library/Developer/Xcode/DerivedData/CascadeAddonRecoveryProbe/probe-or1q_x20/Build/SDKStatCaches.noindex/macosx27.0-26A5419a-e829b21a6f8c9b70876ba0858053c04445874285e5972fffeae925c4ab065928.sdkstatcache

CreateBuildDirectory /Users/c4v4h/Library/Developer/Xcode/DerivedData/CascadeAddonRecoveryProbe/probe-or1q_x20/Build/Build/Intermediates.noindex/SwiftExplicitPrecompiledModules
    cd /Users/c4v4h/Library/Developer/Xcode/DerivedData/CascadeAddonRecoveryProbe/probe-or1q_x20/Sources/AddonPlatform.xcodeproj
    builtin-create-build-directory /Users/c4v4h/Library/Developer/Xcode/DerivedData/CascadeAddonRecoveryProbe/probe-or1q_x20/Build/Build/Intermediates.noindex/SwiftExplicitPrecompiledModules

CreateBuildDirectory /Users/c4v4h/Library/Developer/Xcode/DerivedData/CascadeAddonRecoveryProbe/probe-or1q_x20/Build/Build/Intermediates.noindex/ExplicitPrecompiledModules
    cd /Users/c4v4h/Library/Developer/Xcode/DerivedData/CascadeAddonRecoveryProbe/probe-or1q_x20/Sources/AddonPlatform.xcodeproj
    builtin-create-build-directory /Users/c4v4h/Library/Developer/Xcode/DerivedData/CascadeAddonRecoveryProbe/probe-or1q_x20/Build/Build/Intermediates.noindex/ExplicitPrecompiledModules

CreateBuildDirectory /Users/c4v4h/Library/Developer/Xcode/DerivedData/CascadeAddonRecoveryProbe/probe-or1q_x20/Build/Build/Intermediates.noindex/PrecompiledHeaders
    cd /Users/c4v4h/Library/Developer/Xcode/DerivedData/CascadeAddonRecoveryProbe/probe-or1q_x20/Sources/AddonPlatform.xcodeproj
    builtin-create-build-directory /Users/c4v4h/Library/Developer/Xcode/DerivedData/CascadeAddonRecoveryProbe/probe-or1q_x20/Build/Build/Intermediates.noindex/PrecompiledHeaders

WriteAuxiliaryFile /Users/c4v4h/Library/Developer/Xcode/DerivedData/CascadeAddonRecoveryProbe/probe-or1q_x20/Build/Build/Intermediates.noindex/AddonPlatform.build/Debug/AddonPlatform-bb66cefbaee03c8d596bdb713174c7c4-VFS/all-product-headers.yaml
    cd /Users/c4v4h/Library/Developer/Xcode/DerivedData/CascadeAddonRecoveryProbe/probe-or1q_x20/Sources/AddonPlatform.xcodeproj
    write-file /Users/c4v4h/Library/Developer/Xcode/DerivedData/CascadeAddonRecoveryProbe/probe-or1q_x20/Build/Build/Intermediates.noindex/AddonPlatform.build/Debug/AddonPlatform-bb66cefbaee03c8d596bdb713174c7c4-VFS/all-product-headers.yaml

CreateBuildDirectory /Users/c4v4h/Library/Developer/Xcode/DerivedData/CascadeAddonRecoveryProbe/probe-or1q_x20/Build/Build/Intermediates.noindex/EagerLinkingTBDs/Debug
    cd /Users/c4v4h/Library/Developer/Xcode/DerivedData/CascadeAddonRecoveryProbe/probe-or1q_x20/Sources/AddonPlatform.xcodeproj
    builtin-create-build-directory /Users/c4v4h/Library/Developer/Xcode/DerivedData/CascadeAddonRecoveryProbe/probe-or1q_x20/Build/Build/Intermediates.noindex/EagerLinkingTBDs/Debug

CreateBuildDirectory /Users/c4v4h/Library/Developer/Xcode/DerivedData/CascadeAddonRecoveryProbe/probe-or1q_x20/Build/Build/Products/Debug
    cd /Users/c4v4h/Library/Developer/Xcode/DerivedData/CascadeAddonRecoveryProbe/probe-or1q_x20/Sources/AddonPlatform.xcodeproj
    builtin-create-build-directory /Users/c4v4h/Library/Developer/Xcode/DerivedData/CascadeAddonRecoveryProbe/probe-or1q_x20/Build/Build/Products/Debug

WriteAuxiliaryFile /Users/c4v4h/Library/Developer/Xcode/DerivedData/CascadeAddonRecoveryProbe/probe-or1q_x20/Build/Build/Intermediates.noindex/AddonPlatform.build/Debug/ProbeProvider.build/DerivedSources/Entitlements.plist (in target 'ProbeProvider' from project 'AddonPlatform')
    cd /Users/c4v4h/Library/Developer/Xcode/DerivedData/CascadeAddonRecoveryProbe/probe-or1q_x20/Sources
    write-file /Users/c4v4h/Library/Developer/Xcode/DerivedData/CascadeAddonRecoveryProbe/probe-or1q_x20/Build/Build/Intermediates.noindex/AddonPlatform.build/Debug/ProbeProvider.build/DerivedSources/Entitlements.plist

WriteAuxiliaryFile /Users/c4v4h/Library/Developer/Xcode/DerivedData/CascadeAddonRecoveryProbe/probe-or1q_x20/Build/Build/Intermediates.noindex/AddonPlatform.build/Debug/ProbeProvider.build/Objects-normal/x86_64/CascadeProbeProvider.LinkFileList (in target 'ProbeProvider' from project 'AddonPlatform')
    cd /Users/c4v4h/Library/Developer/Xcode/DerivedData/CascadeAddonRecoveryProbe/probe-or1q_x20/Sources
    write-file /Users/c4v4h/Library/Developer/Xcode/DerivedData/CascadeAddonRecoveryProbe/probe-or1q_x20/Build/Build/Intermediates.noindex/AddonPlatform.build/Debug/ProbeProvider.build/Objects-normal/x86_64/CascadeProbeProvider.LinkFileList

WriteAuxiliaryFile /Users/c4v4h/Library/Developer/Xcode/DerivedData/CascadeAddonRecoveryProbe/probe-or1q_x20/Build/Build/Intermediates.noindex/AddonPlatform.build/Debug/ProbeProvider.build/Objects-normal/x86_64/ProbeProvider_const_extract_protocols.json (in target 'ProbeProvider' from project 'AddonPlatform')
    cd /Users/c4v4h/Library/Developer/Xcode/DerivedData/CascadeAddonRecoveryProbe/probe-or1q_x20/Sources
    write-file /Users/c4v4h/Library/Developer/Xcode/DerivedData/CascadeAddonRecoveryProbe/probe-or1q_x20/Build/Build/Intermediates.noindex/AddonPlatform.build/Debug/ProbeProvider.build/Objects-normal/x86_64/ProbeProvider_const_extract_protocols.json

WriteAuxiliaryFile /Users/c4v4h/Library/Developer/Xcode/DerivedData/CascadeAddonRecoveryProbe/probe-or1q_x20/Build/Build/Intermediates.noindex/AddonPlatform.build/Debug/ProbeProvider.build/Objects-normal/x86_64/CascadeProbeProvider.SwiftFileList (in target 'ProbeProvider' from project 'AddonPlatform')
    cd /Users/c4v4h/Library/Developer/Xcode/DerivedData/CascadeAddonRecoveryProbe/probe-or1q_x20/Sources
    write-file /Users/c4v4h/Library/Developer/Xcode/DerivedData/CascadeAddonRecoveryProbe/probe-or1q_x20/Build/Build/Intermediates.noindex/AddonPlatform.build/Debug/ProbeProvider.build/Objects-normal/x86_64/CascadeProbeProvider.SwiftFileList

WriteAuxiliaryFile /Users/c4v4h/Library/Developer/Xcode/DerivedData/CascadeAddonRecoveryProbe/probe-or1q_x20/Build/Build/Intermediates.noindex/AddonPlatform.build/Debug/ProbeProvider.build/Objects-normal/arm64/ProbeProvider_const_extract_protocols.json (in target 'ProbeProvider' from project 'AddonPlatform')
    cd /Users/c4v4h/Library/Developer/Xcode/DerivedData/CascadeAddonRecoveryProbe/probe-or1q_x20/Sources
    write-file /Users/c4v4h/Library/Developer/Xcode/DerivedData/CascadeAddonRecoveryProbe/probe-or1q_x20/Build/Build/Intermediates.noindex/AddonPlatform.build/Debug/ProbeProvider.build/Objects-normal/arm64/ProbeProvider_const_extract_protocols.json

WriteAuxiliaryFile /Users/c4v4h/Library/Developer/Xcode/DerivedData/CascadeAddonRecoveryProbe/probe-or1q_x20/Build/Build/Intermediates.noindex/AddonPlatform.build/Debug/ProbeProvider.build/Objects-normal/x86_64/CascadeProbeProvider.SwiftConstValuesFileList (in target 'ProbeProvider' from project 'AddonPlatform')
    cd /Users/c4v4h/Library/Developer/Xcode/DerivedData/CascadeAddonRecoveryProbe/probe-or1q_x20/Sources
    write-file /Users/c4v4h/Library/Developer/Xcode/DerivedData/CascadeAddonRecoveryProbe/probe-or1q_x20/Build/Build/Intermediates.noindex/AddonPlatform.build/Debug/ProbeProvider.build/Objects-normal/x86_64/CascadeProbeProvider.SwiftConstValuesFileList

WriteAuxiliaryFile /Users/c4v4h/Library/Developer/Xcode/DerivedData/CascadeAddonRecoveryProbe/probe-or1q_x20/Build/Build/Intermediates.noindex/AddonPlatform.build/Debug/ProbeProvider.build/Objects-normal/x86_64/ProbeProvider-OutputFileMap.json (in target 'ProbeProvider' from project 'AddonPlatform')
    cd /Users/c4v4h/Library/Developer/Xcode/DerivedData/CascadeAddonRecoveryProbe/probe-or1q_x20/Sources
    write-file /Users/c4v4h/Library/Developer/Xcode/DerivedData/CascadeAddonRecoveryProbe/probe-or1q_x20/Build/Build/Intermediates.noindex/AddonPlatform.build/Debug/ProbeProvider.build/Objects-normal/x86_64/ProbeProvider-OutputFileMap.json

WriteAuxiliaryFile /Users/c4v4h/Library/Developer/Xcode/DerivedData/CascadeAddonRecoveryProbe/probe-or1q_x20/Build/Build/Intermediates.noindex/AddonPlatform.build/Debug/ProbeProvider.build/Objects-normal/arm64/ProbeProvider-OutputFileMap.json (in target 'ProbeProvider' from project 'AddonPlatform')
    cd /Users/c4v4h/Library/Developer/Xcode/DerivedData/CascadeAddonRecoveryProbe/probe-or1q_x20/Sources
    write-file /Users/c4v4h/Library/Developer/Xcode/DerivedData/CascadeAddonRecoveryProbe/probe-or1q_x20/Build/Build/Intermediates.noindex/AddonPlatform.build/Debug/ProbeProvider.build/Objects-normal/arm64/ProbeProvider-OutputFileMap.json

WriteAuxiliaryFile /Users/c4v4h/Library/Developer/Xcode/DerivedData/CascadeAddonRecoveryProbe/probe-or1q_x20/Build/Build/Intermediates.noindex/AddonPlatform.build/Debug/ProbeProvider.build/Objects-normal/arm64/CascadeProbeProvider.SwiftFileList (in target 'ProbeProvider' from project 'AddonPlatform')
    cd /Users/c4v4h/Library/Developer/Xcode/DerivedData/CascadeAddonRecoveryProbe/probe-or1q_x20/Sources
    write-file /Users/c4v4h/Library/Developer/Xcode/DerivedData/CascadeAddonRecoveryProbe/probe-or1q_x20/Build/Build/Intermediates.noindex/AddonPlatform.build/Debug/ProbeProvider.build/Objects-normal/arm64/CascadeProbeProvider.SwiftFileList

WriteAuxiliaryFile /Users/c4v4h/Library/Developer/Xcode/DerivedData/CascadeAddonRecoveryProbe/probe-or1q_x20/Build/Build/Intermediates.noindex/AddonPlatform.build/Debug/ProbeProvider.build/Objects-normal/arm64/CascadeProbeProvider.SwiftConstValuesFileList (in target 'ProbeProvider' from project 'AddonPlatform')
    cd /Users/c4v4h/Library/Developer/Xcode/DerivedData/CascadeAddonRecoveryProbe/probe-or1q_x20/Sources
    write-file /Users/c4v4h/Library/Developer/Xcode/DerivedData/CascadeAddonRecoveryProbe/probe-or1q_x20/Build/Build/Intermediates.noindex/AddonPlatform.build/Debug/ProbeProvider.build/Objects-normal/arm64/CascadeProbeProvider.SwiftConstValuesFileList

WriteAuxiliaryFile /Users/c4v4h/Library/Developer/Xcode/DerivedData/CascadeAddonRecoveryProbe/probe-or1q_x20/Build/Build/Intermediates.noindex/AddonPlatform.build/Debug/ProbeProvider.build/Objects-normal/arm64/CascadeProbeProvider.LinkFileList (in target 'ProbeProvider' from project 'AddonPlatform')
    cd /Users/c4v4h/Library/Developer/Xcode/DerivedData/CascadeAddonRecoveryProbe/probe-or1q_x20/Sources
    write-file /Users/c4v4h/Library/Developer/Xcode/DerivedData/CascadeAddonRecoveryProbe/probe-or1q_x20/Build/Build/Intermediates.noindex/AddonPlatform.build/Debug/ProbeProvider.build/Objects-normal/arm64/CascadeProbeProvider.LinkFileList

WriteAuxiliaryFile /Users/c4v4h/Library/Developer/Xcode/DerivedData/CascadeAddonRecoveryProbe/probe-or1q_x20/Build/Build/Intermediates.noindex/AddonPlatform.build/Debug/ProbeProvider.build/CascadeProbeProvider.hmap (in target 'ProbeProvider' from project 'AddonPlatform')
    cd /Users/c4v4h/Library/Developer/Xcode/DerivedData/CascadeAddonRecoveryProbe/probe-or1q_x20/Sources
    write-file /Users/c4v4h/Library/Developer/Xcode/DerivedData/CascadeAddonRecoveryProbe/probe-or1q_x20/Build/Build/Intermediates.noindex/AddonPlatform.build/Debug/ProbeProvider.build/CascadeProbeProvider.hmap

WriteAuxiliaryFile /Users/c4v4h/Library/Developer/Xcode/DerivedData/CascadeAddonRecoveryProbe/probe-or1q_x20/Build/Build/Intermediates.noindex/AddonPlatform.build/Debug/ProbeProvider.build/CascadeProbeProvider.DependencyStaticMetadataFileList (in target 'ProbeProvider' from project 'AddonPlatform')
    cd /Users/c4v4h/Library/Developer/Xcode/DerivedData/CascadeAddonRecoveryProbe/probe-or1q_x20/Sources
    write-file /Users/c4v4h/Library/Developer/Xcode/DerivedData/CascadeAddonRecoveryProbe/probe-or1q_x20/Build/Build/Intermediates.noindex/AddonPlatform.build/Debug/ProbeProvider.build/CascadeProbeProvider.DependencyStaticMetadataFileList

WriteAuxiliaryFile /Users/c4v4h/Library/Developer/Xcode/DerivedData/CascadeAddonRecoveryProbe/probe-or1q_x20/Build/Build/Intermediates.noindex/AddonPlatform.build/Debug/ProbeProvider.build/CascadeProbeProvider.DependencyMetadataFileList (in target 'ProbeProvider' from project 'AddonPlatform')
    cd /Users/c4v4h/Library/Developer/Xcode/DerivedData/CascadeAddonRecoveryProbe/probe-or1q_x20/Sources
    write-file /Users/c4v4h/Library/Developer/Xcode/DerivedData/CascadeAddonRecoveryProbe/probe-or1q_x20/Build/Build/Intermediates.noindex/AddonPlatform.build/Debug/ProbeProvider.build/CascadeProbeProvider.DependencyMetadataFileList

WriteAuxiliaryFile /Users/c4v4h/Library/Developer/Xcode/DerivedData/CascadeAddonRecoveryProbe/probe-or1q_x20/Build/Build/Intermediates.noindex/AddonPlatform.build/Debug/ProbeProvider.build/CascadeProbeProvider-project-headers.hmap (in target 'ProbeProvider' from project 'AddonPlatform')
    cd /Users/c4v4h/Library/Developer/Xcode/DerivedData/CascadeAddonRecoveryProbe/probe-or1q_x20/Sources
    write-file /Users/c4v4h/Library/Developer/Xcode/DerivedData/CascadeAddonRecoveryProbe/probe-or1q_x20/Build/Build/Intermediates.noindex/AddonPlatform.build/Debug/ProbeProvider.build/CascadeProbeProvider-project-headers.hmap

WriteAuxiliaryFile /Users/c4v4h/Library/Developer/Xcode/DerivedData/CascadeAddonRecoveryProbe/probe-or1q_x20/Build/Build/Intermediates.noindex/AddonPlatform.build/Debug/ProbeProvider.build/CascadeProbeProvider-own-target-headers.hmap (in target 'ProbeProvider' from project 'AddonPlatform')
    cd /Users/c4v4h/Library/Developer/Xcode/DerivedData/CascadeAddonRecoveryProbe/probe-or1q_x20/Sources
    write-file /Users/c4v4h/Library/Developer/Xcode/DerivedData/CascadeAddonRecoveryProbe/probe-or1q_x20/Build/Build/Intermediates.noindex/AddonPlatform.build/Debug/ProbeProvider.build/CascadeProbeProvider-own-target-headers.hmap

WriteAuxiliaryFile /Users/c4v4h/Library/Developer/Xcode/DerivedData/CascadeAddonRecoveryProbe/probe-or1q_x20/Build/Build/Intermediates.noindex/AddonPlatform.build/Debug/ProbeProvider.build/CascadeProbeProvider-generated-files.hmap (in target 'ProbeProvider' from project 'AddonPlatform')
    cd /Users/c4v4h/Library/Developer/Xcode/DerivedData/CascadeAddonRecoveryProbe/probe-or1q_x20/Sources
    write-file /Users/c4v4h/Library/Developer/Xcode/DerivedData/CascadeAddonRecoveryProbe/probe-or1q_x20/Build/Build/Intermediates.noindex/AddonPlatform.build/Debug/ProbeProvider.build/CascadeProbeProvider-generated-files.hmap

WriteAuxiliaryFile /Users/c4v4h/Library/Developer/Xcode/DerivedData/CascadeAddonRecoveryProbe/probe-or1q_x20/Build/Build/Intermediates.noindex/AddonPlatform.build/Debug/ProbeProvider.build/CascadeProbeProvider-all-target-headers.hmap (in target 'ProbeProvider' from project 'AddonPlatform')
    cd /Users/c4v4h/Library/Developer/Xcode/DerivedData/CascadeAddonRecoveryProbe/probe-or1q_x20/Sources
    write-file /Users/c4v4h/Library/Developer/Xcode/DerivedData/CascadeAddonRecoveryProbe/probe-or1q_x20/Build/Build/Intermediates.noindex/AddonPlatform.build/Debug/ProbeProvider.build/CascadeProbeProvider-all-target-headers.hmap

WriteAuxiliaryFile /Users/c4v4h/Library/Developer/Xcode/DerivedData/CascadeAddonRecoveryProbe/probe-or1q_x20/Build/Build/Intermediates.noindex/AddonPlatform.build/Debug/ProbeProvider.build/CascadeProbeProvider-all-non-framework-target-headers.hmap (in target 'ProbeProvider' from project 'AddonPlatform')
    cd /Users/c4v4h/Library/Developer/Xcode/DerivedData/CascadeAddonRecoveryProbe/probe-or1q_x20/Sources
    write-file /Users/c4v4h/Library/Developer/Xcode/DerivedData/CascadeAddonRecoveryProbe/probe-or1q_x20/Build/Build/Intermediates.noindex/AddonPlatform.build/Debug/ProbeProvider.build/CascadeProbeProvider-all-non-framework-target-headers.hmap

WriteAuxiliaryFile /Users/c4v4h/Library/Developer/Xcode/DerivedData/CascadeAddonRecoveryProbe/probe-or1q_x20/Build/Build/Intermediates.noindex/AddonPlatform.build/Debug/ProbeHost.build/Objects-normal/x86_64/CascadeAddonProbe.SwiftFileList (in target 'ProbeHost' from project 'AddonPlatform')
    cd /Users/c4v4h/Library/Developer/Xcode/DerivedData/CascadeAddonRecoveryProbe/probe-or1q_x20/Sources
    write-file /Users/c4v4h/Library/Developer/Xcode/DerivedData/CascadeAddonRecoveryProbe/probe-or1q_x20/Build/Build/Intermediates.noindex/AddonPlatform.build/Debug/ProbeHost.build/Objects-normal/x86_64/CascadeAddonProbe.SwiftFileList

WriteAuxiliaryFile /Users/c4v4h/Library/Developer/Xcode/DerivedData/CascadeAddonRecoveryProbe/probe-or1q_x20/Build/Build/Intermediates.noindex/AddonPlatform.build/Debug/ProbeHost.build/Objects-normal/x86_64/ProbeHost-OutputFileMap.json (in target 'ProbeHost' from project 'AddonPlatform')
    cd /Users/c4v4h/Library/Developer/Xcode/DerivedData/CascadeAddonRecoveryProbe/probe-or1q_x20/Sources
    write-file /Users/c4v4h/Library/Developer/Xcode/DerivedData/CascadeAddonRecoveryProbe/probe-or1q_x20/Build/Build/Intermediates.noindex/AddonPlatform.build/Debug/ProbeHost.build/Objects-normal/x86_64/ProbeHost-OutputFileMap.json

WriteAuxiliaryFile /Users/c4v4h/Library/Developer/Xcode/DerivedData/CascadeAddonRecoveryProbe/probe-or1q_x20/Build/Build/Intermediates.noindex/AddonPlatform.build/Debug/ProbeHost.build/Objects-normal/x86_64/ProbeHost_const_extract_protocols.json (in target 'ProbeHost' from project 'AddonPlatform')
    cd /Users/c4v4h/Library/Developer/Xcode/DerivedData/CascadeAddonRecoveryProbe/probe-or1q_x20/Sources
    write-file /Users/c4v4h/Library/Developer/Xcode/DerivedData/CascadeAddonRecoveryProbe/probe-or1q_x20/Build/Build/Intermediates.noindex/AddonPlatform.build/Debug/ProbeHost.build/Objects-normal/x86_64/ProbeHost_const_extract_protocols.json

WriteAuxiliaryFile /Users/c4v4h/Library/Developer/Xcode/DerivedData/CascadeAddonRecoveryProbe/probe-or1q_x20/Build/Build/Intermediates.noindex/AddonPlatform.build/Debug/ProbeHost.build/Objects-normal/x86_64/CascadeAddonProbe.SwiftConstValuesFileList (in target 'ProbeHost' from project 'AddonPlatform')
    cd /Users/c4v4h/Library/Developer/Xcode/DerivedData/CascadeAddonRecoveryProbe/probe-or1q_x20/Sources
    write-file /Users/c4v4h/Library/Developer/Xcode/DerivedData/CascadeAddonRecoveryProbe/probe-or1q_x20/Build/Build/Intermediates.noindex/AddonPlatform.build/Debug/ProbeHost.build/Objects-normal/x86_64/CascadeAddonProbe.SwiftConstValuesFileList

WriteAuxiliaryFile /Users/c4v4h/Library/Developer/Xcode/DerivedData/CascadeAddonRecoveryProbe/probe-or1q_x20/Build/Build/Intermediates.noindex/AddonPlatform.build/Debug/ProbeHost.build/Objects-normal/x86_64/CascadeAddonProbe.LinkFileList (in target 'ProbeHost' from project 'AddonPlatform')
    cd /Users/c4v4h/Library/Developer/Xcode/DerivedData/CascadeAddonRecoveryProbe/probe-or1q_x20/Sources
    write-file /Users/c4v4h/Library/Developer/Xcode/DerivedData/CascadeAddonRecoveryProbe/probe-or1q_x20/Build/Build/Intermediates.noindex/AddonPlatform.build/Debug/ProbeHost.build/Objects-normal/x86_64/CascadeAddonProbe.LinkFileList

WriteAuxiliaryFile /Users/c4v4h/Library/Developer/Xcode/DerivedData/CascadeAddonRecoveryProbe/probe-or1q_x20/Build/Build/Intermediates.noindex/AddonPlatform.build/Debug/ProbeHost.build/Objects-normal/arm64/ProbeHost-OutputFileMap.json (in target 'ProbeHost' from project 'AddonPlatform')
    cd /Users/c4v4h/Library/Developer/Xcode/DerivedData/CascadeAddonRecoveryProbe/probe-or1q_x20/Sources
    write-file /Users/c4v4h/Library/Developer/Xcode/DerivedData/CascadeAddonRecoveryProbe/probe-or1q_x20/Build/Build/Intermediates.noindex/AddonPlatform.build/Debug/ProbeHost.build/Objects-normal/arm64/ProbeHost-OutputFileMap.json

WriteAuxiliaryFile /Users/c4v4h/Library/Developer/Xcode/DerivedData/CascadeAddonRecoveryProbe/probe-or1q_x20/Build/Build/Intermediates.noindex/AddonPlatform.build/Debug/ProbeHost.build/Objects-normal/arm64/ProbeHost_const_extract_protocols.json (in target 'ProbeHost' from project 'AddonPlatform')
    cd /Users/c4v4h/Library/Developer/Xcode/DerivedData/CascadeAddonRecoveryProbe/probe-or1q_x20/Sources
    write-file /Users/c4v4h/Library/Developer/Xcode/DerivedData/CascadeAddonRecoveryProbe/probe-or1q_x20/Build/Build/Intermediates.noindex/AddonPlatform.build/Debug/ProbeHost.build/Objects-normal/arm64/ProbeHost_const_extract_protocols.json

WriteAuxiliaryFile /Users/c4v4h/Library/Developer/Xcode/DerivedData/CascadeAddonRecoveryProbe/probe-or1q_x20/Build/Build/Intermediates.noindex/AddonPlatform.build/Debug/ProbeHost.build/Objects-normal/arm64/CascadeAddonProbe.SwiftFileList (in target 'ProbeHost' from project 'AddonPlatform')
    cd /Users/c4v4h/Library/Developer/Xcode/DerivedData/CascadeAddonRecoveryProbe/probe-or1q_x20/Sources
    write-file /Users/c4v4h/Library/Developer/Xcode/DerivedData/CascadeAddonRecoveryProbe/probe-or1q_x20/Build/Build/Intermediates.noindex/AddonPlatform.build/Debug/ProbeHost.build/Objects-normal/arm64/CascadeAddonProbe.SwiftFileList

WriteAuxiliaryFile /Users/c4v4h/Library/Developer/Xcode/DerivedData/CascadeAddonRecoveryProbe/probe-or1q_x20/Build/Build/Intermediates.noindex/AddonPlatform.build/Debug/ProbeHost.build/Objects-normal/arm64/CascadeAddonProbe.SwiftConstValuesFileList (in target 'ProbeHost' from project 'AddonPlatform')
    cd /Users/c4v4h/Library/Developer/Xcode/DerivedData/CascadeAddonRecoveryProbe/probe-or1q_x20/Sources
    write-file /Users/c4v4h/Library/Developer/Xcode/DerivedData/CascadeAddonRecoveryProbe/probe-or1q_x20/Build/Build/Intermediates.noindex/AddonPlatform.build/Debug/ProbeHost.build/Objects-normal/arm64/CascadeAddonProbe.SwiftConstValuesFileList

WriteAuxiliaryFile /Users/c4v4h/Library/Developer/Xcode/DerivedData/CascadeAddonRecoveryProbe/probe-or1q_x20/Build/Build/Intermediates.noindex/AddonPlatform.build/Debug/ProbeHost.build/Objects-normal/arm64/CascadeAddonProbe.LinkFileList (in target 'ProbeHost' from project 'AddonPlatform')
    cd /Users/c4v4h/Library/Developer/Xcode/DerivedData/CascadeAddonRecoveryProbe/probe-or1q_x20/Sources
    write-file /Users/c4v4h/Library/Developer/Xcode/DerivedData/CascadeAddonRecoveryProbe/probe-or1q_x20/Build/Build/Intermediates.noindex/AddonPlatform.build/Debug/ProbeHost.build/Objects-normal/arm64/CascadeAddonProbe.LinkFileList

WriteAuxiliaryFile /Users/c4v4h/Library/Developer/Xcode/DerivedData/CascadeAddonRecoveryProbe/probe-or1q_x20/Build/Build/Intermediates.noindex/AddonPlatform.build/Debug/ProbeHost.build/CascadeAddonProbe.hmap (in target 'ProbeHost' from project 'AddonPlatform')
    cd /Users/c4v4h/Library/Developer/Xcode/DerivedData/CascadeAddonRecoveryProbe/probe-or1q_x20/Sources
    write-file /Users/c4v4h/Library/Developer/Xcode/DerivedData/CascadeAddonRecoveryProbe/probe-or1q_x20/Build/Build/Intermediates.noindex/AddonPlatform.build/Debug/ProbeHost.build/CascadeAddonProbe.hmap

WriteAuxiliaryFile /Users/c4v4h/Library/Developer/Xcode/DerivedData/CascadeAddonRecoveryProbe/probe-or1q_x20/Build/Build/Intermediates.noindex/AddonPlatform.build/Debug/ProbeHost.build/CascadeAddonProbe.DependencyStaticMetadataFileList (in target 'ProbeHost' from project 'AddonPlatform')
    cd /Users/c4v4h/Library/Developer/Xcode/DerivedData/CascadeAddonRecoveryProbe/probe-or1q_x20/Sources
    write-file /Users/c4v4h/Library/Developer/Xcode/DerivedData/CascadeAddonRecoveryProbe/probe-or1q_x20/Build/Build/Intermediates.noindex/AddonPlatform.build/Debug/ProbeHost.build/CascadeAddonProbe.DependencyStaticMetadataFileList

WriteAuxiliaryFile /Users/c4v4h/Library/Developer/Xcode/DerivedData/CascadeAddonRecoveryProbe/probe-or1q_x20/Build/Build/Intermediates.noindex/AddonPlatform.build/Debug/ProbeHost.build/CascadeAddonProbe.DependencyMetadataFileList (in target 'ProbeHost' from project 'AddonPlatform')
    cd /Users/c4v4h/Library/Developer/Xcode/DerivedData/CascadeAddonRecoveryProbe/probe-or1q_x20/Sources
    write-file /Users/c4v4h/Library/Developer/Xcode/DerivedData/CascadeAddonRecoveryProbe/probe-or1q_x20/Build/Build/Intermediates.noindex/AddonPlatform.build/Debug/ProbeHost.build/CascadeAddonProbe.DependencyMetadataFileList

WriteAuxiliaryFile /Users/c4v4h/Library/Developer/Xcode/DerivedData/CascadeAddonRecoveryProbe/probe-or1q_x20/Build/Build/Intermediates.noindex/AddonPlatform.build/Debug/ProbeHost.build/CascadeAddonProbe-project-headers.hmap (in target 'ProbeHost' from project 'AddonPlatform')
    cd /Users/c4v4h/Library/Developer/Xcode/DerivedData/CascadeAddonRecoveryProbe/probe-or1q_x20/Sources
    write-file /Users/c4v4h/Library/Developer/Xcode/DerivedData/CascadeAddonRecoveryProbe/probe-or1q_x20/Build/Build/Intermediates.noindex/AddonPlatform.build/Debug/ProbeHost.build/CascadeAddonProbe-project-headers.hmap

WriteAuxiliaryFile /Users/c4v4h/Library/Developer/Xcode/DerivedData/CascadeAddonRecoveryProbe/probe-or1q_x20/Build/Build/Intermediates.noindex/AddonPlatform.build/Debug/ProbeHost.build/CascadeAddonProbe-own-target-headers.hmap (in target 'ProbeHost' from project 'AddonPlatform')
    cd /Users/c4v4h/Library/Developer/Xcode/DerivedData/CascadeAddonRecoveryProbe/probe-or1q_x20/Sources
    write-file /Users/c4v4h/Library/Developer/Xcode/DerivedData/CascadeAddonRecoveryProbe/probe-or1q_x20/Build/Build/Intermediates.noindex/AddonPlatform.build/Debug/ProbeHost.build/CascadeAddonProbe-own-target-headers.hmap

WriteAuxiliaryFile /Users/c4v4h/Library/Developer/Xcode/DerivedData/CascadeAddonRecoveryProbe/probe-or1q_x20/Build/Build/Intermediates.noindex/AddonPlatform.build/Debug/ProbeHost.build/CascadeAddonProbe-generated-files.hmap (in target 'ProbeHost' from project 'AddonPlatform')
    cd /Users/c4v4h/Library/Developer/Xcode/DerivedData/CascadeAddonRecoveryProbe/probe-or1q_x20/Sources
    write-file /Users/c4v4h/Library/Developer/Xcode/DerivedData/CascadeAddonRecoveryProbe/probe-or1q_x20/Build/Build/Intermediates.noindex/AddonPlatform.build/Debug/ProbeHost.build/CascadeAddonProbe-generated-files.hmap

WriteAuxiliaryFile /Users/c4v4h/Library/Developer/Xcode/DerivedData/CascadeAddonRecoveryProbe/probe-or1q_x20/Build/Build/Intermediates.noindex/AddonPlatform.build/Debug/ProbeHost.build/CascadeAddonProbe-all-target-headers.hmap (in target 'ProbeHost' from project 'AddonPlatform')
    cd /Users/c4v4h/Library/Developer/Xcode/DerivedData/CascadeAddonRecoveryProbe/probe-or1q_x20/Sources
    write-file /Users/c4v4h/Library/Developer/Xcode/DerivedData/CascadeAddonRecoveryProbe/probe-or1q_x20/Build/Build/Intermediates.noindex/AddonPlatform.build/Debug/ProbeHost.build/CascadeAddonProbe-all-target-headers.hmap

WriteAuxiliaryFile /Users/c4v4h/Library/Developer/Xcode/DerivedData/CascadeAddonRecoveryProbe/probe-or1q_x20/Build/Build/Intermediates.noindex/AddonPlatform.build/Debug/ProbeHost.build/CascadeAddonProbe-all-non-framework-target-headers.hmap (in target 'ProbeHost' from project 'AddonPlatform')
    cd /Users/c4v4h/Library/Developer/Xcode/DerivedData/CascadeAddonRecoveryProbe/probe-or1q_x20/Sources
    write-file /Users/c4v4h/Library/Developer/Xcode/DerivedData/CascadeAddonRecoveryProbe/probe-or1q_x20/Build/Build/Intermediates.noindex/AddonPlatform.build/Debug/ProbeHost.build/CascadeAddonProbe-all-non-framework-target-headers.hmap

WriteAuxiliaryFile /Users/c4v4h/Library/Developer/Xcode/DerivedData/CascadeAddonRecoveryProbe/probe-or1q_x20/Build/Build/Intermediates.noindex/AddonPlatform.build/Debug/ProbeContainer.build/Objects-normal/x86_64/ProbeContainer-OutputFileMap.json (in target 'ProbeContainer' from project 'AddonPlatform')
    cd /Users/c4v4h/Library/Developer/Xcode/DerivedData/CascadeAddonRecoveryProbe/probe-or1q_x20/Sources
    write-file /Users/c4v4h/Library/Developer/Xcode/DerivedData/CascadeAddonRecoveryProbe/probe-or1q_x20/Build/Build/Intermediates.noindex/AddonPlatform.build/Debug/ProbeContainer.build/Objects-normal/x86_64/ProbeContainer-OutputFileMap.json

WriteAuxiliaryFile /Users/c4v4h/Library/Developer/Xcode/DerivedData/CascadeAddonRecoveryProbe/probe-or1q_x20/Build/Build/Intermediates.noindex/AddonPlatform.build/Debug/ProbeContainer.build/Objects-normal/x86_64/ProbeContainer_const_extract_protocols.json (in target 'ProbeContainer' from project 'AddonPlatform')
    cd /Users/c4v4h/Library/Developer/Xcode/DerivedData/CascadeAddonRecoveryProbe/probe-or1q_x20/Sources
    write-file /Users/c4v4h/Library/Developer/Xcode/DerivedData/CascadeAddonRecoveryProbe/probe-or1q_x20/Build/Build/Intermediates.noindex/AddonPlatform.build/Debug/ProbeContainer.build/Objects-normal/x86_64/ProbeContainer_const_extract_protocols.json

WriteAuxiliaryFile /Users/c4v4h/Library/Developer/Xcode/DerivedData/CascadeAddonRecoveryProbe/probe-or1q_x20/Build/Build/Intermediates.noindex/AddonPlatform.build/Debug/ProbeContainer.build/Objects-normal/x86_64/CascadeAddonProbeContainer.SwiftFileList (in target 'ProbeContainer' from project 'AddonPlatform')
    cd /Users/c4v4h/Library/Developer/Xcode/DerivedData/CascadeAddonRecoveryProbe/probe-or1q_x20/Sources
    write-file /Users/c4v4h/Library/Developer/Xcode/DerivedData/CascadeAddonRecoveryProbe/probe-or1q_x20/Build/Build/Intermediates.noindex/AddonPlatform.build/Debug/ProbeContainer.build/Objects-normal/x86_64/CascadeAddonProbeContainer.SwiftFileList

WriteAuxiliaryFile /Users/c4v4h/Library/Developer/Xcode/DerivedData/CascadeAddonRecoveryProbe/probe-or1q_x20/Build/Build/Intermediates.noindex/AddonPlatform.build/Debug/ProbeContainer.build/Objects-normal/x86_64/CascadeAddonProbeContainer.SwiftConstValuesFileList (in target 'ProbeContainer' from project 'AddonPlatform')
    cd /Users/c4v4h/Library/Developer/Xcode/DerivedData/CascadeAddonRecoveryProbe/probe-or1q_x20/Sources
    write-file /Users/c4v4h/Library/Developer/Xcode/DerivedData/CascadeAddonRecoveryProbe/probe-or1q_x20/Build/Build/Intermediates.noindex/AddonPlatform.build/Debug/ProbeContainer.build/Objects-normal/x86_64/CascadeAddonProbeContainer.SwiftConstValuesFileList

WriteAuxiliaryFile /Users/c4v4h/Library/Developer/Xcode/DerivedData/CascadeAddonRecoveryProbe/probe-or1q_x20/Build/Build/Intermediates.noindex/AddonPlatform.build/Debug/ProbeContainer.build/Objects-normal/x86_64/CascadeAddonProbeContainer.LinkFileList (in target 'ProbeContainer' from project 'AddonPlatform')
    cd /Users/c4v4h/Library/Developer/Xcode/DerivedData/CascadeAddonRecoveryProbe/probe-or1q_x20/Sources
    write-file /Users/c4v4h/Library/Developer/Xcode/DerivedData/CascadeAddonRecoveryProbe/probe-or1q_x20/Build/Build/Intermediates.noindex/AddonPlatform.build/Debug/ProbeContainer.build/Objects-normal/x86_64/CascadeAddonProbeContainer.LinkFileList

WriteAuxiliaryFile /Users/c4v4h/Library/Developer/Xcode/DerivedData/CascadeAddonRecoveryProbe/probe-or1q_x20/Build/Build/Intermediates.noindex/AddonPlatform.build/Debug/ProbeContainer.build/Objects-normal/arm64/ProbeContainer_const_extract_protocols.json (in target 'ProbeContainer' from project 'AddonPlatform')
    cd /Users/c4v4h/Library/Developer/Xcode/DerivedData/CascadeAddonRecoveryProbe/probe-or1q_x20/Sources
    write-file /Users/c4v4h/Library/Developer/Xcode/DerivedData/CascadeAddonRecoveryProbe/probe-or1q_x20/Build/Build/Intermediates.noindex/AddonPlatform.build/Debug/ProbeContainer.build/Objects-normal/arm64/ProbeContainer_const_extract_protocols.json

WriteAuxiliaryFile /Users/c4v4h/Library/Developer/Xcode/DerivedData/CascadeAddonRecoveryProbe/probe-or1q_x20/Build/Build/Intermediates.noindex/AddonPlatform.build/Debug/ProbeContainer.build/Objects-normal/arm64/ProbeContainer-OutputFileMap.json (in target 'ProbeContainer' from project 'AddonPlatform')
    cd /Users/c4v4h/Library/Developer/Xcode/DerivedData/CascadeAddonRecoveryProbe/probe-or1q_x20/Sources
    write-file /Users/c4v4h/Library/Developer/Xcode/DerivedData/CascadeAddonRecoveryProbe/probe-or1q_x20/Build/Build/Intermediates.noindex/AddonPlatform.build/Debug/ProbeContainer.build/Objects-normal/arm64/ProbeContainer-OutputFileMap.json

WriteAuxiliaryFile /Users/c4v4h/Library/Developer/Xcode/DerivedData/CascadeAddonRecoveryProbe/probe-or1q_x20/Build/Build/Intermediates.noindex/AddonPlatform.build/Debug/ProbeContainer.build/Objects-normal/arm64/CascadeAddonProbeContainer.SwiftConstValuesFileList (in target 'ProbeContainer' from project 'AddonPlatform')
    cd /Users/c4v4h/Library/Developer/Xcode/DerivedData/CascadeAddonRecoveryProbe/probe-or1q_x20/Sources
    write-file /Users/c4v4h/Library/Developer/Xcode/DerivedData/CascadeAddonRecoveryProbe/probe-or1q_x20/Build/Build/Intermediates.noindex/AddonPlatform.build/Debug/ProbeContainer.build/Objects-normal/arm64/CascadeAddonProbeContainer.SwiftConstValuesFileList

WriteAuxiliaryFile /Users/c4v4h/Library/Developer/Xcode/DerivedData/CascadeAddonRecoveryProbe/probe-or1q_x20/Build/Build/Intermediates.noindex/AddonPlatform.build/Debug/ProbeContainer.build/Objects-normal/arm64/CascadeAddonProbeContainer.SwiftFileList (in target 'ProbeContainer' from project 'AddonPlatform')
    cd /Users/c4v4h/Library/Developer/Xcode/DerivedData/CascadeAddonRecoveryProbe/probe-or1q_x20/Sources
    write-file /Users/c4v4h/Library/Developer/Xcode/DerivedData/CascadeAddonRecoveryProbe/probe-or1q_x20/Build/Build/Intermediates.noindex/AddonPlatform.build/Debug/ProbeContainer.build/Objects-normal/arm64/CascadeAddonProbeContainer.SwiftFileList

WriteAuxiliaryFile /Users/c4v4h/Library/Developer/Xcode/DerivedData/CascadeAddonRecoveryProbe/probe-or1q_x20/Build/Build/Intermediates.noindex/AddonPlatform.build/Debug/ProbeContainer.build/Objects-normal/arm64/CascadeAddonProbeContainer.LinkFileList (in target 'ProbeContainer' from project 'AddonPlatform')
    cd /Users/c4v4h/Library/Developer/Xcode/DerivedData/CascadeAddonRecoveryProbe/probe-or1q_x20/Sources
    write-file /Users/c4v4h/Library/Developer/Xcode/DerivedData/CascadeAddonRecoveryProbe/probe-or1q_x20/Build/Build/Intermediates.noindex/AddonPlatform.build/Debug/ProbeContainer.build/Objects-normal/arm64/CascadeAddonProbeContainer.LinkFileList

WriteAuxiliaryFile /Users/c4v4h/Library/Developer/Xcode/DerivedData/CascadeAddonRecoveryProbe/probe-or1q_x20/Build/Build/Intermediates.noindex/AddonPlatform.build/Debug/ProbeContainer.build/CascadeAddonProbeContainer.hmap (in target 'ProbeContainer' from project 'AddonPlatform')
    cd /Users/c4v4h/Library/Developer/Xcode/DerivedData/CascadeAddonRecoveryProbe/probe-or1q_x20/Sources
    write-file /Users/c4v4h/Library/Developer/Xcode/DerivedData/CascadeAddonRecoveryProbe/probe-or1q_x20/Build/Build/Intermediates.noindex/AddonPlatform.build/Debug/ProbeContainer.build/CascadeAddonProbeContainer.hmap

WriteAuxiliaryFile /Users/c4v4h/Library/Developer/Xcode/DerivedData/CascadeAddonRecoveryProbe/probe-or1q_x20/Build/Build/Intermediates.noindex/AddonPlatform.build/Debug/ProbeContainer.build/CascadeAddonProbeContainer.DependencyStaticMetadataFileList (in target 'ProbeContainer' from project 'AddonPlatform')
    cd /Users/c4v4h/Library/Developer/Xcode/DerivedData/CascadeAddonRecoveryProbe/probe-or1q_x20/Sources
    write-file /Users/c4v4h/Library/Developer/Xcode/DerivedData/CascadeAddonRecoveryProbe/probe-or1q_x20/Build/Build/Intermediates.noindex/AddonPlatform.build/Debug/ProbeContainer.build/CascadeAddonProbeContainer.DependencyStaticMetadataFileList

WriteAuxiliaryFile /Users/c4v4h/Library/Developer/Xcode/DerivedData/CascadeAddonRecoveryProbe/probe-or1q_x20/Build/Build/Intermediates.noindex/AddonPlatform.build/Debug/ProbeContainer.build/CascadeAddonProbeContainer.DependencyMetadataFileList (in target 'ProbeContainer' from project 'AddonPlatform')
    cd /Users/c4v4h/Library/Developer/Xcode/DerivedData/CascadeAddonRecoveryProbe/probe-or1q_x20/Sources
    write-file /Users/c4v4h/Library/Developer/Xcode/DerivedData/CascadeAddonRecoveryProbe/probe-or1q_x20/Build/Build/Intermediates.noindex/AddonPlatform.build/Debug/ProbeContainer.build/CascadeAddonProbeContainer.DependencyMetadataFileList

WriteAuxiliaryFile /Users/c4v4h/Library/Developer/Xcode/DerivedData/CascadeAddonRecoveryProbe/probe-or1q_x20/Build/Build/Intermediates.noindex/AddonPlatform.build/Debug/ProbeContainer.build/CascadeAddonProbeContainer-project-headers.hmap (in target 'ProbeContainer' from project 'AddonPlatform')
    cd /Users/c4v4h/Library/Developer/Xcode/DerivedData/CascadeAddonRecoveryProbe/probe-or1q_x20/Sources
    write-file /Users/c4v4h/Library/Developer/Xcode/DerivedData/CascadeAddonRecoveryProbe/probe-or1q_x20/Build/Build/Intermediates.noindex/AddonPlatform.build/Debug/ProbeContainer.build/CascadeAddonProbeContainer-project-headers.hmap

WriteAuxiliaryFile /Users/c4v4h/Library/Developer/Xcode/DerivedData/CascadeAddonRecoveryProbe/probe-or1q_x20/Build/Build/Intermediates.noindex/AddonPlatform.build/Debug/ProbeContainer.build/CascadeAddonProbeContainer-own-target-headers.hmap (in target 'ProbeContainer' from project 'AddonPlatform')
    cd /Users/c4v4h/Library/Developer/Xcode/DerivedData/CascadeAddonRecoveryProbe/probe-or1q_x20/Sources
    write-file /Users/c4v4h/Library/Developer/Xcode/DerivedData/CascadeAddonRecoveryProbe/probe-or1q_x20/Build/Build/Intermediates.noindex/AddonPlatform.build/Debug/ProbeContainer.build/CascadeAddonProbeContainer-own-target-headers.hmap

WriteAuxiliaryFile /Users/c4v4h/Library/Developer/Xcode/DerivedData/CascadeAddonRecoveryProbe/probe-or1q_x20/Build/Build/Intermediates.noindex/AddonPlatform.build/Debug/ProbeContainer.build/CascadeAddonProbeContainer-generated-files.hmap (in target 'ProbeContainer' from project 'AddonPlatform')
    cd /Users/c4v4h/Library/Developer/Xcode/DerivedData/CascadeAddonRecoveryProbe/probe-or1q_x20/Sources
    write-file /Users/c4v4h/Library/Developer/Xcode/DerivedData/CascadeAddonRecoveryProbe/probe-or1q_x20/Build/Build/Intermediates.noindex/AddonPlatform.build/Debug/ProbeContainer.build/CascadeAddonProbeContainer-generated-files.hmap

WriteAuxiliaryFile /Users/c4v4h/Library/Developer/Xcode/DerivedData/CascadeAddonRecoveryProbe/probe-or1q_x20/Build/Build/Intermediates.noindex/AddonPlatform.build/Debug/ProbeContainer.build/CascadeAddonProbeContainer-all-target-headers.hmap (in target 'ProbeContainer' from project 'AddonPlatform')
    cd /Users/c4v4h/Library/Developer/Xcode/DerivedData/CascadeAddonRecoveryProbe/probe-or1q_x20/Sources
    write-file /Users/c4v4h/Library/Developer/Xcode/DerivedData/CascadeAddonRecoveryProbe/probe-or1q_x20/Build/Build/Intermediates.noindex/AddonPlatform.build/Debug/ProbeContainer.build/CascadeAddonProbeContainer-all-target-headers.hmap

WriteAuxiliaryFile /Users/c4v4h/Library/Developer/Xcode/DerivedData/CascadeAddonRecoveryProbe/probe-or1q_x20/Build/Build/Intermediates.noindex/AddonPlatform.build/Debug/ProbeContainer.build/CascadeAddonProbeContainer-all-non-framework-target-headers.hmap (in target 'ProbeContainer' from project 'AddonPlatform')
    cd /Users/c4v4h/Library/Developer/Xcode/DerivedData/CascadeAddonRecoveryProbe/probe-or1q_x20/Sources
    write-file /Users/c4v4h/Library/Developer/Xcode/DerivedData/CascadeAddonRecoveryProbe/probe-or1q_x20/Build/Build/Intermediates.noindex/AddonPlatform.build/Debug/ProbeContainer.build/CascadeAddonProbeContainer-all-non-framework-target-headers.hmap

MkDir /Users/c4v4h/Library/Developer/Xcode/DerivedData/CascadeAddonRecoveryProbe/probe-or1q_x20/Build/Build/Products/Debug/CascadeProbeProvider.appex/Contents (in target 'ProbeProvider' from project 'AddonPlatform')
    cd /Users/c4v4h/Library/Developer/Xcode/DerivedData/CascadeAddonRecoveryProbe/probe-or1q_x20/Sources
    /bin/mkdir -p /Users/c4v4h/Library/Developer/Xcode/DerivedData/CascadeAddonRecoveryProbe/probe-or1q_x20/Build/Build/Products/Debug/CascadeProbeProvider.appex/Contents

MkDir /Users/c4v4h/Library/Developer/Xcode/DerivedData/CascadeAddonRecoveryProbe/probe-or1q_x20/Build/Build/Products/Debug/CascadeProbeProvider.appex/Contents/MacOS (in target 'ProbeProvider' from project 'AddonPlatform')
    cd /Users/c4v4h/Library/Developer/Xcode/DerivedData/CascadeAddonRecoveryProbe/probe-or1q_x20/Sources
    /bin/mkdir -p /Users/c4v4h/Library/Developer/Xcode/DerivedData/CascadeAddonRecoveryProbe/probe-or1q_x20/Build/Build/Products/Debug/CascadeProbeProvider.appex/Contents/MacOS

MkDir /Users/c4v4h/Library/Developer/Xcode/DerivedData/CascadeAddonRecoveryProbe/probe-or1q_x20/Build/Build/Products/Debug/CascadeProbeProvider.appex (in target 'ProbeProvider' from project 'AddonPlatform')
    cd /Users/c4v4h/Library/Developer/Xcode/DerivedData/CascadeAddonRecoveryProbe/probe-or1q_x20/Sources
    /bin/mkdir -p /Users/c4v4h/Library/Developer/Xcode/DerivedData/CascadeAddonRecoveryProbe/probe-or1q_x20/Build/Build/Products/Debug/CascadeProbeProvider.appex

MkDir /Users/c4v4h/Library/Developer/Xcode/DerivedData/CascadeAddonRecoveryProbe/probe-or1q_x20/Build/Build/Products/Debug/CascadeAddonProbe.app/Contents/MacOS (in target 'ProbeHost' from project 'AddonPlatform')
    cd /Users/c4v4h/Library/Developer/Xcode/DerivedData/CascadeAddonRecoveryProbe/probe-or1q_x20/Sources
    /bin/mkdir -p /Users/c4v4h/Library/Developer/Xcode/DerivedData/CascadeAddonRecoveryProbe/probe-or1q_x20/Build/Build/Products/Debug/CascadeAddonProbe.app/Contents/MacOS

MkDir /Users/c4v4h/Library/Developer/Xcode/DerivedData/CascadeAddonRecoveryProbe/probe-or1q_x20/Build/Build/Products/Debug/CascadeAddonProbe.app/Contents/Extensions (in target 'ProbeHost' from project 'AddonPlatform')
    cd /Users/c4v4h/Library/Developer/Xcode/DerivedData/CascadeAddonRecoveryProbe/probe-or1q_x20/Sources
    /bin/mkdir -p /Users/c4v4h/Library/Developer/Xcode/DerivedData/CascadeAddonRecoveryProbe/probe-or1q_x20/Build/Build/Products/Debug/CascadeAddonProbe.app/Contents/Extensions

MkDir /Users/c4v4h/Library/Developer/Xcode/DerivedData/CascadeAddonRecoveryProbe/probe-or1q_x20/Build/Build/Products/Debug/CascadeAddonProbe.app/Contents (in target 'ProbeHost' from project 'AddonPlatform')
    cd /Users/c4v4h/Library/Developer/Xcode/DerivedData/CascadeAddonRecoveryProbe/probe-or1q_x20/Sources
    /bin/mkdir -p /Users/c4v4h/Library/Developer/Xcode/DerivedData/CascadeAddonRecoveryProbe/probe-or1q_x20/Build/Build/Products/Debug/CascadeAddonProbe.app/Contents

MkDir /Users/c4v4h/Library/Developer/Xcode/DerivedData/CascadeAddonRecoveryProbe/probe-or1q_x20/Build/Build/Products/Debug/CascadeAddonProbe.app (in target 'ProbeHost' from project 'AddonPlatform')
    cd /Users/c4v4h/Library/Developer/Xcode/DerivedData/CascadeAddonRecoveryProbe/probe-or1q_x20/Sources
    /bin/mkdir -p /Users/c4v4h/Library/Developer/Xcode/DerivedData/CascadeAddonRecoveryProbe/probe-or1q_x20/Build/Build/Products/Debug/CascadeAddonProbe.app

MkDir /Users/c4v4h/Library/Developer/Xcode/DerivedData/CascadeAddonRecoveryProbe/probe-or1q_x20/Build/Build/Products/Debug/CascadeAddonProbeContainer.app/Contents/Extensions (in target 'ProbeContainer' from project 'AddonPlatform')
    cd /Users/c4v4h/Library/Developer/Xcode/DerivedData/CascadeAddonRecoveryProbe/probe-or1q_x20/Sources
    /bin/mkdir -p /Users/c4v4h/Library/Developer/Xcode/DerivedData/CascadeAddonRecoveryProbe/probe-or1q_x20/Build/Build/Products/Debug/CascadeAddonProbeContainer.app/Contents/Extensions

MkDir /Users/c4v4h/Library/Developer/Xcode/DerivedData/CascadeAddonRecoveryProbe/probe-or1q_x20/Build/Build/Products/Debug/CascadeAddonProbeContainer.app/Contents/MacOS (in target 'ProbeContainer' from project 'AddonPlatform')
    cd /Users/c4v4h/Library/Developer/Xcode/DerivedData/CascadeAddonRecoveryProbe/probe-or1q_x20/Sources
    /bin/mkdir -p /Users/c4v4h/Library/Developer/Xcode/DerivedData/CascadeAddonRecoveryProbe/probe-or1q_x20/Build/Build/Products/Debug/CascadeAddonProbeContainer.app/Contents/MacOS

MkDir /Users/c4v4h/Library/Developer/Xcode/DerivedData/CascadeAddonRecoveryProbe/probe-or1q_x20/Build/Build/Products/Debug/CascadeAddonProbeContainer.app/Contents (in target 'ProbeContainer' from project 'AddonPlatform')
    cd /Users/c4v4h/Library/Developer/Xcode/DerivedData/CascadeAddonRecoveryProbe/probe-or1q_x20/Sources
    /bin/mkdir -p /Users/c4v4h/Library/Developer/Xcode/DerivedData/CascadeAddonRecoveryProbe/probe-or1q_x20/Build/Build/Products/Debug/CascadeAddonProbeContainer.app/Contents

MkDir /Users/c4v4h/Library/Developer/Xcode/DerivedData/CascadeAddonRecoveryProbe/probe-or1q_x20/Build/Build/Products/Debug/CascadeAddonProbeContainer.app (in target 'ProbeContainer' from project 'AddonPlatform')
    cd /Users/c4v4h/Library/Developer/Xcode/DerivedData/CascadeAddonRecoveryProbe/probe-or1q_x20/Sources
    /bin/mkdir -p /Users/c4v4h/Library/Developer/Xcode/DerivedData/CascadeAddonRecoveryProbe/probe-or1q_x20/Build/Build/Products/Debug/CascadeAddonProbeContainer.app

ProcessProductPackaging /Users/c4v4h/Library/Developer/Xcode/DerivedData/CascadeAddonRecoveryProbe/probe-or1q_x20/Sources/Provider/Provider.entitlements /Users/c4v4h/Library/Developer/Xcode/DerivedData/CascadeAddonRecoveryProbe/probe-or1q_x20/Build/Build/Intermediates.noindex/AddonPlatform.build/Debug/ProbeProvider.build/CascadeProbeProvider.appex.xcent (in target 'ProbeProvider' from project 'AddonPlatform')
    cd /Users/c4v4h/Library/Developer/Xcode/DerivedData/CascadeAddonRecoveryProbe/probe-or1q_x20/Sources
    
    Entitlements:
    
    {
    "com.apple.security.app-sandbox" = 1;
}
    
    builtin-productPackagingUtility /Users/c4v4h/Library/Developer/Xcode/DerivedData/CascadeAddonRecoveryProbe/probe-or1q_x20/Sources/Provider/Provider.entitlements -entitlements -format xml -o /Users/c4v4h/Library/Developer/Xcode/DerivedData/CascadeAddonRecoveryProbe/probe-or1q_x20/Build/Build/Intermediates.noindex/AddonPlatform.build/Debug/ProbeProvider.build/CascadeProbeProvider.appex.xcent

ProcessInfoPlistFile /Users/c4v4h/Library/Developer/Xcode/DerivedData/CascadeAddonRecoveryProbe/probe-or1q_x20/Build/Build/Products/Debug/CascadeAddonProbe.app/Contents/Info.plist /Users/c4v4h/Library/Developer/Xcode/DerivedData/CascadeAddonRecoveryProbe/probe-or1q_x20/Sources/Host/Info.plist (in target 'ProbeHost' from project 'AddonPlatform')
    cd /Users/c4v4h/Library/Developer/Xcode/DerivedData/CascadeAddonRecoveryProbe/probe-or1q_x20/Sources
    builtin-infoPlistUtility /Users/c4v4h/Library/Developer/Xcode/DerivedData/CascadeAddonRecoveryProbe/probe-or1q_x20/Sources/Host/Info.plist -producttype com.apple.product-type.application -genpkginfo /Users/c4v4h/Library/Developer/Xcode/DerivedData/CascadeAddonRecoveryProbe/probe-or1q_x20/Build/Build/Products/Debug/CascadeAddonProbe.app/Contents/PkgInfo -expandbuildsettings -platform macosx -o /Users/c4v4h/Library/Developer/Xcode/DerivedData/CascadeAddonRecoveryProbe/probe-or1q_x20/Build/Build/Products/Debug/CascadeAddonProbe.app/Contents/Info.plist

ProcessProductPackagingDER /Users/c4v4h/Library/Developer/Xcode/DerivedData/CascadeAddonRecoveryProbe/probe-or1q_x20/Build/Build/Intermediates.noindex/AddonPlatform.build/Debug/ProbeProvider.build/CascadeProbeProvider.appex.xcent /Users/c4v4h/Library/Developer/Xcode/DerivedData/CascadeAddonRecoveryProbe/probe-or1q_x20/Build/Build/Intermediates.noindex/AddonPlatform.build/Debug/ProbeProvider.build/CascadeProbeProvider.appex.xcent.der (in target 'ProbeProvider' from project 'AddonPlatform')
    cd /Users/c4v4h/Library/Developer/Xcode/DerivedData/CascadeAddonRecoveryProbe/probe-or1q_x20/Sources
    /usr/bin/derq query -f xml -i /Users/c4v4h/Library/Developer/Xcode/DerivedData/CascadeAddonRecoveryProbe/probe-or1q_x20/Build/Build/Intermediates.noindex/AddonPlatform.build/Debug/ProbeProvider.build/CascadeProbeProvider.appex.xcent -o /Users/c4v4h/Library/Developer/Xcode/DerivedData/CascadeAddonRecoveryProbe/probe-or1q_x20/Build/Build/Intermediates.noindex/AddonPlatform.build/Debug/ProbeProvider.build/CascadeProbeProvider.appex.xcent.der --raw

SwiftDriver ProbeProvider normal x86_64 com.apple.xcode.tools.swift.compiler (in target 'ProbeProvider' from project 'AddonPlatform')
    cd /Users/c4v4h/Library/Developer/Xcode/DerivedData/CascadeAddonRecoveryProbe/probe-or1q_x20/Sources
    builtin-SwiftDriver -- /Applications/Xcode-beta.app/Contents/Developer/Toolchains/XcodeDefault.xctoolchain/usr/bin/swiftc -module-name CascadeProbeProvider -Onone @/Users/c4v4h/Library/Developer/Xcode/DerivedData/CascadeAddonRecoveryProbe/probe-or1q_x20/Build/Build/Intermediates.noindex/AddonPlatform.build/Debug/ProbeProvider.build/Objects-normal/x86_64/CascadeProbeProvider.SwiftFileList -DDEBUG -DRECOVERY_PROBE -DBROKER_PROVIDER -enable-bare-slash-regex -enable-experimental-feature DebugDescriptionMacro -sdk /Applications/Xcode-beta.app/Contents/Developer/Platforms/MacOSX.platform/Developer/SDKs/MacOSX27.0.sdk -target x86_64-apple-macos14.0 -g -module-cache-path /Users/c4v4h/Library/Developer/Xcode/DerivedData/CascadeAddonRecoveryProbe/probe-or1q_x20/Build/ModuleCache.noindex -Xfrontend -serialize-debugging-options -application-extension -index-store-path /Users/c4v4h/Library/Developer/Xcode/DerivedData/CascadeAddonRecoveryProbe/probe-or1q_x20/Build/Index.noindex/DataStore -swift-version 5 -I /Users/c4v4h/Library/Developer/Xcode/DerivedData/CascadeAddonRecoveryProbe/probe-or1q_x20/Build/Build/Products/Debug -F /Users/c4v4h/Library/Developer/Xcode/DerivedData/CascadeAddonRecoveryProbe/probe-or1q_x20/Build/Build/Products/Debug -c -j8 -enable-batch-mode -incremental -Xcc -ivfsstatcache -Xcc /Users/c4v4h/Library/Developer/Xcode/DerivedData/CascadeAddonRecoveryProbe/probe-or1q_x20/Build/SDKStatCaches.noindex/macosx27.0-26A5419a-e829b21a6f8c9b70876ba0858053c04445874285e5972fffeae925c4ab065928.sdkstatcache -output-file-map /Users/c4v4h/Library/Developer/Xcode/DerivedData/CascadeAddonRecoveryProbe/probe-or1q_x20/Build/Build/Intermediates.noindex/AddonPlatform.build/Debug/ProbeProvider.build/Objects-normal/x86_64/ProbeProvider-OutputFileMap.json -save-temps -no-color-diagnostics -explicit-module-build -module-cache-path /Users/c4v4h/Library/Developer/Xcode/DerivedData/CascadeAddonRecoveryProbe/probe-or1q_x20/Build/Build/Intermediates.noindex/SwiftExplicitPrecompiledModules -clang-scanner-module-cache-path /Users/c4v4h/Library/Developer/Xcode/DerivedData/CascadeAddonRecoveryProbe/probe-or1q_x20/Build/ModuleCache.noindex -sdk-module-cache-path /Users/c4v4h/Library/Developer/Xcode/DerivedData/CascadeAddonRecoveryProbe/probe-or1q_x20/Build/SDKExplicitPrecompiledModules -emit-dependencies -emit-module -emit-module-path /Users/c4v4h/Library/Developer/Xcode/DerivedData/CascadeAddonRecoveryProbe/probe-or1q_x20/Build/Build/Intermediates.noindex/AddonPlatform.build/Debug/ProbeProvider.build/Objects-normal/x86_64/CascadeProbeProvider.swiftmodule -serialize-diagnostics -dependency-scan-serialize-diagnostics-path /Users/c4v4h/Library/Developer/Xcode/DerivedData/CascadeAddonRecoveryProbe/probe-or1q_x20/Build/Build/Intermediates.noindex/AddonPlatform.build/Debug/ProbeProvider.build/Objects-normal/x86_64/CascadeProbeProvider-dependency-scan.dia -validate-clang-modules-once -clang-build-session-file /Users/c4v4h/Library/Developer/Xcode/DerivedData/CascadeAddonRecoveryProbe/probe-or1q_x20/Build/ModuleCache.noindex/Session.modulevalidation -Xcc -fmodules-prune-interval\=86400 -Xcc -fmodules-prune-after\=345600 -emit-const-values -const-gather-protocols-list /Users/c4v4h/Library/Developer/Xcode/DerivedData/CascadeAddonRecoveryProbe/probe-or1q_x20/Build/Build/Intermediates.noindex/AddonPlatform.build/Debug/ProbeProvider.build/Objects-normal/x86_64/ProbeProvider_const_extract_protocols.json -Xcc -iquote -Xcc /Users/c4v4h/Library/Developer/Xcode/DerivedData/CascadeAddonRecoveryProbe/probe-or1q_x20/Build/Build/Intermediates.noindex/AddonPlatform.build/Debug/ProbeProvider.build/CascadeProbeProvider-generated-files.hmap -Xcc -I/Users/c4v4h/Library/Developer/Xcode/DerivedData/CascadeAddonRecoveryProbe/probe-or1q_x20/Build/Build/Intermediates.noindex/AddonPlatform.build/Debug/ProbeProvider.build/CascadeProbeProvider-own-target-headers.hmap -Xcc -I/Users/c4v4h/Library/Developer/Xcode/DerivedData/CascadeAddonRecoveryProbe/probe-or1q_x20/Build/Build/Intermediates.noindex/AddonPlatform.build/Debug/ProbeProvider.build/CascadeProbeProvider-all-target-headers.hmap -Xcc -iquote -Xcc /Users/c4v4h/Library/Developer/Xcode/DerivedData/CascadeAddonRecoveryProbe/probe-or1q_x20/Build/Build/Intermediates.noindex/AddonPlatform.build/Debug/ProbeProvider.build/CascadeProbeProvider-project-headers.hmap -Xcc -I/Users/c4v4h/Library/Developer/Xcode/DerivedData/CascadeAddonRecoveryProbe/probe-or1q_x20/Build/Build/Products/Debug/include -Xcc -I/Users/c4v4h/Library/Developer/Xcode/DerivedData/CascadeAddonRecoveryProbe/probe-or1q_x20/Build/Build/Intermediates.noindex/AddonPlatform.build/Debug/ProbeProvider.build/DerivedSources-normal/x86_64 -Xcc -I/Users/c4v4h/Library/Developer/Xcode/DerivedData/CascadeAddonRecoveryProbe/probe-or1q_x20/Build/Build/Intermediates.noindex/AddonPlatform.build/Debug/ProbeProvider.build/DerivedSources/x86_64 -Xcc -I/Users/c4v4h/Library/Developer/Xcode/DerivedData/CascadeAddonRecoveryProbe/probe-or1q_x20/Build/Build/Intermediates.noindex/AddonPlatform.build/Debug/ProbeProvider.build/DerivedSources -emit-objc-header -emit-objc-header-path /Users/c4v4h/Library/Developer/Xcode/DerivedData/CascadeAddonRecoveryProbe/probe-or1q_x20/Build/Build/Intermediates.noindex/AddonPlatform.build/Debug/ProbeProvider.build/Objects-normal/x86_64/CascadeProbeProvider-Swift.h -working-directory /Users/c4v4h/Library/Developer/Xcode/DerivedData/CascadeAddonRecoveryProbe/probe-or1q_x20/Sources -experimental-emit-module-separately -disable-cmo

SwiftDriver ProbeHost normal x86_64 com.apple.xcode.tools.swift.compiler (in target 'ProbeHost' from project 'AddonPlatform')
    cd /Users/c4v4h/Library/Developer/Xcode/DerivedData/CascadeAddonRecoveryProbe/probe-or1q_x20/Sources
    builtin-SwiftDriver -- /Applications/Xcode-beta.app/Contents/Developer/Toolchains/XcodeDefault.xctoolchain/usr/bin/swiftc -module-name CascadeAddonProbe -Onone @/Users/c4v4h/Library/Developer/Xcode/DerivedData/CascadeAddonRecoveryProbe/probe-or1q_x20/Build/Build/Intermediates.noindex/AddonPlatform.build/Debug/ProbeHost.build/Objects-normal/x86_64/CascadeAddonProbe.SwiftFileList -DDEBUG -DRECOVERY_PROBE -DBROKER_PROVIDER -enable-bare-slash-regex -enable-experimental-feature DebugDescriptionMacro -sdk /Applications/Xcode-beta.app/Contents/Developer/Platforms/MacOSX.platform/Developer/SDKs/MacOSX27.0.sdk -target x86_64-apple-macos14.0 -g -module-cache-path /Users/c4v4h/Library/Developer/Xcode/DerivedData/CascadeAddonRecoveryProbe/probe-or1q_x20/Build/ModuleCache.noindex -Xfrontend -serialize-debugging-options -index-store-path /Users/c4v4h/Library/Developer/Xcode/DerivedData/CascadeAddonRecoveryProbe/probe-or1q_x20/Build/Index.noindex/DataStore -swift-version 5 -I /Users/c4v4h/Library/Developer/Xcode/DerivedData/CascadeAddonRecoveryProbe/probe-or1q_x20/Build/Build/Products/Debug -F /Users/c4v4h/Library/Developer/Xcode/DerivedData/CascadeAddonRecoveryProbe/probe-or1q_x20/Build/Build/Products/Debug -c -j8 -enable-batch-mode -incremental -Xcc -ivfsstatcache -Xcc /Users/c4v4h/Library/Developer/Xcode/DerivedData/CascadeAddonRecoveryProbe/probe-or1q_x20/Build/SDKStatCaches.noindex/macosx27.0-26A5419a-e829b21a6f8c9b70876ba0858053c04445874285e5972fffeae925c4ab065928.sdkstatcache -output-file-map /Users/c4v4h/Library/Developer/Xcode/DerivedData/CascadeAddonRecoveryProbe/probe-or1q_x20/Build/Build/Intermediates.noindex/AddonPlatform.build/Debug/ProbeHost.build/Objects-normal/x86_64/ProbeHost-OutputFileMap.json -save-temps -no-color-diagnostics -explicit-module-build -module-cache-path /Users/c4v4h/Library/Developer/Xcode/DerivedData/CascadeAddonRecoveryProbe/probe-or1q_x20/Build/Build/Intermediates.noindex/SwiftExplicitPrecompiledModules -clang-scanner-module-cache-path /Users/c4v4h/Library/Developer/Xcode/DerivedData/CascadeAddonRecoveryProbe/probe-or1q_x20/Build/ModuleCache.noindex -sdk-module-cache-path /Users/c4v4h/Library/Developer/Xcode/DerivedData/CascadeAddonRecoveryProbe/probe-or1q_x20/Build/SDKExplicitPrecompiledModules -emit-dependencies -emit-module -emit-module-path /Users/c4v4h/Library/Developer/Xcode/DerivedData/CascadeAddonRecoveryProbe/probe-or1q_x20/Build/Build/Intermediates.noindex/AddonPlatform.build/Debug/ProbeHost.build/Objects-normal/x86_64/CascadeAddonProbe.swiftmodule -serialize-diagnostics -dependency-scan-serialize-diagnostics-path /Users/c4v4h/Library/Developer/Xcode/DerivedData/CascadeAddonRecoveryProbe/probe-or1q_x20/Build/Build/Intermediates.noindex/AddonPlatform.build/Debug/ProbeHost.build/Objects-normal/x86_64/CascadeAddonProbe-dependency-scan.dia -validate-clang-modules-once -clang-build-session-file /Users/c4v4h/Library/Developer/Xcode/DerivedData/CascadeAddonRecoveryProbe/probe-or1q_x20/Build/ModuleCache.noindex/Session.modulevalidation -Xcc -fmodules-prune-interval\=86400 -Xcc -fmodules-prune-after\=345600 -emit-const-values -const-gather-protocols-list /Users/c4v4h/Library/Developer/Xcode/DerivedData/CascadeAddonRecoveryProbe/probe-or1q_x20/Build/Build/Intermediates.noindex/AddonPlatform.build/Debug/ProbeHost.build/Objects-normal/x86_64/ProbeHost_const_extract_protocols.json -Xcc -iquote -Xcc /Users/c4v4h/Library/Developer/Xcode/DerivedData/CascadeAddonRecoveryProbe/probe-or1q_x20/Build/Build/Intermediates.noindex/AddonPlatform.build/Debug/ProbeHost.build/CascadeAddonProbe-generated-files.hmap -Xcc -I/Users/c4v4h/Library/Developer/Xcode/DerivedData/CascadeAddonRecoveryProbe/probe-or1q_x20/Build/Build/Intermediates.noindex/AddonPlatform.build/Debug/ProbeHost.build/CascadeAddonProbe-own-target-headers.hmap -Xcc -I/Users/c4v4h/Library/Developer/Xcode/DerivedData/CascadeAddonRecoveryProbe/probe-or1q_x20/Build/Build/Intermediates.noindex/AddonPlatform.build/Debug/ProbeHost.build/CascadeAddonProbe-all-target-headers.hmap -Xcc -iquote -Xcc /Users/c4v4h/Library/Developer/Xcode/DerivedData/CascadeAddonRecoveryProbe/probe-or1q_x20/Build/Build/Intermediates.noindex/AddonPlatform.build/Debug/ProbeHost.build/CascadeAddonProbe-project-headers.hmap -Xcc -I/Users/c4v4h/Library/Developer/Xcode/DerivedData/CascadeAddonRecoveryProbe/probe-or1q_x20/Build/Build/Products/Debug/include -Xcc -I/Users/c4v4h/Library/Developer/Xcode/DerivedData/CascadeAddonRecoveryProbe/probe-or1q_x20/Build/Build/Intermediates.noindex/AddonPlatform.build/Debug/ProbeHost.build/DerivedSources-normal/x86_64 -Xcc -I/Users/c4v4h/Library/Developer/Xcode/DerivedData/CascadeAddonRecoveryProbe/probe-or1q_x20/Build/Build/Intermediates.noindex/AddonPlatform.build/Debug/ProbeHost.build/DerivedSources/x86_64 -Xcc -I/Users/c4v4h/Library/Developer/Xcode/DerivedData/CascadeAddonRecoveryProbe/probe-or1q_x20/Build/Build/Intermediates.noindex/AddonPlatform.build/Debug/ProbeHost.build/DerivedSources -emit-objc-header -emit-objc-header-path /Users/c4v4h/Library/Developer/Xcode/DerivedData/CascadeAddonRecoveryProbe/probe-or1q_x20/Build/Build/Intermediates.noindex/AddonPlatform.build/Debug/ProbeHost.build/Objects-normal/x86_64/CascadeAddonProbe-Swift.h -working-directory /Users/c4v4h/Library/Developer/Xcode/DerivedData/CascadeAddonRecoveryProbe/probe-or1q_x20/Sources -experimental-emit-module-separately -disable-cmo

SwiftDriver ProbeProvider normal arm64 com.apple.xcode.tools.swift.compiler (in target 'ProbeProvider' from project 'AddonPlatform')
    cd /Users/c4v4h/Library/Developer/Xcode/DerivedData/CascadeAddonRecoveryProbe/probe-or1q_x20/Sources
    builtin-SwiftDriver -- /Applications/Xcode-beta.app/Contents/Developer/Toolchains/XcodeDefault.xctoolchain/usr/bin/swiftc -module-name CascadeProbeProvider -Onone @/Users/c4v4h/Library/Developer/Xcode/DerivedData/CascadeAddonRecoveryProbe/probe-or1q_x20/Build/Build/Intermediates.noindex/AddonPlatform.build/Debug/ProbeProvider.build/Objects-normal/arm64/CascadeProbeProvider.SwiftFileList -DDEBUG -DRECOVERY_PROBE -DBROKER_PROVIDER -enable-bare-slash-regex -enable-experimental-feature DebugDescriptionMacro -sdk /Applications/Xcode-beta.app/Contents/Developer/Platforms/MacOSX.platform/Developer/SDKs/MacOSX27.0.sdk -target arm64-apple-macos14.0 -g -module-cache-path /Users/c4v4h/Library/Developer/Xcode/DerivedData/CascadeAddonRecoveryProbe/probe-or1q_x20/Build/ModuleCache.noindex -Xfrontend -serialize-debugging-options -application-extension -index-store-path /Users/c4v4h/Library/Developer/Xcode/DerivedData/CascadeAddonRecoveryProbe/probe-or1q_x20/Build/Index.noindex/DataStore -swift-version 5 -I /Users/c4v4h/Library/Developer/Xcode/DerivedData/CascadeAddonRecoveryProbe/probe-or1q_x20/Build/Build/Products/Debug -F /Users/c4v4h/Library/Developer/Xcode/DerivedData/CascadeAddonRecoveryProbe/probe-or1q_x20/Build/Build/Products/Debug -c -j8 -enable-batch-mode -incremental -Xcc -ivfsstatcache -Xcc /Users/c4v4h/Library/Developer/Xcode/DerivedData/CascadeAddonRecoveryProbe/probe-or1q_x20/Build/SDKStatCaches.noindex/macosx27.0-26A5419a-e829b21a6f8c9b70876ba0858053c04445874285e5972fffeae925c4ab065928.sdkstatcache -output-file-map /Users/c4v4h/Library/Developer/Xcode/DerivedData/CascadeAddonRecoveryProbe/probe-or1q_x20/Build/Build/Intermediates.noindex/AddonPlatform.build/Debug/ProbeProvider.build/Objects-normal/arm64/ProbeProvider-OutputFileMap.json -save-temps -no-color-diagnostics -explicit-module-build -module-cache-path /Users/c4v4h/Library/Developer/Xcode/DerivedData/CascadeAddonRecoveryProbe/probe-or1q_x20/Build/Build/Intermediates.noindex/SwiftExplicitPrecompiledModules -clang-scanner-module-cache-path /Users/c4v4h/Library/Developer/Xcode/DerivedData/CascadeAddonRecoveryProbe/probe-or1q_x20/Build/ModuleCache.noindex -sdk-module-cache-path /Users/c4v4h/Library/Developer/Xcode/DerivedData/CascadeAddonRecoveryProbe/probe-or1q_x20/Build/SDKExplicitPrecompiledModules -emit-dependencies -emit-module -emit-module-path /Users/c4v4h/Library/Developer/Xcode/DerivedData/CascadeAddonRecoveryProbe/probe-or1q_x20/Build/Build/Intermediates.noindex/AddonPlatform.build/Debug/ProbeProvider.build/Objects-normal/arm64/CascadeProbeProvider.swiftmodule -serialize-diagnostics -dependency-scan-serialize-diagnostics-path /Users/c4v4h/Library/Developer/Xcode/DerivedData/CascadeAddonRecoveryProbe/probe-or1q_x20/Build/Build/Intermediates.noindex/AddonPlatform.build/Debug/ProbeProvider.build/Objects-normal/arm64/CascadeProbeProvider-dependency-scan.dia -validate-clang-modules-once -clang-build-session-file /Users/c4v4h/Library/Developer/Xcode/DerivedData/CascadeAddonRecoveryProbe/probe-or1q_x20/Build/ModuleCache.noindex/Session.modulevalidation -Xcc -fmodules-prune-interval\=86400 -Xcc -fmodules-prune-after\=345600 -emit-const-values -const-gather-protocols-list /Users/c4v4h/Library/Developer/Xcode/DerivedData/CascadeAddonRecoveryProbe/probe-or1q_x20/Build/Build/Intermediates.noindex/AddonPlatform.build/Debug/ProbeProvider.build/Objects-normal/arm64/ProbeProvider_const_extract_protocols.json -Xcc -iquote -Xcc /Users/c4v4h/Library/Developer/Xcode/DerivedData/CascadeAddonRecoveryProbe/probe-or1q_x20/Build/Build/Intermediates.noindex/AddonPlatform.build/Debug/ProbeProvider.build/CascadeProbeProvider-generated-files.hmap -Xcc -I/Users/c4v4h/Library/Developer/Xcode/DerivedData/CascadeAddonRecoveryProbe/probe-or1q_x20/Build/Build/Intermediates.noindex/AddonPlatform.build/Debug/ProbeProvider.build/CascadeProbeProvider-own-target-headers.hmap -Xcc -I/Users/c4v4h/Library/Developer/Xcode/DerivedData/CascadeAddonRecoveryProbe/probe-or1q_x20/Build/Build/Intermediates.noindex/AddonPlatform.build/Debug/ProbeProvider.build/CascadeProbeProvider-all-target-headers.hmap -Xcc -iquote -Xcc /Users/c4v4h/Library/Developer/Xcode/DerivedData/CascadeAddonRecoveryProbe/probe-or1q_x20/Build/Build/Intermediates.noindex/AddonPlatform.build/Debug/ProbeProvider.build/CascadeProbeProvider-project-headers.hmap -Xcc -I/Users/c4v4h/Library/Developer/Xcode/DerivedData/CascadeAddonRecoveryProbe/probe-or1q_x20/Build/Build/Products/Debug/include -Xcc -I/Users/c4v4h/Library/Developer/Xcode/DerivedData/CascadeAddonRecoveryProbe/probe-or1q_x20/Build/Build/Intermediates.noindex/AddonPlatform.build/Debug/ProbeProvider.build/DerivedSources-normal/arm64 -Xcc -I/Users/c4v4h/Library/Developer/Xcode/DerivedData/CascadeAddonRecoveryProbe/probe-or1q_x20/Build/Build/Intermediates.noindex/AddonPlatform.build/Debug/ProbeProvider.build/DerivedSources/arm64 -Xcc -I/Users/c4v4h/Library/Developer/Xcode/DerivedData/CascadeAddonRecoveryProbe/probe-or1q_x20/Build/Build/Intermediates.noindex/AddonPlatform.build/Debug/ProbeProvider.build/DerivedSources -emit-objc-header -emit-objc-header-path /Users/c4v4h/Library/Developer/Xcode/DerivedData/CascadeAddonRecoveryProbe/probe-or1q_x20/Build/Build/Intermediates.noindex/AddonPlatform.build/Debug/ProbeProvider.build/Objects-normal/arm64/CascadeProbeProvider-Swift.h -working-directory /Users/c4v4h/Library/Developer/Xcode/DerivedData/CascadeAddonRecoveryProbe/probe-or1q_x20/Sources -experimental-emit-module-separately -disable-cmo

SwiftDriver ProbeHost normal arm64 com.apple.xcode.tools.swift.compiler (in target 'ProbeHost' from project 'AddonPlatform')
    cd /Users/c4v4h/Library/Developer/Xcode/DerivedData/CascadeAddonRecoveryProbe/probe-or1q_x20/Sources
    builtin-SwiftDriver -- /Applications/Xcode-beta.app/Contents/Developer/Toolchains/XcodeDefault.xctoolchain/usr/bin/swiftc -module-name CascadeAddonProbe -Onone @/Users/c4v4h/Library/Developer/Xcode/DerivedData/CascadeAddonRecoveryProbe/probe-or1q_x20/Build/Build/Intermediates.noindex/AddonPlatform.build/Debug/ProbeHost.build/Objects-normal/arm64/CascadeAddonProbe.SwiftFileList -DDEBUG -DRECOVERY_PROBE -DBROKER_PROVIDER -enable-bare-slash-regex -enable-experimental-feature DebugDescriptionMacro -sdk /Applications/Xcode-beta.app/Contents/Developer/Platforms/MacOSX.platform/Developer/SDKs/MacOSX27.0.sdk -target arm64-apple-macos14.0 -g -module-cache-path /Users/c4v4h/Library/Developer/Xcode/DerivedData/CascadeAddonRecoveryProbe/probe-or1q_x20/Build/ModuleCache.noindex -Xfrontend -serialize-debugging-options -index-store-path /Users/c4v4h/Library/Developer/Xcode/DerivedData/CascadeAddonRecoveryProbe/probe-or1q_x20/Build/Index.noindex/DataStore -swift-version 5 -I /Users/c4v4h/Library/Developer/Xcode/DerivedData/CascadeAddonRecoveryProbe/probe-or1q_x20/Build/Build/Products/Debug -F /Users/c4v4h/Library/Developer/Xcode/DerivedData/CascadeAddonRecoveryProbe/probe-or1q_x20/Build/Build/Products/Debug -c -j8 -enable-batch-mode -incremental -Xcc -ivfsstatcache -Xcc /Users/c4v4h/Library/Developer/Xcode/DerivedData/CascadeAddonRecoveryProbe/probe-or1q_x20/Build/SDKStatCaches.noindex/macosx27.0-26A5419a-e829b21a6f8c9b70876ba0858053c04445874285e5972fffeae925c4ab065928.sdkstatcache -output-file-map /Users/c4v4h/Library/Developer/Xcode/DerivedData/CascadeAddonRecoveryProbe/probe-or1q_x20/Build/Build/Intermediates.noindex/AddonPlatform.build/Debug/ProbeHost.build/Objects-normal/arm64/ProbeHost-OutputFileMap.json -save-temps -no-color-diagnostics -explicit-module-build -module-cache-path /Users/c4v4h/Library/Developer/Xcode/DerivedData/CascadeAddonRecoveryProbe/probe-or1q_x20/Build/Build/Intermediates.noindex/SwiftExplicitPrecompiledModules -clang-scanner-module-cache-path /Users/c4v4h/Library/Developer/Xcode/DerivedData/CascadeAddonRecoveryProbe/probe-or1q_x20/Build/ModuleCache.noindex -sdk-module-cache-path /Users/c4v4h/Library/Developer/Xcode/DerivedData/CascadeAddonRecoveryProbe/probe-or1q_x20/Build/SDKExplicitPrecompiledModules -emit-dependencies -emit-module -emit-module-path /Users/c4v4h/Library/Developer/Xcode/DerivedData/CascadeAddonRecoveryProbe/probe-or1q_x20/Build/Build/Intermediates.noindex/AddonPlatform.build/Debug/ProbeHost.build/Objects-normal/arm64/CascadeAddonProbe.swiftmodule -serialize-diagnostics -dependency-scan-serialize-diagnostics-path /Users/c4v4h/Library/Developer/Xcode/DerivedData/CascadeAddonRecoveryProbe/probe-or1q_x20/Build/Build/Intermediates.noindex/AddonPlatform.build/Debug/ProbeHost.build/Objects-normal/arm64/CascadeAddonProbe-dependency-scan.dia -validate-clang-modules-once -clang-build-session-file /Users/c4v4h/Library/Developer/Xcode/DerivedData/CascadeAddonRecoveryProbe/probe-or1q_x20/Build/ModuleCache.noindex/Session.modulevalidation -Xcc -fmodules-prune-interval\=86400 -Xcc -fmodules-prune-after\=345600 -emit-const-values -const-gather-protocols-list /Users/c4v4h/Library/Developer/Xcode/DerivedData/CascadeAddonRecoveryProbe/probe-or1q_x20/Build/Build/Intermediates.noindex/AddonPlatform.build/Debug/ProbeHost.build/Objects-normal/arm64/ProbeHost_const_extract_protocols.json -Xcc -iquote -Xcc /Users/c4v4h/Library/Developer/Xcode/DerivedData/CascadeAddonRecoveryProbe/probe-or1q_x20/Build/Build/Intermediates.noindex/AddonPlatform.build/Debug/ProbeHost.build/CascadeAddonProbe-generated-files.hmap -Xcc -I/Users/c4v4h/Library/Developer/Xcode/DerivedData/CascadeAddonRecoveryProbe/probe-or1q_x20/Build/Build/Intermediates.noindex/AddonPlatform.build/Debug/ProbeHost.build/CascadeAddonProbe-own-target-headers.hmap -Xcc -I/Users/c4v4h/Library/Developer/Xcode/DerivedData/CascadeAddonRecoveryProbe/probe-or1q_x20/Build/Build/Intermediates.noindex/AddonPlatform.build/Debug/ProbeHost.build/CascadeAddonProbe-all-target-headers.hmap -Xcc -iquote -Xcc /Users/c4v4h/Library/Developer/Xcode/DerivedData/CascadeAddonRecoveryProbe/probe-or1q_x20/Build/Build/Intermediates.noindex/AddonPlatform.build/Debug/ProbeHost.build/CascadeAddonProbe-project-headers.hmap -Xcc -I/Users/c4v4h/Library/Developer/Xcode/DerivedData/CascadeAddonRecoveryProbe/probe-or1q_x20/Build/Build/Products/Debug/include -Xcc -I/Users/c4v4h/Library/Developer/Xcode/DerivedData/CascadeAddonRecoveryProbe/probe-or1q_x20/Build/Build/Intermediates.noindex/AddonPlatform.build/Debug/ProbeHost.build/DerivedSources-normal/arm64 -Xcc -I/Users/c4v4h/Library/Developer/Xcode/DerivedData/CascadeAddonRecoveryProbe/probe-or1q_x20/Build/Build/Intermediates.noindex/AddonPlatform.build/Debug/ProbeHost.build/DerivedSources/arm64 -Xcc -I/Users/c4v4h/Library/Developer/Xcode/DerivedData/CascadeAddonRecoveryProbe/probe-or1q_x20/Build/Build/Intermediates.noindex/AddonPlatform.build/Debug/ProbeHost.build/DerivedSources -emit-objc-header -emit-objc-header-path /Users/c4v4h/Library/Developer/Xcode/DerivedData/CascadeAddonRecoveryProbe/probe-or1q_x20/Build/Build/Intermediates.noindex/AddonPlatform.build/Debug/ProbeHost.build/Objects-normal/arm64/CascadeAddonProbe-Swift.h -working-directory /Users/c4v4h/Library/Developer/Xcode/DerivedData/CascadeAddonRecoveryProbe/probe-or1q_x20/Sources -experimental-emit-module-separately -disable-cmo

SwiftExplicitDependencyGeneratePcm arm64 /Users/c4v4h/Library/Developer/Xcode/DerivedData/CascadeAddonRecoveryProbe/probe-or1q_x20/Build/SDKExplicitPrecompiledModules/_SwiftConcurrencyShims-1KZPVYHGJYG44BG0GAOICAB54.pcm

SwiftExplicitDependencyGeneratePcm arm64 /Users/c4v4h/Library/Developer/Xcode/DerivedData/CascadeAddonRecoveryProbe/probe-or1q_x20/Build/SDKExplicitPrecompiledModules/ptrcheck-JMNSVW723UDYK8I4C74FYPF3.pcm

SwiftExplicitDependencyGeneratePcm arm64 /Users/c4v4h/Library/Developer/Xcode/DerivedData/CascadeAddonRecoveryProbe/probe-or1q_x20/Build/SDKExplicitPrecompiledModules/SwiftShims-VLSDWCW57ZC9QEUPD25492X.pcm

SwiftExplicitDependencyGeneratePcm arm64 /Users/c4v4h/Library/Developer/Xcode/DerivedData/CascadeAddonRecoveryProbe/probe-or1q_x20/Build/SDKExplicitPrecompiledModules/_Builtin_float-4VKP0FO145V71RL0R2AL9QE0W.pcm

SwiftExplicitDependencyGeneratePcm arm64 /Users/c4v4h/Library/Developer/Xcode/DerivedData/CascadeAddonRecoveryProbe/probe-or1q_x20/Build/SDKExplicitPrecompiledModules/_Builtin_stdarg-5S36J7A70SPP9PB48VL0MMP2Z.pcm

SwiftExplicitDependencyGeneratePcm arm64 /Users/c4v4h/Library/Developer/Xcode/DerivedData/CascadeAddonRecoveryProbe/probe-or1q_x20/Build/SDKExplicitPrecompiledModules/_Builtin_stddef-DVRAIDXEPQ41DUZI191QFYTFJ.pcm

SwiftExplicitDependencyGeneratePcm x86_64 /Users/c4v4h/Library/Developer/Xcode/DerivedData/CascadeAddonRecoveryProbe/probe-or1q_x20/Build/SDKExplicitPrecompiledModules/ptrauth-EV8W8GVILCJL1HXPUW52Z6XU2.pcm

SwiftExplicitDependencyGeneratePcm x86_64 /Users/c4v4h/Library/Developer/Xcode/DerivedData/CascadeAddonRecoveryProbe/probe-or1q_x20/Build/SDKExplicitPrecompiledModules/SwiftShims-8HBGSFTJNA76LOFTJ47GRQUVZ.pcm

SwiftExplicitDependencyGeneratePcm x86_64 /Users/c4v4h/Library/Developer/Xcode/DerivedData/CascadeAddonRecoveryProbe/probe-or1q_x20/Build/SDKExplicitPrecompiledModules/_Builtin_stddef-BF7SA7SRHDW1YITFKHJMSHIVX.pcm

SwiftExplicitDependencyGeneratePcm x86_64 /Users/c4v4h/Library/Developer/Xcode/DerivedData/CascadeAddonRecoveryProbe/probe-or1q_x20/Build/SDKExplicitPrecompiledModules/_Builtin_stdarg-EO29TZXNOKVF94IYOIWIRL063.pcm

SwiftExplicitDependencyGeneratePcm x86_64 /Users/c4v4h/Library/Developer/Xcode/DerivedData/CascadeAddonRecoveryProbe/probe-or1q_x20/Build/SDKExplicitPrecompiledModules/_Builtin_float-2EIFA7CHTTJAR2M03LLT60VH7.pcm

SwiftExplicitDependencyGeneratePcm arm64 /Users/c4v4h/Library/Developer/Xcode/DerivedData/CascadeAddonRecoveryProbe/probe-or1q_x20/Build/SDKExplicitPrecompiledModules/_Builtin_stdbool-690AOPSY8ET3T6AUJX7B897EU.pcm

SwiftExplicitDependencyGeneratePcm x86_64 /Users/c4v4h/Library/Developer/Xcode/DerivedData/CascadeAddonRecoveryProbe/probe-or1q_x20/Build/SDKExplicitPrecompiledModules/_AvailabilityInternal-71RIVVRGDBVBAX8TXF0BQT5KA.pcm

SwiftExplicitDependencyGeneratePcm arm64 /Users/c4v4h/Library/Developer/Xcode/DerivedData/CascadeAddonRecoveryProbe/probe-or1q_x20/Build/SDKExplicitPrecompiledModules/ptrauth-18NTSW7N5XWIBNSLCMDAG8XKL.pcm

SwiftExplicitDependencyGeneratePcm x86_64 /Users/c4v4h/Library/Developer/Xcode/DerivedData/CascadeAddonRecoveryProbe/probe-or1q_x20/Build/SDKExplicitPrecompiledModules/_Builtin_stdbool-GQODAXY60LU7CZ0E4432UM3Y.pcm

SwiftExplicitDependencyGeneratePcm x86_64 /Users/c4v4h/Library/Developer/Xcode/DerivedData/CascadeAddonRecoveryProbe/probe-or1q_x20/Build/SDKExplicitPrecompiledModules/ptrcheck-7GWE60L4VN900B9XPVYM03ZJ8.pcm

SwiftExplicitDependencyGeneratePcm arm64 /Users/c4v4h/Library/Developer/Xcode/DerivedData/CascadeAddonRecoveryProbe/probe-or1q_x20/Build/SDKExplicitPrecompiledModules/_AvailabilityInternal-7F7H7DXP4BEPS438C7VZHED16.pcm

SwiftExplicitDependencyGeneratePcm x86_64 /Users/c4v4h/Library/Developer/Xcode/DerivedData/CascadeAddonRecoveryProbe/probe-or1q_x20/Build/SDKExplicitPrecompiledModules/_SwiftConcurrencyShims-AK9P1G1GL6Q0O081E1CSDKUJF.pcm

SwiftExplicitDependencyGeneratePcm arm64 /Users/c4v4h/Library/Developer/Xcode/DerivedData/CascadeAddonRecoveryProbe/probe-or1q_x20/Build/SDKExplicitPrecompiledModules/_Builtin_stdarg-4GIL4TAV1ZVIGPEIMYP1HV33N.pcm

SwiftExplicitDependencyGeneratePcm arm64 /Users/c4v4h/Library/Developer/Xcode/DerivedData/CascadeAddonRecoveryProbe/probe-or1q_x20/Build/SDKExplicitPrecompiledModules/DeveloperToolsSupport-DZM1PUQB8XWLDOHQK27XB2XJV.pcm

SwiftExplicitDependencyGeneratePcm arm64 /Users/c4v4h/Library/Developer/Xcode/DerivedData/CascadeAddonRecoveryProbe/probe-or1q_x20/Build/SDKExplicitPrecompiledModules/ptrcheck-A86H05TDMSXLJV3OGBXCHF57Q.pcm

SwiftExplicitDependencyGeneratePcm arm64 /Users/c4v4h/Library/Developer/Xcode/DerivedData/CascadeAddonRecoveryProbe/probe-or1q_x20/Build/SDKExplicitPrecompiledModules/ptrauth-2RBI9ZHTSXEGXCWIAQ13OI9AR.pcm

SwiftExplicitDependencyGeneratePcm arm64 /Users/c4v4h/Library/Developer/Xcode/DerivedData/CascadeAddonRecoveryProbe/probe-or1q_x20/Build/SDKExplicitPrecompiledModules/_AvailabilityInternal-4L7T6X1SW5OY2TBNO2Y8LGUNJ.pcm

SwiftExplicitDependencyGeneratePcm arm64 /Users/c4v4h/Library/Developer/Xcode/DerivedData/CascadeAddonRecoveryProbe/probe-or1q_x20/Build/SDKExplicitPrecompiledModules/SwiftShims-8Y2RJ5J7W8EUJ6E6E634WQLMX.pcm

SwiftExplicitDependencyGeneratePcm arm64 /Users/c4v4h/Library/Developer/Xcode/DerivedData/CascadeAddonRecoveryProbe/probe-or1q_x20/Build/SDKExplicitPrecompiledModules/_SwiftConcurrencyShims-AFA4O346UB2KC0M0GRMT93AN7.pcm

SwiftExplicitDependencyGeneratePcm arm64 /Users/c4v4h/Library/Developer/Xcode/DerivedData/CascadeAddonRecoveryProbe/probe-or1q_x20/Build/SDKExplicitPrecompiledModules/_DarwinFoundation1-APZCLLJGQ8KGNG9TCO33D4H9E.pcm

SwiftExplicitDependencyGeneratePcm x86_64 /Users/c4v4h/Library/Developer/Xcode/DerivedData/CascadeAddonRecoveryProbe/probe-or1q_x20/Build/SDKExplicitPrecompiledModules/_SwiftConcurrencyShims-9F2DUX3N7VCPBK3R8U7F9DUSW.pcm

SwiftExplicitDependencyGeneratePcm x86_64 /Users/c4v4h/Library/Developer/Xcode/DerivedData/CascadeAddonRecoveryProbe/probe-or1q_x20/Build/SDKExplicitPrecompiledModules/ptrauth-9MOMIHTASFW3C3SXF7AG2UUBK.pcm

SwiftExplicitDependencyGeneratePcm x86_64 /Users/c4v4h/Library/Developer/Xcode/DerivedData/CascadeAddonRecoveryProbe/probe-or1q_x20/Build/SDKExplicitPrecompiledModules/ptrcheck-2OFGGQ16B8PJ0BX1RI6HEYK79.pcm

SwiftExplicitDependencyGeneratePcm x86_64 /Users/c4v4h/Library/Developer/Xcode/DerivedData/CascadeAddonRecoveryProbe/probe-or1q_x20/Build/SDKExplicitPrecompiledModules/_DarwinFoundation1-ANX31BRFQDF11W4LZCC64273Z.pcm

SwiftExplicitDependencyGeneratePcm x86_64 /Users/c4v4h/Library/Developer/Xcode/DerivedData/CascadeAddonRecoveryProbe/probe-or1q_x20/Build/SDKExplicitPrecompiledModules/SwiftShims-49Q8VQS72M78CQC8DD3WZUPPD.pcm

SwiftExplicitDependencyGeneratePcm x86_64 /Users/c4v4h/Library/Developer/Xcode/DerivedData/CascadeAddonRecoveryProbe/probe-or1q_x20/Build/SDKExplicitPrecompiledModules/_Builtin_stdarg-85KAIVB6HSFT1SG7R0L9CRAWQ.pcm

SwiftExplicitDependencyGeneratePcm arm64 /Users/c4v4h/Library/Developer/Xcode/DerivedData/CascadeAddonRecoveryProbe/probe-or1q_x20/Build/SDKExplicitPrecompiledModules/_Builtin_float-H7Y2UX9QCK4ZS4T5IQOSSPCD.pcm

SwiftExplicitDependencyGeneratePcm arm64 /Users/c4v4h/Library/Developer/Xcode/DerivedData/CascadeAddonRecoveryProbe/probe-or1q_x20/Build/SDKExplicitPrecompiledModules/_Builtin_stddef-BLMJY9IL5NCI08V4B43ZBUSI1.pcm

SwiftExplicitDependencyGeneratePcm arm64 /Users/c4v4h/Library/Developer/Xcode/DerivedData/CascadeAddonRecoveryProbe/probe-or1q_x20/Build/SDKExplicitPrecompiledModules/_DarwinFoundation2-CUCFZDI6TEIBWHHN8VZT1WQMA.pcm

SwiftExplicitDependencyGeneratePcm x86_64 /Users/c4v4h/Library/Developer/Xcode/DerivedData/CascadeAddonRecoveryProbe/probe-or1q_x20/Build/SDKExplicitPrecompiledModules/_Builtin_stddef-EA1ELX63IZRLC4L21934PJ7TN.pcm

SwiftExplicitDependencyGeneratePcm arm64 /Users/c4v4h/Library/Developer/Xcode/DerivedData/CascadeAddonRecoveryProbe/probe-or1q_x20/Build/SDKExplicitPrecompiledModules/ExtensionFoundation-2O9CJDFSXE5ROVSRSWL434486.pcm

SwiftExplicitDependencyGeneratePcm x86_64 /Users/c4v4h/Library/Developer/Xcode/DerivedData/CascadeAddonRecoveryProbe/probe-or1q_x20/Build/SDKExplicitPrecompiledModules/DeveloperToolsSupport-ADLT4XWYEW54SBJCSMP3DF328.pcm

SwiftExplicitDependencyGeneratePcm x86_64 /Users/c4v4h/Library/Developer/Xcode/DerivedData/CascadeAddonRecoveryProbe/probe-or1q_x20/Build/SDKExplicitPrecompiledModules/_AvailabilityInternal-3J3QEVFT5RCRQ6WKY7610KMB8.pcm

SwiftExplicitDependencyGeneratePcm x86_64 /Users/c4v4h/Library/Developer/Xcode/DerivedData/CascadeAddonRecoveryProbe/probe-or1q_x20/Build/SDKExplicitPrecompiledModules/_Builtin_float-P7OAYNZBX9II7SC7EVET83CS.pcm

SwiftExplicitDependencyGeneratePcm x86_64 /Users/c4v4h/Library/Developer/Xcode/DerivedData/CascadeAddonRecoveryProbe/probe-or1q_x20/Build/SDKExplicitPrecompiledModules/ExtensionFoundation-9OJJVEMES72B9G6SMWOOUG3FU.pcm

SwiftExplicitDependencyGeneratePcm x86_64 /Users/c4v4h/Library/Developer/Xcode/DerivedData/CascadeAddonRecoveryProbe/probe-or1q_x20/Build/SDKExplicitPrecompiledModules/_DarwinFoundation2-54946Y4A8DMF5VPHFF5KZWVV2.pcm

SwiftExplicitDependencyGeneratePcm arm64 /Users/c4v4h/Library/Developer/Xcode/DerivedData/CascadeAddonRecoveryProbe/probe-or1q_x20/Build/SDKExplicitPrecompiledModules/_DarwinFoundation1-A6SQUTJ5SLNCCKMPZVN56N5EU.pcm

SwiftExplicitDependencyGeneratePcm x86_64 /Users/c4v4h/Library/Developer/Xcode/DerivedData/CascadeAddonRecoveryProbe/probe-or1q_x20/Build/SDKExplicitPrecompiledModules/_Builtin_limits-AMXYLNX2Y6E134GV2T34G72A8.pcm

SwiftExplicitDependencyGeneratePcm x86_64 /Users/c4v4h/Library/Developer/Xcode/DerivedData/CascadeAddonRecoveryProbe/probe-or1q_x20/Build/SDKExplicitPrecompiledModules/_Builtin_stdbool-6YATCGFAB9QZ5VP1CP5JOFINJ.pcm

SwiftExplicitDependencyGeneratePcm arm64 /Users/c4v4h/Library/Developer/Xcode/DerivedData/CascadeAddonRecoveryProbe/probe-or1q_x20/Build/SDKExplicitPrecompiledModules/_Builtin_limits-4MRSLS35GD78CJU4TXPUCEHEC.pcm

SwiftExplicitDependencyGeneratePcm x86_64 /Users/c4v4h/Library/Developer/Xcode/DerivedData/CascadeAddonRecoveryProbe/probe-or1q_x20/Build/SDKExplicitPrecompiledModules/_DarwinFoundation1-Z15LV4641498SQIWALAIM6GY.pcm

SwiftExplicitDependencyGeneratePcm arm64 /Users/c4v4h/Library/Developer/Xcode/DerivedData/CascadeAddonRecoveryProbe/probe-or1q_x20/Build/SDKExplicitPrecompiledModules/_Builtin_stdbool-ENQDNPC5S7I23307R3ZHMOAQG.pcm

SwiftExplicitDependencyGeneratePcm arm64 /Users/c4v4h/Library/Developer/Xcode/DerivedData/CascadeAddonRecoveryProbe/probe-or1q_x20/Build/SDKExplicitPrecompiledModules/sys_types-6PCGYV4O9TGGFMQCSAQVWELZ9.pcm

SwiftExplicitDependencyGeneratePcm arm64 /Users/c4v4h/Library/Developer/Xcode/DerivedData/CascadeAddonRecoveryProbe/probe-or1q_x20/Build/SDKExplicitPrecompiledModules/string_h-BEI33ILTTMYAF5F86AO4QQ090.pcm

SwiftExplicitDependencyGeneratePcm arm64 /Users/c4v4h/Library/Developer/Xcode/DerivedData/CascadeAddonRecoveryProbe/probe-or1q_x20/Build/SDKExplicitPrecompiledModules/_Builtin_stdint-AITC7CN9Y5WO4822CED83R2C5.pcm

SwiftExplicitDependencyGeneratePcm x86_64 /Users/c4v4h/Library/Developer/Xcode/DerivedData/CascadeAddonRecoveryProbe/probe-or1q_x20/Build/SDKExplicitPrecompiledModules/string_h-U1DMHMOPW010W47P6RXAK3S4.pcm

SwiftExplicitDependencyGeneratePcm x86_64 /Users/c4v4h/Library/Developer/Xcode/DerivedData/CascadeAddonRecoveryProbe/probe-or1q_x20/Build/SDKExplicitPrecompiledModules/_Builtin_stdint-BB51CG3FIH199GUA5EGU6C32F.pcm

SwiftExplicitDependencyGeneratePcm x86_64 /Users/c4v4h/Library/Developer/Xcode/DerivedData/CascadeAddonRecoveryProbe/probe-or1q_x20/Build/SDKExplicitPrecompiledModules/sys_types-E23ASGABGTIOJBFVB90FBITI7.pcm

SwiftExplicitDependencyGeneratePcm arm64 /Users/c4v4h/Library/Developer/Xcode/DerivedData/CascadeAddonRecoveryProbe/probe-or1q_x20/Build/SDKExplicitPrecompiledModules/_Builtin_limits-8OZKESL7ELXXF47HW1U2VFRY8.pcm

SwiftExplicitDependencyGeneratePcm x86_64 /Users/c4v4h/Library/Developer/Xcode/DerivedData/CascadeAddonRecoveryProbe/probe-or1q_x20/Build/SDKExplicitPrecompiledModules/_DarwinFoundation2-A5DDMSAES5UAWRH154HCZ0OGD.pcm

SwiftExplicitDependencyGeneratePcm x86_64 /Users/c4v4h/Library/Developer/Xcode/DerivedData/CascadeAddonRecoveryProbe/probe-or1q_x20/Build/SDKExplicitPrecompiledModules/ExtensionFoundation-D6LHUXM6KBNP9ZJJU371HCJN4.pcm

SwiftExplicitDependencyGeneratePcm arm64 /Users/c4v4h/Library/Developer/Xcode/DerivedData/CascadeAddonRecoveryProbe/probe-or1q_x20/Build/SDKExplicitPrecompiledModules/ExtensionFoundation-BVFAYEGUFRWFGY6Y5ZM7MUGZ7.pcm

SwiftExplicitDependencyGeneratePcm x86_64 /Users/c4v4h/Library/Developer/Xcode/DerivedData/CascadeAddonRecoveryProbe/probe-or1q_x20/Build/SDKExplicitPrecompiledModules/_Builtin_limits-5IWUGR9WISFJ80OWA69EG98YC.pcm

SwiftExplicitDependencyGeneratePcm arm64 /Users/c4v4h/Library/Developer/Xcode/DerivedData/CascadeAddonRecoveryProbe/probe-or1q_x20/Build/SDKExplicitPrecompiledModules/libDER-2OF9W0HHIGZHLLQ8R4Q8OTX0C.pcm

SwiftExplicitDependencyGeneratePcm x86_64 /Users/c4v4h/Library/Developer/Xcode/DerivedData/CascadeAddonRecoveryProbe/probe-or1q_x20/Build/SDKExplicitPrecompiledModules/_DarwinFoundation3-2F6FGYG80EDNA1L8SY3W6DYP.pcm

SwiftExplicitDependencyGeneratePcm x86_64 /Users/c4v4h/Library/Developer/Xcode/DerivedData/CascadeAddonRecoveryProbe/probe-or1q_x20/Build/SDKExplicitPrecompiledModules/_Builtin_stdatomic-76ZVS5GU6GTGP8UBXX5UEEA8F.pcm

SwiftExplicitDependencyGeneratePcm arm64 /Users/c4v4h/Library/Developer/Xcode/DerivedData/CascadeAddonRecoveryProbe/probe-or1q_x20/Build/SDKExplicitPrecompiledModules/_Builtin_stdatomic-8VOED84HL3594LUT9Y0113JG1.pcm

SwiftExplicitDependencyGeneratePcm arm64 /Users/c4v4h/Library/Developer/Xcode/DerivedData/CascadeAddonRecoveryProbe/probe-or1q_x20/Build/SDKExplicitPrecompiledModules/_DarwinFoundation3-C7XVIG4F9O5LUSO5QFWBC8T0G.pcm

SwiftExplicitDependencyGeneratePcm x86_64 /Users/c4v4h/Library/Developer/Xcode/DerivedData/CascadeAddonRecoveryProbe/probe-or1q_x20/Build/SDKExplicitPrecompiledModules/libDER-20ETU2FEKIH83CC59HYIBT9JB.pcm

SwiftExplicitDependencyGeneratePcm arm64 /Users/c4v4h/Library/Developer/Xcode/DerivedData/CascadeAddonRecoveryProbe/probe-or1q_x20/Build/SDKExplicitPrecompiledModules/_DarwinFoundation2-9PZ4V137KMYV5QIPHNBGLKYJI.pcm

SwiftExplicitDependencyGeneratePcm x86_64 /Users/c4v4h/Library/Developer/Xcode/DerivedData/CascadeAddonRecoveryProbe/probe-or1q_x20/Build/SDKExplicitPrecompiledModules/string_h-E88BLQ5U1F3RGKDCSUU12W4KV.pcm

SwiftExplicitDependencyGeneratePcm x86_64 /Users/c4v4h/Library/Developer/Xcode/DerivedData/CascadeAddonRecoveryProbe/probe-or1q_x20/Build/SDKExplicitPrecompiledModules/_Builtin_tgmath-E7V7XZ5N8VR0Y4ARH1CZQBSGU.pcm

SwiftExplicitDependencyGeneratePcm x86_64 /Users/c4v4h/Library/Developer/Xcode/DerivedData/CascadeAddonRecoveryProbe/probe-or1q_x20/Build/SDKExplicitPrecompiledModules/_Builtin_stdint-3LS0Y9PTNYOM9FTP2U4RSBJ69.pcm

SwiftExplicitDependencyGeneratePcm x86_64 /Users/c4v4h/Library/Developer/Xcode/DerivedData/CascadeAddonRecoveryProbe/probe-or1q_x20/Build/SDKExplicitPrecompiledModules/sys_types-87M5KP9FWTFF27V4S32S1DTHY.pcm

SwiftExplicitDependencyGeneratePcm x86_64 /Users/c4v4h/Library/Developer/Xcode/DerivedData/CascadeAddonRecoveryProbe/probe-or1q_x20/Build/SDKExplicitPrecompiledModules/_Builtin_intrinsics-5YDKNWOZZT24OZ1MC0B4LNV1D.pcm

SwiftExplicitDependencyGeneratePcm x86_64 /Users/c4v4h/Library/Developer/Xcode/DerivedData/CascadeAddonRecoveryProbe/probe-or1q_x20/Build/SDKExplicitPrecompiledModules/_Builtin_inttypes-4B1DJC7GFR9F0TWPJP8DWGZ3E.pcm

SwiftExplicitDependencyGeneratePcm x86_64 /Users/c4v4h/Library/Developer/Xcode/DerivedData/CascadeAddonRecoveryProbe/probe-or1q_x20/Build/SDKExplicitPrecompiledModules/_DarwinFoundation3-F0TEZGTFB8CHA93EKDI5AR3YE.pcm

SwiftExplicitDependencyGeneratePcm x86_64 /Users/c4v4h/Library/Developer/Xcode/DerivedData/CascadeAddonRecoveryProbe/probe-or1q_x20/Build/SDKExplicitPrecompiledModules/_Builtin_stdatomic-3KZVIQTR2KTFG2YV7ETU08TCA.pcm

SwiftExplicitDependencyGeneratePcm x86_64 /Users/c4v4h/Library/Developer/Xcode/DerivedData/CascadeAddonRecoveryProbe/probe-or1q_x20/Build/SDKExplicitPrecompiledModules/libDER-2Z82N0O1STQDQNZ7TAX08LJ9D.pcm

SwiftExplicitDependencyGeneratePcm arm64 /Users/c4v4h/Library/Developer/Xcode/DerivedData/CascadeAddonRecoveryProbe/probe-or1q_x20/Build/SDKExplicitPrecompiledModules/sys_types-1GCLFHY9TU2BB4UNXTI2CF52.pcm

SwiftExplicitDependencyGeneratePcm arm64 /Users/c4v4h/Library/Developer/Xcode/DerivedData/CascadeAddonRecoveryProbe/probe-or1q_x20/Build/SDKExplicitPrecompiledModules/string_h-9QSPN3JTQZHOEUZ9HVUYKYZYF.pcm

SwiftExplicitDependencyGeneratePcm arm64 /Users/c4v4h/Library/Developer/Xcode/DerivedData/CascadeAddonRecoveryProbe/probe-or1q_x20/Build/SDKExplicitPrecompiledModules/_Builtin_stdint-C7BY1T7XYGOG8L1KMHJ9A0YKU.pcm

SwiftExplicitDependencyGeneratePcm arm64 /Users/c4v4h/Library/Developer/Xcode/DerivedData/CascadeAddonRecoveryProbe/probe-or1q_x20/Build/SDKExplicitPrecompiledModules/_Builtin_tgmath-3DODS6XLJEIDTSI90B44BMQDY.pcm

SwiftExplicitDependencyGeneratePcm x86_64 /Users/c4v4h/Library/Developer/Xcode/DerivedData/CascadeAddonRecoveryProbe/probe-or1q_x20/Build/SDKExplicitPrecompiledModules/Darwin-CLFTX5UAVQ7FNACLS2SX7ELY3.pcm

SwiftExplicitDependencyGeneratePcm arm64 /Users/c4v4h/Library/Developer/Xcode/DerivedData/CascadeAddonRecoveryProbe/probe-or1q_x20/Build/SDKExplicitPrecompiledModules/_Builtin_inttypes-16OPZC7RM39XJMO3J2VG9WSQ6.pcm

SwiftExplicitDependencyGeneratePcm arm64 /Users/c4v4h/Library/Developer/Xcode/DerivedData/CascadeAddonRecoveryProbe/probe-or1q_x20/Build/SDKExplicitPrecompiledModules/_Builtin_intrinsics-BPY42S8KMSJ7JEMHHVUF9WWCW.pcm

SwiftExplicitDependencyGeneratePcm arm64 /Users/c4v4h/Library/Developer/Xcode/DerivedData/CascadeAddonRecoveryProbe/probe-or1q_x20/Build/SDKExplicitPrecompiledModules/_Builtin_stdatomic-B1ZQWRNABGVROWJO109JTP36K.pcm

SwiftExplicitDependencyGeneratePcm arm64 /Users/c4v4h/Library/Developer/Xcode/DerivedData/CascadeAddonRecoveryProbe/probe-or1q_x20/Build/SDKExplicitPrecompiledModules/libDER-4ZESE4QBMRVP5OWO4XNTYWVIT.pcm

SwiftExplicitDependencyGeneratePcm arm64 /Users/c4v4h/Library/Developer/Xcode/DerivedData/CascadeAddonRecoveryProbe/probe-or1q_x20/Build/SDKExplicitPrecompiledModules/_DarwinFoundation3-4JUDP885RRGVF8KFW0O1CCO3Q.pcm

SwiftExplicitDependencyGeneratePcm x86_64 /Users/c4v4h/Library/Developer/Xcode/DerivedData/CascadeAddonRecoveryProbe/probe-or1q_x20/Build/SDKExplicitPrecompiledModules/_Builtin_inttypes-50MSROJQCIEKJB3UL3X07DPZT.pcm

SwiftExplicitDependencyGeneratePcm x86_64 /Users/c4v4h/Library/Developer/Xcode/DerivedData/CascadeAddonRecoveryProbe/probe-or1q_x20/Build/SDKExplicitPrecompiledModules/_Builtin_intrinsics-3OC9JUR257DHV0DJRSNGXPJYO.pcm

SwiftExplicitDependencyGeneratePcm arm64 /Users/c4v4h/Library/Developer/Xcode/DerivedData/CascadeAddonRecoveryProbe/probe-or1q_x20/Build/SDKExplicitPrecompiledModules/Darwin-1DG8W5L57RI1SFZ3COPE15NNJ.pcm

SwiftExplicitDependencyGeneratePcm x86_64 /Users/c4v4h/Library/Developer/Xcode/DerivedData/CascadeAddonRecoveryProbe/probe-or1q_x20/Build/SDKExplicitPrecompiledModules/Darwin-AM4K7LVLCK82ILMQ0EXDH8V7N.pcm

SwiftExplicitDependencyGeneratePcm arm64 /Users/c4v4h/Library/Developer/Xcode/DerivedData/CascadeAddonRecoveryProbe/probe-or1q_x20/Build/SDKExplicitPrecompiledModules/_Builtin_inttypes-ET0L3T4ZGHUVFX99W9739M6AM.pcm

SwiftExplicitDependencyGeneratePcm arm64 /Users/c4v4h/Library/Developer/Xcode/DerivedData/CascadeAddonRecoveryProbe/probe-or1q_x20/Build/SDKExplicitPrecompiledModules/Darwin-67CQL6G1EPYZ2ZUZB01J1OXS6.pcm

SwiftExplicitDependencyGeneratePcm arm64 /Users/c4v4h/Library/Developer/Xcode/DerivedData/CascadeAddonRecoveryProbe/probe-or1q_x20/Build/SDKExplicitPrecompiledModules/simd-EASZJFH5VI80GJSEKH7G5ETL8.pcm

SwiftExplicitDependencyGeneratePcm x86_64 /Users/c4v4h/Library/Developer/Xcode/DerivedData/CascadeAddonRecoveryProbe/probe-or1q_x20/Build/SDKExplicitPrecompiledModules/libkern-6G7NM05TXM9NCP3CQJQ6JHN4H.pcm

SwiftExplicitDependencyGeneratePcm x86_64 /Users/c4v4h/Library/Developer/Xcode/DerivedData/CascadeAddonRecoveryProbe/probe-or1q_x20/Build/SDKExplicitPrecompiledModules/launch-CARWPGKXV8DWW3H7MJUZ3BZYD.pcm

SwiftExplicitDependencyGeneratePcm x86_64 /Users/c4v4h/Library/Developer/Xcode/DerivedData/CascadeAddonRecoveryProbe/probe-or1q_x20/Build/SDKExplicitPrecompiledModules/MachO-9TF0T9SY75MCYBVM5YS5STS1D.pcm

SwiftExplicitDependencyGeneratePcm x86_64 /Users/c4v4h/Library/Developer/Xcode/DerivedData/CascadeAddonRecoveryProbe/probe-or1q_x20/Build/SDKExplicitPrecompiledModules/simd-B4DMSETOD2ZFB62L5U15ZP6G6.pcm

SwiftExplicitDependencyGeneratePcm x86_64 /Users/c4v4h/Library/Developer/Xcode/DerivedData/CascadeAddonRecoveryProbe/probe-or1q_x20/Build/SDKExplicitPrecompiledModules/ObjectiveC-COWL12ZOIITRX6GILQGF4MDVO.pcm

SwiftExplicitDependencyGeneratePcm x86_64 /Users/c4v4h/Library/Developer/Xcode/DerivedData/CascadeAddonRecoveryProbe/probe-or1q_x20/Build/SDKExplicitPrecompiledModules/CUPS-82RBD7IWRIMCHB09U1OSHLCF1.pcm

SwiftExplicitDependencyGeneratePcm x86_64 /Users/c4v4h/Library/Developer/Xcode/DerivedData/CascadeAddonRecoveryProbe/probe-or1q_x20/Build/SDKExplicitPrecompiledModules/libkern-9CYIQNF98TPQUU5DRLV18HL01.pcm

SwiftExplicitDependencyGeneratePcm x86_64 /Users/c4v4h/Library/Developer/Xcode/DerivedData/CascadeAddonRecoveryProbe/probe-or1q_x20/Build/SDKExplicitPrecompiledModules/launch-2C22A2SE73GW4QC1OV5IH98V.pcm

SwiftExplicitDependencyGeneratePcm x86_64 /Users/c4v4h/Library/Developer/Xcode/DerivedData/CascadeAddonRecoveryProbe/probe-or1q_x20/Build/SDKExplicitPrecompiledModules/MachO-9ETPQ18FXKROHYJH03EUNMTKX.pcm

SwiftExplicitDependencyGeneratePcm arm64 /Users/c4v4h/Library/Developer/Xcode/DerivedData/CascadeAddonRecoveryProbe/probe-or1q_x20/Build/SDKExplicitPrecompiledModules/MachO-1X58SHOW9BK7WXSGBCOY9M6SC.pcm

SwiftExplicitDependencyGeneratePcm arm64 /Users/c4v4h/Library/Developer/Xcode/DerivedData/CascadeAddonRecoveryProbe/probe-or1q_x20/Build/SDKExplicitPrecompiledModules/launch-ALGKSFTAI8IETPF8J1VT9DYU3.pcm

SwiftExplicitDependencyGeneratePcm arm64 /Users/c4v4h/Library/Developer/Xcode/DerivedData/CascadeAddonRecoveryProbe/probe-or1q_x20/Build/SDKExplicitPrecompiledModules/libkern-3GH5H6C03KX60Z1XMMROD5N9M.pcm

SwiftExplicitDependencyGeneratePcm x86_64 /Users/c4v4h/Library/Developer/Xcode/DerivedData/CascadeAddonRecoveryProbe/probe-or1q_x20/Build/SDKExplicitPrecompiledModules/os_object-15O66WJFLKI9O1CFFLJCPR8XL.pcm

SwiftExplicitDependencyGeneratePcm x86_64 /Users/c4v4h/Library/Developer/Xcode/DerivedData/CascadeAddonRecoveryProbe/probe-or1q_x20/Build/SDKExplicitPrecompiledModules/ObjectiveC-9EAAKGNJU3UQKNBUQ7H1544Q1.pcm

SwiftExplicitDependencyGeneratePcm arm64 /Users/c4v4h/Library/Developer/Xcode/DerivedData/CascadeAddonRecoveryProbe/probe-or1q_x20/Build/SDKExplicitPrecompiledModules/libkern-6JMTWRPTLK80W9W1BFA4HR9JF.pcm

SwiftExplicitDependencyGeneratePcm arm64 /Users/c4v4h/Library/Developer/Xcode/DerivedData/CascadeAddonRecoveryProbe/probe-or1q_x20/Build/SDKExplicitPrecompiledModules/launch-18SIPVERB5DIIB560S14XRGZG.pcm

SwiftExplicitDependencyGeneratePcm arm64 /Users/c4v4h/Library/Developer/Xcode/DerivedData/CascadeAddonRecoveryProbe/probe-or1q_x20/Build/SDKExplicitPrecompiledModules/CUPS-IPW2YALX12SCW7FP7H5K9A8V.pcm

SwiftExplicitDependencyGeneratePcm x86_64 /Users/c4v4h/Library/Developer/Xcode/DerivedData/CascadeAddonRecoveryProbe/probe-or1q_x20/Build/SDKExplicitPrecompiledModules/os_workgroup-ASYWUYN3UASRQBWKS27LLSLE8.pcm

SwiftExplicitDependencyGeneratePcm arm64 /Users/c4v4h/Library/Developer/Xcode/DerivedData/CascadeAddonRecoveryProbe/probe-or1q_x20/Build/SDKExplicitPrecompiledModules/MachO-D1ISHZAB26I2MAQ9TH52TC3U5.pcm

SwiftExplicitDependencyGeneratePcm arm64 /Users/c4v4h/Library/Developer/Xcode/DerivedData/CascadeAddonRecoveryProbe/probe-or1q_x20/Build/SDKExplicitPrecompiledModules/ObjectiveC-TPXX4OMU0KXTOWHBCUDM3B9U.pcm

SwiftExplicitDependencyGeneratePcm arm64 /Users/c4v4h/Library/Developer/Xcode/DerivedData/CascadeAddonRecoveryProbe/probe-or1q_x20/Build/SDKExplicitPrecompiledModules/Spatial-ASSS1W5X5OAM9GI6XZ63HUGID.pcm

SwiftExplicitDependencyGeneratePcm x86_64 /Users/c4v4h/Library/Developer/Xcode/DerivedData/CascadeAddonRecoveryProbe/probe-or1q_x20/Build/SDKExplicitPrecompiledModules/os_object-8VLH00JYZ93TR2O94QJCE86UG.pcm

SwiftExplicitDependencyGeneratePcm x86_64 /Users/c4v4h/Library/Developer/Xcode/DerivedData/CascadeAddonRecoveryProbe/probe-or1q_x20/Build/SDKExplicitPrecompiledModules/Dispatch-1GFT1FPOFIYMK056S067CID2S.pcm

SwiftExplicitDependencyGeneratePcm arm64 /Users/c4v4h/Library/Developer/Xcode/DerivedData/CascadeAddonRecoveryProbe/probe-or1q_x20/Build/SDKExplicitPrecompiledModules/ObjectiveC-CJ4UXBW3H7EV1XWFAS1A3D4PB.pcm

SwiftExplicitDependencyGeneratePcm x86_64 /Users/c4v4h/Library/Developer/Xcode/DerivedData/CascadeAddonRecoveryProbe/probe-or1q_x20/Build/SDKExplicitPrecompiledModules/os_workgroup-70X5KQ11VVVU9DJO6HUVWFPQI.pcm

SwiftExplicitDependencyGeneratePcm arm64 /Users/c4v4h/Library/Developer/Xcode/DerivedData/CascadeAddonRecoveryProbe/probe-or1q_x20/Build/SDKExplicitPrecompiledModules/os_object-90CSS5DIY2TRB3YQPBJOKF55J.pcm

SwiftExplicitDependencyGeneratePcm x86_64 /Users/c4v4h/Library/Developer/Xcode/DerivedData/CascadeAddonRecoveryProbe/probe-or1q_x20/Build/SDKExplicitPrecompiledModules/CoreFoundation-6GWH3BTY10QWPDRC38UAFN9U3.pcm

SwiftExplicitDependencyGeneratePcm x86_64 /Users/c4v4h/Library/Developer/Xcode/DerivedData/CascadeAddonRecoveryProbe/probe-or1q_x20/Build/SDKExplicitPrecompiledModules/dnssd-79S6UW32FV57N5WM2PK2GZAQ9.pcm

SwiftExplicitDependencyGeneratePcm x86_64 /Users/c4v4h/Library/Developer/Xcode/DerivedData/CascadeAddonRecoveryProbe/probe-or1q_x20/Build/SDKExplicitPrecompiledModules/XPC-X1N6CNC8B2BELD6DBMGIKXNL.pcm

SwiftExplicitDependencyGeneratePcm arm64 /Users/c4v4h/Library/Developer/Xcode/DerivedData/CascadeAddonRecoveryProbe/probe-or1q_x20/Build/SDKExplicitPrecompiledModules/os_object-7RWN0EJCC0R80F9CPQKPUMJVT.pcm

SwiftExplicitDependencyGeneratePcm arm64 /Users/c4v4h/Library/Developer/Xcode/DerivedData/CascadeAddonRecoveryProbe/probe-or1q_x20/Build/SDKExplicitPrecompiledModules/os_workgroup-5OGBOIRAH8X27GOHSWIKVK10E.pcm

SwiftExplicitDependencyGeneratePcm x86_64 /Users/c4v4h/Library/Developer/Xcode/DerivedData/CascadeAddonRecoveryProbe/probe-or1q_x20/Build/SDKExplicitPrecompiledModules/Dispatch-3N0YIAWCM769I948EDE9SYXBS.pcm

SwiftExplicitDependencyGeneratePcm arm64 /Users/c4v4h/Library/Developer/Xcode/DerivedData/CascadeAddonRecoveryProbe/probe-or1q_x20/Build/SDKExplicitPrecompiledModules/os_workgroup-3UM85OBTZA0TCSBLQ3STYT1JN.pcm

SwiftExplicitDependencyGeneratePcm x86_64 /Users/c4v4h/Library/Developer/Xcode/DerivedData/CascadeAddonRecoveryProbe/probe-or1q_x20/Build/SDKExplicitPrecompiledModules/os-4IMUD5RFLNLXQIP3OR8MTI08R.pcm

SwiftExplicitDependencyGeneratePcm x86_64 /Users/c4v4h/Library/Developer/Xcode/DerivedData/CascadeAddonRecoveryProbe/probe-or1q_x20/Build/SDKExplicitPrecompiledModules/Spatial-CSS548YAZ4YF99665C72J5MBV.pcm

SwiftExplicitDependencyGeneratePcm x86_64 /Users/c4v4h/Library/Developer/Xcode/DerivedData/CascadeAddonRecoveryProbe/probe-or1q_x20/Build/SDKExplicitPrecompiledModules/dnssd-2BXGSIQM8LVEFA7QGLEWX4WJZ.pcm

SwiftExplicitDependencyGeneratePcm x86_64 /Users/c4v4h/Library/Developer/Xcode/DerivedData/CascadeAddonRecoveryProbe/probe-or1q_x20/Build/SDKExplicitPrecompiledModules/CoreFoundation-F0PODFSZH8236PSU85TGKZ8B8.pcm

SwiftExplicitDependencyGeneratePcm x86_64 /Users/c4v4h/Library/Developer/Xcode/DerivedData/CascadeAddonRecoveryProbe/probe-or1q_x20/Build/SDKExplicitPrecompiledModules/XPC-1LC23ACMAGS94J1LIAUFY6T1K.pcm

SwiftExplicitDependencyGeneratePcm arm64 /Users/c4v4h/Library/Developer/Xcode/DerivedData/CascadeAddonRecoveryProbe/probe-or1q_x20/Build/SDKExplicitPrecompiledModules/Dispatch-63A4Z5AVJWN24QUTHCOYTAHXI.pcm

SwiftExplicitDependencyGeneratePcm x86_64 /Users/c4v4h/Library/Developer/Xcode/DerivedData/CascadeAddonRecoveryProbe/probe-or1q_x20/Build/SDKExplicitPrecompiledModules/IOKit-7GFNGH8YS3MOO40019JGVHRVY.pcm

SwiftExplicitDependencyGeneratePcm x86_64 /Users/c4v4h/Library/Developer/Xcode/DerivedData/CascadeAddonRecoveryProbe/probe-or1q_x20/Build/SDKExplicitPrecompiledModules/Security-AGF2S26FG9RJX16UTWTEJ74MB.pcm

SwiftExplicitDependencyGeneratePcm arm64 /Users/c4v4h/Library/Developer/Xcode/DerivedData/CascadeAddonRecoveryProbe/probe-or1q_x20/Build/SDKExplicitPrecompiledModules/Dispatch-47X3Q4C04EN54JUBMTCVZENZ2.pcm

SwiftExplicitDependencyGeneratePcm x86_64 /Users/c4v4h/Library/Developer/Xcode/DerivedData/CascadeAddonRecoveryProbe/probe-or1q_x20/Build/SDKExplicitPrecompiledModules/CFNetwork-8JU6KKNDFW4C4TPD6VAO8QBH1.pcm

SwiftExplicitDependencyGeneratePcm x86_64 /Users/c4v4h/Library/Developer/Xcode/DerivedData/CascadeAddonRecoveryProbe/probe-or1q_x20/Build/SDKExplicitPrecompiledModules/os-2GOEIZ8NU8WDXI2QKM144HR7E.pcm

SwiftExplicitDependencyGeneratePcm arm64 /Users/c4v4h/Library/Developer/Xcode/DerivedData/CascadeAddonRecoveryProbe/probe-or1q_x20/Build/SDKExplicitPrecompiledModules/XPC-6CV15TREETB7V2BHE3FEGXSD.pcm

SwiftExplicitDependencyGeneratePcm arm64 /Users/c4v4h/Library/Developer/Xcode/DerivedData/CascadeAddonRecoveryProbe/probe-or1q_x20/Build/SDKExplicitPrecompiledModules/CoreFoundation-5FB33AR504A6IHRH4CWRZ0SW4.pcm

SwiftExplicitDependencyGeneratePcm arm64 /Users/c4v4h/Library/Developer/Xcode/DerivedData/CascadeAddonRecoveryProbe/probe-or1q_x20/Build/SDKExplicitPrecompiledModules/XPC-3FI60MP9C1A289V9A2MZRMFC5.pcm

SwiftExplicitDependencyGeneratePcm x86_64 /Users/c4v4h/Library/Developer/Xcode/DerivedData/CascadeAddonRecoveryProbe/probe-or1q_x20/Build/SDKExplicitPrecompiledModules/Security-CN9G525Z4DWAH8ZLIR9P9H6HW.pcm

SwiftExplicitDependencyGeneratePcm x86_64 /Users/c4v4h/Library/Developer/Xcode/DerivedData/CascadeAddonRecoveryProbe/probe-or1q_x20/Build/SDKExplicitPrecompiledModules/CFNetwork-1WNNM16PBLE0RRXS7X7B2725C.pcm

SwiftExplicitDependencyGeneratePcm x86_64 /Users/c4v4h/Library/Developer/Xcode/DerivedData/CascadeAddonRecoveryProbe/probe-or1q_x20/Build/SDKExplicitPrecompiledModules/CoreAudioTypes-5HZXZKAY123F5RRJLJAJ7DTM4.pcm

SwiftExplicitDependencyGeneratePcm x86_64 /Users/c4v4h/Library/Developer/Xcode/DerivedData/CascadeAddonRecoveryProbe/probe-or1q_x20/Build/SDKExplicitPrecompiledModules/IOKit-EYAOONOEJN1T52EHGEM3LJHPE.pcm

SwiftExplicitDependencyGeneratePcm x86_64 /Users/c4v4h/Library/Developer/Xcode/DerivedData/CascadeAddonRecoveryProbe/probe-or1q_x20/Build/SDKExplicitPrecompiledModules/ColorSync-1N7LD0Q8GZXL8CSQHJTR2YT6U.pcm

SwiftExplicitDependencyGeneratePcm arm64 /Users/c4v4h/Library/Developer/Xcode/DerivedData/CascadeAddonRecoveryProbe/probe-or1q_x20/Build/SDKExplicitPrecompiledModules/os-3H90F5CRSRZNZIUE4Y7J0XHPU.pcm

SwiftExplicitDependencyGeneratePcm arm64 /Users/c4v4h/Library/Developer/Xcode/DerivedData/CascadeAddonRecoveryProbe/probe-or1q_x20/Build/SDKExplicitPrecompiledModules/dnssd-3VFF81ZVB821P3E922UVDKMKP.pcm

SwiftExplicitDependencyGeneratePcm arm64 /Users/c4v4h/Library/Developer/Xcode/DerivedData/CascadeAddonRecoveryProbe/probe-or1q_x20/Build/SDKExplicitPrecompiledModules/CoreFoundation-9867B9HZZW2JF5BEW69EO4DY8.pcm

SwiftExplicitDependencyGeneratePcm arm64 /Users/c4v4h/Library/Developer/Xcode/DerivedData/CascadeAddonRecoveryProbe/probe-or1q_x20/Build/SDKExplicitPrecompiledModules/dnssd-42OCKVYYBJP5M5YR9DQWNJI2Y.pcm

SwiftExplicitDependencyGeneratePcm arm64 /Users/c4v4h/Library/Developer/Xcode/DerivedData/CascadeAddonRecoveryProbe/probe-or1q_x20/Build/SDKExplicitPrecompiledModules/IOKit-E6SRG76JIW4RH09AKWKRNET23.pcm

SwiftExplicitDependencyGeneratePcm arm64 /Users/c4v4h/Library/Developer/Xcode/DerivedData/CascadeAddonRecoveryProbe/probe-or1q_x20/Build/SDKExplicitPrecompiledModules/CFNetwork-5XFCKFHB1MDIX3P9T6LDJC7MY.pcm

SwiftExplicitDependencyGeneratePcm arm64 /Users/c4v4h/Library/Developer/Xcode/DerivedData/CascadeAddonRecoveryProbe/probe-or1q_x20/Build/SDKExplicitPrecompiledModules/Security-8X7RTUSHK6CPLWMEHND4VD4XJ.pcm

SwiftExplicitDependencyGeneratePcm x86_64 /Users/c4v4h/Library/Developer/Xcode/DerivedData/CascadeAddonRecoveryProbe/probe-or1q_x20/Build/SDKExplicitPrecompiledModules/DiskArbitration-BNHXDIUVZTKZY6PRLZYAKYVCC.pcm

SwiftExplicitDependencyGeneratePcm arm64 /Users/c4v4h/Library/Developer/Xcode/DerivedData/CascadeAddonRecoveryProbe/probe-or1q_x20/Build/SDKExplicitPrecompiledModules/os-49V0W42PDOYQ1B8HJKY3UGNKQ.pcm

SwiftExplicitDependencyGeneratePcm x86_64 /Users/c4v4h/Library/Developer/Xcode/DerivedData/CascadeAddonRecoveryProbe/probe-or1q_x20/Build/SDKExplicitPrecompiledModules/CoreServices-3ASP9394MTXRRNKLRTO1CQQYJ.pcm

SwiftExplicitDependencyGeneratePcm arm64 /Users/c4v4h/Library/Developer/Xcode/DerivedData/CascadeAddonRecoveryProbe/probe-or1q_x20/Build/SDKExplicitPrecompiledModules/Security-50IXZ4DJTVAXR2J7YWR13PSYR.pcm

SwiftExplicitDependencyGeneratePcm arm64 /Users/c4v4h/Library/Developer/Xcode/DerivedData/CascadeAddonRecoveryProbe/probe-or1q_x20/Build/SDKExplicitPrecompiledModules/CoreAudioTypes-2RJP03RJQ72OTOHWIOSJLRL83.pcm

SwiftExplicitDependencyGeneratePcm arm64 /Users/c4v4h/Library/Developer/Xcode/DerivedData/CascadeAddonRecoveryProbe/probe-or1q_x20/Build/SDKExplicitPrecompiledModules/ColorSync-33EFQJP2FYPYJAPD7FKXDD5QX.pcm

SwiftExplicitDependencyGeneratePcm arm64 /Users/c4v4h/Library/Developer/Xcode/DerivedData/CascadeAddonRecoveryProbe/probe-or1q_x20/Build/SDKExplicitPrecompiledModules/IOKit-6BAYBIBYRVBJJB6LUJ7D31DUU.pcm

SwiftExplicitDependencyGeneratePcm x86_64 /Users/c4v4h/Library/Developer/Xcode/DerivedData/CascadeAddonRecoveryProbe/probe-or1q_x20/Build/SDKExplicitPrecompiledModules/CoreGraphics-CP5G0ZO8JMFLHLFX28GNF1DLT.pcm

SwiftExplicitDependencyGeneratePcm x86_64 /Users/c4v4h/Library/Developer/Xcode/DerivedData/CascadeAddonRecoveryProbe/probe-or1q_x20/Build/SDKExplicitPrecompiledModules/DiskArbitration-BZ8TSWYNRH9IOISX357PJSV7I.pcm

SwiftExplicitDependencyGeneratePcm arm64 /Users/c4v4h/Library/Developer/Xcode/DerivedData/CascadeAddonRecoveryProbe/probe-or1q_x20/Build/SDKExplicitPrecompiledModules/CFNetwork-4H0LFQ3N1PH1R1BY41CDBATKK.pcm

SwiftExplicitDependencyGeneratePcm arm64 /Users/c4v4h/Library/Developer/Xcode/DerivedData/CascadeAddonRecoveryProbe/probe-or1q_x20/Build/SDKExplicitPrecompiledModules/DiskArbitration-BFBB1FJPGFF5X8JZ4FTGI6XTL.pcm

SwiftExplicitDependencyGeneratePcm x86_64 /Users/c4v4h/Library/Developer/Xcode/DerivedData/CascadeAddonRecoveryProbe/probe-or1q_x20/Build/SDKExplicitPrecompiledModules/CoreServices-3J83Q4GUB6QG5YQXUOVPZV40P.pcm

SwiftExplicitDependencyGeneratePcm x86_64 /Users/c4v4h/Library/Developer/Xcode/DerivedData/CascadeAddonRecoveryProbe/probe-or1q_x20/Build/SDKExplicitPrecompiledModules/ImageIO-6ZIQ4WZZJY7ZOF22UMXNG87S5.pcm

SwiftExplicitDependencyGeneratePcm x86_64 /Users/c4v4h/Library/Developer/Xcode/DerivedData/CascadeAddonRecoveryProbe/probe-or1q_x20/Build/SDKExplicitPrecompiledModules/CoreText-3JZLWW3UJR7HBQ0HIEKVPS7M4.pcm

SwiftExplicitDependencyGeneratePcm arm64 /Users/c4v4h/Library/Developer/Xcode/DerivedData/CascadeAddonRecoveryProbe/probe-or1q_x20/Build/SDKExplicitPrecompiledModules/CoreServices-42P2YM1AAOF4748ER2SY9UE87.pcm

SwiftExplicitDependencyGeneratePcm x86_64 /Users/c4v4h/Library/Developer/Xcode/DerivedData/CascadeAddonRecoveryProbe/probe-or1q_x20/Build/SDKExplicitPrecompiledModules/Foundation-214DULU7BFMBMOE60FSI48J8P.pcm

SwiftExplicitDependencyGeneratePcm arm64 /Users/c4v4h/Library/Developer/Xcode/DerivedData/CascadeAddonRecoveryProbe/probe-or1q_x20/Build/SDKExplicitPrecompiledModules/DiskArbitration-AF014DHED7DOHMKZNVX70D0S9.pcm

SwiftExplicitDependencyGeneratePcm arm64 /Users/c4v4h/Library/Developer/Xcode/DerivedData/CascadeAddonRecoveryProbe/probe-or1q_x20/Build/SDKExplicitPrecompiledModules/CoreGraphics-4JI2BL03A1UJWIEO3IWJ4O0A8.pcm

SwiftExplicitDependencyGeneratePcm arm64 /Users/c4v4h/Library/Developer/Xcode/DerivedData/CascadeAddonRecoveryProbe/probe-or1q_x20/Build/SDKExplicitPrecompiledModules/CoreServices-CCEBFWCRDW9SCY8IPA9WE6SVF.pcm

SwiftExplicitDependencyGeneratePcm arm64 /Users/c4v4h/Library/Developer/Xcode/DerivedData/CascadeAddonRecoveryProbe/probe-or1q_x20/Build/SDKExplicitPrecompiledModules/CoreText-5GAY2G3M4S6A10IQ0TYTTSMSJ.pcm

SwiftExplicitDependencyGeneratePcm arm64 /Users/c4v4h/Library/Developer/Xcode/DerivedData/CascadeAddonRecoveryProbe/probe-or1q_x20/Build/SDKExplicitPrecompiledModules/ImageIO-5ISSFYS53W23HZ87AWA65V8NE.pcm

SwiftExplicitDependencyGeneratePcm x86_64 /Users/c4v4h/Library/Developer/Xcode/DerivedData/CascadeAddonRecoveryProbe/probe-or1q_x20/Build/SDKExplicitPrecompiledModules/Foundation-1747CWT222NKKAICFG2XQK9O4.pcm

SwiftExplicitDependencyGeneratePcm arm64 /Users/c4v4h/Library/Developer/Xcode/DerivedData/CascadeAddonRecoveryProbe/probe-or1q_x20/Build/SDKExplicitPrecompiledModules/Foundation-CUJMJ8UOE1O3QHXLEPMTIXVHO.pcm

SwiftExplicitDependencyGeneratePcm arm64 /Users/c4v4h/Library/Developer/Xcode/DerivedData/CascadeAddonRecoveryProbe/probe-or1q_x20/Build/SDKExplicitPrecompiledModules/Foundation-BQWZ3ILKHEW7WB354K39BGQHW.pcm

SwiftExplicitDependencyGeneratePcm x86_64 /Users/c4v4h/Library/Developer/Xcode/DerivedData/CascadeAddonRecoveryProbe/probe-or1q_x20/Build/SDKExplicitPrecompiledModules/Network-E5TY2O0FI82A6TTBITMMRMB68.pcm

SwiftExplicitDependencyGeneratePcm x86_64 /Users/c4v4h/Library/Developer/Xcode/DerivedData/CascadeAddonRecoveryProbe/probe-or1q_x20/Build/SDKExplicitPrecompiledModules/UniformTypeIdentifiers-BRFXZ5RHDMKNF3HM8XMKPOU2H.pcm

SwiftExplicitDependencyGeneratePcm x86_64 /Users/c4v4h/Library/Developer/Xcode/DerivedData/CascadeAddonRecoveryProbe/probe-or1q_x20/Build/SDKExplicitPrecompiledModules/OSLog-7KMNILOHVHPO98U24JHDAA7S7.pcm

SwiftCompile normal x86_64 Compiling\ ProbeProvider.swift /Users/c4v4h/Library/Developer/Xcode/DerivedData/CascadeAddonRecoveryProbe/probe-or1q_x20/Sources/Provider/ProbeProvider.swift (in target 'ProbeProvider' from project 'AddonPlatform')

SwiftCompile normal x86_64 /Users/c4v4h/Library/Developer/Xcode/DerivedData/CascadeAddonRecoveryProbe/probe-or1q_x20/Sources/Provider/ProbeProvider.swift (in target 'ProbeProvider' from project 'AddonPlatform')
    cd /Users/c4v4h/Library/Developer/Xcode/DerivedData/CascadeAddonRecoveryProbe/probe-or1q_x20/Sources
    builtin-SwiftPerFileCompile ProbeProvider.swift

SwiftEmitModule normal x86_64 Emitting\ module\ for\ CascadeProbeProvider (in target 'ProbeProvider' from project 'AddonPlatform')

SwiftCompile normal x86_64 (in target 'ProbeProvider' from project 'AddonPlatform')
    cd /Users/c4v4h/Library/Developer/Xcode/DerivedData/CascadeAddonRecoveryProbe/probe-or1q_x20/Sources
    

SwiftCompile normal x86_64 Compiling\ ProbeMessage.swift /Users/c4v4h/Library/Developer/Xcode/DerivedData/CascadeAddonRecoveryProbe/probe-or1q_x20/Sources/Shared/ProbeMessage.swift (in target 'ProbeProvider' from project 'AddonPlatform')

SwiftCompile normal x86_64 /Users/c4v4h/Library/Developer/Xcode/DerivedData/CascadeAddonRecoveryProbe/probe-or1q_x20/Sources/Shared/ProbeMessage.swift (in target 'ProbeProvider' from project 'AddonPlatform')
    cd /Users/c4v4h/Library/Developer/Xcode/DerivedData/CascadeAddonRecoveryProbe/probe-or1q_x20/Sources
    builtin-SwiftPerFileCompile ProbeMessage.swift

SwiftExplicitDependencyGeneratePcm x86_64 /Users/c4v4h/Library/Developer/Xcode/DerivedData/CascadeAddonRecoveryProbe/probe-or1q_x20/Build/SDKExplicitPrecompiledModules/CoreAudio-BDRVYVV7YWK1SOOIXYUE6NHZC.pcm

SwiftExplicitDependencyGeneratePcm x86_64 /Users/c4v4h/Library/Developer/Xcode/DerivedData/CascadeAddonRecoveryProbe/probe-or1q_x20/Build/SDKExplicitPrecompiledModules/Accessibility-A42NZJOW6EYAEO0XBPPAJ4DVW.pcm

SwiftExplicitDependencyGeneratePcm x86_64 /Users/c4v4h/Library/Developer/Xcode/DerivedData/CascadeAddonRecoveryProbe/probe-or1q_x20/Build/SDKExplicitPrecompiledModules/OSLog-5SFPRC9NMVMS4723D3BR8GC6J.pcm

SwiftExplicitDependencyGeneratePcm x86_64 /Users/c4v4h/Library/Developer/Xcode/DerivedData/CascadeAddonRecoveryProbe/probe-or1q_x20/Build/SDKExplicitPrecompiledModules/IOSurface-DWPEYHB5Q941K8ILRQK8B4G6T.pcm

SwiftExplicitDependencyGeneratePcm arm64 /Users/c4v4h/Library/Developer/Xcode/DerivedData/CascadeAddonRecoveryProbe/probe-or1q_x20/Build/SDKExplicitPrecompiledModules/UniformTypeIdentifiers-5GTWFP39U9DHD9LENLOOMK9PZ.pcm

SwiftDriverJobDiscovery normal x86_64 Emitting module for CascadeProbeProvider (in target 'ProbeProvider' from project 'AddonPlatform')

SwiftDriver\ Compilation\ Requirements ProbeProvider normal x86_64 com.apple.xcode.tools.swift.compiler (in target 'ProbeProvider' from project 'AddonPlatform')
    cd /Users/c4v4h/Library/Developer/Xcode/DerivedData/CascadeAddonRecoveryProbe/probe-or1q_x20/Sources
    builtin-Swift-Compilation-Requirements -- /Applications/Xcode-beta.app/Contents/Developer/Toolchains/XcodeDefault.xctoolchain/usr/bin/swiftc -module-name CascadeProbeProvider -Onone @/Users/c4v4h/Library/Developer/Xcode/DerivedData/CascadeAddonRecoveryProbe/probe-or1q_x20/Build/Build/Intermediates.noindex/AddonPlatform.build/Debug/ProbeProvider.build/Objects-normal/x86_64/CascadeProbeProvider.SwiftFileList -DDEBUG -DRECOVERY_PROBE -DBROKER_PROVIDER -enable-bare-slash-regex -enable-experimental-feature DebugDescriptionMacro -sdk /Applications/Xcode-beta.app/Contents/Developer/Platforms/MacOSX.platform/Developer/SDKs/MacOSX27.0.sdk -target x86_64-apple-macos14.0 -g -module-cache-path /Users/c4v4h/Library/Developer/Xcode/DerivedData/CascadeAddonRecoveryProbe/probe-or1q_x20/Build/ModuleCache.noindex -Xfrontend -serialize-debugging-options -application-extension -index-store-path /Users/c4v4h/Library/Developer/Xcode/DerivedData/CascadeAddonRecoveryProbe/probe-or1q_x20/Build/Index.noindex/DataStore -swift-version 5 -I /Users/c4v4h/Library/Developer/Xcode/DerivedData/CascadeAddonRecoveryProbe/probe-or1q_x20/Build/Build/Products/Debug -F /Users/c4v4h/Library/Developer/Xcode/DerivedData/CascadeAddonRecoveryProbe/probe-or1q_x20/Build/Build/Products/Debug -c -j8 -enable-batch-mode -incremental -Xcc -ivfsstatcache -Xcc /Users/c4v4h/Library/Developer/Xcode/DerivedData/CascadeAddonRecoveryProbe/probe-or1q_x20/Build/SDKStatCaches.noindex/macosx27.0-26A5419a-e829b21a6f8c9b70876ba0858053c04445874285e5972fffeae925c4ab065928.sdkstatcache -output-file-map /Users/c4v4h/Library/Developer/Xcode/DerivedData/CascadeAddonRecoveryProbe/probe-or1q_x20/Build/Build/Intermediates.noindex/AddonPlatform.build/Debug/ProbeProvider.build/Objects-normal/x86_64/ProbeProvider-OutputFileMap.json -save-temps -no-color-diagnostics -explicit-module-build -module-cache-path /Users/c4v4h/Library/Developer/Xcode/DerivedData/CascadeAddonRecoveryProbe/probe-or1q_x20/Build/Build/Intermediates.noindex/SwiftExplicitPrecompiledModules -clang-scanner-module-cache-path /Users/c4v4h/Library/Developer/Xcode/DerivedData/CascadeAddonRecoveryProbe/probe-or1q_x20/Build/ModuleCache.noindex -sdk-module-cache-path /Users/c4v4h/Library/Developer/Xcode/DerivedData/CascadeAddonRecoveryProbe/probe-or1q_x20/Build/SDKExplicitPrecompiledModules -emit-dependencies -emit-module -emit-module-path /Users/c4v4h/Library/Developer/Xcode/DerivedData/CascadeAddonRecoveryProbe/probe-or1q_x20/Build/Build/Intermediates.noindex/AddonPlatform.build/Debug/ProbeProvider.build/Objects-normal/x86_64/CascadeProbeProvider.swiftmodule -serialize-diagnostics -dependency-scan-serialize-diagnostics-path /Users/c4v4h/Library/Developer/Xcode/DerivedData/CascadeAddonRecoveryProbe/probe-or1q_x20/Build/Build/Intermediates.noindex/AddonPlatform.build/Debug/ProbeProvider.build/Objects-normal/x86_64/CascadeProbeProvider-dependency-scan.dia -validate-clang-modules-once -clang-build-session-file /Users/c4v4h/Library/Developer/Xcode/DerivedData/CascadeAddonRecoveryProbe/probe-or1q_x20/Build/ModuleCache.noindex/Session.modulevalidation -Xcc -fmodules-prune-interval\=86400 -Xcc -fmodules-prune-after\=345600 -emit-const-values -const-gather-protocols-list /Users/c4v4h/Library/Developer/Xcode/DerivedData/CascadeAddonRecoveryProbe/probe-or1q_x20/Build/Build/Intermediates.noindex/AddonPlatform.build/Debug/ProbeProvider.build/Objects-normal/x86_64/ProbeProvider_const_extract_protocols.json -Xcc -iquote -Xcc /Users/c4v4h/Library/Developer/Xcode/DerivedData/CascadeAddonRecoveryProbe/probe-or1q_x20/Build/Build/Intermediates.noindex/AddonPlatform.build/Debug/ProbeProvider.build/CascadeProbeProvider-generated-files.hmap -Xcc -I/Users/c4v4h/Library/Developer/Xcode/DerivedData/CascadeAddonRecoveryProbe/probe-or1q_x20/Build/Build/Intermediates.noindex/AddonPlatform.build/Debug/ProbeProvider.build/CascadeProbeProvider-own-target-headers.hmap -Xcc -I/Users/c4v4h/Library/Developer/Xcode/DerivedData/CascadeAddonRecoveryProbe/probe-or1q_x20/Build/Build/Intermediates.noindex/AddonPlatform.build/Debug/ProbeProvider.build/CascadeProbeProvider-all-target-headers.hmap -Xcc -iquote -Xcc /Users/c4v4h/Library/Developer/Xcode/DerivedData/CascadeAddonRecoveryProbe/probe-or1q_x20/Build/Build/Intermediates.noindex/AddonPlatform.build/Debug/ProbeProvider.build/CascadeProbeProvider-project-headers.hmap -Xcc -I/Users/c4v4h/Library/Developer/Xcode/DerivedData/CascadeAddonRecoveryProbe/probe-or1q_x20/Build/Build/Products/Debug/include -Xcc -I/Users/c4v4h/Library/Developer/Xcode/DerivedData/CascadeAddonRecoveryProbe/probe-or1q_x20/Build/Build/Intermediates.noindex/AddonPlatform.build/Debug/ProbeProvider.build/DerivedSources-normal/x86_64 -Xcc -I/Users/c4v4h/Library/Developer/Xcode/DerivedData/CascadeAddonRecoveryProbe/probe-or1q_x20/Build/Build/Intermediates.noindex/AddonPlatform.build/Debug/ProbeProvider.build/DerivedSources/x86_64 -Xcc -I/Users/c4v4h/Library/Developer/Xcode/DerivedData/CascadeAddonRecoveryProbe/probe-or1q_x20/Build/Build/Intermediates.noindex/AddonPlatform.build/Debug/ProbeProvider.build/DerivedSources -emit-objc-header -emit-objc-header-path /Users/c4v4h/Library/Developer/Xcode/DerivedData/CascadeAddonRecoveryProbe/probe-or1q_x20/Build/Build/Intermediates.noindex/AddonPlatform.build/Debug/ProbeProvider.build/Objects-normal/x86_64/CascadeProbeProvider-Swift.h -working-directory /Users/c4v4h/Library/Developer/Xcode/DerivedData/CascadeAddonRecoveryProbe/probe-or1q_x20/Sources -experimental-emit-module-separately -disable-cmo

SwiftExplicitDependencyGeneratePcm x86_64 /Users/c4v4h/Library/Developer/Xcode/DerivedData/CascadeAddonRecoveryProbe/probe-or1q_x20/Build/SDKExplicitPrecompiledModules/ApplicationServices-4NYJLVPWFJCPXGMU00RAPG1WI.pcm

SwiftExplicitDependencyGeneratePcm x86_64 /Users/c4v4h/Library/Developer/Xcode/DerivedData/CascadeAddonRecoveryProbe/probe-or1q_x20/Build/SDKExplicitPrecompiledModules/Network-3833WCXYWGIU0V6K3YDEF00A6.pcm

Copy /Users/c4v4h/Library/Developer/Xcode/DerivedData/CascadeAddonRecoveryProbe/probe-or1q_x20/Build/Build/Products/Debug/CascadeProbeProvider.swiftmodule/x86_64-apple-macos.swiftmodule /Users/c4v4h/Library/Developer/Xcode/DerivedData/CascadeAddonRecoveryProbe/probe-or1q_x20/Build/Build/Intermediates.noindex/AddonPlatform.build/Debug/ProbeProvider.build/Objects-normal/x86_64/CascadeProbeProvider.swiftmodule (in target 'ProbeProvider' from project 'AddonPlatform')
    cd /Users/c4v4h/Library/Developer/Xcode/DerivedData/CascadeAddonRecoveryProbe/probe-or1q_x20/Sources
    builtin-copy -exclude .DS_Store -exclude CVS -exclude .svn -exclude .git -exclude .hg -strip-unsigned-binaries -strip-deterministic -strip-tool /Applications/Xcode-beta.app/Contents/Developer/Toolchains/XcodeDefault.xctoolchain/usr/bin/strip -resolve-src-symlinks -rename /Users/c4v4h/Library/Developer/Xcode/DerivedData/CascadeAddonRecoveryProbe/probe-or1q_x20/Build/Build/Intermediates.noindex/AddonPlatform.build/Debug/ProbeProvider.build/Objects-normal/x86_64/CascadeProbeProvider.swiftmodule /Users/c4v4h/Library/Developer/Xcode/DerivedData/CascadeAddonRecoveryProbe/probe-or1q_x20/Build/Build/Products/Debug/CascadeProbeProvider.swiftmodule/x86_64-apple-macos.swiftmodule

Copy /Users/c4v4h/Library/Developer/Xcode/DerivedData/CascadeAddonRecoveryProbe/probe-or1q_x20/Build/Build/Products/Debug/CascadeProbeProvider.swiftmodule/x86_64-apple-macos.swiftdoc /Users/c4v4h/Library/Developer/Xcode/DerivedData/CascadeAddonRecoveryProbe/probe-or1q_x20/Build/Build/Intermediates.noindex/AddonPlatform.build/Debug/ProbeProvider.build/Objects-normal/x86_64/CascadeProbeProvider.swiftdoc (in target 'ProbeProvider' from project 'AddonPlatform')
    cd /Users/c4v4h/Library/Developer/Xcode/DerivedData/CascadeAddonRecoveryProbe/probe-or1q_x20/Sources
    builtin-copy -exclude .DS_Store -exclude CVS -exclude .svn -exclude .git -exclude .hg -strip-unsigned-binaries -strip-deterministic -strip-tool /Applications/Xcode-beta.app/Contents/Developer/Toolchains/XcodeDefault.xctoolchain/usr/bin/strip -resolve-src-symlinks -rename /Users/c4v4h/Library/Developer/Xcode/DerivedData/CascadeAddonRecoveryProbe/probe-or1q_x20/Build/Build/Intermediates.noindex/AddonPlatform.build/Debug/ProbeProvider.build/Objects-normal/x86_64/CascadeProbeProvider.swiftdoc /Users/c4v4h/Library/Developer/Xcode/DerivedData/CascadeAddonRecoveryProbe/probe-or1q_x20/Build/Build/Products/Debug/CascadeProbeProvider.swiftmodule/x86_64-apple-macos.swiftdoc

Copy /Users/c4v4h/Library/Developer/Xcode/DerivedData/CascadeAddonRecoveryProbe/probe-or1q_x20/Build/Build/Products/Debug/CascadeProbeProvider.swiftmodule/x86_64-apple-macos.abi.json /Users/c4v4h/Library/Developer/Xcode/DerivedData/CascadeAddonRecoveryProbe/probe-or1q_x20/Build/Build/Intermediates.noindex/AddonPlatform.build/Debug/ProbeProvider.build/Objects-normal/x86_64/CascadeProbeProvider.abi.json (in target 'ProbeProvider' from project 'AddonPlatform')
    cd /Users/c4v4h/Library/Developer/Xcode/DerivedData/CascadeAddonRecoveryProbe/probe-or1q_x20/Sources
    builtin-copy -exclude .DS_Store -exclude CVS -exclude .svn -exclude .git -exclude .hg -strip-unsigned-binaries -strip-deterministic -strip-tool /Applications/Xcode-beta.app/Contents/Developer/Toolchains/XcodeDefault.xctoolchain/usr/bin/strip -resolve-src-symlinks -rename /Users/c4v4h/Library/Developer/Xcode/DerivedData/CascadeAddonRecoveryProbe/probe-or1q_x20/Build/Build/Intermediates.noindex/AddonPlatform.build/Debug/ProbeProvider.build/Objects-normal/x86_64/CascadeProbeProvider.abi.json /Users/c4v4h/Library/Developer/Xcode/DerivedData/CascadeAddonRecoveryProbe/probe-or1q_x20/Build/Build/Products/Debug/CascadeProbeProvider.swiftmodule/x86_64-apple-macos.abi.json

Copy /Users/c4v4h/Library/Developer/Xcode/DerivedData/CascadeAddonRecoveryProbe/probe-or1q_x20/Build/Build/Products/Debug/CascadeProbeProvider.swiftmodule/Project/x86_64-apple-macos.swiftsourceinfo /Users/c4v4h/Library/Developer/Xcode/DerivedData/CascadeAddonRecoveryProbe/probe-or1q_x20/Build/Build/Intermediates.noindex/AddonPlatform.build/Debug/ProbeProvider.build/Objects-normal/x86_64/CascadeProbeProvider.swiftsourceinfo (in target 'ProbeProvider' from project 'AddonPlatform')
    cd /Users/c4v4h/Library/Developer/Xcode/DerivedData/CascadeAddonRecoveryProbe/probe-or1q_x20/Sources
    builtin-copy -exclude .DS_Store -exclude CVS -exclude .svn -exclude .git -exclude .hg -strip-unsigned-binaries -strip-deterministic -strip-tool /Applications/Xcode-beta.app/Contents/Developer/Toolchains/XcodeDefault.xctoolchain/usr/bin/strip -resolve-src-symlinks -rename /Users/c4v4h/Library/Developer/Xcode/DerivedData/CascadeAddonRecoveryProbe/probe-or1q_x20/Build/Build/Intermediates.noindex/AddonPlatform.build/Debug/ProbeProvider.build/Objects-normal/x86_64/CascadeProbeProvider.swiftsourceinfo /Users/c4v4h/Library/Developer/Xcode/DerivedData/CascadeAddonRecoveryProbe/probe-or1q_x20/Build/Build/Products/Debug/CascadeProbeProvider.swiftmodule/Project/x86_64-apple-macos.swiftsourceinfo

SwiftExplicitDependencyGeneratePcm x86_64 /Users/c4v4h/Library/Developer/Xcode/DerivedData/CascadeAddonRecoveryProbe/probe-or1q_x20/Build/SDKExplicitPrecompiledModules/DataDetection-8XJ653RHY78WFFGFFXR777KKR.pcm

SwiftExplicitDependencyGeneratePcm x86_64 /Users/c4v4h/Library/Developer/Xcode/DerivedData/CascadeAddonRecoveryProbe/probe-or1q_x20/Build/SDKExplicitPrecompiledModules/CoreTransferable-4PWYSEBVRAQGOJER4ZITZ2ADA.pcm

SwiftExplicitDependencyGeneratePcm x86_64 /Users/c4v4h/Library/Developer/Xcode/DerivedData/CascadeAddonRecoveryProbe/probe-or1q_x20/Build/SDKExplicitPrecompiledModules/OpenGL-CZ38V6Q0XULCLPETNNCA6K6R.pcm

SwiftExplicitDependencyGeneratePcm x86_64 /Users/c4v4h/Library/Developer/Xcode/DerivedData/CascadeAddonRecoveryProbe/probe-or1q_x20/Build/SDKExplicitPrecompiledModules/Metal-4M0AH4QNP3TZG6N0FIU9M8P6G.pcm

SwiftExplicitDependencyGeneratePcm arm64 /Users/c4v4h/Library/Developer/Xcode/DerivedData/CascadeAddonRecoveryProbe/probe-or1q_x20/Build/SDKExplicitPrecompiledModules/OSLog-AWQK0VJ2J65LA20C07A9LDT5Q.pcm

SwiftExplicitDependencyGeneratePcm x86_64 /Users/c4v4h/Library/Developer/Xcode/DerivedData/CascadeAddonRecoveryProbe/probe-or1q_x20/Build/SDKExplicitPrecompiledModules/UniformTypeIdentifiers-5IEGSAOYHCA9HC0K9T1MH10OS.pcm

SwiftExplicitDependencyGeneratePcm x86_64 /Users/c4v4h/Library/Developer/Xcode/DerivedData/CascadeAddonRecoveryProbe/probe-or1q_x20/Build/SDKExplicitPrecompiledModules/CoreData-YZNBCJ1CSKBCYOG8ILJ4Q9S3.pcm

SwiftExplicitDependencyGeneratePcm arm64 /Users/c4v4h/Library/Developer/Xcode/DerivedData/CascadeAddonRecoveryProbe/probe-or1q_x20/Build/SDKExplicitPrecompiledModules/Network-CFK2ECU5JWW3OF2Y0OTO7SV97.pcm

SwiftExplicitDependencyGeneratePcm arm64 /Users/c4v4h/Library/Developer/Xcode/DerivedData/CascadeAddonRecoveryProbe/probe-or1q_x20/Build/SDKExplicitPrecompiledModules/OSLog-51YC3W73NEX04TDUX7BL45W7B.pcm

SwiftExplicitDependencyGeneratePcm arm64 /Users/c4v4h/Library/Developer/Xcode/DerivedData/CascadeAddonRecoveryProbe/probe-or1q_x20/Build/SDKExplicitPrecompiledModules/ApplicationServices-4OBEPIT6WZ0NO5RZ2FKW7T2YX.pcm

SwiftExplicitDependencyGeneratePcm arm64 /Users/c4v4h/Library/Developer/Xcode/DerivedData/CascadeAddonRecoveryProbe/probe-or1q_x20/Build/SDKExplicitPrecompiledModules/Accessibility-C0QSYRKEUF6OZ3731AZC1HC98.pcm

SwiftExplicitDependencyGeneratePcm arm64 /Users/c4v4h/Library/Developer/Xcode/DerivedData/CascadeAddonRecoveryProbe/probe-or1q_x20/Build/SDKExplicitPrecompiledModules/IOSurface-1U4ER3LUFISGOSFNA3TE6L6PM.pcm

SwiftExplicitDependencyGeneratePcm arm64 /Users/c4v4h/Library/Developer/Xcode/DerivedData/CascadeAddonRecoveryProbe/probe-or1q_x20/Build/SDKExplicitPrecompiledModules/CoreTransferable-D8SVBNRODVGICJQ741ON6JMDC.pcm

SwiftExplicitDependencyGeneratePcm arm64 /Users/c4v4h/Library/Developer/Xcode/DerivedData/CascadeAddonRecoveryProbe/probe-or1q_x20/Build/SDKExplicitPrecompiledModules/CoreData-9IFRNK7B9JTWHZ34GTSSN7ZAM.pcm

SwiftExplicitDependencyGeneratePcm arm64 /Users/c4v4h/Library/Developer/Xcode/DerivedData/CascadeAddonRecoveryProbe/probe-or1q_x20/Build/SDKExplicitPrecompiledModules/DataDetection-BQD4P2X9BH1GC3C692Y19262R.pcm

SwiftEmitModule normal arm64 Emitting\ module\ for\ CascadeProbeProvider (in target 'ProbeProvider' from project 'AddonPlatform')

SwiftCompile normal arm64 (in target 'ProbeProvider' from project 'AddonPlatform')
    cd /Users/c4v4h/Library/Developer/Xcode/DerivedData/CascadeAddonRecoveryProbe/probe-or1q_x20/Sources
    

SwiftExplicitDependencyGeneratePcm arm64 /Users/c4v4h/Library/Developer/Xcode/DerivedData/CascadeAddonRecoveryProbe/probe-or1q_x20/Build/SDKExplicitPrecompiledModules/CoreAudio-ER27KRN3461KX31O0W1F90KP1.pcm

SwiftExplicitDependencyGeneratePcm arm64 /Users/c4v4h/Library/Developer/Xcode/DerivedData/CascadeAddonRecoveryProbe/probe-or1q_x20/Build/SDKExplicitPrecompiledModules/OpenGL-4NRBQE8NU7ZAVQOCSHKZREL9O.pcm

SwiftExplicitDependencyGeneratePcm arm64 /Users/c4v4h/Library/Developer/Xcode/DerivedData/CascadeAddonRecoveryProbe/probe-or1q_x20/Build/SDKExplicitPrecompiledModules/Metal-T9G0U4PIIJV7E5TSTVBXQZ4C.pcm

SwiftExplicitDependencyGeneratePcm arm64 /Users/c4v4h/Library/Developer/Xcode/DerivedData/CascadeAddonRecoveryProbe/probe-or1q_x20/Build/SDKExplicitPrecompiledModules/UniformTypeIdentifiers-299P426YW7WOCGE0NNQJA3GAL.pcm

SwiftExplicitDependencyGeneratePcm arm64 /Users/c4v4h/Library/Developer/Xcode/DerivedData/CascadeAddonRecoveryProbe/probe-or1q_x20/Build/SDKExplicitPrecompiledModules/Network-DVEEZGDRVS2KD1DZZ41Z4PJWA.pcm

SwiftExplicitDependencyGeneratePcm x86_64 /Users/c4v4h/Library/Developer/Xcode/DerivedData/CascadeAddonRecoveryProbe/probe-or1q_x20/Build/SDKExplicitPrecompiledModules/Symbols-71XQWXHWWWHWXE9I827J3HJOW.pcm

SwiftExplicitDependencyGeneratePcm arm64 /Users/c4v4h/Library/Developer/Xcode/DerivedData/CascadeAddonRecoveryProbe/probe-or1q_x20/Build/SDKExplicitPrecompiledModules/Symbols-E9UM7VE2UWJJW4KGK9RP8598U.pcm

SwiftDriverJobDiscovery normal arm64 Emitting module for CascadeProbeProvider (in target 'ProbeProvider' from project 'AddonPlatform')

SwiftDriver\ Compilation\ Requirements ProbeProvider normal arm64 com.apple.xcode.tools.swift.compiler (in target 'ProbeProvider' from project 'AddonPlatform')
    cd /Users/c4v4h/Library/Developer/Xcode/DerivedData/CascadeAddonRecoveryProbe/probe-or1q_x20/Sources
    builtin-Swift-Compilation-Requirements -- /Applications/Xcode-beta.app/Contents/Developer/Toolchains/XcodeDefault.xctoolchain/usr/bin/swiftc -module-name CascadeProbeProvider -Onone @/Users/c4v4h/Library/Developer/Xcode/DerivedData/CascadeAddonRecoveryProbe/probe-or1q_x20/Build/Build/Intermediates.noindex/AddonPlatform.build/Debug/ProbeProvider.build/Objects-normal/arm64/CascadeProbeProvider.SwiftFileList -DDEBUG -DRECOVERY_PROBE -DBROKER_PROVIDER -enable-bare-slash-regex -enable-experimental-feature DebugDescriptionMacro -sdk /Applications/Xcode-beta.app/Contents/Developer/Platforms/MacOSX.platform/Developer/SDKs/MacOSX27.0.sdk -target arm64-apple-macos14.0 -g -module-cache-path /Users/c4v4h/Library/Developer/Xcode/DerivedData/CascadeAddonRecoveryProbe/probe-or1q_x20/Build/ModuleCache.noindex -Xfrontend -serialize-debugging-options -application-extension -index-store-path /Users/c4v4h/Library/Developer/Xcode/DerivedData/CascadeAddonRecoveryProbe/probe-or1q_x20/Build/Index.noindex/DataStore -swift-version 5 -I /Users/c4v4h/Library/Developer/Xcode/DerivedData/CascadeAddonRecoveryProbe/probe-or1q_x20/Build/Build/Products/Debug -F /Users/c4v4h/Library/Developer/Xcode/DerivedData/CascadeAddonRecoveryProbe/probe-or1q_x20/Build/Build/Products/Debug -c -j8 -enable-batch-mode -incremental -Xcc -ivfsstatcache -Xcc /Users/c4v4h/Library/Developer/Xcode/DerivedData/CascadeAddonRecoveryProbe/probe-or1q_x20/Build/SDKStatCaches.noindex/macosx27.0-26A5419a-e829b21a6f8c9b70876ba0858053c04445874285e5972fffeae925c4ab065928.sdkstatcache -output-file-map /Users/c4v4h/Library/Developer/Xcode/DerivedData/CascadeAddonRecoveryProbe/probe-or1q_x20/Build/Build/Intermediates.noindex/AddonPlatform.build/Debug/ProbeProvider.build/Objects-normal/arm64/ProbeProvider-OutputFileMap.json -save-temps -no-color-diagnostics -explicit-module-build -module-cache-path /Users/c4v4h/Library/Developer/Xcode/DerivedData/CascadeAddonRecoveryProbe/probe-or1q_x20/Build/Build/Intermediates.noindex/SwiftExplicitPrecompiledModules -clang-scanner-module-cache-path /Users/c4v4h/Library/Developer/Xcode/DerivedData/CascadeAddonRecoveryProbe/probe-or1q_x20/Build/ModuleCache.noindex -sdk-module-cache-path /Users/c4v4h/Library/Developer/Xcode/DerivedData/CascadeAddonRecoveryProbe/probe-or1q_x20/Build/SDKExplicitPrecompiledModules -emit-dependencies -emit-module -emit-module-path /Users/c4v4h/Library/Developer/Xcode/DerivedData/CascadeAddonRecoveryProbe/probe-or1q_x20/Build/Build/Intermediates.noindex/AddonPlatform.build/Debug/ProbeProvider.build/Objects-normal/arm64/CascadeProbeProvider.swiftmodule -serialize-diagnostics -dependency-scan-serialize-diagnostics-path /Users/c4v4h/Library/Developer/Xcode/DerivedData/CascadeAddonRecoveryProbe/probe-or1q_x20/Build/Build/Intermediates.noindex/AddonPlatform.build/Debug/ProbeProvider.build/Objects-normal/arm64/CascadeProbeProvider-dependency-scan.dia -validate-clang-modules-once -clang-build-session-file /Users/c4v4h/Library/Developer/Xcode/DerivedData/CascadeAddonRecoveryProbe/probe-or1q_x20/Build/ModuleCache.noindex/Session.modulevalidation -Xcc -fmodules-prune-interval\=86400 -Xcc -fmodules-prune-after\=345600 -emit-const-values -const-gather-protocols-list /Users/c4v4h/Library/Developer/Xcode/DerivedData/CascadeAddonRecoveryProbe/probe-or1q_x20/Build/Build/Intermediates.noindex/AddonPlatform.build/Debug/ProbeProvider.build/Objects-normal/arm64/ProbeProvider_const_extract_protocols.json -Xcc -iquote -Xcc /Users/c4v4h/Library/Developer/Xcode/DerivedData/CascadeAddonRecoveryProbe/probe-or1q_x20/Build/Build/Intermediates.noindex/AddonPlatform.build/Debug/ProbeProvider.build/CascadeProbeProvider-generated-files.hmap -Xcc -I/Users/c4v4h/Library/Developer/Xcode/DerivedData/CascadeAddonRecoveryProbe/probe-or1q_x20/Build/Build/Intermediates.noindex/AddonPlatform.build/Debug/ProbeProvider.build/CascadeProbeProvider-own-target-headers.hmap -Xcc -I/Users/c4v4h/Library/Developer/Xcode/DerivedData/CascadeAddonRecoveryProbe/probe-or1q_x20/Build/Build/Intermediates.noindex/AddonPlatform.build/Debug/ProbeProvider.build/CascadeProbeProvider-all-target-headers.hmap -Xcc -iquote -Xcc /Users/c4v4h/Library/Developer/Xcode/DerivedData/CascadeAddonRecoveryProbe/probe-or1q_x20/Build/Build/Intermediates.noindex/AddonPlatform.build/Debug/ProbeProvider.build/CascadeProbeProvider-project-headers.hmap -Xcc -I/Users/c4v4h/Library/Developer/Xcode/DerivedData/CascadeAddonRecoveryProbe/probe-or1q_x20/Build/Build/Products/Debug/include -Xcc -I/Users/c4v4h/Library/Developer/Xcode/DerivedData/CascadeAddonRecoveryProbe/probe-or1q_x20/Build/Build/Intermediates.noindex/AddonPlatform.build/Debug/ProbeProvider.build/DerivedSources-normal/arm64 -Xcc -I/Users/c4v4h/Library/Developer/Xcode/DerivedData/CascadeAddonRecoveryProbe/probe-or1q_x20/Build/Build/Intermediates.noindex/AddonPlatform.build/Debug/ProbeProvider.build/DerivedSources/arm64 -Xcc -I/Users/c4v4h/Library/Developer/Xcode/DerivedData/CascadeAddonRecoveryProbe/probe-or1q_x20/Build/Build/Intermediates.noindex/AddonPlatform.build/Debug/ProbeProvider.build/DerivedSources -emit-objc-header -emit-objc-header-path /Users/c4v4h/Library/Developer/Xcode/DerivedData/CascadeAddonRecoveryProbe/probe-or1q_x20/Build/Build/Intermediates.noindex/AddonPlatform.build/Debug/ProbeProvider.build/Objects-normal/arm64/CascadeProbeProvider-Swift.h -working-directory /Users/c4v4h/Library/Developer/Xcode/DerivedData/CascadeAddonRecoveryProbe/probe-or1q_x20/Sources -experimental-emit-module-separately -disable-cmo

SwiftExplicitDependencyGeneratePcm x86_64 /Users/c4v4h/Library/Developer/Xcode/DerivedData/CascadeAddonRecoveryProbe/probe-or1q_x20/Build/SDKExplicitPrecompiledModules/CoreVideo-31K5ASOH6PXUQ4TH7KIK1OR6T.pcm

SwiftMergeGeneratedHeaders /Users/c4v4h/Library/Developer/Xcode/DerivedData/CascadeAddonRecoveryProbe/probe-or1q_x20/Build/Build/Intermediates.noindex/AddonPlatform.build/Debug/ProbeProvider.build/DerivedSources/CascadeProbeProvider-Swift.h /Users/c4v4h/Library/Developer/Xcode/DerivedData/CascadeAddonRecoveryProbe/probe-or1q_x20/Build/Build/Intermediates.noindex/AddonPlatform.build/Debug/ProbeProvider.build/Objects-normal/arm64/CascadeProbeProvider-Swift.h /Users/c4v4h/Library/Developer/Xcode/DerivedData/CascadeAddonRecoveryProbe/probe-or1q_x20/Build/Build/Intermediates.noindex/AddonPlatform.build/Debug/ProbeProvider.build/Objects-normal/x86_64/CascadeProbeProvider-Swift.h (in target 'ProbeProvider' from project 'AddonPlatform')
    cd /Users/c4v4h/Library/Developer/Xcode/DerivedData/CascadeAddonRecoveryProbe/probe-or1q_x20/Sources
    builtin-swiftHeaderTool -arch arm64 /Users/c4v4h/Library/Developer/Xcode/DerivedData/CascadeAddonRecoveryProbe/probe-or1q_x20/Build/Build/Intermediates.noindex/AddonPlatform.build/Debug/ProbeProvider.build/Objects-normal/arm64/CascadeProbeProvider-Swift.h -arch x86_64 /Users/c4v4h/Library/Developer/Xcode/DerivedData/CascadeAddonRecoveryProbe/probe-or1q_x20/Build/Build/Intermediates.noindex/AddonPlatform.build/Debug/ProbeProvider.build/Objects-normal/x86_64/CascadeProbeProvider-Swift.h -o /Users/c4v4h/Library/Developer/Xcode/DerivedData/CascadeAddonRecoveryProbe/probe-or1q_x20/Build/Build/Intermediates.noindex/AddonPlatform.build/Debug/ProbeProvider.build/DerivedSources/CascadeProbeProvider-Swift.h

Copy /Users/c4v4h/Library/Developer/Xcode/DerivedData/CascadeAddonRecoveryProbe/probe-or1q_x20/Build/Build/Products/Debug/CascadeProbeProvider.swiftmodule/arm64-apple-macos.swiftmodule /Users/c4v4h/Library/Developer/Xcode/DerivedData/CascadeAddonRecoveryProbe/probe-or1q_x20/Build/Build/Intermediates.noindex/AddonPlatform.build/Debug/ProbeProvider.build/Objects-normal/arm64/CascadeProbeProvider.swiftmodule (in target 'ProbeProvider' from project 'AddonPlatform')
    cd /Users/c4v4h/Library/Developer/Xcode/DerivedData/CascadeAddonRecoveryProbe/probe-or1q_x20/Sources
    builtin-copy -exclude .DS_Store -exclude CVS -exclude .svn -exclude .git -exclude .hg -strip-unsigned-binaries -strip-deterministic -strip-tool /Applications/Xcode-beta.app/Contents/Developer/Toolchains/XcodeDefault.xctoolchain/usr/bin/strip -resolve-src-symlinks -rename /Users/c4v4h/Library/Developer/Xcode/DerivedData/CascadeAddonRecoveryProbe/probe-or1q_x20/Build/Build/Intermediates.noindex/AddonPlatform.build/Debug/ProbeProvider.build/Objects-normal/arm64/CascadeProbeProvider.swiftmodule /Users/c4v4h/Library/Developer/Xcode/DerivedData/CascadeAddonRecoveryProbe/probe-or1q_x20/Build/Build/Products/Debug/CascadeProbeProvider.swiftmodule/arm64-apple-macos.swiftmodule

Copy /Users/c4v4h/Library/Developer/Xcode/DerivedData/CascadeAddonRecoveryProbe/probe-or1q_x20/Build/Build/Products/Debug/CascadeProbeProvider.swiftmodule/arm64-apple-macos.swiftdoc /Users/c4v4h/Library/Developer/Xcode/DerivedData/CascadeAddonRecoveryProbe/probe-or1q_x20/Build/Build/Intermediates.noindex/AddonPlatform.build/Debug/ProbeProvider.build/Objects-normal/arm64/CascadeProbeProvider.swiftdoc (in target 'ProbeProvider' from project 'AddonPlatform')
    cd /Users/c4v4h/Library/Developer/Xcode/DerivedData/CascadeAddonRecoveryProbe/probe-or1q_x20/Sources
    builtin-copy -exclude .DS_Store -exclude CVS -exclude .svn -exclude .git -exclude .hg -strip-unsigned-binaries -strip-deterministic -strip-tool /Applications/Xcode-beta.app/Contents/Developer/Toolchains/XcodeDefault.xctoolchain/usr/bin/strip -resolve-src-symlinks -rename /Users/c4v4h/Library/Developer/Xcode/DerivedData/CascadeAddonRecoveryProbe/probe-or1q_x20/Build/Build/Intermediates.noindex/AddonPlatform.build/Debug/ProbeProvider.build/Objects-normal/arm64/CascadeProbeProvider.swiftdoc /Users/c4v4h/Library/Developer/Xcode/DerivedData/CascadeAddonRecoveryProbe/probe-or1q_x20/Build/Build/Products/Debug/CascadeProbeProvider.swiftmodule/arm64-apple-macos.swiftdoc

Copy /Users/c4v4h/Library/Developer/Xcode/DerivedData/CascadeAddonRecoveryProbe/probe-or1q_x20/Build/Build/Products/Debug/CascadeProbeProvider.swiftmodule/arm64-apple-macos.abi.json /Users/c4v4h/Library/Developer/Xcode/DerivedData/CascadeAddonRecoveryProbe/probe-or1q_x20/Build/Build/Intermediates.noindex/AddonPlatform.build/Debug/ProbeProvider.build/Objects-normal/arm64/CascadeProbeProvider.abi.json (in target 'ProbeProvider' from project 'AddonPlatform')
    cd /Users/c4v4h/Library/Developer/Xcode/DerivedData/CascadeAddonRecoveryProbe/probe-or1q_x20/Sources
    builtin-copy -exclude .DS_Store -exclude CVS -exclude .svn -exclude .git -exclude .hg -strip-unsigned-binaries -strip-deterministic -strip-tool /Applications/Xcode-beta.app/Contents/Developer/Toolchains/XcodeDefault.xctoolchain/usr/bin/strip -resolve-src-symlinks -rename /Users/c4v4h/Library/Developer/Xcode/DerivedData/CascadeAddonRecoveryProbe/probe-or1q_x20/Build/Build/Intermediates.noindex/AddonPlatform.build/Debug/ProbeProvider.build/Objects-normal/arm64/CascadeProbeProvider.abi.json /Users/c4v4h/Library/Developer/Xcode/DerivedData/CascadeAddonRecoveryProbe/probe-or1q_x20/Build/Build/Products/Debug/CascadeProbeProvider.swiftmodule/arm64-apple-macos.abi.json

Copy /Users/c4v4h/Library/Developer/Xcode/DerivedData/CascadeAddonRecoveryProbe/probe-or1q_x20/Build/Build/Products/Debug/CascadeProbeProvider.swiftmodule/Project/arm64-apple-macos.swiftsourceinfo /Users/c4v4h/Library/Developer/Xcode/DerivedData/CascadeAddonRecoveryProbe/probe-or1q_x20/Build/Build/Intermediates.noindex/AddonPlatform.build/Debug/ProbeProvider.build/Objects-normal/arm64/CascadeProbeProvider.swiftsourceinfo (in target 'ProbeProvider' from project 'AddonPlatform')
    cd /Users/c4v4h/Library/Developer/Xcode/DerivedData/CascadeAddonRecoveryProbe/probe-or1q_x20/Sources
    builtin-copy -exclude .DS_Store -exclude CVS -exclude .svn -exclude .git -exclude .hg -strip-unsigned-binaries -strip-deterministic -strip-tool /Applications/Xcode-beta.app/Contents/Developer/Toolchains/XcodeDefault.xctoolchain/usr/bin/strip -resolve-src-symlinks -rename /Users/c4v4h/Library/Developer/Xcode/DerivedData/CascadeAddonRecoveryProbe/probe-or1q_x20/Build/Build/Intermediates.noindex/AddonPlatform.build/Debug/ProbeProvider.build/Objects-normal/arm64/CascadeProbeProvider.swiftsourceinfo /Users/c4v4h/Library/Developer/Xcode/DerivedData/CascadeAddonRecoveryProbe/probe-or1q_x20/Build/Build/Products/Debug/CascadeProbeProvider.swiftmodule/Project/arm64-apple-macos.swiftsourceinfo

SwiftCompile normal arm64 Compiling\ ProbeMessage.swift /Users/c4v4h/Library/Developer/Xcode/DerivedData/CascadeAddonRecoveryProbe/probe-or1q_x20/Sources/Shared/ProbeMessage.swift (in target 'ProbeProvider' from project 'AddonPlatform')

SwiftCompile normal arm64 /Users/c4v4h/Library/Developer/Xcode/DerivedData/CascadeAddonRecoveryProbe/probe-or1q_x20/Sources/Shared/ProbeMessage.swift (in target 'ProbeProvider' from project 'AddonPlatform')
    cd /Users/c4v4h/Library/Developer/Xcode/DerivedData/CascadeAddonRecoveryProbe/probe-or1q_x20/Sources
    builtin-SwiftPerFileCompile ProbeMessage.swift

SwiftCompile normal arm64 Compiling\ ProbeProvider.swift /Users/c4v4h/Library/Developer/Xcode/DerivedData/CascadeAddonRecoveryProbe/probe-or1q_x20/Sources/Provider/ProbeProvider.swift (in target 'ProbeProvider' from project 'AddonPlatform')

SwiftCompile normal arm64 /Users/c4v4h/Library/Developer/Xcode/DerivedData/CascadeAddonRecoveryProbe/probe-or1q_x20/Sources/Provider/ProbeProvider.swift (in target 'ProbeProvider' from project 'AddonPlatform')
    cd /Users/c4v4h/Library/Developer/Xcode/DerivedData/CascadeAddonRecoveryProbe/probe-or1q_x20/Sources
    builtin-SwiftPerFileCompile ProbeProvider.swift

SwiftDriver ProbeContainer normal x86_64 com.apple.xcode.tools.swift.compiler (in target 'ProbeContainer' from project 'AddonPlatform')
    cd /Users/c4v4h/Library/Developer/Xcode/DerivedData/CascadeAddonRecoveryProbe/probe-or1q_x20/Sources
    builtin-SwiftDriver -- /Applications/Xcode-beta.app/Contents/Developer/Toolchains/XcodeDefault.xctoolchain/usr/bin/swiftc -module-name CascadeAddonProbeContainer -Onone @/Users/c4v4h/Library/Developer/Xcode/DerivedData/CascadeAddonRecoveryProbe/probe-or1q_x20/Build/Build/Intermediates.noindex/AddonPlatform.build/Debug/ProbeContainer.build/Objects-normal/x86_64/CascadeAddonProbeContainer.SwiftFileList -DDEBUG -DRECOVERY_PROBE -DBROKER_PROVIDER -enable-bare-slash-regex -enable-experimental-feature DebugDescriptionMacro -sdk /Applications/Xcode-beta.app/Contents/Developer/Platforms/MacOSX.platform/Developer/SDKs/MacOSX27.0.sdk -target x86_64-apple-macos14.0 -g -module-cache-path /Users/c4v4h/Library/Developer/Xcode/DerivedData/CascadeAddonRecoveryProbe/probe-or1q_x20/Build/ModuleCache.noindex -Xfrontend -serialize-debugging-options -index-store-path /Users/c4v4h/Library/Developer/Xcode/DerivedData/CascadeAddonRecoveryProbe/probe-or1q_x20/Build/Index.noindex/DataStore -swift-version 5 -I /Users/c4v4h/Library/Developer/Xcode/DerivedData/CascadeAddonRecoveryProbe/probe-or1q_x20/Build/Build/Products/Debug -F /Users/c4v4h/Library/Developer/Xcode/DerivedData/CascadeAddonRecoveryProbe/probe-or1q_x20/Build/Build/Products/Debug -parse-as-library -c -j8 -enable-batch-mode -incremental -Xcc -ivfsstatcache -Xcc /Users/c4v4h/Library/Developer/Xcode/DerivedData/CascadeAddonRecoveryProbe/probe-or1q_x20/Build/SDKStatCaches.noindex/macosx27.0-26A5419a-e829b21a6f8c9b70876ba0858053c04445874285e5972fffeae925c4ab065928.sdkstatcache -output-file-map /Users/c4v4h/Library/Developer/Xcode/DerivedData/CascadeAddonRecoveryProbe/probe-or1q_x20/Build/Build/Intermediates.noindex/AddonPlatform.build/Debug/ProbeContainer.build/Objects-normal/x86_64/ProbeContainer-OutputFileMap.json -save-temps -no-color-diagnostics -explicit-module-build -module-cache-path /Users/c4v4h/Library/Developer/Xcode/DerivedData/CascadeAddonRecoveryProbe/probe-or1q_x20/Build/Build/Intermediates.noindex/SwiftExplicitPrecompiledModules -clang-scanner-module-cache-path /Users/c4v4h/Library/Developer/Xcode/DerivedData/CascadeAddonRecoveryProbe/probe-or1q_x20/Build/ModuleCache.noindex -sdk-module-cache-path /Users/c4v4h/Library/Developer/Xcode/DerivedData/CascadeAddonRecoveryProbe/probe-or1q_x20/Build/SDKExplicitPrecompiledModules -emit-dependencies -emit-module -emit-module-path /Users/c4v4h/Library/Developer/Xcode/DerivedData/CascadeAddonRecoveryProbe/probe-or1q_x20/Build/Build/Intermediates.noindex/AddonPlatform.build/Debug/ProbeContainer.build/Objects-normal/x86_64/CascadeAddonProbeContainer.swiftmodule -serialize-diagnostics -dependency-scan-serialize-diagnostics-path /Users/c4v4h/Library/Developer/Xcode/DerivedData/CascadeAddonRecoveryProbe/probe-or1q_x20/Build/Build/Intermediates.noindex/AddonPlatform.build/Debug/ProbeContainer.build/Objects-normal/x86_64/CascadeAddonProbeContainer-dependency-scan.dia -validate-clang-modules-once -clang-build-session-file /Users/c4v4h/Library/Developer/Xcode/DerivedData/CascadeAddonRecoveryProbe/probe-or1q_x20/Build/ModuleCache.noindex/Session.modulevalidation -Xcc -fmodules-prune-interval\=86400 -Xcc -fmodules-prune-after\=345600 -emit-const-values -const-gather-protocols-list /Users/c4v4h/Library/Developer/Xcode/DerivedData/CascadeAddonRecoveryProbe/probe-or1q_x20/Build/Build/Intermediates.noindex/AddonPlatform.build/Debug/ProbeContainer.build/Objects-normal/x86_64/ProbeContainer_const_extract_protocols.json -Xcc -iquote -Xcc /Users/c4v4h/Library/Developer/Xcode/DerivedData/CascadeAddonRecoveryProbe/probe-or1q_x20/Build/Build/Intermediates.noindex/AddonPlatform.build/Debug/ProbeContainer.build/CascadeAddonProbeContainer-generated-files.hmap -Xcc -I/Users/c4v4h/Library/Developer/Xcode/DerivedData/CascadeAddonRecoveryProbe/probe-or1q_x20/Build/Build/Intermediates.noindex/AddonPlatform.build/Debug/ProbeContainer.build/CascadeAddonProbeContainer-own-target-headers.hmap -Xcc -I/Users/c4v4h/Library/Developer/Xcode/DerivedData/CascadeAddonRecoveryProbe/probe-or1q_x20/Build/Build/Intermediates.noindex/AddonPlatform.build/Debug/ProbeContainer.build/CascadeAddonProbeContainer-all-target-headers.hmap -Xcc -iquote -Xcc /Users/c4v4h/Library/Developer/Xcode/DerivedData/CascadeAddonRecoveryProbe/probe-or1q_x20/Build/Build/Intermediates.noindex/AddonPlatform.build/Debug/ProbeContainer.build/CascadeAddonProbeContainer-project-headers.hmap -Xcc -I/Users/c4v4h/Library/Developer/Xcode/DerivedData/CascadeAddonRecoveryProbe/probe-or1q_x20/Build/Build/Products/Debug/include -Xcc -I/Users/c4v4h/Library/Developer/Xcode/DerivedData/CascadeAddonRecoveryProbe/probe-or1q_x20/Build/Build/Intermediates.noindex/AddonPlatform.build/Debug/ProbeContainer.build/DerivedSources-normal/x86_64 -Xcc -I/Users/c4v4h/Library/Developer/Xcode/DerivedData/CascadeAddonRecoveryProbe/probe-or1q_x20/Build/Build/Intermediates.noindex/AddonPlatform.build/Debug/ProbeContainer.build/DerivedSources/x86_64 -Xcc -I/Users/c4v4h/Library/Developer/Xcode/DerivedData/CascadeAddonRecoveryProbe/probe-or1q_x20/Build/Build/Intermediates.noindex/AddonPlatform.build/Debug/ProbeContainer.build/DerivedSources -emit-objc-header -emit-objc-header-path /Users/c4v4h/Library/Developer/Xcode/DerivedData/CascadeAddonRecoveryProbe/probe-or1q_x20/Build/Build/Intermediates.noindex/AddonPlatform.build/Debug/ProbeContainer.build/Objects-normal/x86_64/CascadeAddonProbeContainer-Swift.h -working-directory /Users/c4v4h/Library/Developer/Xcode/DerivedData/CascadeAddonRecoveryProbe/probe-or1q_x20/Sources -experimental-emit-module-separately -disable-cmo

SwiftDriver ProbeContainer normal arm64 com.apple.xcode.tools.swift.compiler (in target 'ProbeContainer' from project 'AddonPlatform')
    cd /Users/c4v4h/Library/Developer/Xcode/DerivedData/CascadeAddonRecoveryProbe/probe-or1q_x20/Sources
    builtin-SwiftDriver -- /Applications/Xcode-beta.app/Contents/Developer/Toolchains/XcodeDefault.xctoolchain/usr/bin/swiftc -module-name CascadeAddonProbeContainer -Onone @/Users/c4v4h/Library/Developer/Xcode/DerivedData/CascadeAddonRecoveryProbe/probe-or1q_x20/Build/Build/Intermediates.noindex/AddonPlatform.build/Debug/ProbeContainer.build/Objects-normal/arm64/CascadeAddonProbeContainer.SwiftFileList -DDEBUG -DRECOVERY_PROBE -DBROKER_PROVIDER -enable-bare-slash-regex -enable-experimental-feature DebugDescriptionMacro -sdk /Applications/Xcode-beta.app/Contents/Developer/Platforms/MacOSX.platform/Developer/SDKs/MacOSX27.0.sdk -target arm64-apple-macos14.0 -g -module-cache-path /Users/c4v4h/Library/Developer/Xcode/DerivedData/CascadeAddonRecoveryProbe/probe-or1q_x20/Build/ModuleCache.noindex -Xfrontend -serialize-debugging-options -index-store-path /Users/c4v4h/Library/Developer/Xcode/DerivedData/CascadeAddonRecoveryProbe/probe-or1q_x20/Build/Index.noindex/DataStore -swift-version 5 -I /Users/c4v4h/Library/Developer/Xcode/DerivedData/CascadeAddonRecoveryProbe/probe-or1q_x20/Build/Build/Products/Debug -F /Users/c4v4h/Library/Developer/Xcode/DerivedData/CascadeAddonRecoveryProbe/probe-or1q_x20/Build/Build/Products/Debug -parse-as-library -c -j8 -enable-batch-mode -incremental -Xcc -ivfsstatcache -Xcc /Users/c4v4h/Library/Developer/Xcode/DerivedData/CascadeAddonRecoveryProbe/probe-or1q_x20/Build/SDKStatCaches.noindex/macosx27.0-26A5419a-e829b21a6f8c9b70876ba0858053c04445874285e5972fffeae925c4ab065928.sdkstatcache -output-file-map /Users/c4v4h/Library/Developer/Xcode/DerivedData/CascadeAddonRecoveryProbe/probe-or1q_x20/Build/Build/Intermediates.noindex/AddonPlatform.build/Debug/ProbeContainer.build/Objects-normal/arm64/ProbeContainer-OutputFileMap.json -save-temps -no-color-diagnostics -explicit-module-build -module-cache-path /Users/c4v4h/Library/Developer/Xcode/DerivedData/CascadeAddonRecoveryProbe/probe-or1q_x20/Build/Build/Intermediates.noindex/SwiftExplicitPrecompiledModules -clang-scanner-module-cache-path /Users/c4v4h/Library/Developer/Xcode/DerivedData/CascadeAddonRecoveryProbe/probe-or1q_x20/Build/ModuleCache.noindex -sdk-module-cache-path /Users/c4v4h/Library/Developer/Xcode/DerivedData/CascadeAddonRecoveryProbe/probe-or1q_x20/Build/SDKExplicitPrecompiledModules -emit-dependencies -emit-module -emit-module-path /Users/c4v4h/Library/Developer/Xcode/DerivedData/CascadeAddonRecoveryProbe/probe-or1q_x20/Build/Build/Intermediates.noindex/AddonPlatform.build/Debug/ProbeContainer.build/Objects-normal/arm64/CascadeAddonProbeContainer.swiftmodule -serialize-diagnostics -dependency-scan-serialize-diagnostics-path /Users/c4v4h/Library/Developer/Xcode/DerivedData/CascadeAddonRecoveryProbe/probe-or1q_x20/Build/Build/Intermediates.noindex/AddonPlatform.build/Debug/ProbeContainer.build/Objects-normal/arm64/CascadeAddonProbeContainer-dependency-scan.dia -validate-clang-modules-once -clang-build-session-file /Users/c4v4h/Library/Developer/Xcode/DerivedData/CascadeAddonRecoveryProbe/probe-or1q_x20/Build/ModuleCache.noindex/Session.modulevalidation -Xcc -fmodules-prune-interval\=86400 -Xcc -fmodules-prune-after\=345600 -emit-const-values -const-gather-protocols-list /Users/c4v4h/Library/Developer/Xcode/DerivedData/CascadeAddonRecoveryProbe/probe-or1q_x20/Build/Build/Intermediates.noindex/AddonPlatform.build/Debug/ProbeContainer.build/Objects-normal/arm64/ProbeContainer_const_extract_protocols.json -Xcc -iquote -Xcc /Users/c4v4h/Library/Developer/Xcode/DerivedData/CascadeAddonRecoveryProbe/probe-or1q_x20/Build/Build/Intermediates.noindex/AddonPlatform.build/Debug/ProbeContainer.build/CascadeAddonProbeContainer-generated-files.hmap -Xcc -I/Users/c4v4h/Library/Developer/Xcode/DerivedData/CascadeAddonRecoveryProbe/probe-or1q_x20/Build/Build/Intermediates.noindex/AddonPlatform.build/Debug/ProbeContainer.build/CascadeAddonProbeContainer-own-target-headers.hmap -Xcc -I/Users/c4v4h/Library/Developer/Xcode/DerivedData/CascadeAddonRecoveryProbe/probe-or1q_x20/Build/Build/Intermediates.noindex/AddonPlatform.build/Debug/ProbeContainer.build/CascadeAddonProbeContainer-all-target-headers.hmap -Xcc -iquote -Xcc /Users/c4v4h/Library/Developer/Xcode/DerivedData/CascadeAddonRecoveryProbe/probe-or1q_x20/Build/Build/Intermediates.noindex/AddonPlatform.build/Debug/ProbeContainer.build/CascadeAddonProbeContainer-project-headers.hmap -Xcc -I/Users/c4v4h/Library/Developer/Xcode/DerivedData/CascadeAddonRecoveryProbe/probe-or1q_x20/Build/Build/Products/Debug/include -Xcc -I/Users/c4v4h/Library/Developer/Xcode/DerivedData/CascadeAddonRecoveryProbe/probe-or1q_x20/Build/Build/Intermediates.noindex/AddonPlatform.build/Debug/ProbeContainer.build/DerivedSources-normal/arm64 -Xcc -I/Users/c4v4h/Library/Developer/Xcode/DerivedData/CascadeAddonRecoveryProbe/probe-or1q_x20/Build/Build/Intermediates.noindex/AddonPlatform.build/Debug/ProbeContainer.build/DerivedSources/arm64 -Xcc -I/Users/c4v4h/Library/Developer/Xcode/DerivedData/CascadeAddonRecoveryProbe/probe-or1q_x20/Build/Build/Intermediates.noindex/AddonPlatform.build/Debug/ProbeContainer.build/DerivedSources -emit-objc-header -emit-objc-header-path /Users/c4v4h/Library/Developer/Xcode/DerivedData/CascadeAddonRecoveryProbe/probe-or1q_x20/Build/Build/Intermediates.noindex/AddonPlatform.build/Debug/ProbeContainer.build/Objects-normal/arm64/CascadeAddonProbeContainer-Swift.h -working-directory /Users/c4v4h/Library/Developer/Xcode/DerivedData/CascadeAddonRecoveryProbe/probe-or1q_x20/Sources -experimental-emit-module-separately -disable-cmo

SwiftExplicitDependencyGeneratePcm x86_64 /Users/c4v4h/Library/Developer/Xcode/DerivedData/CascadeAddonRecoveryProbe/probe-or1q_x20/Build/SDKExplicitPrecompiledModules/CoreImage-5D75N51VBVFM8AODZG8P9HMVZ.pcm

SwiftExplicitDependencyGeneratePcm x86_64 /Users/c4v4h/Library/Developer/Xcode/DerivedData/CascadeAddonRecoveryProbe/probe-or1q_x20/Build/SDKExplicitPrecompiledModules/QuartzCore-642WQMNNJQK71HZLEXH0ILYQV.pcm

SwiftExplicitDependencyGeneratePcm x86_64 /Users/c4v4h/Library/Developer/Xcode/DerivedData/CascadeAddonRecoveryProbe/probe-or1q_x20/Build/SDKExplicitPrecompiledModules/CoreMedia-8025QBIMY0FBZTVD14KMTAXA6.pcm

SwiftExplicitDependencyGeneratePcm x86_64 /Users/c4v4h/Library/Developer/Xcode/DerivedData/CascadeAddonRecoveryProbe/probe-or1q_x20/Build/SDKExplicitPrecompiledModules/SwiftUICore-5O18QWBM7BVC3TSGJQ2OJ63RO.pcm

SwiftExplicitDependencyGeneratePcm x86_64 /Users/c4v4h/Library/Developer/Xcode/DerivedData/CascadeAddonRecoveryProbe/probe-or1q_x20/Build/SDKExplicitPrecompiledModules/AppKit-BLUE9M5FTTJ83SC5U1G0FUXMB.pcm

SwiftExplicitDependencyGeneratePcm arm64 /Users/c4v4h/Library/Developer/Xcode/DerivedData/CascadeAddonRecoveryProbe/probe-or1q_x20/Build/SDKExplicitPrecompiledModules/CoreVideo-5QE07PW621K2U5R76W3D7P0TL.pcm

SwiftExplicitDependencyGeneratePcm arm64 /Users/c4v4h/Library/Developer/Xcode/DerivedData/CascadeAddonRecoveryProbe/probe-or1q_x20/Build/SDKExplicitPrecompiledModules/QuartzCore-7T4ACCFII6INP8ZH4USA14OAR.pcm

SwiftExplicitDependencyGeneratePcm arm64 /Users/c4v4h/Library/Developer/Xcode/DerivedData/CascadeAddonRecoveryProbe/probe-or1q_x20/Build/SDKExplicitPrecompiledModules/CoreImage-ALKE0Z6HTEZWTKPT8LADVIO2H.pcm

SwiftExplicitDependencyGeneratePcm arm64 /Users/c4v4h/Library/Developer/Xcode/DerivedData/CascadeAddonRecoveryProbe/probe-or1q_x20/Build/SDKExplicitPrecompiledModules/CoreMedia-BJU0H210L058EW66537FV0XB3.pcm

SwiftExplicitDependencyGeneratePcm arm64 /Users/c4v4h/Library/Developer/Xcode/DerivedData/CascadeAddonRecoveryProbe/probe-or1q_x20/Build/SDKExplicitPrecompiledModules/SwiftUICore-T9A1LLXJRPAJ2UKLXUV0678O.pcm

SwiftExplicitDependencyGeneratePcm arm64 /Users/c4v4h/Library/Developer/Xcode/DerivedData/CascadeAddonRecoveryProbe/probe-or1q_x20/Build/SDKExplicitPrecompiledModules/AppKit-1FSKYILZNYVCDF8UD5CI13VB9.pcm

SwiftEmitModule normal x86_64 Emitting\ module\ for\ CascadeAddonProbeContainer (in target 'ProbeContainer' from project 'AddonPlatform')

SwiftCompile normal x86_64 (in target 'ProbeContainer' from project 'AddonPlatform')
    cd /Users/c4v4h/Library/Developer/Xcode/DerivedData/CascadeAddonRecoveryProbe/probe-or1q_x20/Sources
    

SwiftExplicitDependencyGeneratePcm x86_64 /Users/c4v4h/Library/Developer/Xcode/DerivedData/CascadeAddonRecoveryProbe/probe-or1q_x20/Build/SDKExplicitPrecompiledModules/ExtensionKit-DTPVAVNHED3YFCBOZQBU9QC53.pcm

SwiftExplicitDependencyGeneratePcm x86_64 /Users/c4v4h/Library/Developer/Xcode/DerivedData/CascadeAddonRecoveryProbe/probe-or1q_x20/Build/SDKExplicitPrecompiledModules/SwiftUI-1QSJG6XH9CI0HHWHJEJERBUVK.pcm

SwiftCompile normal x86_64 Compiling\ ProbeContainer.swift /Users/c4v4h/Library/Developer/Xcode/DerivedData/CascadeAddonRecoveryProbe/probe-or1q_x20/Sources/Container/ProbeContainer.swift (in target 'ProbeContainer' from project 'AddonPlatform')

SwiftCompile normal x86_64 /Users/c4v4h/Library/Developer/Xcode/DerivedData/CascadeAddonRecoveryProbe/probe-or1q_x20/Sources/Container/ProbeContainer.swift (in target 'ProbeContainer' from project 'AddonPlatform')
    cd /Users/c4v4h/Library/Developer/Xcode/DerivedData/CascadeAddonRecoveryProbe/probe-or1q_x20/Sources
    builtin-SwiftPerFileCompile ProbeContainer.swift

SwiftEmitModule normal x86_64 Emitting\ module\ for\ CascadeAddonProbe (in target 'ProbeHost' from project 'AddonPlatform')

SwiftCompile normal x86_64 (in target 'ProbeHost' from project 'AddonPlatform')
    cd /Users/c4v4h/Library/Developer/Xcode/DerivedData/CascadeAddonRecoveryProbe/probe-or1q_x20/Sources
    

SwiftCompile normal x86_64 Compiling\ ProbeMessage.swift /Users/c4v4h/Library/Developer/Xcode/DerivedData/CascadeAddonRecoveryProbe/probe-or1q_x20/Sources/Shared/ProbeMessage.swift (in target 'ProbeHost' from project 'AddonPlatform')

SwiftCompile normal x86_64 /Users/c4v4h/Library/Developer/Xcode/DerivedData/CascadeAddonRecoveryProbe/probe-or1q_x20/Sources/Shared/ProbeMessage.swift (in target 'ProbeHost' from project 'AddonPlatform')
    cd /Users/c4v4h/Library/Developer/Xcode/DerivedData/CascadeAddonRecoveryProbe/probe-or1q_x20/Sources
    builtin-SwiftPerFileCompile ProbeMessage.swift

SwiftDriverJobDiscovery normal x86_64 Emitting module for CascadeAddonProbeContainer (in target 'ProbeContainer' from project 'AddonPlatform')

SwiftDriver\ Compilation\ Requirements ProbeContainer normal x86_64 com.apple.xcode.tools.swift.compiler (in target 'ProbeContainer' from project 'AddonPlatform')
    cd /Users/c4v4h/Library/Developer/Xcode/DerivedData/CascadeAddonRecoveryProbe/probe-or1q_x20/Sources
    builtin-Swift-Compilation-Requirements -- /Applications/Xcode-beta.app/Contents/Developer/Toolchains/XcodeDefault.xctoolchain/usr/bin/swiftc -module-name CascadeAddonProbeContainer -Onone @/Users/c4v4h/Library/Developer/Xcode/DerivedData/CascadeAddonRecoveryProbe/probe-or1q_x20/Build/Build/Intermediates.noindex/AddonPlatform.build/Debug/ProbeContainer.build/Objects-normal/x86_64/CascadeAddonProbeContainer.SwiftFileList -DDEBUG -DRECOVERY_PROBE -DBROKER_PROVIDER -enable-bare-slash-regex -enable-experimental-feature DebugDescriptionMacro -sdk /Applications/Xcode-beta.app/Contents/Developer/Platforms/MacOSX.platform/Developer/SDKs/MacOSX27.0.sdk -target x86_64-apple-macos14.0 -g -module-cache-path /Users/c4v4h/Library/Developer/Xcode/DerivedData/CascadeAddonRecoveryProbe/probe-or1q_x20/Build/ModuleCache.noindex -Xfrontend -serialize-debugging-options -index-store-path /Users/c4v4h/Library/Developer/Xcode/DerivedData/CascadeAddonRecoveryProbe/probe-or1q_x20/Build/Index.noindex/DataStore -swift-version 5 -I /Users/c4v4h/Library/Developer/Xcode/DerivedData/CascadeAddonRecoveryProbe/probe-or1q_x20/Build/Build/Products/Debug -F /Users/c4v4h/Library/Developer/Xcode/DerivedData/CascadeAddonRecoveryProbe/probe-or1q_x20/Build/Build/Products/Debug -parse-as-library -c -j8 -enable-batch-mode -incremental -Xcc -ivfsstatcache -Xcc /Users/c4v4h/Library/Developer/Xcode/DerivedData/CascadeAddonRecoveryProbe/probe-or1q_x20/Build/SDKStatCaches.noindex/macosx27.0-26A5419a-e829b21a6f8c9b70876ba0858053c04445874285e5972fffeae925c4ab065928.sdkstatcache -output-file-map /Users/c4v4h/Library/Developer/Xcode/DerivedData/CascadeAddonRecoveryProbe/probe-or1q_x20/Build/Build/Intermediates.noindex/AddonPlatform.build/Debug/ProbeContainer.build/Objects-normal/x86_64/ProbeContainer-OutputFileMap.json -save-temps -no-color-diagnostics -explicit-module-build -module-cache-path /Users/c4v4h/Library/Developer/Xcode/DerivedData/CascadeAddonRecoveryProbe/probe-or1q_x20/Build/Build/Intermediates.noindex/SwiftExplicitPrecompiledModules -clang-scanner-module-cache-path /Users/c4v4h/Library/Developer/Xcode/DerivedData/CascadeAddonRecoveryProbe/probe-or1q_x20/Build/ModuleCache.noindex -sdk-module-cache-path /Users/c4v4h/Library/Developer/Xcode/DerivedData/CascadeAddonRecoveryProbe/probe-or1q_x20/Build/SDKExplicitPrecompiledModules -emit-dependencies -emit-module -emit-module-path /Users/c4v4h/Library/Developer/Xcode/DerivedData/CascadeAddonRecoveryProbe/probe-or1q_x20/Build/Build/Intermediates.noindex/AddonPlatform.build/Debug/ProbeContainer.build/Objects-normal/x86_64/CascadeAddonProbeContainer.swiftmodule -serialize-diagnostics -dependency-scan-serialize-diagnostics-path /Users/c4v4h/Library/Developer/Xcode/DerivedData/CascadeAddonRecoveryProbe/probe-or1q_x20/Build/Build/Intermediates.noindex/AddonPlatform.build/Debug/ProbeContainer.build/Objects-normal/x86_64/CascadeAddonProbeContainer-dependency-scan.dia -validate-clang-modules-once -clang-build-session-file /Users/c4v4h/Library/Developer/Xcode/DerivedData/CascadeAddonRecoveryProbe/probe-or1q_x20/Build/ModuleCache.noindex/Session.modulevalidation -Xcc -fmodules-prune-interval\=86400 -Xcc -fmodules-prune-after\=345600 -emit-const-values -const-gather-protocols-list /Users/c4v4h/Library/Developer/Xcode/DerivedData/CascadeAddonRecoveryProbe/probe-or1q_x20/Build/Build/Intermediates.noindex/AddonPlatform.build/Debug/ProbeContainer.build/Objects-normal/x86_64/ProbeContainer_const_extract_protocols.json -Xcc -iquote -Xcc /Users/c4v4h/Library/Developer/Xcode/DerivedData/CascadeAddonRecoveryProbe/probe-or1q_x20/Build/Build/Intermediates.noindex/AddonPlatform.build/Debug/ProbeContainer.build/CascadeAddonProbeContainer-generated-files.hmap -Xcc -I/Users/c4v4h/Library/Developer/Xcode/DerivedData/CascadeAddonRecoveryProbe/probe-or1q_x20/Build/Build/Intermediates.noindex/AddonPlatform.build/Debug/ProbeContainer.build/CascadeAddonProbeContainer-own-target-headers.hmap -Xcc -I/Users/c4v4h/Library/Developer/Xcode/DerivedData/CascadeAddonRecoveryProbe/probe-or1q_x20/Build/Build/Intermediates.noindex/AddonPlatform.build/Debug/ProbeContainer.build/CascadeAddonProbeContainer-all-target-headers.hmap -Xcc -iquote -Xcc /Users/c4v4h/Library/Developer/Xcode/DerivedData/CascadeAddonRecoveryProbe/probe-or1q_x20/Build/Build/Intermediates.noindex/AddonPlatform.build/Debug/ProbeContainer.build/CascadeAddonProbeContainer-project-headers.hmap -Xcc -I/Users/c4v4h/Library/Developer/Xcode/DerivedData/CascadeAddonRecoveryProbe/probe-or1q_x20/Build/Build/Products/Debug/include -Xcc -I/Users/c4v4h/Library/Developer/Xcode/DerivedData/CascadeAddonRecoveryProbe/probe-or1q_x20/Build/Build/Intermediates.noindex/AddonPlatform.build/Debug/ProbeContainer.build/DerivedSources-normal/x86_64 -Xcc -I/Users/c4v4h/Library/Developer/Xcode/DerivedData/CascadeAddonRecoveryProbe/probe-or1q_x20/Build/Build/Intermediates.noindex/AddonPlatform.build/Debug/ProbeContainer.build/DerivedSources/x86_64 -Xcc -I/Users/c4v4h/Library/Developer/Xcode/DerivedData/CascadeAddonRecoveryProbe/probe-or1q_x20/Build/Build/Intermediates.noindex/AddonPlatform.build/Debug/ProbeContainer.build/DerivedSources -emit-objc-header -emit-objc-header-path /Users/c4v4h/Library/Developer/Xcode/DerivedData/CascadeAddonRecoveryProbe/probe-or1q_x20/Build/Build/Intermediates.noindex/AddonPlatform.build/Debug/ProbeContainer.build/Objects-normal/x86_64/CascadeAddonProbeContainer-Swift.h -working-directory /Users/c4v4h/Library/Developer/Xcode/DerivedData/CascadeAddonRecoveryProbe/probe-or1q_x20/Sources -experimental-emit-module-separately -disable-cmo

SwiftDriverJobDiscovery normal x86_64 Emitting module for CascadeAddonProbe (in target 'ProbeHost' from project 'AddonPlatform')

SwiftDriver\ Compilation\ Requirements ProbeHost normal x86_64 com.apple.xcode.tools.swift.compiler (in target 'ProbeHost' from project 'AddonPlatform')
    cd /Users/c4v4h/Library/Developer/Xcode/DerivedData/CascadeAddonRecoveryProbe/probe-or1q_x20/Sources
    builtin-Swift-Compilation-Requirements -- /Applications/Xcode-beta.app/Contents/Developer/Toolchains/XcodeDefault.xctoolchain/usr/bin/swiftc -module-name CascadeAddonProbe -Onone @/Users/c4v4h/Library/Developer/Xcode/DerivedData/CascadeAddonRecoveryProbe/probe-or1q_x20/Build/Build/Intermediates.noindex/AddonPlatform.build/Debug/ProbeHost.build/Objects-normal/x86_64/CascadeAddonProbe.SwiftFileList -DDEBUG -DRECOVERY_PROBE -DBROKER_PROVIDER -enable-bare-slash-regex -enable-experimental-feature DebugDescriptionMacro -sdk /Applications/Xcode-beta.app/Contents/Developer/Platforms/MacOSX.platform/Developer/SDKs/MacOSX27.0.sdk -target x86_64-apple-macos14.0 -g -module-cache-path /Users/c4v4h/Library/Developer/Xcode/DerivedData/CascadeAddonRecoveryProbe/probe-or1q_x20/Build/ModuleCache.noindex -Xfrontend -serialize-debugging-options -index-store-path /Users/c4v4h/Library/Developer/Xcode/DerivedData/CascadeAddonRecoveryProbe/probe-or1q_x20/Build/Index.noindex/DataStore -swift-version 5 -I /Users/c4v4h/Library/Developer/Xcode/DerivedData/CascadeAddonRecoveryProbe/probe-or1q_x20/Build/Build/Products/Debug -F /Users/c4v4h/Library/Developer/Xcode/DerivedData/CascadeAddonRecoveryProbe/probe-or1q_x20/Build/Build/Products/Debug -c -j8 -enable-batch-mode -incremental -Xcc -ivfsstatcache -Xcc /Users/c4v4h/Library/Developer/Xcode/DerivedData/CascadeAddonRecoveryProbe/probe-or1q_x20/Build/SDKStatCaches.noindex/macosx27.0-26A5419a-e829b21a6f8c9b70876ba0858053c04445874285e5972fffeae925c4ab065928.sdkstatcache -output-file-map /Users/c4v4h/Library/Developer/Xcode/DerivedData/CascadeAddonRecoveryProbe/probe-or1q_x20/Build/Build/Intermediates.noindex/AddonPlatform.build/Debug/ProbeHost.build/Objects-normal/x86_64/ProbeHost-OutputFileMap.json -save-temps -no-color-diagnostics -explicit-module-build -module-cache-path /Users/c4v4h/Library/Developer/Xcode/DerivedData/CascadeAddonRecoveryProbe/probe-or1q_x20/Build/Build/Intermediates.noindex/SwiftExplicitPrecompiledModules -clang-scanner-module-cache-path /Users/c4v4h/Library/Developer/Xcode/DerivedData/CascadeAddonRecoveryProbe/probe-or1q_x20/Build/ModuleCache.noindex -sdk-module-cache-path /Users/c4v4h/Library/Developer/Xcode/DerivedData/CascadeAddonRecoveryProbe/probe-or1q_x20/Build/SDKExplicitPrecompiledModules -emit-dependencies -emit-module -emit-module-path /Users/c4v4h/Library/Developer/Xcode/DerivedData/CascadeAddonRecoveryProbe/probe-or1q_x20/Build/Build/Intermediates.noindex/AddonPlatform.build/Debug/ProbeHost.build/Objects-normal/x86_64/CascadeAddonProbe.swiftmodule -serialize-diagnostics -dependency-scan-serialize-diagnostics-path /Users/c4v4h/Library/Developer/Xcode/DerivedData/CascadeAddonRecoveryProbe/probe-or1q_x20/Build/Build/Intermediates.noindex/AddonPlatform.build/Debug/ProbeHost.build/Objects-normal/x86_64/CascadeAddonProbe-dependency-scan.dia -validate-clang-modules-once -clang-build-session-file /Users/c4v4h/Library/Developer/Xcode/DerivedData/CascadeAddonRecoveryProbe/probe-or1q_x20/Build/ModuleCache.noindex/Session.modulevalidation -Xcc -fmodules-prune-interval\=86400 -Xcc -fmodules-prune-after\=345600 -emit-const-values -const-gather-protocols-list /Users/c4v4h/Library/Developer/Xcode/DerivedData/CascadeAddonRecoveryProbe/probe-or1q_x20/Build/Build/Intermediates.noindex/AddonPlatform.build/Debug/ProbeHost.build/Objects-normal/x86_64/ProbeHost_const_extract_protocols.json -Xcc -iquote -Xcc /Users/c4v4h/Library/Developer/Xcode/DerivedData/CascadeAddonRecoveryProbe/probe-or1q_x20/Build/Build/Intermediates.noindex/AddonPlatform.build/Debug/ProbeHost.build/CascadeAddonProbe-generated-files.hmap -Xcc -I/Users/c4v4h/Library/Developer/Xcode/DerivedData/CascadeAddonRecoveryProbe/probe-or1q_x20/Build/Build/Intermediates.noindex/AddonPlatform.build/Debug/ProbeHost.build/CascadeAddonProbe-own-target-headers.hmap -Xcc -I/Users/c4v4h/Library/Developer/Xcode/DerivedData/CascadeAddonRecoveryProbe/probe-or1q_x20/Build/Build/Intermediates.noindex/AddonPlatform.build/Debug/ProbeHost.build/CascadeAddonProbe-all-target-headers.hmap -Xcc -iquote -Xcc /Users/c4v4h/Library/Developer/Xcode/DerivedData/CascadeAddonRecoveryProbe/probe-or1q_x20/Build/Build/Intermediates.noindex/AddonPlatform.build/Debug/ProbeHost.build/CascadeAddonProbe-project-headers.hmap -Xcc -I/Users/c4v4h/Library/Developer/Xcode/DerivedData/CascadeAddonRecoveryProbe/probe-or1q_x20/Build/Build/Products/Debug/include -Xcc -I/Users/c4v4h/Library/Developer/Xcode/DerivedData/CascadeAddonRecoveryProbe/probe-or1q_x20/Build/Build/Intermediates.noindex/AddonPlatform.build/Debug/ProbeHost.build/DerivedSources-normal/x86_64 -Xcc -I/Users/c4v4h/Library/Developer/Xcode/DerivedData/CascadeAddonRecoveryProbe/probe-or1q_x20/Build/Build/Intermediates.noindex/AddonPlatform.build/Debug/ProbeHost.build/DerivedSources/x86_64 -Xcc -I/Users/c4v4h/Library/Developer/Xcode/DerivedData/CascadeAddonRecoveryProbe/probe-or1q_x20/Build/Build/Intermediates.noindex/AddonPlatform.build/Debug/ProbeHost.build/DerivedSources -emit-objc-header -emit-objc-header-path /Users/c4v4h/Library/Developer/Xcode/DerivedData/CascadeAddonRecoveryProbe/probe-or1q_x20/Build/Build/Intermediates.noindex/AddonPlatform.build/Debug/ProbeHost.build/Objects-normal/x86_64/CascadeAddonProbe-Swift.h -working-directory /Users/c4v4h/Library/Developer/Xcode/DerivedData/CascadeAddonRecoveryProbe/probe-or1q_x20/Sources -experimental-emit-module-separately -disable-cmo

Copy /Users/c4v4h/Library/Developer/Xcode/DerivedData/CascadeAddonRecoveryProbe/probe-or1q_x20/Build/Build/Products/Debug/CascadeAddonProbeContainer.swiftmodule/x86_64-apple-macos.swiftmodule /Users/c4v4h/Library/Developer/Xcode/DerivedData/CascadeAddonRecoveryProbe/probe-or1q_x20/Build/Build/Intermediates.noindex/AddonPlatform.build/Debug/ProbeContainer.build/Objects-normal/x86_64/CascadeAddonProbeContainer.swiftmodule (in target 'ProbeContainer' from project 'AddonPlatform')
    cd /Users/c4v4h/Library/Developer/Xcode/DerivedData/CascadeAddonRecoveryProbe/probe-or1q_x20/Sources
    builtin-copy -exclude .DS_Store -exclude CVS -exclude .svn -exclude .git -exclude .hg -strip-unsigned-binaries -strip-deterministic -strip-tool /Applications/Xcode-beta.app/Contents/Developer/Toolchains/XcodeDefault.xctoolchain/usr/bin/strip -resolve-src-symlinks -rename /Users/c4v4h/Library/Developer/Xcode/DerivedData/CascadeAddonRecoveryProbe/probe-or1q_x20/Build/Build/Intermediates.noindex/AddonPlatform.build/Debug/ProbeContainer.build/Objects-normal/x86_64/CascadeAddonProbeContainer.swiftmodule /Users/c4v4h/Library/Developer/Xcode/DerivedData/CascadeAddonRecoveryProbe/probe-or1q_x20/Build/Build/Products/Debug/CascadeAddonProbeContainer.swiftmodule/x86_64-apple-macos.swiftmodule

Copy /Users/c4v4h/Library/Developer/Xcode/DerivedData/CascadeAddonRecoveryProbe/probe-or1q_x20/Build/Build/Products/Debug/CascadeAddonProbe.swiftmodule/x86_64-apple-macos.swiftmodule /Users/c4v4h/Library/Developer/Xcode/DerivedData/CascadeAddonRecoveryProbe/probe-or1q_x20/Build/Build/Intermediates.noindex/AddonPlatform.build/Debug/ProbeHost.build/Objects-normal/x86_64/CascadeAddonProbe.swiftmodule (in target 'ProbeHost' from project 'AddonPlatform')
    cd /Users/c4v4h/Library/Developer/Xcode/DerivedData/CascadeAddonRecoveryProbe/probe-or1q_x20/Sources
    builtin-copy -exclude .DS_Store -exclude CVS -exclude .svn -exclude .git -exclude .hg -strip-unsigned-binaries -strip-deterministic -strip-tool /Applications/Xcode-beta.app/Contents/Developer/Toolchains/XcodeDefault.xctoolchain/usr/bin/strip -resolve-src-symlinks -rename /Users/c4v4h/Library/Developer/Xcode/DerivedData/CascadeAddonRecoveryProbe/probe-or1q_x20/Build/Build/Intermediates.noindex/AddonPlatform.build/Debug/ProbeHost.build/Objects-normal/x86_64/CascadeAddonProbe.swiftmodule /Users/c4v4h/Library/Developer/Xcode/DerivedData/CascadeAddonRecoveryProbe/probe-or1q_x20/Build/Build/Products/Debug/CascadeAddonProbe.swiftmodule/x86_64-apple-macos.swiftmodule

Copy /Users/c4v4h/Library/Developer/Xcode/DerivedData/CascadeAddonRecoveryProbe/probe-or1q_x20/Build/Build/Products/Debug/CascadeAddonProbe.swiftmodule/x86_64-apple-macos.swiftdoc /Users/c4v4h/Library/Developer/Xcode/DerivedData/CascadeAddonRecoveryProbe/probe-or1q_x20/Build/Build/Intermediates.noindex/AddonPlatform.build/Debug/ProbeHost.build/Objects-normal/x86_64/CascadeAddonProbe.swiftdoc (in target 'ProbeHost' from project 'AddonPlatform')
    cd /Users/c4v4h/Library/Developer/Xcode/DerivedData/CascadeAddonRecoveryProbe/probe-or1q_x20/Sources
    builtin-copy -exclude .DS_Store -exclude CVS -exclude .svn -exclude .git -exclude .hg -strip-unsigned-binaries -strip-deterministic -strip-tool /Applications/Xcode-beta.app/Contents/Developer/Toolchains/XcodeDefault.xctoolchain/usr/bin/strip -resolve-src-symlinks -rename /Users/c4v4h/Library/Developer/Xcode/DerivedData/CascadeAddonRecoveryProbe/probe-or1q_x20/Build/Build/Intermediates.noindex/AddonPlatform.build/Debug/ProbeHost.build/Objects-normal/x86_64/CascadeAddonProbe.swiftdoc /Users/c4v4h/Library/Developer/Xcode/DerivedData/CascadeAddonRecoveryProbe/probe-or1q_x20/Build/Build/Products/Debug/CascadeAddonProbe.swiftmodule/x86_64-apple-macos.swiftdoc

Copy /Users/c4v4h/Library/Developer/Xcode/DerivedData/CascadeAddonRecoveryProbe/probe-or1q_x20/Build/Build/Products/Debug/CascadeAddonProbe.swiftmodule/x86_64-apple-macos.abi.json /Users/c4v4h/Library/Developer/Xcode/DerivedData/CascadeAddonRecoveryProbe/probe-or1q_x20/Build/Build/Intermediates.noindex/AddonPlatform.build/Debug/ProbeHost.build/Objects-normal/x86_64/CascadeAddonProbe.abi.json (in target 'ProbeHost' from project 'AddonPlatform')
    cd /Users/c4v4h/Library/Developer/Xcode/DerivedData/CascadeAddonRecoveryProbe/probe-or1q_x20/Sources
    builtin-copy -exclude .DS_Store -exclude CVS -exclude .svn -exclude .git -exclude .hg -strip-unsigned-binaries -strip-deterministic -strip-tool /Applications/Xcode-beta.app/Contents/Developer/Toolchains/XcodeDefault.xctoolchain/usr/bin/strip -resolve-src-symlinks -rename /Users/c4v4h/Library/Developer/Xcode/DerivedData/CascadeAddonRecoveryProbe/probe-or1q_x20/Build/Build/Intermediates.noindex/AddonPlatform.build/Debug/ProbeHost.build/Objects-normal/x86_64/CascadeAddonProbe.abi.json /Users/c4v4h/Library/Developer/Xcode/DerivedData/CascadeAddonRecoveryProbe/probe-or1q_x20/Build/Build/Products/Debug/CascadeAddonProbe.swiftmodule/x86_64-apple-macos.abi.json

Copy /Users/c4v4h/Library/Developer/Xcode/DerivedData/CascadeAddonRecoveryProbe/probe-or1q_x20/Build/Build/Products/Debug/CascadeAddonProbe.swiftmodule/Project/x86_64-apple-macos.swiftsourceinfo /Users/c4v4h/Library/Developer/Xcode/DerivedData/CascadeAddonRecoveryProbe/probe-or1q_x20/Build/Build/Intermediates.noindex/AddonPlatform.build/Debug/ProbeHost.build/Objects-normal/x86_64/CascadeAddonProbe.swiftsourceinfo (in target 'ProbeHost' from project 'AddonPlatform')
    cd /Users/c4v4h/Library/Developer/Xcode/DerivedData/CascadeAddonRecoveryProbe/probe-or1q_x20/Sources
    builtin-copy -exclude .DS_Store -exclude CVS -exclude .svn -exclude .git -exclude .hg -strip-unsigned-binaries -strip-deterministic -strip-tool /Applications/Xcode-beta.app/Contents/Developer/Toolchains/XcodeDefault.xctoolchain/usr/bin/strip -resolve-src-symlinks -rename /Users/c4v4h/Library/Developer/Xcode/DerivedData/CascadeAddonRecoveryProbe/probe-or1q_x20/Build/Build/Intermediates.noindex/AddonPlatform.build/Debug/ProbeHost.build/Objects-normal/x86_64/CascadeAddonProbe.swiftsourceinfo /Users/c4v4h/Library/Developer/Xcode/DerivedData/CascadeAddonRecoveryProbe/probe-or1q_x20/Build/Build/Products/Debug/CascadeAddonProbe.swiftmodule/Project/x86_64-apple-macos.swiftsourceinfo

Copy /Users/c4v4h/Library/Developer/Xcode/DerivedData/CascadeAddonRecoveryProbe/probe-or1q_x20/Build/Build/Products/Debug/CascadeAddonProbeContainer.swiftmodule/x86_64-apple-macos.swiftdoc /Users/c4v4h/Library/Developer/Xcode/DerivedData/CascadeAddonRecoveryProbe/probe-or1q_x20/Build/Build/Intermediates.noindex/AddonPlatform.build/Debug/ProbeContainer.build/Objects-normal/x86_64/CascadeAddonProbeContainer.swiftdoc (in target 'ProbeContainer' from project 'AddonPlatform')
    cd /Users/c4v4h/Library/Developer/Xcode/DerivedData/CascadeAddonRecoveryProbe/probe-or1q_x20/Sources
    builtin-copy -exclude .DS_Store -exclude CVS -exclude .svn -exclude .git -exclude .hg -strip-unsigned-binaries -strip-deterministic -strip-tool /Applications/Xcode-beta.app/Contents/Developer/Toolchains/XcodeDefault.xctoolchain/usr/bin/strip -resolve-src-symlinks -rename /Users/c4v4h/Library/Developer/Xcode/DerivedData/CascadeAddonRecoveryProbe/probe-or1q_x20/Build/Build/Intermediates.noindex/AddonPlatform.build/Debug/ProbeContainer.build/Objects-normal/x86_64/CascadeAddonProbeContainer.swiftdoc /Users/c4v4h/Library/Developer/Xcode/DerivedData/CascadeAddonRecoveryProbe/probe-or1q_x20/Build/Build/Products/Debug/CascadeAddonProbeContainer.swiftmodule/x86_64-apple-macos.swiftdoc

Copy /Users/c4v4h/Library/Developer/Xcode/DerivedData/CascadeAddonRecoveryProbe/probe-or1q_x20/Build/Build/Products/Debug/CascadeAddonProbeContainer.swiftmodule/x86_64-apple-macos.abi.json /Users/c4v4h/Library/Developer/Xcode/DerivedData/CascadeAddonRecoveryProbe/probe-or1q_x20/Build/Build/Intermediates.noindex/AddonPlatform.build/Debug/ProbeContainer.build/Objects-normal/x86_64/CascadeAddonProbeContainer.abi.json (in target 'ProbeContainer' from project 'AddonPlatform')
    cd /Users/c4v4h/Library/Developer/Xcode/DerivedData/CascadeAddonRecoveryProbe/probe-or1q_x20/Sources
    builtin-copy -exclude .DS_Store -exclude CVS -exclude .svn -exclude .git -exclude .hg -strip-unsigned-binaries -strip-deterministic -strip-tool /Applications/Xcode-beta.app/Contents/Developer/Toolchains/XcodeDefault.xctoolchain/usr/bin/strip -resolve-src-symlinks -rename /Users/c4v4h/Library/Developer/Xcode/DerivedData/CascadeAddonRecoveryProbe/probe-or1q_x20/Build/Build/Intermediates.noindex/AddonPlatform.build/Debug/ProbeContainer.build/Objects-normal/x86_64/CascadeAddonProbeContainer.abi.json /Users/c4v4h/Library/Developer/Xcode/DerivedData/CascadeAddonRecoveryProbe/probe-or1q_x20/Build/Build/Products/Debug/CascadeAddonProbeContainer.swiftmodule/x86_64-apple-macos.abi.json

Copy /Users/c4v4h/Library/Developer/Xcode/DerivedData/CascadeAddonRecoveryProbe/probe-or1q_x20/Build/Build/Products/Debug/CascadeAddonProbeContainer.swiftmodule/Project/x86_64-apple-macos.swiftsourceinfo /Users/c4v4h/Library/Developer/Xcode/DerivedData/CascadeAddonRecoveryProbe/probe-or1q_x20/Build/Build/Intermediates.noindex/AddonPlatform.build/Debug/ProbeContainer.build/Objects-normal/x86_64/CascadeAddonProbeContainer.swiftsourceinfo (in target 'ProbeContainer' from project 'AddonPlatform')
    cd /Users/c4v4h/Library/Developer/Xcode/DerivedData/CascadeAddonRecoveryProbe/probe-or1q_x20/Sources
    builtin-copy -exclude .DS_Store -exclude CVS -exclude .svn -exclude .git -exclude .hg -strip-unsigned-binaries -strip-deterministic -strip-tool /Applications/Xcode-beta.app/Contents/Developer/Toolchains/XcodeDefault.xctoolchain/usr/bin/strip -resolve-src-symlinks -rename /Users/c4v4h/Library/Developer/Xcode/DerivedData/CascadeAddonRecoveryProbe/probe-or1q_x20/Build/Build/Intermediates.noindex/AddonPlatform.build/Debug/ProbeContainer.build/Objects-normal/x86_64/CascadeAddonProbeContainer.swiftsourceinfo /Users/c4v4h/Library/Developer/Xcode/DerivedData/CascadeAddonRecoveryProbe/probe-or1q_x20/Build/Build/Products/Debug/CascadeAddonProbeContainer.swiftmodule/Project/x86_64-apple-macos.swiftsourceinfo

SwiftCompile normal x86_64 Compiling\ ProbeHost.swift /Users/c4v4h/Library/Developer/Xcode/DerivedData/CascadeAddonRecoveryProbe/probe-or1q_x20/Sources/Host/ProbeHost.swift (in target 'ProbeHost' from project 'AddonPlatform')

SwiftCompile normal x86_64 /Users/c4v4h/Library/Developer/Xcode/DerivedData/CascadeAddonRecoveryProbe/probe-or1q_x20/Sources/Host/ProbeHost.swift (in target 'ProbeHost' from project 'AddonPlatform')
    cd /Users/c4v4h/Library/Developer/Xcode/DerivedData/CascadeAddonRecoveryProbe/probe-or1q_x20/Sources
    builtin-SwiftPerFileCompile ProbeHost.swift

SwiftEmitModule normal arm64 Emitting\ module\ for\ CascadeAddonProbeContainer (in target 'ProbeContainer' from project 'AddonPlatform')

SwiftCompile normal arm64 (in target 'ProbeContainer' from project 'AddonPlatform')
    cd /Users/c4v4h/Library/Developer/Xcode/DerivedData/CascadeAddonRecoveryProbe/probe-or1q_x20/Sources
    

SwiftExplicitDependencyGeneratePcm arm64 /Users/c4v4h/Library/Developer/Xcode/DerivedData/CascadeAddonRecoveryProbe/probe-or1q_x20/Build/SDKExplicitPrecompiledModules/SwiftUI-9JOVSNLE0YQER3SGWM2GGWL50.pcm

SwiftDriverJobDiscovery normal x86_64 Compiling ProbeMessage.swift (in target 'ProbeProvider' from project 'AddonPlatform')

SwiftExplicitDependencyGeneratePcm arm64 /Users/c4v4h/Library/Developer/Xcode/DerivedData/CascadeAddonRecoveryProbe/probe-or1q_x20/Build/SDKExplicitPrecompiledModules/ExtensionKit-I5ZK3J8IIK63JU8A6HPGQE0O.pcm

SwiftDriverJobDiscovery normal x86_64 Compiling ProbeMessage.swift (in target 'ProbeHost' from project 'AddonPlatform')

SwiftCompile normal arm64 Compiling\ ProbeContainer.swift /Users/c4v4h/Library/Developer/Xcode/DerivedData/CascadeAddonRecoveryProbe/probe-or1q_x20/Sources/Container/ProbeContainer.swift (in target 'ProbeContainer' from project 'AddonPlatform')

SwiftCompile normal arm64 /Users/c4v4h/Library/Developer/Xcode/DerivedData/CascadeAddonRecoveryProbe/probe-or1q_x20/Sources/Container/ProbeContainer.swift (in target 'ProbeContainer' from project 'AddonPlatform')
    cd /Users/c4v4h/Library/Developer/Xcode/DerivedData/CascadeAddonRecoveryProbe/probe-or1q_x20/Sources
    builtin-SwiftPerFileCompile ProbeContainer.swift

SwiftDriverJobDiscovery normal arm64 Emitting module for CascadeAddonProbeContainer (in target 'ProbeContainer' from project 'AddonPlatform')

SwiftDriver\ Compilation\ Requirements ProbeContainer normal arm64 com.apple.xcode.tools.swift.compiler (in target 'ProbeContainer' from project 'AddonPlatform')
    cd /Users/c4v4h/Library/Developer/Xcode/DerivedData/CascadeAddonRecoveryProbe/probe-or1q_x20/Sources
    builtin-Swift-Compilation-Requirements -- /Applications/Xcode-beta.app/Contents/Developer/Toolchains/XcodeDefault.xctoolchain/usr/bin/swiftc -module-name CascadeAddonProbeContainer -Onone @/Users/c4v4h/Library/Developer/Xcode/DerivedData/CascadeAddonRecoveryProbe/probe-or1q_x20/Build/Build/Intermediates.noindex/AddonPlatform.build/Debug/ProbeContainer.build/Objects-normal/arm64/CascadeAddonProbeContainer.SwiftFileList -DDEBUG -DRECOVERY_PROBE -DBROKER_PROVIDER -enable-bare-slash-regex -enable-experimental-feature DebugDescriptionMacro -sdk /Applications/Xcode-beta.app/Contents/Developer/Platforms/MacOSX.platform/Developer/SDKs/MacOSX27.0.sdk -target arm64-apple-macos14.0 -g -module-cache-path /Users/c4v4h/Library/Developer/Xcode/DerivedData/CascadeAddonRecoveryProbe/probe-or1q_x20/Build/ModuleCache.noindex -Xfrontend -serialize-debugging-options -index-store-path /Users/c4v4h/Library/Developer/Xcode/DerivedData/CascadeAddonRecoveryProbe/probe-or1q_x20/Build/Index.noindex/DataStore -swift-version 5 -I /Users/c4v4h/Library/Developer/Xcode/DerivedData/CascadeAddonRecoveryProbe/probe-or1q_x20/Build/Build/Products/Debug -F /Users/c4v4h/Library/Developer/Xcode/DerivedData/CascadeAddonRecoveryProbe/probe-or1q_x20/Build/Build/Products/Debug -parse-as-library -c -j8 -enable-batch-mode -incremental -Xcc -ivfsstatcache -Xcc /Users/c4v4h/Library/Developer/Xcode/DerivedData/CascadeAddonRecoveryProbe/probe-or1q_x20/Build/SDKStatCaches.noindex/macosx27.0-26A5419a-e829b21a6f8c9b70876ba0858053c04445874285e5972fffeae925c4ab065928.sdkstatcache -output-file-map /Users/c4v4h/Library/Developer/Xcode/DerivedData/CascadeAddonRecoveryProbe/probe-or1q_x20/Build/Build/Intermediates.noindex/AddonPlatform.build/Debug/ProbeContainer.build/Objects-normal/arm64/ProbeContainer-OutputFileMap.json -save-temps -no-color-diagnostics -explicit-module-build -module-cache-path /Users/c4v4h/Library/Developer/Xcode/DerivedData/CascadeAddonRecoveryProbe/probe-or1q_x20/Build/Build/Intermediates.noindex/SwiftExplicitPrecompiledModules -clang-scanner-module-cache-path /Users/c4v4h/Library/Developer/Xcode/DerivedData/CascadeAddonRecoveryProbe/probe-or1q_x20/Build/ModuleCache.noindex -sdk-module-cache-path /Users/c4v4h/Library/Developer/Xcode/DerivedData/CascadeAddonRecoveryProbe/probe-or1q_x20/Build/SDKExplicitPrecompiledModules -emit-dependencies -emit-module -emit-module-path /Users/c4v4h/Library/Developer/Xcode/DerivedData/CascadeAddonRecoveryProbe/probe-or1q_x20/Build/Build/Intermediates.noindex/AddonPlatform.build/Debug/ProbeContainer.build/Objects-normal/arm64/CascadeAddonProbeContainer.swiftmodule -serialize-diagnostics -dependency-scan-serialize-diagnostics-path /Users/c4v4h/Library/Developer/Xcode/DerivedData/CascadeAddonRecoveryProbe/probe-or1q_x20/Build/Build/Intermediates.noindex/AddonPlatform.build/Debug/ProbeContainer.build/Objects-normal/arm64/CascadeAddonProbeContainer-dependency-scan.dia -validate-clang-modules-once -clang-build-session-file /Users/c4v4h/Library/Developer/Xcode/DerivedData/CascadeAddonRecoveryProbe/probe-or1q_x20/Build/ModuleCache.noindex/Session.modulevalidation -Xcc -fmodules-prune-interval\=86400 -Xcc -fmodules-prune-after\=345600 -emit-const-values -const-gather-protocols-list /Users/c4v4h/Library/Developer/Xcode/DerivedData/CascadeAddonRecoveryProbe/probe-or1q_x20/Build/Build/Intermediates.noindex/AddonPlatform.build/Debug/ProbeContainer.build/Objects-normal/arm64/ProbeContainer_const_extract_protocols.json -Xcc -iquote -Xcc /Users/c4v4h/Library/Developer/Xcode/DerivedData/CascadeAddonRecoveryProbe/probe-or1q_x20/Build/Build/Intermediates.noindex/AddonPlatform.build/Debug/ProbeContainer.build/CascadeAddonProbeContainer-generated-files.hmap -Xcc -I/Users/c4v4h/Library/Developer/Xcode/DerivedData/CascadeAddonRecoveryProbe/probe-or1q_x20/Build/Build/Intermediates.noindex/AddonPlatform.build/Debug/ProbeContainer.build/CascadeAddonProbeContainer-own-target-headers.hmap -Xcc -I/Users/c4v4h/Library/Developer/Xcode/DerivedData/CascadeAddonRecoveryProbe/probe-or1q_x20/Build/Build/Intermediates.noindex/AddonPlatform.build/Debug/ProbeContainer.build/CascadeAddonProbeContainer-all-target-headers.hmap -Xcc -iquote -Xcc /Users/c4v4h/Library/Developer/Xcode/DerivedData/CascadeAddonRecoveryProbe/probe-or1q_x20/Build/Build/Intermediates.noindex/AddonPlatform.build/Debug/ProbeContainer.build/CascadeAddonProbeContainer-project-headers.hmap -Xcc -I/Users/c4v4h/Library/Developer/Xcode/DerivedData/CascadeAddonRecoveryProbe/probe-or1q_x20/Build/Build/Products/Debug/include -Xcc -I/Users/c4v4h/Library/Developer/Xcode/DerivedData/CascadeAddonRecoveryProbe/probe-or1q_x20/Build/Build/Intermediates.noindex/AddonPlatform.build/Debug/ProbeContainer.build/DerivedSources-normal/arm64 -Xcc -I/Users/c4v4h/Library/Developer/Xcode/DerivedData/CascadeAddonRecoveryProbe/probe-or1q_x20/Build/Build/Intermediates.noindex/AddonPlatform.build/Debug/ProbeContainer.build/DerivedSources/arm64 -Xcc -I/Users/c4v4h/Library/Developer/Xcode/DerivedData/CascadeAddonRecoveryProbe/probe-or1q_x20/Build/Build/Intermediates.noindex/AddonPlatform.build/Debug/ProbeContainer.build/DerivedSources -emit-objc-header -emit-objc-header-path /Users/c4v4h/Library/Developer/Xcode/DerivedData/CascadeAddonRecoveryProbe/probe-or1q_x20/Build/Build/Intermediates.noindex/AddonPlatform.build/Debug/ProbeContainer.build/Objects-normal/arm64/CascadeAddonProbeContainer-Swift.h -working-directory /Users/c4v4h/Library/Developer/Xcode/DerivedData/CascadeAddonRecoveryProbe/probe-or1q_x20/Sources -experimental-emit-module-separately -disable-cmo

SwiftMergeGeneratedHeaders /Users/c4v4h/Library/Developer/Xcode/DerivedData/CascadeAddonRecoveryProbe/probe-or1q_x20/Build/Build/Intermediates.noindex/AddonPlatform.build/Debug/ProbeContainer.build/DerivedSources/CascadeAddonProbeContainer-Swift.h /Users/c4v4h/Library/Developer/Xcode/DerivedData/CascadeAddonRecoveryProbe/probe-or1q_x20/Build/Build/Intermediates.noindex/AddonPlatform.build/Debug/ProbeContainer.build/Objects-normal/arm64/CascadeAddonProbeContainer-Swift.h /Users/c4v4h/Library/Developer/Xcode/DerivedData/CascadeAddonRecoveryProbe/probe-or1q_x20/Build/Build/Intermediates.noindex/AddonPlatform.build/Debug/ProbeContainer.build/Objects-normal/x86_64/CascadeAddonProbeContainer-Swift.h (in target 'ProbeContainer' from project 'AddonPlatform')
    cd /Users/c4v4h/Library/Developer/Xcode/DerivedData/CascadeAddonRecoveryProbe/probe-or1q_x20/Sources
    builtin-swiftHeaderTool -arch arm64 /Users/c4v4h/Library/Developer/Xcode/DerivedData/CascadeAddonRecoveryProbe/probe-or1q_x20/Build/Build/Intermediates.noindex/AddonPlatform.build/Debug/ProbeContainer.build/Objects-normal/arm64/CascadeAddonProbeContainer-Swift.h -arch x86_64 /Users/c4v4h/Library/Developer/Xcode/DerivedData/CascadeAddonRecoveryProbe/probe-or1q_x20/Build/Build/Intermediates.noindex/AddonPlatform.build/Debug/ProbeContainer.build/Objects-normal/x86_64/CascadeAddonProbeContainer-Swift.h -o /Users/c4v4h/Library/Developer/Xcode/DerivedData/CascadeAddonRecoveryProbe/probe-or1q_x20/Build/Build/Intermediates.noindex/AddonPlatform.build/Debug/ProbeContainer.build/DerivedSources/CascadeAddonProbeContainer-Swift.h

Copy /Users/c4v4h/Library/Developer/Xcode/DerivedData/CascadeAddonRecoveryProbe/probe-or1q_x20/Build/Build/Products/Debug/CascadeAddonProbeContainer.swiftmodule/arm64-apple-macos.swiftmodule /Users/c4v4h/Library/Developer/Xcode/DerivedData/CascadeAddonRecoveryProbe/probe-or1q_x20/Build/Build/Intermediates.noindex/AddonPlatform.build/Debug/ProbeContainer.build/Objects-normal/arm64/CascadeAddonProbeContainer.swiftmodule (in target 'ProbeContainer' from project 'AddonPlatform')
    cd /Users/c4v4h/Library/Developer/Xcode/DerivedData/CascadeAddonRecoveryProbe/probe-or1q_x20/Sources
    builtin-copy -exclude .DS_Store -exclude CVS -exclude .svn -exclude .git -exclude .hg -strip-unsigned-binaries -strip-deterministic -strip-tool /Applications/Xcode-beta.app/Contents/Developer/Toolchains/XcodeDefault.xctoolchain/usr/bin/strip -resolve-src-symlinks -rename /Users/c4v4h/Library/Developer/Xcode/DerivedData/CascadeAddonRecoveryProbe/probe-or1q_x20/Build/Build/Intermediates.noindex/AddonPlatform.build/Debug/ProbeContainer.build/Objects-normal/arm64/CascadeAddonProbeContainer.swiftmodule /Users/c4v4h/Library/Developer/Xcode/DerivedData/CascadeAddonRecoveryProbe/probe-or1q_x20/Build/Build/Products/Debug/CascadeAddonProbeContainer.swiftmodule/arm64-apple-macos.swiftmodule

Copy /Users/c4v4h/Library/Developer/Xcode/DerivedData/CascadeAddonRecoveryProbe/probe-or1q_x20/Build/Build/Products/Debug/CascadeAddonProbeContainer.swiftmodule/arm64-apple-macos.swiftdoc /Users/c4v4h/Library/Developer/Xcode/DerivedData/CascadeAddonRecoveryProbe/probe-or1q_x20/Build/Build/Intermediates.noindex/AddonPlatform.build/Debug/ProbeContainer.build/Objects-normal/arm64/CascadeAddonProbeContainer.swiftdoc (in target 'ProbeContainer' from project 'AddonPlatform')
    cd /Users/c4v4h/Library/Developer/Xcode/DerivedData/CascadeAddonRecoveryProbe/probe-or1q_x20/Sources
    builtin-copy -exclude .DS_Store -exclude CVS -exclude .svn -exclude .git -exclude .hg -strip-unsigned-binaries -strip-deterministic -strip-tool /Applications/Xcode-beta.app/Contents/Developer/Toolchains/XcodeDefault.xctoolchain/usr/bin/strip -resolve-src-symlinks -rename /Users/c4v4h/Library/Developer/Xcode/DerivedData/CascadeAddonRecoveryProbe/probe-or1q_x20/Build/Build/Intermediates.noindex/AddonPlatform.build/Debug/ProbeContainer.build/Objects-normal/arm64/CascadeAddonProbeContainer.swiftdoc /Users/c4v4h/Library/Developer/Xcode/DerivedData/CascadeAddonRecoveryProbe/probe-or1q_x20/Build/Build/Products/Debug/CascadeAddonProbeContainer.swiftmodule/arm64-apple-macos.swiftdoc

Copy /Users/c4v4h/Library/Developer/Xcode/DerivedData/CascadeAddonRecoveryProbe/probe-or1q_x20/Build/Build/Products/Debug/CascadeAddonProbeContainer.swiftmodule/arm64-apple-macos.abi.json /Users/c4v4h/Library/Developer/Xcode/DerivedData/CascadeAddonRecoveryProbe/probe-or1q_x20/Build/Build/Intermediates.noindex/AddonPlatform.build/Debug/ProbeContainer.build/Objects-normal/arm64/CascadeAddonProbeContainer.abi.json (in target 'ProbeContainer' from project 'AddonPlatform')
    cd /Users/c4v4h/Library/Developer/Xcode/DerivedData/CascadeAddonRecoveryProbe/probe-or1q_x20/Sources
    builtin-copy -exclude .DS_Store -exclude CVS -exclude .svn -exclude .git -exclude .hg -strip-unsigned-binaries -strip-deterministic -strip-tool /Applications/Xcode-beta.app/Contents/Developer/Toolchains/XcodeDefault.xctoolchain/usr/bin/strip -resolve-src-symlinks -rename /Users/c4v4h/Library/Developer/Xcode/DerivedData/CascadeAddonRecoveryProbe/probe-or1q_x20/Build/Build/Intermediates.noindex/AddonPlatform.build/Debug/ProbeContainer.build/Objects-normal/arm64/CascadeAddonProbeContainer.abi.json /Users/c4v4h/Library/Developer/Xcode/DerivedData/CascadeAddonRecoveryProbe/probe-or1q_x20/Build/Build/Products/Debug/CascadeAddonProbeContainer.swiftmodule/arm64-apple-macos.abi.json

Copy /Users/c4v4h/Library/Developer/Xcode/DerivedData/CascadeAddonRecoveryProbe/probe-or1q_x20/Build/Build/Products/Debug/CascadeAddonProbeContainer.swiftmodule/Project/arm64-apple-macos.swiftsourceinfo /Users/c4v4h/Library/Developer/Xcode/DerivedData/CascadeAddonRecoveryProbe/probe-or1q_x20/Build/Build/Intermediates.noindex/AddonPlatform.build/Debug/ProbeContainer.build/Objects-normal/arm64/CascadeAddonProbeContainer.swiftsourceinfo (in target 'ProbeContainer' from project 'AddonPlatform')
    cd /Users/c4v4h/Library/Developer/Xcode/DerivedData/CascadeAddonRecoveryProbe/probe-or1q_x20/Sources
    builtin-copy -exclude .DS_Store -exclude CVS -exclude .svn -exclude .git -exclude .hg -strip-unsigned-binaries -strip-deterministic -strip-tool /Applications/Xcode-beta.app/Contents/Developer/Toolchains/XcodeDefault.xctoolchain/usr/bin/strip -resolve-src-symlinks -rename /Users/c4v4h/Library/Developer/Xcode/DerivedData/CascadeAddonRecoveryProbe/probe-or1q_x20/Build/Build/Intermediates.noindex/AddonPlatform.build/Debug/ProbeContainer.build/Objects-normal/arm64/CascadeAddonProbeContainer.swiftsourceinfo /Users/c4v4h/Library/Developer/Xcode/DerivedData/CascadeAddonRecoveryProbe/probe-or1q_x20/Build/Build/Products/Debug/CascadeAddonProbeContainer.swiftmodule/Project/arm64-apple-macos.swiftsourceinfo

SwiftEmitModule normal arm64 Emitting\ module\ for\ CascadeAddonProbe (in target 'ProbeHost' from project 'AddonPlatform')

SwiftCompile normal arm64 (in target 'ProbeHost' from project 'AddonPlatform')
    cd /Users/c4v4h/Library/Developer/Xcode/DerivedData/CascadeAddonRecoveryProbe/probe-or1q_x20/Sources
    

SwiftCompile normal arm64 Compiling\ ProbeHost.swift /Users/c4v4h/Library/Developer/Xcode/DerivedData/CascadeAddonRecoveryProbe/probe-or1q_x20/Sources/Host/ProbeHost.swift (in target 'ProbeHost' from project 'AddonPlatform')

SwiftCompile normal arm64 /Users/c4v4h/Library/Developer/Xcode/DerivedData/CascadeAddonRecoveryProbe/probe-or1q_x20/Sources/Host/ProbeHost.swift (in target 'ProbeHost' from project 'AddonPlatform')
    cd /Users/c4v4h/Library/Developer/Xcode/DerivedData/CascadeAddonRecoveryProbe/probe-or1q_x20/Sources
    builtin-SwiftPerFileCompile ProbeHost.swift

SwiftCompile normal arm64 Compiling\ ProbeMessage.swift /Users/c4v4h/Library/Developer/Xcode/DerivedData/CascadeAddonRecoveryProbe/probe-or1q_x20/Sources/Shared/ProbeMessage.swift (in target 'ProbeHost' from project 'AddonPlatform')

SwiftCompile normal arm64 /Users/c4v4h/Library/Developer/Xcode/DerivedData/CascadeAddonRecoveryProbe/probe-or1q_x20/Sources/Shared/ProbeMessage.swift (in target 'ProbeHost' from project 'AddonPlatform')
    cd /Users/c4v4h/Library/Developer/Xcode/DerivedData/CascadeAddonRecoveryProbe/probe-or1q_x20/Sources
    builtin-SwiftPerFileCompile ProbeMessage.swift

SwiftDriverJobDiscovery normal x86_64 Compiling ProbeProvider.swift (in target 'ProbeProvider' from project 'AddonPlatform')

SwiftDriver\ Compilation ProbeProvider normal x86_64 com.apple.xcode.tools.swift.compiler (in target 'ProbeProvider' from project 'AddonPlatform')
    cd /Users/c4v4h/Library/Developer/Xcode/DerivedData/CascadeAddonRecoveryProbe/probe-or1q_x20/Sources
    builtin-Swift-Compilation -- /Applications/Xcode-beta.app/Contents/Developer/Toolchains/XcodeDefault.xctoolchain/usr/bin/swiftc -module-name CascadeProbeProvider -Onone @/Users/c4v4h/Library/Developer/Xcode/DerivedData/CascadeAddonRecoveryProbe/probe-or1q_x20/Build/Build/Intermediates.noindex/AddonPlatform.build/Debug/ProbeProvider.build/Objects-normal/x86_64/CascadeProbeProvider.SwiftFileList -DDEBUG -DRECOVERY_PROBE -DBROKER_PROVIDER -enable-bare-slash-regex -enable-experimental-feature DebugDescriptionMacro -sdk /Applications/Xcode-beta.app/Contents/Developer/Platforms/MacOSX.platform/Developer/SDKs/MacOSX27.0.sdk -target x86_64-apple-macos14.0 -g -module-cache-path /Users/c4v4h/Library/Developer/Xcode/DerivedData/CascadeAddonRecoveryProbe/probe-or1q_x20/Build/ModuleCache.noindex -Xfrontend -serialize-debugging-options -application-extension -index-store-path /Users/c4v4h/Library/Developer/Xcode/DerivedData/CascadeAddonRecoveryProbe/probe-or1q_x20/Build/Index.noindex/DataStore -swift-version 5 -I /Users/c4v4h/Library/Developer/Xcode/DerivedData/CascadeAddonRecoveryProbe/probe-or1q_x20/Build/Build/Products/Debug -F /Users/c4v4h/Library/Developer/Xcode/DerivedData/CascadeAddonRecoveryProbe/probe-or1q_x20/Build/Build/Products/Debug -c -j8 -enable-batch-mode -incremental -Xcc -ivfsstatcache -Xcc /Users/c4v4h/Library/Developer/Xcode/DerivedData/CascadeAddonRecoveryProbe/probe-or1q_x20/Build/SDKStatCaches.noindex/macosx27.0-26A5419a-e829b21a6f8c9b70876ba0858053c04445874285e5972fffeae925c4ab065928.sdkstatcache -output-file-map /Users/c4v4h/Library/Developer/Xcode/DerivedData/CascadeAddonRecoveryProbe/probe-or1q_x20/Build/Build/Intermediates.noindex/AddonPlatform.build/Debug/ProbeProvider.build/Objects-normal/x86_64/ProbeProvider-OutputFileMap.json -save-temps -no-color-diagnostics -explicit-module-build -module-cache-path /Users/c4v4h/Library/Developer/Xcode/DerivedData/CascadeAddonRecoveryProbe/probe-or1q_x20/Build/Build/Intermediates.noindex/SwiftExplicitPrecompiledModules -clang-scanner-module-cache-path /Users/c4v4h/Library/Developer/Xcode/DerivedData/CascadeAddonRecoveryProbe/probe-or1q_x20/Build/ModuleCache.noindex -sdk-module-cache-path /Users/c4v4h/Library/Developer/Xcode/DerivedData/CascadeAddonRecoveryProbe/probe-or1q_x20/Build/SDKExplicitPrecompiledModules -emit-dependencies -emit-module -emit-module-path /Users/c4v4h/Library/Developer/Xcode/DerivedData/CascadeAddonRecoveryProbe/probe-or1q_x20/Build/Build/Intermediates.noindex/AddonPlatform.build/Debug/ProbeProvider.build/Objects-normal/x86_64/CascadeProbeProvider.swiftmodule -serialize-diagnostics -dependency-scan-serialize-diagnostics-path /Users/c4v4h/Library/Developer/Xcode/DerivedData/CascadeAddonRecoveryProbe/probe-or1q_x20/Build/Build/Intermediates.noindex/AddonPlatform.build/Debug/ProbeProvider.build/Objects-normal/x86_64/CascadeProbeProvider-dependency-scan.dia -validate-clang-modules-once -clang-build-session-file /Users/c4v4h/Library/Developer/Xcode/DerivedData/CascadeAddonRecoveryProbe/probe-or1q_x20/Build/ModuleCache.noindex/Session.modulevalidation -Xcc -fmodules-prune-interval\=86400 -Xcc -fmodules-prune-after\=345600 -emit-const-values -const-gather-protocols-list /Users/c4v4h/Library/Developer/Xcode/DerivedData/CascadeAddonRecoveryProbe/probe-or1q_x20/Build/Build/Intermediates.noindex/AddonPlatform.build/Debug/ProbeProvider.build/Objects-normal/x86_64/ProbeProvider_const_extract_protocols.json -Xcc -iquote -Xcc /Users/c4v4h/Library/Developer/Xcode/DerivedData/CascadeAddonRecoveryProbe/probe-or1q_x20/Build/Build/Intermediates.noindex/AddonPlatform.build/Debug/ProbeProvider.build/CascadeProbeProvider-generated-files.hmap -Xcc -I/Users/c4v4h/Library/Developer/Xcode/DerivedData/CascadeAddonRecoveryProbe/probe-or1q_x20/Build/Build/Intermediates.noindex/AddonPlatform.build/Debug/ProbeProvider.build/CascadeProbeProvider-own-target-headers.hmap -Xcc -I/Users/c4v4h/Library/Developer/Xcode/DerivedData/CascadeAddonRecoveryProbe/probe-or1q_x20/Build/Build/Intermediates.noindex/AddonPlatform.build/Debug/ProbeProvider.build/CascadeProbeProvider-all-target-headers.hmap -Xcc -iquote -Xcc /Users/c4v4h/Library/Developer/Xcode/DerivedData/CascadeAddonRecoveryProbe/probe-or1q_x20/Build/Build/Intermediates.noindex/AddonPlatform.build/Debug/ProbeProvider.build/CascadeProbeProvider-project-headers.hmap -Xcc -I/Users/c4v4h/Library/Developer/Xcode/DerivedData/CascadeAddonRecoveryProbe/probe-or1q_x20/Build/Build/Products/Debug/include -Xcc -I/Users/c4v4h/Library/Developer/Xcode/DerivedData/CascadeAddonRecoveryProbe/probe-or1q_x20/Build/Build/Intermediates.noindex/AddonPlatform.build/Debug/ProbeProvider.build/DerivedSources-normal/x86_64 -Xcc -I/Users/c4v4h/Library/Developer/Xcode/DerivedData/CascadeAddonRecoveryProbe/probe-or1q_x20/Build/Build/Intermediates.noindex/AddonPlatform.build/Debug/ProbeProvider.build/DerivedSources/x86_64 -Xcc -I/Users/c4v4h/Library/Developer/Xcode/DerivedData/CascadeAddonRecoveryProbe/probe-or1q_x20/Build/Build/Intermediates.noindex/AddonPlatform.build/Debug/ProbeProvider.build/DerivedSources -emit-objc-header -emit-objc-header-path /Users/c4v4h/Library/Developer/Xcode/DerivedData/CascadeAddonRecoveryProbe/probe-or1q_x20/Build/Build/Intermediates.noindex/AddonPlatform.build/Debug/ProbeProvider.build/Objects-normal/x86_64/CascadeProbeProvider-Swift.h -working-directory /Users/c4v4h/Library/Developer/Xcode/DerivedData/CascadeAddonRecoveryProbe/probe-or1q_x20/Sources -experimental-emit-module-separately -disable-cmo

SwiftDriverJobDiscovery normal arm64 Compiling ProbeMessage.swift (in target 'ProbeProvider' from project 'AddonPlatform')

Ld /Users/c4v4h/Library/Developer/Xcode/DerivedData/CascadeAddonRecoveryProbe/probe-or1q_x20/Build/Build/Intermediates.noindex/AddonPlatform.build/Debug/ProbeProvider.build/Objects-normal/x86_64/Binary/ProbeProvider normal x86_64 (in target 'ProbeProvider' from project 'AddonPlatform')
    cd /Users/c4v4h/Library/Developer/Xcode/DerivedData/CascadeAddonRecoveryProbe/probe-or1q_x20/Sources
    /Applications/Xcode-beta.app/Contents/Developer/Toolchains/XcodeDefault.xctoolchain/usr/bin/clang -Xlinker -reproducible -target x86_64-apple-macos14.0 -isysroot /Applications/Xcode-beta.app/Contents/Developer/Platforms/MacOSX.platform/Developer/SDKs/MacOSX27.0.sdk -Os -Xlinker -no_warn_duplicate_libraries -L/Users/c4v4h/Library/Developer/Xcode/DerivedData/CascadeAddonRecoveryProbe/probe-or1q_x20/Build/Build/Intermediates.noindex/EagerLinkingTBDs/Debug -L/Users/c4v4h/Library/Developer/Xcode/DerivedData/CascadeAddonRecoveryProbe/probe-or1q_x20/Build/Build/Products/Debug -F/Users/c4v4h/Library/Developer/Xcode/DerivedData/CascadeAddonRecoveryProbe/probe-or1q_x20/Build/Build/Intermediates.noindex/EagerLinkingTBDs/Debug -F/Users/c4v4h/Library/Developer/Xcode/DerivedData/CascadeAddonRecoveryProbe/probe-or1q_x20/Build/Build/Products/Debug -filelist /Users/c4v4h/Library/Developer/Xcode/DerivedData/CascadeAddonRecoveryProbe/probe-or1q_x20/Build/Build/Intermediates.noindex/AddonPlatform.build/Debug/ProbeProvider.build/Objects-normal/x86_64/CascadeProbeProvider.LinkFileList -Xlinker -rpath -Xlinker /usr/lib/swift -Xlinker -object_path_lto -Xlinker /Users/c4v4h/Library/Developer/Xcode/DerivedData/CascadeAddonRecoveryProbe/probe-or1q_x20/Build/Build/Intermediates.noindex/AddonPlatform.build/Debug/ProbeProvider.build/Objects-normal/x86_64/CascadeProbeProvider_lto.o -Xlinker -dependency_info -Xlinker /Users/c4v4h/Library/Developer/Xcode/DerivedData/CascadeAddonRecoveryProbe/probe-or1q_x20/Build/Build/Intermediates.noindex/AddonPlatform.build/Debug/ProbeProvider.build/Objects-normal/x86_64/CascadeProbeProvider_dependency_info.dat -e _NSExtensionMain -fapplication-extension -fobjc-link-runtime -L/Applications/Xcode-beta.app/Contents/Developer/Toolchains/XcodeDefault.xctoolchain/usr/lib/swift/macosx -L/usr/lib/swift -Xlinker -add_ast_path -Xlinker /Users/c4v4h/Library/Developer/Xcode/DerivedData/CascadeAddonRecoveryProbe/probe-or1q_x20/Build/Build/Intermediates.noindex/AddonPlatform.build/Debug/ProbeProvider.build/Objects-normal/x86_64/CascadeProbeProvider.swiftmodule -Xlinker -no_adhoc_codesign -o /Users/c4v4h/Library/Developer/Xcode/DerivedData/CascadeAddonRecoveryProbe/probe-or1q_x20/Build/Build/Intermediates.noindex/AddonPlatform.build/Debug/ProbeProvider.build/Objects-normal/x86_64/Binary/ProbeProvider

SwiftDriverJobDiscovery normal arm64 Emitting module for CascadeAddonProbe (in target 'ProbeHost' from project 'AddonPlatform')

SwiftDriver\ Compilation\ Requirements ProbeHost normal arm64 com.apple.xcode.tools.swift.compiler (in target 'ProbeHost' from project 'AddonPlatform')
    cd /Users/c4v4h/Library/Developer/Xcode/DerivedData/CascadeAddonRecoveryProbe/probe-or1q_x20/Sources
    builtin-Swift-Compilation-Requirements -- /Applications/Xcode-beta.app/Contents/Developer/Toolchains/XcodeDefault.xctoolchain/usr/bin/swiftc -module-name CascadeAddonProbe -Onone @/Users/c4v4h/Library/Developer/Xcode/DerivedData/CascadeAddonRecoveryProbe/probe-or1q_x20/Build/Build/Intermediates.noindex/AddonPlatform.build/Debug/ProbeHost.build/Objects-normal/arm64/CascadeAddonProbe.SwiftFileList -DDEBUG -DRECOVERY_PROBE -DBROKER_PROVIDER -enable-bare-slash-regex -enable-experimental-feature DebugDescriptionMacro -sdk /Applications/Xcode-beta.app/Contents/Developer/Platforms/MacOSX.platform/Developer/SDKs/MacOSX27.0.sdk -target arm64-apple-macos14.0 -g -module-cache-path /Users/c4v4h/Library/Developer/Xcode/DerivedData/CascadeAddonRecoveryProbe/probe-or1q_x20/Build/ModuleCache.noindex -Xfrontend -serialize-debugging-options -index-store-path /Users/c4v4h/Library/Developer/Xcode/DerivedData/CascadeAddonRecoveryProbe/probe-or1q_x20/Build/Index.noindex/DataStore -swift-version 5 -I /Users/c4v4h/Library/Developer/Xcode/DerivedData/CascadeAddonRecoveryProbe/probe-or1q_x20/Build/Build/Products/Debug -F /Users/c4v4h/Library/Developer/Xcode/DerivedData/CascadeAddonRecoveryProbe/probe-or1q_x20/Build/Build/Products/Debug -c -j8 -enable-batch-mode -incremental -Xcc -ivfsstatcache -Xcc /Users/c4v4h/Library/Developer/Xcode/DerivedData/CascadeAddonRecoveryProbe/probe-or1q_x20/Build/SDKStatCaches.noindex/macosx27.0-26A5419a-e829b21a6f8c9b70876ba0858053c04445874285e5972fffeae925c4ab065928.sdkstatcache -output-file-map /Users/c4v4h/Library/Developer/Xcode/DerivedData/CascadeAddonRecoveryProbe/probe-or1q_x20/Build/Build/Intermediates.noindex/AddonPlatform.build/Debug/ProbeHost.build/Objects-normal/arm64/ProbeHost-OutputFileMap.json -save-temps -no-color-diagnostics -explicit-module-build -module-cache-path /Users/c4v4h/Library/Developer/Xcode/DerivedData/CascadeAddonRecoveryProbe/probe-or1q_x20/Build/Build/Intermediates.noindex/SwiftExplicitPrecompiledModules -clang-scanner-module-cache-path /Users/c4v4h/Library/Developer/Xcode/DerivedData/CascadeAddonRecoveryProbe/probe-or1q_x20/Build/ModuleCache.noindex -sdk-module-cache-path /Users/c4v4h/Library/Developer/Xcode/DerivedData/CascadeAddonRecoveryProbe/probe-or1q_x20/Build/SDKExplicitPrecompiledModules -emit-dependencies -emit-module -emit-module-path /Users/c4v4h/Library/Developer/Xcode/DerivedData/CascadeAddonRecoveryProbe/probe-or1q_x20/Build/Build/Intermediates.noindex/AddonPlatform.build/Debug/ProbeHost.build/Objects-normal/arm64/CascadeAddonProbe.swiftmodule -serialize-diagnostics -dependency-scan-serialize-diagnostics-path /Users/c4v4h/Library/Developer/Xcode/DerivedData/CascadeAddonRecoveryProbe/probe-or1q_x20/Build/Build/Intermediates.noindex/AddonPlatform.build/Debug/ProbeHost.build/Objects-normal/arm64/CascadeAddonProbe-dependency-scan.dia -validate-clang-modules-once -clang-build-session-file /Users/c4v4h/Library/Developer/Xcode/DerivedData/CascadeAddonRecoveryProbe/probe-or1q_x20/Build/ModuleCache.noindex/Session.modulevalidation -Xcc -fmodules-prune-interval\=86400 -Xcc -fmodules-prune-after\=345600 -emit-const-values -const-gather-protocols-list /Users/c4v4h/Library/Developer/Xcode/DerivedData/CascadeAddonRecoveryProbe/probe-or1q_x20/Build/Build/Intermediates.noindex/AddonPlatform.build/Debug/ProbeHost.build/Objects-normal/arm64/ProbeHost_const_extract_protocols.json -Xcc -iquote -Xcc /Users/c4v4h/Library/Developer/Xcode/DerivedData/CascadeAddonRecoveryProbe/probe-or1q_x20/Build/Build/Intermediates.noindex/AddonPlatform.build/Debug/ProbeHost.build/CascadeAddonProbe-generated-files.hmap -Xcc -I/Users/c4v4h/Library/Developer/Xcode/DerivedData/CascadeAddonRecoveryProbe/probe-or1q_x20/Build/Build/Intermediates.noindex/AddonPlatform.build/Debug/ProbeHost.build/CascadeAddonProbe-own-target-headers.hmap -Xcc -I/Users/c4v4h/Library/Developer/Xcode/DerivedData/CascadeAddonRecoveryProbe/probe-or1q_x20/Build/Build/Intermediates.noindex/AddonPlatform.build/Debug/ProbeHost.build/CascadeAddonProbe-all-target-headers.hmap -Xcc -iquote -Xcc /Users/c4v4h/Library/Developer/Xcode/DerivedData/CascadeAddonRecoveryProbe/probe-or1q_x20/Build/Build/Intermediates.noindex/AddonPlatform.build/Debug/ProbeHost.build/CascadeAddonProbe-project-headers.hmap -Xcc -I/Users/c4v4h/Library/Developer/Xcode/DerivedData/CascadeAddonRecoveryProbe/probe-or1q_x20/Build/Build/Products/Debug/include -Xcc -I/Users/c4v4h/Library/Developer/Xcode/DerivedData/CascadeAddonRecoveryProbe/probe-or1q_x20/Build/Build/Intermediates.noindex/AddonPlatform.build/Debug/ProbeHost.build/DerivedSources-normal/arm64 -Xcc -I/Users/c4v4h/Library/Developer/Xcode/DerivedData/CascadeAddonRecoveryProbe/probe-or1q_x20/Build/Build/Intermediates.noindex/AddonPlatform.build/Debug/ProbeHost.build/DerivedSources/arm64 -Xcc -I/Users/c4v4h/Library/Developer/Xcode/DerivedData/CascadeAddonRecoveryProbe/probe-or1q_x20/Build/Build/Intermediates.noindex/AddonPlatform.build/Debug/ProbeHost.build/DerivedSources -emit-objc-header -emit-objc-header-path /Users/c4v4h/Library/Developer/Xcode/DerivedData/CascadeAddonRecoveryProbe/probe-or1q_x20/Build/Build/Intermediates.noindex/AddonPlatform.build/Debug/ProbeHost.build/Objects-normal/arm64/CascadeAddonProbe-Swift.h -working-directory /Users/c4v4h/Library/Developer/Xcode/DerivedData/CascadeAddonRecoveryProbe/probe-or1q_x20/Sources -experimental-emit-module-separately -disable-cmo

SwiftMergeGeneratedHeaders /Users/c4v4h/Library/Developer/Xcode/DerivedData/CascadeAddonRecoveryProbe/probe-or1q_x20/Build/Build/Intermediates.noindex/AddonPlatform.build/Debug/ProbeHost.build/DerivedSources/CascadeAddonProbe-Swift.h /Users/c4v4h/Library/Developer/Xcode/DerivedData/CascadeAddonRecoveryProbe/probe-or1q_x20/Build/Build/Intermediates.noindex/AddonPlatform.build/Debug/ProbeHost.build/Objects-normal/arm64/CascadeAddonProbe-Swift.h /Users/c4v4h/Library/Developer/Xcode/DerivedData/CascadeAddonRecoveryProbe/probe-or1q_x20/Build/Build/Intermediates.noindex/AddonPlatform.build/Debug/ProbeHost.build/Objects-normal/x86_64/CascadeAddonProbe-Swift.h (in target 'ProbeHost' from project 'AddonPlatform')
    cd /Users/c4v4h/Library/Developer/Xcode/DerivedData/CascadeAddonRecoveryProbe/probe-or1q_x20/Sources
    builtin-swiftHeaderTool -arch arm64 /Users/c4v4h/Library/Developer/Xcode/DerivedData/CascadeAddonRecoveryProbe/probe-or1q_x20/Build/Build/Intermediates.noindex/AddonPlatform.build/Debug/ProbeHost.build/Objects-normal/arm64/CascadeAddonProbe-Swift.h -arch x86_64 /Users/c4v4h/Library/Developer/Xcode/DerivedData/CascadeAddonRecoveryProbe/probe-or1q_x20/Build/Build/Intermediates.noindex/AddonPlatform.build/Debug/ProbeHost.build/Objects-normal/x86_64/CascadeAddonProbe-Swift.h -o /Users/c4v4h/Library/Developer/Xcode/DerivedData/CascadeAddonRecoveryProbe/probe-or1q_x20/Build/Build/Intermediates.noindex/AddonPlatform.build/Debug/ProbeHost.build/DerivedSources/CascadeAddonProbe-Swift.h

Copy /Users/c4v4h/Library/Developer/Xcode/DerivedData/CascadeAddonRecoveryProbe/probe-or1q_x20/Build/Build/Products/Debug/CascadeAddonProbe.swiftmodule/arm64-apple-macos.swiftmodule /Users/c4v4h/Library/Developer/Xcode/DerivedData/CascadeAddonRecoveryProbe/probe-or1q_x20/Build/Build/Intermediates.noindex/AddonPlatform.build/Debug/ProbeHost.build/Objects-normal/arm64/CascadeAddonProbe.swiftmodule (in target 'ProbeHost' from project 'AddonPlatform')
    cd /Users/c4v4h/Library/Developer/Xcode/DerivedData/CascadeAddonRecoveryProbe/probe-or1q_x20/Sources
    builtin-copy -exclude .DS_Store -exclude CVS -exclude .svn -exclude .git -exclude .hg -strip-unsigned-binaries -strip-deterministic -strip-tool /Applications/Xcode-beta.app/Contents/Developer/Toolchains/XcodeDefault.xctoolchain/usr/bin/strip -resolve-src-symlinks -rename /Users/c4v4h/Library/Developer/Xcode/DerivedData/CascadeAddonRecoveryProbe/probe-or1q_x20/Build/Build/Intermediates.noindex/AddonPlatform.build/Debug/ProbeHost.build/Objects-normal/arm64/CascadeAddonProbe.swiftmodule /Users/c4v4h/Library/Developer/Xcode/DerivedData/CascadeAddonRecoveryProbe/probe-or1q_x20/Build/Build/Products/Debug/CascadeAddonProbe.swiftmodule/arm64-apple-macos.swiftmodule

Copy /Users/c4v4h/Library/Developer/Xcode/DerivedData/CascadeAddonRecoveryProbe/probe-or1q_x20/Build/Build/Products/Debug/CascadeAddonProbe.swiftmodule/arm64-apple-macos.swiftdoc /Users/c4v4h/Library/Developer/Xcode/DerivedData/CascadeAddonRecoveryProbe/probe-or1q_x20/Build/Build/Intermediates.noindex/AddonPlatform.build/Debug/ProbeHost.build/Objects-normal/arm64/CascadeAddonProbe.swiftdoc (in target 'ProbeHost' from project 'AddonPlatform')
    cd /Users/c4v4h/Library/Developer/Xcode/DerivedData/CascadeAddonRecoveryProbe/probe-or1q_x20/Sources
    builtin-copy -exclude .DS_Store -exclude CVS -exclude .svn -exclude .git -exclude .hg -strip-unsigned-binaries -strip-deterministic -strip-tool /Applications/Xcode-beta.app/Contents/Developer/Toolchains/XcodeDefault.xctoolchain/usr/bin/strip -resolve-src-symlinks -rename /Users/c4v4h/Library/Developer/Xcode/DerivedData/CascadeAddonRecoveryProbe/probe-or1q_x20/Build/Build/Intermediates.noindex/AddonPlatform.build/Debug/ProbeHost.build/Objects-normal/arm64/CascadeAddonProbe.swiftdoc /Users/c4v4h/Library/Developer/Xcode/DerivedData/CascadeAddonRecoveryProbe/probe-or1q_x20/Build/Build/Products/Debug/CascadeAddonProbe.swiftmodule/arm64-apple-macos.swiftdoc

Copy /Users/c4v4h/Library/Developer/Xcode/DerivedData/CascadeAddonRecoveryProbe/probe-or1q_x20/Build/Build/Products/Debug/CascadeAddonProbe.swiftmodule/arm64-apple-macos.abi.json /Users/c4v4h/Library/Developer/Xcode/DerivedData/CascadeAddonRecoveryProbe/probe-or1q_x20/Build/Build/Intermediates.noindex/AddonPlatform.build/Debug/ProbeHost.build/Objects-normal/arm64/CascadeAddonProbe.abi.json (in target 'ProbeHost' from project 'AddonPlatform')
    cd /Users/c4v4h/Library/Developer/Xcode/DerivedData/CascadeAddonRecoveryProbe/probe-or1q_x20/Sources
    builtin-copy -exclude .DS_Store -exclude CVS -exclude .svn -exclude .git -exclude .hg -strip-unsigned-binaries -strip-deterministic -strip-tool /Applications/Xcode-beta.app/Contents/Developer/Toolchains/XcodeDefault.xctoolchain/usr/bin/strip -resolve-src-symlinks -rename /Users/c4v4h/Library/Developer/Xcode/DerivedData/CascadeAddonRecoveryProbe/probe-or1q_x20/Build/Build/Intermediates.noindex/AddonPlatform.build/Debug/ProbeHost.build/Objects-normal/arm64/CascadeAddonProbe.abi.json /Users/c4v4h/Library/Developer/Xcode/DerivedData/CascadeAddonRecoveryProbe/probe-or1q_x20/Build/Build/Products/Debug/CascadeAddonProbe.swiftmodule/arm64-apple-macos.abi.json

Copy /Users/c4v4h/Library/Developer/Xcode/DerivedData/CascadeAddonRecoveryProbe/probe-or1q_x20/Build/Build/Products/Debug/CascadeAddonProbe.swiftmodule/Project/arm64-apple-macos.swiftsourceinfo /Users/c4v4h/Library/Developer/Xcode/DerivedData/CascadeAddonRecoveryProbe/probe-or1q_x20/Build/Build/Intermediates.noindex/AddonPlatform.build/Debug/ProbeHost.build/Objects-normal/arm64/CascadeAddonProbe.swiftsourceinfo (in target 'ProbeHost' from project 'AddonPlatform')
    cd /Users/c4v4h/Library/Developer/Xcode/DerivedData/CascadeAddonRecoveryProbe/probe-or1q_x20/Sources
    builtin-copy -exclude .DS_Store -exclude CVS -exclude .svn -exclude .git -exclude .hg -strip-unsigned-binaries -strip-deterministic -strip-tool /Applications/Xcode-beta.app/Contents/Developer/Toolchains/XcodeDefault.xctoolchain/usr/bin/strip -resolve-src-symlinks -rename /Users/c4v4h/Library/Developer/Xcode/DerivedData/CascadeAddonRecoveryProbe/probe-or1q_x20/Build/Build/Intermediates.noindex/AddonPlatform.build/Debug/ProbeHost.build/Objects-normal/arm64/CascadeAddonProbe.swiftsourceinfo /Users/c4v4h/Library/Developer/Xcode/DerivedData/CascadeAddonRecoveryProbe/probe-or1q_x20/Build/Build/Products/Debug/CascadeAddonProbe.swiftmodule/Project/arm64-apple-macos.swiftsourceinfo

SwiftDriverJobDiscovery normal arm64 Compiling ProbeProvider.swift (in target 'ProbeProvider' from project 'AddonPlatform')

SwiftDriver\ Compilation ProbeProvider normal arm64 com.apple.xcode.tools.swift.compiler (in target 'ProbeProvider' from project 'AddonPlatform')
    cd /Users/c4v4h/Library/Developer/Xcode/DerivedData/CascadeAddonRecoveryProbe/probe-or1q_x20/Sources
    builtin-Swift-Compilation -- /Applications/Xcode-beta.app/Contents/Developer/Toolchains/XcodeDefault.xctoolchain/usr/bin/swiftc -module-name CascadeProbeProvider -Onone @/Users/c4v4h/Library/Developer/Xcode/DerivedData/CascadeAddonRecoveryProbe/probe-or1q_x20/Build/Build/Intermediates.noindex/AddonPlatform.build/Debug/ProbeProvider.build/Objects-normal/arm64/CascadeProbeProvider.SwiftFileList -DDEBUG -DRECOVERY_PROBE -DBROKER_PROVIDER -enable-bare-slash-regex -enable-experimental-feature DebugDescriptionMacro -sdk /Applications/Xcode-beta.app/Contents/Developer/Platforms/MacOSX.platform/Developer/SDKs/MacOSX27.0.sdk -target arm64-apple-macos14.0 -g -module-cache-path /Users/c4v4h/Library/Developer/Xcode/DerivedData/CascadeAddonRecoveryProbe/probe-or1q_x20/Build/ModuleCache.noindex -Xfrontend -serialize-debugging-options -application-extension -index-store-path /Users/c4v4h/Library/Developer/Xcode/DerivedData/CascadeAddonRecoveryProbe/probe-or1q_x20/Build/Index.noindex/DataStore -swift-version 5 -I /Users/c4v4h/Library/Developer/Xcode/DerivedData/CascadeAddonRecoveryProbe/probe-or1q_x20/Build/Build/Products/Debug -F /Users/c4v4h/Library/Developer/Xcode/DerivedData/CascadeAddonRecoveryProbe/probe-or1q_x20/Build/Build/Products/Debug -c -j8 -enable-batch-mode -incremental -Xcc -ivfsstatcache -Xcc /Users/c4v4h/Library/Developer/Xcode/DerivedData/CascadeAddonRecoveryProbe/probe-or1q_x20/Build/SDKStatCaches.noindex/macosx27.0-26A5419a-e829b21a6f8c9b70876ba0858053c04445874285e5972fffeae925c4ab065928.sdkstatcache -output-file-map /Users/c4v4h/Library/Developer/Xcode/DerivedData/CascadeAddonRecoveryProbe/probe-or1q_x20/Build/Build/Intermediates.noindex/AddonPlatform.build/Debug/ProbeProvider.build/Objects-normal/arm64/ProbeProvider-OutputFileMap.json -save-temps -no-color-diagnostics -explicit-module-build -module-cache-path /Users/c4v4h/Library/Developer/Xcode/DerivedData/CascadeAddonRecoveryProbe/probe-or1q_x20/Build/Build/Intermediates.noindex/SwiftExplicitPrecompiledModules -clang-scanner-module-cache-path /Users/c4v4h/Library/Developer/Xcode/DerivedData/CascadeAddonRecoveryProbe/probe-or1q_x20/Build/ModuleCache.noindex -sdk-module-cache-path /Users/c4v4h/Library/Developer/Xcode/DerivedData/CascadeAddonRecoveryProbe/probe-or1q_x20/Build/SDKExplicitPrecompiledModules -emit-dependencies -emit-module -emit-module-path /Users/c4v4h/Library/Developer/Xcode/DerivedData/CascadeAddonRecoveryProbe/probe-or1q_x20/Build/Build/Intermediates.noindex/AddonPlatform.build/Debug/ProbeProvider.build/Objects-normal/arm64/CascadeProbeProvider.swiftmodule -serialize-diagnostics -dependency-scan-serialize-diagnostics-path /Users/c4v4h/Library/Developer/Xcode/DerivedData/CascadeAddonRecoveryProbe/probe-or1q_x20/Build/Build/Intermediates.noindex/AddonPlatform.build/Debug/ProbeProvider.build/Objects-normal/arm64/CascadeProbeProvider-dependency-scan.dia -validate-clang-modules-once -clang-build-session-file /Users/c4v4h/Library/Developer/Xcode/DerivedData/CascadeAddonRecoveryProbe/probe-or1q_x20/Build/ModuleCache.noindex/Session.modulevalidation -Xcc -fmodules-prune-interval\=86400 -Xcc -fmodules-prune-after\=345600 -emit-const-values -const-gather-protocols-list /Users/c4v4h/Library/Developer/Xcode/DerivedData/CascadeAddonRecoveryProbe/probe-or1q_x20/Build/Build/Intermediates.noindex/AddonPlatform.build/Debug/ProbeProvider.build/Objects-normal/arm64/ProbeProvider_const_extract_protocols.json -Xcc -iquote -Xcc /Users/c4v4h/Library/Developer/Xcode/DerivedData/CascadeAddonRecoveryProbe/probe-or1q_x20/Build/Build/Intermediates.noindex/AddonPlatform.build/Debug/ProbeProvider.build/CascadeProbeProvider-generated-files.hmap -Xcc -I/Users/c4v4h/Library/Developer/Xcode/DerivedData/CascadeAddonRecoveryProbe/probe-or1q_x20/Build/Build/Intermediates.noindex/AddonPlatform.build/Debug/ProbeProvider.build/CascadeProbeProvider-own-target-headers.hmap -Xcc -I/Users/c4v4h/Library/Developer/Xcode/DerivedData/CascadeAddonRecoveryProbe/probe-or1q_x20/Build/Build/Intermediates.noindex/AddonPlatform.build/Debug/ProbeProvider.build/CascadeProbeProvider-all-target-headers.hmap -Xcc -iquote -Xcc /Users/c4v4h/Library/Developer/Xcode/DerivedData/CascadeAddonRecoveryProbe/probe-or1q_x20/Build/Build/Intermediates.noindex/AddonPlatform.build/Debug/ProbeProvider.build/CascadeProbeProvider-project-headers.hmap -Xcc -I/Users/c4v4h/Library/Developer/Xcode/DerivedData/CascadeAddonRecoveryProbe/probe-or1q_x20/Build/Build/Products/Debug/include -Xcc -I/Users/c4v4h/Library/Developer/Xcode/DerivedData/CascadeAddonRecoveryProbe/probe-or1q_x20/Build/Build/Intermediates.noindex/AddonPlatform.build/Debug/ProbeProvider.build/DerivedSources-normal/arm64 -Xcc -I/Users/c4v4h/Library/Developer/Xcode/DerivedData/CascadeAddonRecoveryProbe/probe-or1q_x20/Build/Build/Intermediates.noindex/AddonPlatform.build/Debug/ProbeProvider.build/DerivedSources/arm64 -Xcc -I/Users/c4v4h/Library/Developer/Xcode/DerivedData/CascadeAddonRecoveryProbe/probe-or1q_x20/Build/Build/Intermediates.noindex/AddonPlatform.build/Debug/ProbeProvider.build/DerivedSources -emit-objc-header -emit-objc-header-path /Users/c4v4h/Library/Developer/Xcode/DerivedData/CascadeAddonRecoveryProbe/probe-or1q_x20/Build/Build/Intermediates.noindex/AddonPlatform.build/Debug/ProbeProvider.build/Objects-normal/arm64/CascadeProbeProvider-Swift.h -working-directory /Users/c4v4h/Library/Developer/Xcode/DerivedData/CascadeAddonRecoveryProbe/probe-or1q_x20/Sources -experimental-emit-module-separately -disable-cmo

AppExtensionPListGenerator (in target 'ProbeProvider' from project 'AddonPlatform')
    cd /Users/c4v4h/Library/Developer/Xcode/DerivedData/CascadeAddonRecoveryProbe/probe-or1q_x20/Sources
    /Applications/Xcode-beta.app/Contents/Developer/Toolchains/XcodeDefault.xctoolchain/usr/bin/exutil generate-appextension-plist --module-name CascadeProbeProvider --sdk-root /Applications/Xcode-beta.app/Contents/Developer/Platforms/MacOSX.platform/Developer/SDKs/MacOSX27.0.sdk --xcode-version 27A5252f --platform-family macOS --deployment-target 14.0 --bundle-identifier hylo.Cascade.AddonProbeContainer.Provider --output /Users/c4v4h/Library/Developer/Xcode/DerivedData/CascadeAddonRecoveryProbe/probe-or1q_x20/Build/Build/Intermediates.noindex/AddonPlatform.build/Debug/ProbeProvider.build/ProbeProvider-appextension-generated-info.plist /Users/c4v4h/Library/Developer/Xcode/DerivedData/CascadeAddonRecoveryProbe/probe-or1q_x20/Build/Build/Intermediates.noindex/AddonPlatform.build/Debug/ProbeProvider.build/Objects-normal/arm64/ProbeProvider.swiftconstvalues /Users/c4v4h/Library/Developer/Xcode/DerivedData/CascadeAddonRecoveryProbe/probe-or1q_x20/Build/Build/Intermediates.noindex/AddonPlatform.build/Debug/ProbeProvider.build/Objects-normal/arm64/ProbeMessage.swiftconstvalues

Ld /Users/c4v4h/Library/Developer/Xcode/DerivedData/CascadeAddonRecoveryProbe/probe-or1q_x20/Build/Build/Intermediates.noindex/AddonPlatform.build/Debug/ProbeProvider.build/Objects-normal/arm64/Binary/ProbeProvider normal arm64 (in target 'ProbeProvider' from project 'AddonPlatform')
    cd /Users/c4v4h/Library/Developer/Xcode/DerivedData/CascadeAddonRecoveryProbe/probe-or1q_x20/Sources
    /Applications/Xcode-beta.app/Contents/Developer/Toolchains/XcodeDefault.xctoolchain/usr/bin/clang -Xlinker -reproducible -target arm64-apple-macos14.0 -isysroot /Applications/Xcode-beta.app/Contents/Developer/Platforms/MacOSX.platform/Developer/SDKs/MacOSX27.0.sdk -Os -Xlinker -no_warn_duplicate_libraries -L/Users/c4v4h/Library/Developer/Xcode/DerivedData/CascadeAddonRecoveryProbe/probe-or1q_x20/Build/Build/Intermediates.noindex/EagerLinkingTBDs/Debug -L/Users/c4v4h/Library/Developer/Xcode/DerivedData/CascadeAddonRecoveryProbe/probe-or1q_x20/Build/Build/Products/Debug -F/Users/c4v4h/Library/Developer/Xcode/DerivedData/CascadeAddonRecoveryProbe/probe-or1q_x20/Build/Build/Intermediates.noindex/EagerLinkingTBDs/Debug -F/Users/c4v4h/Library/Developer/Xcode/DerivedData/CascadeAddonRecoveryProbe/probe-or1q_x20/Build/Build/Products/Debug -filelist /Users/c4v4h/Library/Developer/Xcode/DerivedData/CascadeAddonRecoveryProbe/probe-or1q_x20/Build/Build/Intermediates.noindex/AddonPlatform.build/Debug/ProbeProvider.build/Objects-normal/arm64/CascadeProbeProvider.LinkFileList -Xlinker -rpath -Xlinker /usr/lib/swift -Xlinker -object_path_lto -Xlinker /Users/c4v4h/Library/Developer/Xcode/DerivedData/CascadeAddonRecoveryProbe/probe-or1q_x20/Build/Build/Intermediates.noindex/AddonPlatform.build/Debug/ProbeProvider.build/Objects-normal/arm64/CascadeProbeProvider_lto.o -Xlinker -dependency_info -Xlinker /Users/c4v4h/Library/Developer/Xcode/DerivedData/CascadeAddonRecoveryProbe/probe-or1q_x20/Build/Build/Intermediates.noindex/AddonPlatform.build/Debug/ProbeProvider.build/Objects-normal/arm64/CascadeProbeProvider_dependency_info.dat -e _NSExtensionMain -fapplication-extension -fobjc-link-runtime -L/Applications/Xcode-beta.app/Contents/Developer/Toolchains/XcodeDefault.xctoolchain/usr/lib/swift/macosx -L/usr/lib/swift -Xlinker -add_ast_path -Xlinker /Users/c4v4h/Library/Developer/Xcode/DerivedData/CascadeAddonRecoveryProbe/probe-or1q_x20/Build/Build/Intermediates.noindex/AddonPlatform.build/Debug/ProbeProvider.build/Objects-normal/arm64/CascadeProbeProvider.swiftmodule -Xlinker -no_adhoc_codesign -o /Users/c4v4h/Library/Developer/Xcode/DerivedData/CascadeAddonRecoveryProbe/probe-or1q_x20/Build/Build/Intermediates.noindex/AddonPlatform.build/Debug/ProbeProvider.build/Objects-normal/arm64/Binary/ProbeProvider

ProcessInfoPlistFile /Users/c4v4h/Library/Developer/Xcode/DerivedData/CascadeAddonRecoveryProbe/probe-or1q_x20/Build/Build/Products/Debug/CascadeProbeProvider.appex/Contents/Info.plist /Users/c4v4h/Library/Developer/Xcode/DerivedData/CascadeAddonRecoveryProbe/probe-or1q_x20/Sources/Provider/Info.plist (in target 'ProbeProvider' from project 'AddonPlatform')
    cd /Users/c4v4h/Library/Developer/Xcode/DerivedData/CascadeAddonRecoveryProbe/probe-or1q_x20/Sources
    builtin-infoPlistUtility /Users/c4v4h/Library/Developer/Xcode/DerivedData/CascadeAddonRecoveryProbe/probe-or1q_x20/Sources/Provider/Info.plist -producttype com.apple.product-type.extensionkit-extension -expandbuildsettings -platform macosx -additionalcontentfile /Users/c4v4h/Library/Developer/Xcode/DerivedData/CascadeAddonRecoveryProbe/probe-or1q_x20/Build/Build/Intermediates.noindex/AddonPlatform.build/Debug/ProbeProvider.build/ProbeProvider-appextension-generated-info.plist -o /Users/c4v4h/Library/Developer/Xcode/DerivedData/CascadeAddonRecoveryProbe/probe-or1q_x20/Build/Build/Products/Debug/CascadeProbeProvider.appex/Contents/Info.plist

SwiftDriverJobDiscovery normal arm64 Compiling ProbeMessage.swift (in target 'ProbeHost' from project 'AddonPlatform')

CreateUniversalBinary /Users/c4v4h/Library/Developer/Xcode/DerivedData/CascadeAddonRecoveryProbe/probe-or1q_x20/Build/Build/Products/Debug/CascadeProbeProvider.appex/Contents/MacOS/ProbeProvider normal arm64\ x86_64 (in target 'ProbeProvider' from project 'AddonPlatform')
    cd /Users/c4v4h/Library/Developer/Xcode/DerivedData/CascadeAddonRecoveryProbe/probe-or1q_x20/Sources
    /Applications/Xcode-beta.app/Contents/Developer/Toolchains/XcodeDefault.xctoolchain/usr/bin/lipo -create /Users/c4v4h/Library/Developer/Xcode/DerivedData/CascadeAddonRecoveryProbe/probe-or1q_x20/Build/Build/Intermediates.noindex/AddonPlatform.build/Debug/ProbeProvider.build/Objects-normal/arm64/Binary/ProbeProvider /Users/c4v4h/Library/Developer/Xcode/DerivedData/CascadeAddonRecoveryProbe/probe-or1q_x20/Build/Build/Intermediates.noindex/AddonPlatform.build/Debug/ProbeProvider.build/Objects-normal/x86_64/Binary/ProbeProvider -output /Users/c4v4h/Library/Developer/Xcode/DerivedData/CascadeAddonRecoveryProbe/probe-or1q_x20/Build/Build/Products/Debug/CascadeProbeProvider.appex/Contents/MacOS/ProbeProvider

ExtractAppIntentsMetadata (in target 'ProbeProvider' from project 'AddonPlatform')
    cd /Users/c4v4h/Library/Developer/Xcode/DerivedData/CascadeAddonRecoveryProbe/probe-or1q_x20/Sources
    /Applications/Xcode-beta.app/Contents/Developer/Toolchains/XcodeDefault.xctoolchain/usr/bin/appintentsmetadataprocessor --toolchain-dir /var/run/com.apple.security.cryptexd/mnt/com.apple.MobileAsset.MetalToolchain-v27.1.5252.6.a2EVDm/Metal.xctoolchain --module-name CascadeProbeProvider --sdk-root /Applications/Xcode-beta.app/Contents/Developer/Platforms/MacOSX.platform/Developer/SDKs/MacOSX27.0.sdk --xcode-version 27A5252f --platform-family macOS --deployment-target 14.0 --bundle-identifier hylo.Cascade.AddonProbeContainer.Provider --output /Users/c4v4h/Library/Developer/Xcode/DerivedData/CascadeAddonRecoveryProbe/probe-or1q_x20/Build/Build/Products/Debug/CascadeProbeProvider.appex/Contents/Resources --target-triple arm64-apple-macos14.0 --target-triple x86_64-apple-macos14.0 --binary-file /Users/c4v4h/Library/Developer/Xcode/DerivedData/CascadeAddonRecoveryProbe/probe-or1q_x20/Build/Build/Products/Debug/CascadeProbeProvider.appex/Contents/MacOS/ProbeProvider --dependency-file /Users/c4v4h/Library/Developer/Xcode/DerivedData/CascadeAddonRecoveryProbe/probe-or1q_x20/Build/Build/Intermediates.noindex/AddonPlatform.build/Debug/ProbeProvider.build/Objects-normal/arm64/CascadeProbeProvider_dependency_info.dat --dependency-file /Users/c4v4h/Library/Developer/Xcode/DerivedData/CascadeAddonRecoveryProbe/probe-or1q_x20/Build/Build/Intermediates.noindex/AddonPlatform.build/Debug/ProbeProvider.build/Objects-normal/x86_64/CascadeProbeProvider_dependency_info.dat --stringsdata-file /Users/c4v4h/Library/Developer/Xcode/DerivedData/CascadeAddonRecoveryProbe/probe-or1q_x20/Build/Build/Intermediates.noindex/AddonPlatform.build/Debug/ProbeProvider.build/Objects-normal/arm64/ExtractedAppShortcutsMetadata.stringsdata --stringsdata-file /Users/c4v4h/Library/Developer/Xcode/DerivedData/CascadeAddonRecoveryProbe/probe-or1q_x20/Build/Build/Intermediates.noindex/AddonPlatform.build/Debug/ProbeProvider.build/Objects-normal/x86_64/ExtractedAppShortcutsMetadata.stringsdata --source-file-list /Users/c4v4h/Library/Developer/Xcode/DerivedData/CascadeAddonRecoveryProbe/probe-or1q_x20/Build/Build/Intermediates.noindex/AddonPlatform.build/Debug/ProbeProvider.build/Objects-normal/arm64/CascadeProbeProvider.SwiftFileList --source-file-list /Users/c4v4h/Library/Developer/Xcode/DerivedData/CascadeAddonRecoveryProbe/probe-or1q_x20/Build/Build/Intermediates.noindex/AddonPlatform.build/Debug/ProbeProvider.build/Objects-normal/x86_64/CascadeProbeProvider.SwiftFileList --metadata-file-list /Users/c4v4h/Library/Developer/Xcode/DerivedData/CascadeAddonRecoveryProbe/probe-or1q_x20/Build/Build/Intermediates.noindex/AddonPlatform.build/Debug/ProbeProvider.build/CascadeProbeProvider.DependencyMetadataFileList --static-metadata-file-list /Users/c4v4h/Library/Developer/Xcode/DerivedData/CascadeAddonRecoveryProbe/probe-or1q_x20/Build/Build/Intermediates.noindex/AddonPlatform.build/Debug/ProbeProvider.build/CascadeProbeProvider.DependencyStaticMetadataFileList --swift-const-vals-list /Users/c4v4h/Library/Developer/Xcode/DerivedData/CascadeAddonRecoveryProbe/probe-or1q_x20/Build/Build/Intermediates.noindex/AddonPlatform.build/Debug/ProbeProvider.build/Objects-normal/arm64/CascadeProbeProvider.SwiftConstValuesFileList --swift-const-vals-list /Users/c4v4h/Library/Developer/Xcode/DerivedData/CascadeAddonRecoveryProbe/probe-or1q_x20/Build/Build/Intermediates.noindex/AddonPlatform.build/Debug/ProbeProvider.build/Objects-normal/x86_64/CascadeProbeProvider.SwiftConstValuesFileList --compile-time-extraction --deployment-aware-processing --no-app-shortcuts-localization
2026-09-25 17:22:48.682 appintentsmetadataprocessor[57864:1977863] Starting appintentsmetadataprocessor export
2026-09-25 17:22:48.684 appintentsmetadataprocessor[57864:1977863] warning: Metadata extraction skipped, no AppIntents.framework dependency found

CodeSign /Users/c4v4h/Library/Developer/Xcode/DerivedData/CascadeAddonRecoveryProbe/probe-or1q_x20/Build/Build/Products/Debug/CascadeProbeProvider.appex (in target 'ProbeProvider' from project 'AddonPlatform')
    cd /Users/c4v4h/Library/Developer/Xcode/DerivedData/CascadeAddonRecoveryProbe/probe-or1q_x20/Sources
    
    Signing Identity:     "Apple Development: cavallerolore@icloud.com (MRZYW8THXH)"
    
    /usr/bin/codesign --force --sign 4A857D842A5406C2D3071776FDE7B27B3098FE63 -o runtime --entitlements /Users/c4v4h/Library/Developer/Xcode/DerivedData/CascadeAddonRecoveryProbe/probe-or1q_x20/Build/Build/Intermediates.noindex/AddonPlatform.build/Debug/ProbeProvider.build/CascadeProbeProvider.appex.xcent --timestamp\=none --generate-entitlement-der /Users/c4v4h/Library/Developer/Xcode/DerivedData/CascadeAddonRecoveryProbe/probe-or1q_x20/Build/Build/Products/Debug/CascadeProbeProvider.appex

RegisterExecutionPolicyException /Users/c4v4h/Library/Developer/Xcode/DerivedData/CascadeAddonRecoveryProbe/probe-or1q_x20/Build/Build/Products/Debug/CascadeProbeProvider.appex (in target 'ProbeProvider' from project 'AddonPlatform')
    cd /Users/c4v4h/Library/Developer/Xcode/DerivedData/CascadeAddonRecoveryProbe/probe-or1q_x20/Sources
    builtin-RegisterExecutionPolicyException /Users/c4v4h/Library/Developer/Xcode/DerivedData/CascadeAddonRecoveryProbe/probe-or1q_x20/Build/Build/Products/Debug/CascadeProbeProvider.appex

Touch /Users/c4v4h/Library/Developer/Xcode/DerivedData/CascadeAddonRecoveryProbe/probe-or1q_x20/Build/Build/Products/Debug/CascadeProbeProvider.appex (in target 'ProbeProvider' from project 'AddonPlatform')
    cd /Users/c4v4h/Library/Developer/Xcode/DerivedData/CascadeAddonRecoveryProbe/probe-or1q_x20/Sources
    /usr/bin/touch -c /Users/c4v4h/Library/Developer/Xcode/DerivedData/CascadeAddonRecoveryProbe/probe-or1q_x20/Build/Build/Products/Debug/CascadeProbeProvider.appex

SwiftDriverJobDiscovery normal x86_64 Compiling ProbeContainer.swift (in target 'ProbeContainer' from project 'AddonPlatform')

SwiftDriver\ Compilation ProbeContainer normal x86_64 com.apple.xcode.tools.swift.compiler (in target 'ProbeContainer' from project 'AddonPlatform')
    cd /Users/c4v4h/Library/Developer/Xcode/DerivedData/CascadeAddonRecoveryProbe/probe-or1q_x20/Sources
    builtin-Swift-Compilation -- /Applications/Xcode-beta.app/Contents/Developer/Toolchains/XcodeDefault.xctoolchain/usr/bin/swiftc -module-name CascadeAddonProbeContainer -Onone @/Users/c4v4h/Library/Developer/Xcode/DerivedData/CascadeAddonRecoveryProbe/probe-or1q_x20/Build/Build/Intermediates.noindex/AddonPlatform.build/Debug/ProbeContainer.build/Objects-normal/x86_64/CascadeAddonProbeContainer.SwiftFileList -DDEBUG -DRECOVERY_PROBE -DBROKER_PROVIDER -enable-bare-slash-regex -enable-experimental-feature DebugDescriptionMacro -sdk /Applications/Xcode-beta.app/Contents/Developer/Platforms/MacOSX.platform/Developer/SDKs/MacOSX27.0.sdk -target x86_64-apple-macos14.0 -g -module-cache-path /Users/c4v4h/Library/Developer/Xcode/DerivedData/CascadeAddonRecoveryProbe/probe-or1q_x20/Build/ModuleCache.noindex -Xfrontend -serialize-debugging-options -index-store-path /Users/c4v4h/Library/Developer/Xcode/DerivedData/CascadeAddonRecoveryProbe/probe-or1q_x20/Build/Index.noindex/DataStore -swift-version 5 -I /Users/c4v4h/Library/Developer/Xcode/DerivedData/CascadeAddonRecoveryProbe/probe-or1q_x20/Build/Build/Products/Debug -F /Users/c4v4h/Library/Developer/Xcode/DerivedData/CascadeAddonRecoveryProbe/probe-or1q_x20/Build/Build/Products/Debug -parse-as-library -c -j8 -enable-batch-mode -incremental -Xcc -ivfsstatcache -Xcc /Users/c4v4h/Library/Developer/Xcode/DerivedData/CascadeAddonRecoveryProbe/probe-or1q_x20/Build/SDKStatCaches.noindex/macosx27.0-26A5419a-e829b21a6f8c9b70876ba0858053c04445874285e5972fffeae925c4ab065928.sdkstatcache -output-file-map /Users/c4v4h/Library/Developer/Xcode/DerivedData/CascadeAddonRecoveryProbe/probe-or1q_x20/Build/Build/Intermediates.noindex/AddonPlatform.build/Debug/ProbeContainer.build/Objects-normal/x86_64/ProbeContainer-OutputFileMap.json -save-temps -no-color-diagnostics -explicit-module-build -module-cache-path /Users/c4v4h/Library/Developer/Xcode/DerivedData/CascadeAddonRecoveryProbe/probe-or1q_x20/Build/Build/Intermediates.noindex/SwiftExplicitPrecompiledModules -clang-scanner-module-cache-path /Users/c4v4h/Library/Developer/Xcode/DerivedData/CascadeAddonRecoveryProbe/probe-or1q_x20/Build/ModuleCache.noindex -sdk-module-cache-path /Users/c4v4h/Library/Developer/Xcode/DerivedData/CascadeAddonRecoveryProbe/probe-or1q_x20/Build/SDKExplicitPrecompiledModules -emit-dependencies -emit-module -emit-module-path /Users/c4v4h/Library/Developer/Xcode/DerivedData/CascadeAddonRecoveryProbe/probe-or1q_x20/Build/Build/Intermediates.noindex/AddonPlatform.build/Debug/ProbeContainer.build/Objects-normal/x86_64/CascadeAddonProbeContainer.swiftmodule -serialize-diagnostics -dependency-scan-serialize-diagnostics-path /Users/c4v4h/Library/Developer/Xcode/DerivedData/CascadeAddonRecoveryProbe/probe-or1q_x20/Build/Build/Intermediates.noindex/AddonPlatform.build/Debug/ProbeContainer.build/Objects-normal/x86_64/CascadeAddonProbeContainer-dependency-scan.dia -validate-clang-modules-once -clang-build-session-file /Users/c4v4h/Library/Developer/Xcode/DerivedData/CascadeAddonRecoveryProbe/probe-or1q_x20/Build/ModuleCache.noindex/Session.modulevalidation -Xcc -fmodules-prune-interval\=86400 -Xcc -fmodules-prune-after\=345600 -emit-const-values -const-gather-protocols-list /Users/c4v4h/Library/Developer/Xcode/DerivedData/CascadeAddonRecoveryProbe/probe-or1q_x20/Build/Build/Intermediates.noindex/AddonPlatform.build/Debug/ProbeContainer.build/Objects-normal/x86_64/ProbeContainer_const_extract_protocols.json -Xcc -iquote -Xcc /Users/c4v4h/Library/Developer/Xcode/DerivedData/CascadeAddonRecoveryProbe/probe-or1q_x20/Build/Build/Intermediates.noindex/AddonPlatform.build/Debug/ProbeContainer.build/CascadeAddonProbeContainer-generated-files.hmap -Xcc -I/Users/c4v4h/Library/Developer/Xcode/DerivedData/CascadeAddonRecoveryProbe/probe-or1q_x20/Build/Build/Intermediates.noindex/AddonPlatform.build/Debug/ProbeContainer.build/CascadeAddonProbeContainer-own-target-headers.hmap -Xcc -I/Users/c4v4h/Library/Developer/Xcode/DerivedData/CascadeAddonRecoveryProbe/probe-or1q_x20/Build/Build/Intermediates.noindex/AddonPlatform.build/Debug/ProbeContainer.build/CascadeAddonProbeContainer-all-target-headers.hmap -Xcc -iquote -Xcc /Users/c4v4h/Library/Developer/Xcode/DerivedData/CascadeAddonRecoveryProbe/probe-or1q_x20/Build/Build/Intermediates.noindex/AddonPlatform.build/Debug/ProbeContainer.build/CascadeAddonProbeContainer-project-headers.hmap -Xcc -I/Users/c4v4h/Library/Developer/Xcode/DerivedData/CascadeAddonRecoveryProbe/probe-or1q_x20/Build/Build/Products/Debug/include -Xcc -I/Users/c4v4h/Library/Developer/Xcode/DerivedData/CascadeAddonRecoveryProbe/probe-or1q_x20/Build/Build/Intermediates.noindex/AddonPlatform.build/Debug/ProbeContainer.build/DerivedSources-normal/x86_64 -Xcc -I/Users/c4v4h/Library/Developer/Xcode/DerivedData/CascadeAddonRecoveryProbe/probe-or1q_x20/Build/Build/Intermediates.noindex/AddonPlatform.build/Debug/ProbeContainer.build/DerivedSources/x86_64 -Xcc -I/Users/c4v4h/Library/Developer/Xcode/DerivedData/CascadeAddonRecoveryProbe/probe-or1q_x20/Build/Build/Intermediates.noindex/AddonPlatform.build/Debug/ProbeContainer.build/DerivedSources -emit-objc-header -emit-objc-header-path /Users/c4v4h/Library/Developer/Xcode/DerivedData/CascadeAddonRecoveryProbe/probe-or1q_x20/Build/Build/Intermediates.noindex/AddonPlatform.build/Debug/ProbeContainer.build/Objects-normal/x86_64/CascadeAddonProbeContainer-Swift.h -working-directory /Users/c4v4h/Library/Developer/Xcode/DerivedData/CascadeAddonRecoveryProbe/probe-or1q_x20/Sources -experimental-emit-module-separately -disable-cmo

Ld /Users/c4v4h/Library/Developer/Xcode/DerivedData/CascadeAddonRecoveryProbe/probe-or1q_x20/Build/Build/Intermediates.noindex/AddonPlatform.build/Debug/ProbeContainer.build/Objects-normal/x86_64/Binary/ProbeContainer normal x86_64 (in target 'ProbeContainer' from project 'AddonPlatform')
    cd /Users/c4v4h/Library/Developer/Xcode/DerivedData/CascadeAddonRecoveryProbe/probe-or1q_x20/Sources
    /Applications/Xcode-beta.app/Contents/Developer/Toolchains/XcodeDefault.xctoolchain/usr/bin/clang -Xlinker -reproducible -target x86_64-apple-macos14.0 -isysroot /Applications/Xcode-beta.app/Contents/Developer/Platforms/MacOSX.platform/Developer/SDKs/MacOSX27.0.sdk -Os -Xlinker -no_warn_duplicate_libraries -L/Users/c4v4h/Library/Developer/Xcode/DerivedData/CascadeAddonRecoveryProbe/probe-or1q_x20/Build/Build/Intermediates.noindex/EagerLinkingTBDs/Debug -L/Users/c4v4h/Library/Developer/Xcode/DerivedData/CascadeAddonRecoveryProbe/probe-or1q_x20/Build/Build/Products/Debug -F/Users/c4v4h/Library/Developer/Xcode/DerivedData/CascadeAddonRecoveryProbe/probe-or1q_x20/Build/Build/Intermediates.noindex/EagerLinkingTBDs/Debug -F/Users/c4v4h/Library/Developer/Xcode/DerivedData/CascadeAddonRecoveryProbe/probe-or1q_x20/Build/Build/Products/Debug -filelist /Users/c4v4h/Library/Developer/Xcode/DerivedData/CascadeAddonRecoveryProbe/probe-or1q_x20/Build/Build/Intermediates.noindex/AddonPlatform.build/Debug/ProbeContainer.build/Objects-normal/x86_64/CascadeAddonProbeContainer.LinkFileList -Xlinker -rpath -Xlinker /usr/lib/swift -Xlinker -object_path_lto -Xlinker /Users/c4v4h/Library/Developer/Xcode/DerivedData/CascadeAddonRecoveryProbe/probe-or1q_x20/Build/Build/Intermediates.noindex/AddonPlatform.build/Debug/ProbeContainer.build/Objects-normal/x86_64/CascadeAddonProbeContainer_lto.o -Xlinker -dependency_info -Xlinker /Users/c4v4h/Library/Developer/Xcode/DerivedData/CascadeAddonRecoveryProbe/probe-or1q_x20/Build/Build/Intermediates.noindex/AddonPlatform.build/Debug/ProbeContainer.build/Objects-normal/x86_64/CascadeAddonProbeContainer_dependency_info.dat -fobjc-link-runtime -L/Applications/Xcode-beta.app/Contents/Developer/Toolchains/XcodeDefault.xctoolchain/usr/lib/swift/macosx -L/usr/lib/swift -Xlinker -add_ast_path -Xlinker /Users/c4v4h/Library/Developer/Xcode/DerivedData/CascadeAddonRecoveryProbe/probe-or1q_x20/Build/Build/Intermediates.noindex/AddonPlatform.build/Debug/ProbeContainer.build/Objects-normal/x86_64/CascadeAddonProbeContainer.swiftmodule -Xlinker -no_adhoc_codesign -o /Users/c4v4h/Library/Developer/Xcode/DerivedData/CascadeAddonRecoveryProbe/probe-or1q_x20/Build/Build/Intermediates.noindex/AddonPlatform.build/Debug/ProbeContainer.build/Objects-normal/x86_64/Binary/ProbeContainer

SwiftDriverJobDiscovery normal arm64 Compiling ProbeContainer.swift (in target 'ProbeContainer' from project 'AddonPlatform')

SwiftDriver\ Compilation ProbeContainer normal arm64 com.apple.xcode.tools.swift.compiler (in target 'ProbeContainer' from project 'AddonPlatform')
    cd /Users/c4v4h/Library/Developer/Xcode/DerivedData/CascadeAddonRecoveryProbe/probe-or1q_x20/Sources
    builtin-Swift-Compilation -- /Applications/Xcode-beta.app/Contents/Developer/Toolchains/XcodeDefault.xctoolchain/usr/bin/swiftc -module-name CascadeAddonProbeContainer -Onone @/Users/c4v4h/Library/Developer/Xcode/DerivedData/CascadeAddonRecoveryProbe/probe-or1q_x20/Build/Build/Intermediates.noindex/AddonPlatform.build/Debug/ProbeContainer.build/Objects-normal/arm64/CascadeAddonProbeContainer.SwiftFileList -DDEBUG -DRECOVERY_PROBE -DBROKER_PROVIDER -enable-bare-slash-regex -enable-experimental-feature DebugDescriptionMacro -sdk /Applications/Xcode-beta.app/Contents/Developer/Platforms/MacOSX.platform/Developer/SDKs/MacOSX27.0.sdk -target arm64-apple-macos14.0 -g -module-cache-path /Users/c4v4h/Library/Developer/Xcode/DerivedData/CascadeAddonRecoveryProbe/probe-or1q_x20/Build/ModuleCache.noindex -Xfrontend -serialize-debugging-options -index-store-path /Users/c4v4h/Library/Developer/Xcode/DerivedData/CascadeAddonRecoveryProbe/probe-or1q_x20/Build/Index.noindex/DataStore -swift-version 5 -I /Users/c4v4h/Library/Developer/Xcode/DerivedData/CascadeAddonRecoveryProbe/probe-or1q_x20/Build/Build/Products/Debug -F /Users/c4v4h/Library/Developer/Xcode/DerivedData/CascadeAddonRecoveryProbe/probe-or1q_x20/Build/Build/Products/Debug -parse-as-library -c -j8 -enable-batch-mode -incremental -Xcc -ivfsstatcache -Xcc /Users/c4v4h/Library/Developer/Xcode/DerivedData/CascadeAddonRecoveryProbe/probe-or1q_x20/Build/SDKStatCaches.noindex/macosx27.0-26A5419a-e829b21a6f8c9b70876ba0858053c04445874285e5972fffeae925c4ab065928.sdkstatcache -output-file-map /Users/c4v4h/Library/Developer/Xcode/DerivedData/CascadeAddonRecoveryProbe/probe-or1q_x20/Build/Build/Intermediates.noindex/AddonPlatform.build/Debug/ProbeContainer.build/Objects-normal/arm64/ProbeContainer-OutputFileMap.json -save-temps -no-color-diagnostics -explicit-module-build -module-cache-path /Users/c4v4h/Library/Developer/Xcode/DerivedData/CascadeAddonRecoveryProbe/probe-or1q_x20/Build/Build/Intermediates.noindex/SwiftExplicitPrecompiledModules -clang-scanner-module-cache-path /Users/c4v4h/Library/Developer/Xcode/DerivedData/CascadeAddonRecoveryProbe/probe-or1q_x20/Build/ModuleCache.noindex -sdk-module-cache-path /Users/c4v4h/Library/Developer/Xcode/DerivedData/CascadeAddonRecoveryProbe/probe-or1q_x20/Build/SDKExplicitPrecompiledModules -emit-dependencies -emit-module -emit-module-path /Users/c4v4h/Library/Developer/Xcode/DerivedData/CascadeAddonRecoveryProbe/probe-or1q_x20/Build/Build/Intermediates.noindex/AddonPlatform.build/Debug/ProbeContainer.build/Objects-normal/arm64/CascadeAddonProbeContainer.swiftmodule -serialize-diagnostics -dependency-scan-serialize-diagnostics-path /Users/c4v4h/Library/Developer/Xcode/DerivedData/CascadeAddonRecoveryProbe/probe-or1q_x20/Build/Build/Intermediates.noindex/AddonPlatform.build/Debug/ProbeContainer.build/Objects-normal/arm64/CascadeAddonProbeContainer-dependency-scan.dia -validate-clang-modules-once -clang-build-session-file /Users/c4v4h/Library/Developer/Xcode/DerivedData/CascadeAddonRecoveryProbe/probe-or1q_x20/Build/ModuleCache.noindex/Session.modulevalidation -Xcc -fmodules-prune-interval\=86400 -Xcc -fmodules-prune-after\=345600 -emit-const-values -const-gather-protocols-list /Users/c4v4h/Library/Developer/Xcode/DerivedData/CascadeAddonRecoveryProbe/probe-or1q_x20/Build/Build/Intermediates.noindex/AddonPlatform.build/Debug/ProbeContainer.build/Objects-normal/arm64/ProbeContainer_const_extract_protocols.json -Xcc -iquote -Xcc /Users/c4v4h/Library/Developer/Xcode/DerivedData/CascadeAddonRecoveryProbe/probe-or1q_x20/Build/Build/Intermediates.noindex/AddonPlatform.build/Debug/ProbeContainer.build/CascadeAddonProbeContainer-generated-files.hmap -Xcc -I/Users/c4v4h/Library/Developer/Xcode/DerivedData/CascadeAddonRecoveryProbe/probe-or1q_x20/Build/Build/Intermediates.noindex/AddonPlatform.build/Debug/ProbeContainer.build/CascadeAddonProbeContainer-own-target-headers.hmap -Xcc -I/Users/c4v4h/Library/Developer/Xcode/DerivedData/CascadeAddonRecoveryProbe/probe-or1q_x20/Build/Build/Intermediates.noindex/AddonPlatform.build/Debug/ProbeContainer.build/CascadeAddonProbeContainer-all-target-headers.hmap -Xcc -iquote -Xcc /Users/c4v4h/Library/Developer/Xcode/DerivedData/CascadeAddonRecoveryProbe/probe-or1q_x20/Build/Build/Intermediates.noindex/AddonPlatform.build/Debug/ProbeContainer.build/CascadeAddonProbeContainer-project-headers.hmap -Xcc -I/Users/c4v4h/Library/Developer/Xcode/DerivedData/CascadeAddonRecoveryProbe/probe-or1q_x20/Build/Build/Products/Debug/include -Xcc -I/Users/c4v4h/Library/Developer/Xcode/DerivedData/CascadeAddonRecoveryProbe/probe-or1q_x20/Build/Build/Intermediates.noindex/AddonPlatform.build/Debug/ProbeContainer.build/DerivedSources-normal/arm64 -Xcc -I/Users/c4v4h/Library/Developer/Xcode/DerivedData/CascadeAddonRecoveryProbe/probe-or1q_x20/Build/Build/Intermediates.noindex/AddonPlatform.build/Debug/ProbeContainer.build/DerivedSources/arm64 -Xcc -I/Users/c4v4h/Library/Developer/Xcode/DerivedData/CascadeAddonRecoveryProbe/probe-or1q_x20/Build/Build/Intermediates.noindex/AddonPlatform.build/Debug/ProbeContainer.build/DerivedSources -emit-objc-header -emit-objc-header-path /Users/c4v4h/Library/Developer/Xcode/DerivedData/CascadeAddonRecoveryProbe/probe-or1q_x20/Build/Build/Intermediates.noindex/AddonPlatform.build/Debug/ProbeContainer.build/Objects-normal/arm64/CascadeAddonProbeContainer-Swift.h -working-directory /Users/c4v4h/Library/Developer/Xcode/DerivedData/CascadeAddonRecoveryProbe/probe-or1q_x20/Sources -experimental-emit-module-separately -disable-cmo

Ld /Users/c4v4h/Library/Developer/Xcode/DerivedData/CascadeAddonRecoveryProbe/probe-or1q_x20/Build/Build/Intermediates.noindex/AddonPlatform.build/Debug/ProbeContainer.build/Objects-normal/arm64/Binary/ProbeContainer normal arm64 (in target 'ProbeContainer' from project 'AddonPlatform')
    cd /Users/c4v4h/Library/Developer/Xcode/DerivedData/CascadeAddonRecoveryProbe/probe-or1q_x20/Sources
    /Applications/Xcode-beta.app/Contents/Developer/Toolchains/XcodeDefault.xctoolchain/usr/bin/clang -Xlinker -reproducible -target arm64-apple-macos14.0 -isysroot /Applications/Xcode-beta.app/Contents/Developer/Platforms/MacOSX.platform/Developer/SDKs/MacOSX27.0.sdk -Os -Xlinker -no_warn_duplicate_libraries -L/Users/c4v4h/Library/Developer/Xcode/DerivedData/CascadeAddonRecoveryProbe/probe-or1q_x20/Build/Build/Intermediates.noindex/EagerLinkingTBDs/Debug -L/Users/c4v4h/Library/Developer/Xcode/DerivedData/CascadeAddonRecoveryProbe/probe-or1q_x20/Build/Build/Products/Debug -F/Users/c4v4h/Library/Developer/Xcode/DerivedData/CascadeAddonRecoveryProbe/probe-or1q_x20/Build/Build/Intermediates.noindex/EagerLinkingTBDs/Debug -F/Users/c4v4h/Library/Developer/Xcode/DerivedData/CascadeAddonRecoveryProbe/probe-or1q_x20/Build/Build/Products/Debug -filelist /Users/c4v4h/Library/Developer/Xcode/DerivedData/CascadeAddonRecoveryProbe/probe-or1q_x20/Build/Build/Intermediates.noindex/AddonPlatform.build/Debug/ProbeContainer.build/Objects-normal/arm64/CascadeAddonProbeContainer.LinkFileList -Xlinker -rpath -Xlinker /usr/lib/swift -Xlinker -object_path_lto -Xlinker /Users/c4v4h/Library/Developer/Xcode/DerivedData/CascadeAddonRecoveryProbe/probe-or1q_x20/Build/Build/Intermediates.noindex/AddonPlatform.build/Debug/ProbeContainer.build/Objects-normal/arm64/CascadeAddonProbeContainer_lto.o -Xlinker -dependency_info -Xlinker /Users/c4v4h/Library/Developer/Xcode/DerivedData/CascadeAddonRecoveryProbe/probe-or1q_x20/Build/Build/Intermediates.noindex/AddonPlatform.build/Debug/ProbeContainer.build/Objects-normal/arm64/CascadeAddonProbeContainer_dependency_info.dat -fobjc-link-runtime -L/Applications/Xcode-beta.app/Contents/Developer/Toolchains/XcodeDefault.xctoolchain/usr/lib/swift/macosx -L/usr/lib/swift -Xlinker -add_ast_path -Xlinker /Users/c4v4h/Library/Developer/Xcode/DerivedData/CascadeAddonRecoveryProbe/probe-or1q_x20/Build/Build/Intermediates.noindex/AddonPlatform.build/Debug/ProbeContainer.build/Objects-normal/arm64/CascadeAddonProbeContainer.swiftmodule -Xlinker -no_adhoc_codesign -o /Users/c4v4h/Library/Developer/Xcode/DerivedData/CascadeAddonRecoveryProbe/probe-or1q_x20/Build/Build/Intermediates.noindex/AddonPlatform.build/Debug/ProbeContainer.build/Objects-normal/arm64/Binary/ProbeContainer

CreateUniversalBinary /Users/c4v4h/Library/Developer/Xcode/DerivedData/CascadeAddonRecoveryProbe/probe-or1q_x20/Build/Build/Products/Debug/CascadeAddonProbeContainer.app/Contents/MacOS/ProbeContainer normal arm64\ x86_64 (in target 'ProbeContainer' from project 'AddonPlatform')
    cd /Users/c4v4h/Library/Developer/Xcode/DerivedData/CascadeAddonRecoveryProbe/probe-or1q_x20/Sources
    /Applications/Xcode-beta.app/Contents/Developer/Toolchains/XcodeDefault.xctoolchain/usr/bin/lipo -create /Users/c4v4h/Library/Developer/Xcode/DerivedData/CascadeAddonRecoveryProbe/probe-or1q_x20/Build/Build/Intermediates.noindex/AddonPlatform.build/Debug/ProbeContainer.build/Objects-normal/arm64/Binary/ProbeContainer /Users/c4v4h/Library/Developer/Xcode/DerivedData/CascadeAddonRecoveryProbe/probe-or1q_x20/Build/Build/Intermediates.noindex/AddonPlatform.build/Debug/ProbeContainer.build/Objects-normal/x86_64/Binary/ProbeContainer -output /Users/c4v4h/Library/Developer/Xcode/DerivedData/CascadeAddonRecoveryProbe/probe-or1q_x20/Build/Build/Products/Debug/CascadeAddonProbeContainer.app/Contents/MacOS/ProbeContainer

Copy /Users/c4v4h/Library/Developer/Xcode/DerivedData/CascadeAddonRecoveryProbe/probe-or1q_x20/Build/Build/Products/Debug/CascadeAddonProbeContainer.app/Contents/Extensions/CascadeProbeProvider.appex /Users/c4v4h/Library/Developer/Xcode/DerivedData/CascadeAddonRecoveryProbe/probe-or1q_x20/Build/Build/Products/Debug/CascadeProbeProvider.appex (in target 'ProbeContainer' from project 'AddonPlatform')
    cd /Users/c4v4h/Library/Developer/Xcode/DerivedData/CascadeAddonRecoveryProbe/probe-or1q_x20/Sources
    builtin-copy -exclude .DS_Store -exclude CVS -exclude .svn -exclude .git -exclude .hg -exclude Headers -exclude PrivateHeaders -exclude Modules -exclude \*.tbd -strip-unsigned-binaries -strip-deterministic -strip-tool /Applications/Xcode-beta.app/Contents/Developer/Toolchains/XcodeDefault.xctoolchain/usr/bin/strip -resolve-src-symlinks -remove-static-executable /Users/c4v4h/Library/Developer/Xcode/DerivedData/CascadeAddonRecoveryProbe/probe-or1q_x20/Build/Build/Products/Debug/CascadeProbeProvider.appex /Users/c4v4h/Library/Developer/Xcode/DerivedData/CascadeAddonRecoveryProbe/probe-or1q_x20/Build/Build/Products/Debug/CascadeAddonProbeContainer.app/Contents/Extensions
warning: not stripping binary because it is signed: /Users/c4v4h/Library/Developer/Xcode/DerivedData/CascadeAddonRecoveryProbe/probe-or1q_x20/Build/Build/Products/Debug/CascadeProbeProvider.appex/Contents/MacOS/ProbeProvider (in target 'ProbeContainer' from project 'AddonPlatform')

ProcessInfoPlistFile /Users/c4v4h/Library/Developer/Xcode/DerivedData/CascadeAddonRecoveryProbe/probe-or1q_x20/Build/Build/Products/Debug/CascadeAddonProbeContainer.app/Contents/Info.plist /Users/c4v4h/Library/Developer/Xcode/DerivedData/CascadeAddonRecoveryProbe/probe-or1q_x20/Sources/Container/Info.plist (in target 'ProbeContainer' from project 'AddonPlatform')
    cd /Users/c4v4h/Library/Developer/Xcode/DerivedData/CascadeAddonRecoveryProbe/probe-or1q_x20/Sources
    builtin-infoPlistUtility /Users/c4v4h/Library/Developer/Xcode/DerivedData/CascadeAddonRecoveryProbe/probe-or1q_x20/Sources/Container/Info.plist -producttype com.apple.product-type.application -genpkginfo /Users/c4v4h/Library/Developer/Xcode/DerivedData/CascadeAddonRecoveryProbe/probe-or1q_x20/Build/Build/Products/Debug/CascadeAddonProbeContainer.app/Contents/PkgInfo -expandbuildsettings -platform macosx -scanforprivacyfile /Users/c4v4h/Library/Developer/Xcode/DerivedData/CascadeAddonRecoveryProbe/probe-or1q_x20/Build/Build/Products/Debug/CascadeAddonProbeContainer.app/Contents/Extensions/CascadeProbeProvider.appex -o /Users/c4v4h/Library/Developer/Xcode/DerivedData/CascadeAddonRecoveryProbe/probe-or1q_x20/Build/Build/Products/Debug/CascadeAddonProbeContainer.app/Contents/Info.plist

CopySwiftLibs /Users/c4v4h/Library/Developer/Xcode/DerivedData/CascadeAddonRecoveryProbe/probe-or1q_x20/Build/Build/Products/Debug/CascadeAddonProbeContainer.app (in target 'ProbeContainer' from project 'AddonPlatform')
    cd /Users/c4v4h/Library/Developer/Xcode/DerivedData/CascadeAddonRecoveryProbe/probe-or1q_x20/Sources
    builtin-swiftStdLibTool --copy --verbose --sign 4A857D842A5406C2D3071776FDE7B27B3098FE63 --scan-executable /Users/c4v4h/Library/Developer/Xcode/DerivedData/CascadeAddonRecoveryProbe/probe-or1q_x20/Build/Build/Products/Debug/CascadeAddonProbeContainer.app/Contents/MacOS/ProbeContainer --scan-folder /Users/c4v4h/Library/Developer/Xcode/DerivedData/CascadeAddonRecoveryProbe/probe-or1q_x20/Build/Build/Products/Debug/CascadeAddonProbeContainer.app/Contents/Frameworks --scan-folder /Users/c4v4h/Library/Developer/Xcode/DerivedData/CascadeAddonRecoveryProbe/probe-or1q_x20/Build/Build/Products/Debug/CascadeAddonProbeContainer.app/Contents/PlugIns --scan-folder /Users/c4v4h/Library/Developer/Xcode/DerivedData/CascadeAddonRecoveryProbe/probe-or1q_x20/Build/Build/Products/Debug/CascadeAddonProbeContainer.app/Contents/Library/SystemExtensions --scan-folder /Users/c4v4h/Library/Developer/Xcode/DerivedData/CascadeAddonRecoveryProbe/probe-or1q_x20/Build/Build/Products/Debug/CascadeAddonProbeContainer.app/Contents/Extensions --platform macosx --toolchain /var/run/com.apple.security.cryptexd/mnt/com.apple.MobileAsset.MetalToolchain-v27.1.5252.6.a2EVDm/Metal.xctoolchain --toolchain /Applications/Xcode-beta.app/Contents/Developer/Toolchains/XcodeDefault.xctoolchain --destination /Users/c4v4h/Library/Developer/Xcode/DerivedData/CascadeAddonRecoveryProbe/probe-or1q_x20/Build/Build/Products/Debug/CascadeAddonProbeContainer.app/Contents/Frameworks --strip-bitcode --strip-bitcode-tool /Applications/Xcode-beta.app/Contents/Developer/Toolchains/XcodeDefault.xctoolchain/usr/bin/bitcode_strip --emit-dependency-info /Users/c4v4h/Library/Developer/Xcode/DerivedData/CascadeAddonRecoveryProbe/probe-or1q_x20/Build/Build/Intermediates.noindex/AddonPlatform.build/Debug/ProbeContainer.build/SwiftStdLibToolInputDependencies.dep --filter-for-swift-os --back-deploy-swift-span

ExtractAppIntentsMetadata (in target 'ProbeContainer' from project 'AddonPlatform')
    cd /Users/c4v4h/Library/Developer/Xcode/DerivedData/CascadeAddonRecoveryProbe/probe-or1q_x20/Sources
    /Applications/Xcode-beta.app/Contents/Developer/Toolchains/XcodeDefault.xctoolchain/usr/bin/appintentsmetadataprocessor --toolchain-dir /var/run/com.apple.security.cryptexd/mnt/com.apple.MobileAsset.MetalToolchain-v27.1.5252.6.a2EVDm/Metal.xctoolchain --module-name CascadeAddonProbeContainer --sdk-root /Applications/Xcode-beta.app/Contents/Developer/Platforms/MacOSX.platform/Developer/SDKs/MacOSX27.0.sdk --xcode-version 27A5252f --platform-family macOS --deployment-target 14.0 --bundle-identifier hylo.Cascade.AddonProbeContainer --output /Users/c4v4h/Library/Developer/Xcode/DerivedData/CascadeAddonRecoveryProbe/probe-or1q_x20/Build/Build/Products/Debug/CascadeAddonProbeContainer.app/Contents/Resources --target-triple arm64-apple-macos14.0 --target-triple x86_64-apple-macos14.0 --binary-file /Users/c4v4h/Library/Developer/Xcode/DerivedData/CascadeAddonRecoveryProbe/probe-or1q_x20/Build/Build/Products/Debug/CascadeAddonProbeContainer.app/Contents/MacOS/ProbeContainer --dependency-file /Users/c4v4h/Library/Developer/Xcode/DerivedData/CascadeAddonRecoveryProbe/probe-or1q_x20/Build/Build/Intermediates.noindex/AddonPlatform.build/Debug/ProbeContainer.build/Objects-normal/arm64/CascadeAddonProbeContainer_dependency_info.dat --dependency-file /Users/c4v4h/Library/Developer/Xcode/DerivedData/CascadeAddonRecoveryProbe/probe-or1q_x20/Build/Build/Intermediates.noindex/AddonPlatform.build/Debug/ProbeContainer.build/Objects-normal/x86_64/CascadeAddonProbeContainer_dependency_info.dat --stringsdata-file /Users/c4v4h/Library/Developer/Xcode/DerivedData/CascadeAddonRecoveryProbe/probe-or1q_x20/Build/Build/Intermediates.noindex/AddonPlatform.build/Debug/ProbeContainer.build/Objects-normal/arm64/ExtractedAppShortcutsMetadata.stringsdata --stringsdata-file /Users/c4v4h/Library/Developer/Xcode/DerivedData/CascadeAddonRecoveryProbe/probe-or1q_x20/Build/Build/Intermediates.noindex/AddonPlatform.build/Debug/ProbeContainer.build/Objects-normal/x86_64/ExtractedAppShortcutsMetadata.stringsdata --source-file-list /Users/c4v4h/Library/Developer/Xcode/DerivedData/CascadeAddonRecoveryProbe/probe-or1q_x20/Build/Build/Intermediates.noindex/AddonPlatform.build/Debug/ProbeContainer.build/Objects-normal/arm64/CascadeAddonProbeContainer.SwiftFileList --source-file-list /Users/c4v4h/Library/Developer/Xcode/DerivedData/CascadeAddonRecoveryProbe/probe-or1q_x20/Build/Build/Intermediates.noindex/AddonPlatform.build/Debug/ProbeContainer.build/Objects-normal/x86_64/CascadeAddonProbeContainer.SwiftFileList --metadata-file-list /Users/c4v4h/Library/Developer/Xcode/DerivedData/CascadeAddonRecoveryProbe/probe-or1q_x20/Build/Build/Intermediates.noindex/AddonPlatform.build/Debug/ProbeContainer.build/CascadeAddonProbeContainer.DependencyMetadataFileList --static-metadata-file-list /Users/c4v4h/Library/Developer/Xcode/DerivedData/CascadeAddonRecoveryProbe/probe-or1q_x20/Build/Build/Intermediates.noindex/AddonPlatform.build/Debug/ProbeContainer.build/CascadeAddonProbeContainer.DependencyStaticMetadataFileList --swift-const-vals-list /Users/c4v4h/Library/Developer/Xcode/DerivedData/CascadeAddonRecoveryProbe/probe-or1q_x20/Build/Build/Intermediates.noindex/AddonPlatform.build/Debug/ProbeContainer.build/Objects-normal/arm64/CascadeAddonProbeContainer.SwiftConstValuesFileList --swift-const-vals-list /Users/c4v4h/Library/Developer/Xcode/DerivedData/CascadeAddonRecoveryProbe/probe-or1q_x20/Build/Build/Intermediates.noindex/AddonPlatform.build/Debug/ProbeContainer.build/Objects-normal/x86_64/CascadeAddonProbeContainer.SwiftConstValuesFileList --compile-time-extraction --deployment-aware-processing --no-app-shortcuts-localization
2026-09-25 17:22:49.886 appintentsmetadataprocessor[57872:1977900] Starting appintentsmetadataprocessor export
2026-09-25 17:22:49.888 appintentsmetadataprocessor[57872:1977900] warning: Metadata extraction skipped, no AppIntents.framework dependency found

CodeSign /Users/c4v4h/Library/Developer/Xcode/DerivedData/CascadeAddonRecoveryProbe/probe-or1q_x20/Build/Build/Products/Debug/CascadeAddonProbeContainer.app (in target 'ProbeContainer' from project 'AddonPlatform')
    cd /Users/c4v4h/Library/Developer/Xcode/DerivedData/CascadeAddonRecoveryProbe/probe-or1q_x20/Sources
    
    Signing Identity:     "Apple Development: cavallerolore@icloud.com (MRZYW8THXH)"
    
    /usr/bin/codesign --force --sign 4A857D842A5406C2D3071776FDE7B27B3098FE63 -o runtime --timestamp\=none --generate-entitlement-der /Users/c4v4h/Library/Developer/Xcode/DerivedData/CascadeAddonRecoveryProbe/probe-or1q_x20/Build/Build/Products/Debug/CascadeAddonProbeContainer.app

ValidateEmbeddedBinary /Users/c4v4h/Library/Developer/Xcode/DerivedData/CascadeAddonRecoveryProbe/probe-or1q_x20/Build/Build/Products/Debug/CascadeAddonProbeContainer.app/Contents/Extensions/CascadeProbeProvider.appex (in target 'ProbeContainer' from project 'AddonPlatform')
    cd /Users/c4v4h/Library/Developer/Xcode/DerivedData/CascadeAddonRecoveryProbe/probe-or1q_x20/Sources
    /Applications/Xcode-beta.app/Contents/Developer/usr/bin/embeddedBinaryValidationUtility /Users/c4v4h/Library/Developer/Xcode/DerivedData/CascadeAddonRecoveryProbe/probe-or1q_x20/Build/Build/Products/Debug/CascadeAddonProbeContainer.app/Contents/Extensions/CascadeProbeProvider.appex -signing-cert 4A857D842A5406C2D3071776FDE7B27B3098FE63 -info-plist-path /Users/c4v4h/Library/Developer/Xcode/DerivedData/CascadeAddonRecoveryProbe/probe-or1q_x20/Build/Build/Products/Debug/CascadeAddonProbeContainer.app/Contents/Info.plist

RegisterExecutionPolicyException /Users/c4v4h/Library/Developer/Xcode/DerivedData/CascadeAddonRecoveryProbe/probe-or1q_x20/Build/Build/Products/Debug/CascadeAddonProbeContainer.app (in target 'ProbeContainer' from project 'AddonPlatform')
    cd /Users/c4v4h/Library/Developer/Xcode/DerivedData/CascadeAddonRecoveryProbe/probe-or1q_x20/Sources
    builtin-RegisterExecutionPolicyException /Users/c4v4h/Library/Developer/Xcode/DerivedData/CascadeAddonRecoveryProbe/probe-or1q_x20/Build/Build/Products/Debug/CascadeAddonProbeContainer.app

Validate /Users/c4v4h/Library/Developer/Xcode/DerivedData/CascadeAddonRecoveryProbe/probe-or1q_x20/Build/Build/Products/Debug/CascadeAddonProbeContainer.app (in target 'ProbeContainer' from project 'AddonPlatform')
    cd /Users/c4v4h/Library/Developer/Xcode/DerivedData/CascadeAddonRecoveryProbe/probe-or1q_x20/Sources
    builtin-validationUtility /Users/c4v4h/Library/Developer/Xcode/DerivedData/CascadeAddonRecoveryProbe/probe-or1q_x20/Build/Build/Products/Debug/CascadeAddonProbeContainer.app -no-validate-extension -infoplist-subpath Contents/Info.plist

RegisterWithLaunchServices /Users/c4v4h/Library/Developer/Xcode/DerivedData/CascadeAddonRecoveryProbe/probe-or1q_x20/Build/Build/Products/Debug/CascadeAddonProbeContainer.app (in target 'ProbeContainer' from project 'AddonPlatform')
    cd /Users/c4v4h/Library/Developer/Xcode/DerivedData/CascadeAddonRecoveryProbe/probe-or1q_x20/Sources
    builtin-lsregisterurl --record-path /Users/c4v4h/Library/Developer/Xcode/DerivedData/CascadeAddonRecoveryProbe/probe-or1q_x20/Build/Build/Intermediates.noindex/XCBuildData/registered-launchservices.txt -- /System/Library/Frameworks/CoreServices.framework/Versions/Current/Frameworks/LaunchServices.framework/Versions/Current/Support/lsregister -f -R -trusted /Users/c4v4h/Library/Developer/Xcode/DerivedData/CascadeAddonRecoveryProbe/probe-or1q_x20/Build/Build/Products/Debug/CascadeAddonProbeContainer.app

Touch /Users/c4v4h/Library/Developer/Xcode/DerivedData/CascadeAddonRecoveryProbe/probe-or1q_x20/Build/Build/Products/Debug/CascadeAddonProbeContainer.app (in target 'ProbeContainer' from project 'AddonPlatform')
    cd /Users/c4v4h/Library/Developer/Xcode/DerivedData/CascadeAddonRecoveryProbe/probe-or1q_x20/Sources
    /usr/bin/touch -c /Users/c4v4h/Library/Developer/Xcode/DerivedData/CascadeAddonRecoveryProbe/probe-or1q_x20/Build/Build/Products/Debug/CascadeAddonProbeContainer.app

SwiftDriverJobDiscovery normal x86_64 Compiling ProbeHost.swift (in target 'ProbeHost' from project 'AddonPlatform')

SwiftDriver\ Compilation ProbeHost normal x86_64 com.apple.xcode.tools.swift.compiler (in target 'ProbeHost' from project 'AddonPlatform')
    cd /Users/c4v4h/Library/Developer/Xcode/DerivedData/CascadeAddonRecoveryProbe/probe-or1q_x20/Sources
    builtin-Swift-Compilation -- /Applications/Xcode-beta.app/Contents/Developer/Toolchains/XcodeDefault.xctoolchain/usr/bin/swiftc -module-name CascadeAddonProbe -Onone @/Users/c4v4h/Library/Developer/Xcode/DerivedData/CascadeAddonRecoveryProbe/probe-or1q_x20/Build/Build/Intermediates.noindex/AddonPlatform.build/Debug/ProbeHost.build/Objects-normal/x86_64/CascadeAddonProbe.SwiftFileList -DDEBUG -DRECOVERY_PROBE -DBROKER_PROVIDER -enable-bare-slash-regex -enable-experimental-feature DebugDescriptionMacro -sdk /Applications/Xcode-beta.app/Contents/Developer/Platforms/MacOSX.platform/Developer/SDKs/MacOSX27.0.sdk -target x86_64-apple-macos14.0 -g -module-cache-path /Users/c4v4h/Library/Developer/Xcode/DerivedData/CascadeAddonRecoveryProbe/probe-or1q_x20/Build/ModuleCache.noindex -Xfrontend -serialize-debugging-options -index-store-path /Users/c4v4h/Library/Developer/Xcode/DerivedData/CascadeAddonRecoveryProbe/probe-or1q_x20/Build/Index.noindex/DataStore -swift-version 5 -I /Users/c4v4h/Library/Developer/Xcode/DerivedData/CascadeAddonRecoveryProbe/probe-or1q_x20/Build/Build/Products/Debug -F /Users/c4v4h/Library/Developer/Xcode/DerivedData/CascadeAddonRecoveryProbe/probe-or1q_x20/Build/Build/Products/Debug -c -j8 -enable-batch-mode -incremental -Xcc -ivfsstatcache -Xcc /Users/c4v4h/Library/Developer/Xcode/DerivedData/CascadeAddonRecoveryProbe/probe-or1q_x20/Build/SDKStatCaches.noindex/macosx27.0-26A5419a-e829b21a6f8c9b70876ba0858053c04445874285e5972fffeae925c4ab065928.sdkstatcache -output-file-map /Users/c4v4h/Library/Developer/Xcode/DerivedData/CascadeAddonRecoveryProbe/probe-or1q_x20/Build/Build/Intermediates.noindex/AddonPlatform.build/Debug/ProbeHost.build/Objects-normal/x86_64/ProbeHost-OutputFileMap.json -save-temps -no-color-diagnostics -explicit-module-build -module-cache-path /Users/c4v4h/Library/Developer/Xcode/DerivedData/CascadeAddonRecoveryProbe/probe-or1q_x20/Build/Build/Intermediates.noindex/SwiftExplicitPrecompiledModules -clang-scanner-module-cache-path /Users/c4v4h/Library/Developer/Xcode/DerivedData/CascadeAddonRecoveryProbe/probe-or1q_x20/Build/ModuleCache.noindex -sdk-module-cache-path /Users/c4v4h/Library/Developer/Xcode/DerivedData/CascadeAddonRecoveryProbe/probe-or1q_x20/Build/SDKExplicitPrecompiledModules -emit-dependencies -emit-module -emit-module-path /Users/c4v4h/Library/Developer/Xcode/DerivedData/CascadeAddonRecoveryProbe/probe-or1q_x20/Build/Build/Intermediates.noindex/AddonPlatform.build/Debug/ProbeHost.build/Objects-normal/x86_64/CascadeAddonProbe.swiftmodule -serialize-diagnostics -dependency-scan-serialize-diagnostics-path /Users/c4v4h/Library/Developer/Xcode/DerivedData/CascadeAddonRecoveryProbe/probe-or1q_x20/Build/Build/Intermediates.noindex/AddonPlatform.build/Debug/ProbeHost.build/Objects-normal/x86_64/CascadeAddonProbe-dependency-scan.dia -validate-clang-modules-once -clang-build-session-file /Users/c4v4h/Library/Developer/Xcode/DerivedData/CascadeAddonRecoveryProbe/probe-or1q_x20/Build/ModuleCache.noindex/Session.modulevalidation -Xcc -fmodules-prune-interval\=86400 -Xcc -fmodules-prune-after\=345600 -emit-const-values -const-gather-protocols-list /Users/c4v4h/Library/Developer/Xcode/DerivedData/CascadeAddonRecoveryProbe/probe-or1q_x20/Build/Build/Intermediates.noindex/AddonPlatform.build/Debug/ProbeHost.build/Objects-normal/x86_64/ProbeHost_const_extract_protocols.json -Xcc -iquote -Xcc /Users/c4v4h/Library/Developer/Xcode/DerivedData/CascadeAddonRecoveryProbe/probe-or1q_x20/Build/Build/Intermediates.noindex/AddonPlatform.build/Debug/ProbeHost.build/CascadeAddonProbe-generated-files.hmap -Xcc -I/Users/c4v4h/Library/Developer/Xcode/DerivedData/CascadeAddonRecoveryProbe/probe-or1q_x20/Build/Build/Intermediates.noindex/AddonPlatform.build/Debug/ProbeHost.build/CascadeAddonProbe-own-target-headers.hmap -Xcc -I/Users/c4v4h/Library/Developer/Xcode/DerivedData/CascadeAddonRecoveryProbe/probe-or1q_x20/Build/Build/Intermediates.noindex/AddonPlatform.build/Debug/ProbeHost.build/CascadeAddonProbe-all-target-headers.hmap -Xcc -iquote -Xcc /Users/c4v4h/Library/Developer/Xcode/DerivedData/CascadeAddonRecoveryProbe/probe-or1q_x20/Build/Build/Intermediates.noindex/AddonPlatform.build/Debug/ProbeHost.build/CascadeAddonProbe-project-headers.hmap -Xcc -I/Users/c4v4h/Library/Developer/Xcode/DerivedData/CascadeAddonRecoveryProbe/probe-or1q_x20/Build/Build/Products/Debug/include -Xcc -I/Users/c4v4h/Library/Developer/Xcode/DerivedData/CascadeAddonRecoveryProbe/probe-or1q_x20/Build/Build/Intermediates.noindex/AddonPlatform.build/Debug/ProbeHost.build/DerivedSources-normal/x86_64 -Xcc -I/Users/c4v4h/Library/Developer/Xcode/DerivedData/CascadeAddonRecoveryProbe/probe-or1q_x20/Build/Build/Intermediates.noindex/AddonPlatform.build/Debug/ProbeHost.build/DerivedSources/x86_64 -Xcc -I/Users/c4v4h/Library/Developer/Xcode/DerivedData/CascadeAddonRecoveryProbe/probe-or1q_x20/Build/Build/Intermediates.noindex/AddonPlatform.build/Debug/ProbeHost.build/DerivedSources -emit-objc-header -emit-objc-header-path /Users/c4v4h/Library/Developer/Xcode/DerivedData/CascadeAddonRecoveryProbe/probe-or1q_x20/Build/Build/Intermediates.noindex/AddonPlatform.build/Debug/ProbeHost.build/Objects-normal/x86_64/CascadeAddonProbe-Swift.h -working-directory /Users/c4v4h/Library/Developer/Xcode/DerivedData/CascadeAddonRecoveryProbe/probe-or1q_x20/Sources -experimental-emit-module-separately -disable-cmo

Ld /Users/c4v4h/Library/Developer/Xcode/DerivedData/CascadeAddonRecoveryProbe/probe-or1q_x20/Build/Build/Intermediates.noindex/AddonPlatform.build/Debug/ProbeHost.build/Objects-normal/x86_64/Binary/ProbeHost normal x86_64 (in target 'ProbeHost' from project 'AddonPlatform')
    cd /Users/c4v4h/Library/Developer/Xcode/DerivedData/CascadeAddonRecoveryProbe/probe-or1q_x20/Sources
    /Applications/Xcode-beta.app/Contents/Developer/Toolchains/XcodeDefault.xctoolchain/usr/bin/clang -Xlinker -reproducible -target x86_64-apple-macos14.0 -isysroot /Applications/Xcode-beta.app/Contents/Developer/Platforms/MacOSX.platform/Developer/SDKs/MacOSX27.0.sdk -Os -Xlinker -no_warn_duplicate_libraries -L/Users/c4v4h/Library/Developer/Xcode/DerivedData/CascadeAddonRecoveryProbe/probe-or1q_x20/Build/Build/Intermediates.noindex/EagerLinkingTBDs/Debug -L/Users/c4v4h/Library/Developer/Xcode/DerivedData/CascadeAddonRecoveryProbe/probe-or1q_x20/Build/Build/Products/Debug -F/Users/c4v4h/Library/Developer/Xcode/DerivedData/CascadeAddonRecoveryProbe/probe-or1q_x20/Build/Build/Intermediates.noindex/EagerLinkingTBDs/Debug -F/Users/c4v4h/Library/Developer/Xcode/DerivedData/CascadeAddonRecoveryProbe/probe-or1q_x20/Build/Build/Products/Debug -filelist /Users/c4v4h/Library/Developer/Xcode/DerivedData/CascadeAddonRecoveryProbe/probe-or1q_x20/Build/Build/Intermediates.noindex/AddonPlatform.build/Debug/ProbeHost.build/Objects-normal/x86_64/CascadeAddonProbe.LinkFileList -Xlinker -rpath -Xlinker /usr/lib/swift -Xlinker -object_path_lto -Xlinker /Users/c4v4h/Library/Developer/Xcode/DerivedData/CascadeAddonRecoveryProbe/probe-or1q_x20/Build/Build/Intermediates.noindex/AddonPlatform.build/Debug/ProbeHost.build/Objects-normal/x86_64/CascadeAddonProbe_lto.o -Xlinker -dependency_info -Xlinker /Users/c4v4h/Library/Developer/Xcode/DerivedData/CascadeAddonRecoveryProbe/probe-or1q_x20/Build/Build/Intermediates.noindex/AddonPlatform.build/Debug/ProbeHost.build/Objects-normal/x86_64/CascadeAddonProbe_dependency_info.dat -fobjc-link-runtime -L/Applications/Xcode-beta.app/Contents/Developer/Toolchains/XcodeDefault.xctoolchain/usr/lib/swift/macosx -L/usr/lib/swift -Xlinker -add_ast_path -Xlinker /Users/c4v4h/Library/Developer/Xcode/DerivedData/CascadeAddonRecoveryProbe/probe-or1q_x20/Build/Build/Intermediates.noindex/AddonPlatform.build/Debug/ProbeHost.build/Objects-normal/x86_64/CascadeAddonProbe.swiftmodule -Xlinker -no_adhoc_codesign -o /Users/c4v4h/Library/Developer/Xcode/DerivedData/CascadeAddonRecoveryProbe/probe-or1q_x20/Build/Build/Intermediates.noindex/AddonPlatform.build/Debug/ProbeHost.build/Objects-normal/x86_64/Binary/ProbeHost

SwiftDriverJobDiscovery normal arm64 Compiling ProbeHost.swift (in target 'ProbeHost' from project 'AddonPlatform')

SwiftDriver\ Compilation ProbeHost normal arm64 com.apple.xcode.tools.swift.compiler (in target 'ProbeHost' from project 'AddonPlatform')
    cd /Users/c4v4h/Library/Developer/Xcode/DerivedData/CascadeAddonRecoveryProbe/probe-or1q_x20/Sources
    builtin-Swift-Compilation -- /Applications/Xcode-beta.app/Contents/Developer/Toolchains/XcodeDefault.xctoolchain/usr/bin/swiftc -module-name CascadeAddonProbe -Onone @/Users/c4v4h/Library/Developer/Xcode/DerivedData/CascadeAddonRecoveryProbe/probe-or1q_x20/Build/Build/Intermediates.noindex/AddonPlatform.build/Debug/ProbeHost.build/Objects-normal/arm64/CascadeAddonProbe.SwiftFileList -DDEBUG -DRECOVERY_PROBE -DBROKER_PROVIDER -enable-bare-slash-regex -enable-experimental-feature DebugDescriptionMacro -sdk /Applications/Xcode-beta.app/Contents/Developer/Platforms/MacOSX.platform/Developer/SDKs/MacOSX27.0.sdk -target arm64-apple-macos14.0 -g -module-cache-path /Users/c4v4h/Library/Developer/Xcode/DerivedData/CascadeAddonRecoveryProbe/probe-or1q_x20/Build/ModuleCache.noindex -Xfrontend -serialize-debugging-options -index-store-path /Users/c4v4h/Library/Developer/Xcode/DerivedData/CascadeAddonRecoveryProbe/probe-or1q_x20/Build/Index.noindex/DataStore -swift-version 5 -I /Users/c4v4h/Library/Developer/Xcode/DerivedData/CascadeAddonRecoveryProbe/probe-or1q_x20/Build/Build/Products/Debug -F /Users/c4v4h/Library/Developer/Xcode/DerivedData/CascadeAddonRecoveryProbe/probe-or1q_x20/Build/Build/Products/Debug -c -j8 -enable-batch-mode -incremental -Xcc -ivfsstatcache -Xcc /Users/c4v4h/Library/Developer/Xcode/DerivedData/CascadeAddonRecoveryProbe/probe-or1q_x20/Build/SDKStatCaches.noindex/macosx27.0-26A5419a-e829b21a6f8c9b70876ba0858053c04445874285e5972fffeae925c4ab065928.sdkstatcache -output-file-map /Users/c4v4h/Library/Developer/Xcode/DerivedData/CascadeAddonRecoveryProbe/probe-or1q_x20/Build/Build/Intermediates.noindex/AddonPlatform.build/Debug/ProbeHost.build/Objects-normal/arm64/ProbeHost-OutputFileMap.json -save-temps -no-color-diagnostics -explicit-module-build -module-cache-path /Users/c4v4h/Library/Developer/Xcode/DerivedData/CascadeAddonRecoveryProbe/probe-or1q_x20/Build/Build/Intermediates.noindex/SwiftExplicitPrecompiledModules -clang-scanner-module-cache-path /Users/c4v4h/Library/Developer/Xcode/DerivedData/CascadeAddonRecoveryProbe/probe-or1q_x20/Build/ModuleCache.noindex -sdk-module-cache-path /Users/c4v4h/Library/Developer/Xcode/DerivedData/CascadeAddonRecoveryProbe/probe-or1q_x20/Build/SDKExplicitPrecompiledModules -emit-dependencies -emit-module -emit-module-path /Users/c4v4h/Library/Developer/Xcode/DerivedData/CascadeAddonRecoveryProbe/probe-or1q_x20/Build/Build/Intermediates.noindex/AddonPlatform.build/Debug/ProbeHost.build/Objects-normal/arm64/CascadeAddonProbe.swiftmodule -serialize-diagnostics -dependency-scan-serialize-diagnostics-path /Users/c4v4h/Library/Developer/Xcode/DerivedData/CascadeAddonRecoveryProbe/probe-or1q_x20/Build/Build/Intermediates.noindex/AddonPlatform.build/Debug/ProbeHost.build/Objects-normal/arm64/CascadeAddonProbe-dependency-scan.dia -validate-clang-modules-once -clang-build-session-file /Users/c4v4h/Library/Developer/Xcode/DerivedData/CascadeAddonRecoveryProbe/probe-or1q_x20/Build/ModuleCache.noindex/Session.modulevalidation -Xcc -fmodules-prune-interval\=86400 -Xcc -fmodules-prune-after\=345600 -emit-const-values -const-gather-protocols-list /Users/c4v4h/Library/Developer/Xcode/DerivedData/CascadeAddonRecoveryProbe/probe-or1q_x20/Build/Build/Intermediates.noindex/AddonPlatform.build/Debug/ProbeHost.build/Objects-normal/arm64/ProbeHost_const_extract_protocols.json -Xcc -iquote -Xcc /Users/c4v4h/Library/Developer/Xcode/DerivedData/CascadeAddonRecoveryProbe/probe-or1q_x20/Build/Build/Intermediates.noindex/AddonPlatform.build/Debug/ProbeHost.build/CascadeAddonProbe-generated-files.hmap -Xcc -I/Users/c4v4h/Library/Developer/Xcode/DerivedData/CascadeAddonRecoveryProbe/probe-or1q_x20/Build/Build/Intermediates.noindex/AddonPlatform.build/Debug/ProbeHost.build/CascadeAddonProbe-own-target-headers.hmap -Xcc -I/Users/c4v4h/Library/Developer/Xcode/DerivedData/CascadeAddonRecoveryProbe/probe-or1q_x20/Build/Build/Intermediates.noindex/AddonPlatform.build/Debug/ProbeHost.build/CascadeAddonProbe-all-target-headers.hmap -Xcc -iquote -Xcc /Users/c4v4h/Library/Developer/Xcode/DerivedData/CascadeAddonRecoveryProbe/probe-or1q_x20/Build/Build/Intermediates.noindex/AddonPlatform.build/Debug/ProbeHost.build/CascadeAddonProbe-project-headers.hmap -Xcc -I/Users/c4v4h/Library/Developer/Xcode/DerivedData/CascadeAddonRecoveryProbe/probe-or1q_x20/Build/Build/Products/Debug/include -Xcc -I/Users/c4v4h/Library/Developer/Xcode/DerivedData/CascadeAddonRecoveryProbe/probe-or1q_x20/Build/Build/Intermediates.noindex/AddonPlatform.build/Debug/ProbeHost.build/DerivedSources-normal/arm64 -Xcc -I/Users/c4v4h/Library/Developer/Xcode/DerivedData/CascadeAddonRecoveryProbe/probe-or1q_x20/Build/Build/Intermediates.noindex/AddonPlatform.build/Debug/ProbeHost.build/DerivedSources/arm64 -Xcc -I/Users/c4v4h/Library/Developer/Xcode/DerivedData/CascadeAddonRecoveryProbe/probe-or1q_x20/Build/Build/Intermediates.noindex/AddonPlatform.build/Debug/ProbeHost.build/DerivedSources -emit-objc-header -emit-objc-header-path /Users/c4v4h/Library/Developer/Xcode/DerivedData/CascadeAddonRecoveryProbe/probe-or1q_x20/Build/Build/Intermediates.noindex/AddonPlatform.build/Debug/ProbeHost.build/Objects-normal/arm64/CascadeAddonProbe-Swift.h -working-directory /Users/c4v4h/Library/Developer/Xcode/DerivedData/CascadeAddonRecoveryProbe/probe-or1q_x20/Sources -experimental-emit-module-separately -disable-cmo

Ld /Users/c4v4h/Library/Developer/Xcode/DerivedData/CascadeAddonRecoveryProbe/probe-or1q_x20/Build/Build/Intermediates.noindex/AddonPlatform.build/Debug/ProbeHost.build/Objects-normal/arm64/Binary/ProbeHost normal arm64 (in target 'ProbeHost' from project 'AddonPlatform')
    cd /Users/c4v4h/Library/Developer/Xcode/DerivedData/CascadeAddonRecoveryProbe/probe-or1q_x20/Sources
    /Applications/Xcode-beta.app/Contents/Developer/Toolchains/XcodeDefault.xctoolchain/usr/bin/clang -Xlinker -reproducible -target arm64-apple-macos14.0 -isysroot /Applications/Xcode-beta.app/Contents/Developer/Platforms/MacOSX.platform/Developer/SDKs/MacOSX27.0.sdk -Os -Xlinker -no_warn_duplicate_libraries -L/Users/c4v4h/Library/Developer/Xcode/DerivedData/CascadeAddonRecoveryProbe/probe-or1q_x20/Build/Build/Intermediates.noindex/EagerLinkingTBDs/Debug -L/Users/c4v4h/Library/Developer/Xcode/DerivedData/CascadeAddonRecoveryProbe/probe-or1q_x20/Build/Build/Products/Debug -F/Users/c4v4h/Library/Developer/Xcode/DerivedData/CascadeAddonRecoveryProbe/probe-or1q_x20/Build/Build/Intermediates.noindex/EagerLinkingTBDs/Debug -F/Users/c4v4h/Library/Developer/Xcode/DerivedData/CascadeAddonRecoveryProbe/probe-or1q_x20/Build/Build/Products/Debug -filelist /Users/c4v4h/Library/Developer/Xcode/DerivedData/CascadeAddonRecoveryProbe/probe-or1q_x20/Build/Build/Intermediates.noindex/AddonPlatform.build/Debug/ProbeHost.build/Objects-normal/arm64/CascadeAddonProbe.LinkFileList -Xlinker -rpath -Xlinker /usr/lib/swift -Xlinker -object_path_lto -Xlinker /Users/c4v4h/Library/Developer/Xcode/DerivedData/CascadeAddonRecoveryProbe/probe-or1q_x20/Build/Build/Intermediates.noindex/AddonPlatform.build/Debug/ProbeHost.build/Objects-normal/arm64/CascadeAddonProbe_lto.o -Xlinker -dependency_info -Xlinker /Users/c4v4h/Library/Developer/Xcode/DerivedData/CascadeAddonRecoveryProbe/probe-or1q_x20/Build/Build/Intermediates.noindex/AddonPlatform.build/Debug/ProbeHost.build/Objects-normal/arm64/CascadeAddonProbe_dependency_info.dat -fobjc-link-runtime -L/Applications/Xcode-beta.app/Contents/Developer/Toolchains/XcodeDefault.xctoolchain/usr/lib/swift/macosx -L/usr/lib/swift -Xlinker -add_ast_path -Xlinker /Users/c4v4h/Library/Developer/Xcode/DerivedData/CascadeAddonRecoveryProbe/probe-or1q_x20/Build/Build/Intermediates.noindex/AddonPlatform.build/Debug/ProbeHost.build/Objects-normal/arm64/CascadeAddonProbe.swiftmodule -Xlinker -no_adhoc_codesign -o /Users/c4v4h/Library/Developer/Xcode/DerivedData/CascadeAddonRecoveryProbe/probe-or1q_x20/Build/Build/Intermediates.noindex/AddonPlatform.build/Debug/ProbeHost.build/Objects-normal/arm64/Binary/ProbeHost

CreateUniversalBinary /Users/c4v4h/Library/Developer/Xcode/DerivedData/CascadeAddonRecoveryProbe/probe-or1q_x20/Build/Build/Products/Debug/CascadeAddonProbe.app/Contents/MacOS/ProbeHost normal arm64\ x86_64 (in target 'ProbeHost' from project 'AddonPlatform')
    cd /Users/c4v4h/Library/Developer/Xcode/DerivedData/CascadeAddonRecoveryProbe/probe-or1q_x20/Sources
    /Applications/Xcode-beta.app/Contents/Developer/Toolchains/XcodeDefault.xctoolchain/usr/bin/lipo -create /Users/c4v4h/Library/Developer/Xcode/DerivedData/CascadeAddonRecoveryProbe/probe-or1q_x20/Build/Build/Intermediates.noindex/AddonPlatform.build/Debug/ProbeHost.build/Objects-normal/arm64/Binary/ProbeHost /Users/c4v4h/Library/Developer/Xcode/DerivedData/CascadeAddonRecoveryProbe/probe-or1q_x20/Build/Build/Intermediates.noindex/AddonPlatform.build/Debug/ProbeHost.build/Objects-normal/x86_64/Binary/ProbeHost -output /Users/c4v4h/Library/Developer/Xcode/DerivedData/CascadeAddonRecoveryProbe/probe-or1q_x20/Build/Build/Products/Debug/CascadeAddonProbe.app/Contents/MacOS/ProbeHost

Copy /Users/c4v4h/Library/Developer/Xcode/DerivedData/CascadeAddonRecoveryProbe/probe-or1q_x20/Build/Build/Products/Debug/CascadeAddonProbe.app/Contents/Extensions/Probe.appextensionpoint /Users/c4v4h/Library/Developer/Xcode/DerivedData/CascadeAddonRecoveryProbe/probe-or1q_x20/Sources/Host/Probe.appextensionpoint (in target 'ProbeHost' from project 'AddonPlatform')
    cd /Users/c4v4h/Library/Developer/Xcode/DerivedData/CascadeAddonRecoveryProbe/probe-or1q_x20/Sources
    builtin-copy -exclude .DS_Store -exclude CVS -exclude .svn -exclude .git -exclude .hg -strip-unsigned-binaries -strip-deterministic -strip-tool /Applications/Xcode-beta.app/Contents/Developer/Toolchains/XcodeDefault.xctoolchain/usr/bin/strip -resolve-src-symlinks -remove-static-executable /Users/c4v4h/Library/Developer/Xcode/DerivedData/CascadeAddonRecoveryProbe/probe-or1q_x20/Sources/Host/Probe.appextensionpoint /Users/c4v4h/Library/Developer/Xcode/DerivedData/CascadeAddonRecoveryProbe/probe-or1q_x20/Build/Build/Products/Debug/CascadeAddonProbe.app/Contents/Extensions

CopySwiftLibs /Users/c4v4h/Library/Developer/Xcode/DerivedData/CascadeAddonRecoveryProbe/probe-or1q_x20/Build/Build/Products/Debug/CascadeAddonProbe.app (in target 'ProbeHost' from project 'AddonPlatform')
    cd /Users/c4v4h/Library/Developer/Xcode/DerivedData/CascadeAddonRecoveryProbe/probe-or1q_x20/Sources
    builtin-swiftStdLibTool --copy --verbose --sign 4A857D842A5406C2D3071776FDE7B27B3098FE63 --scan-executable /Users/c4v4h/Library/Developer/Xcode/DerivedData/CascadeAddonRecoveryProbe/probe-or1q_x20/Build/Build/Products/Debug/CascadeAddonProbe.app/Contents/MacOS/ProbeHost --scan-folder /Users/c4v4h/Library/Developer/Xcode/DerivedData/CascadeAddonRecoveryProbe/probe-or1q_x20/Build/Build/Products/Debug/CascadeAddonProbe.app/Contents/Frameworks --scan-folder /Users/c4v4h/Library/Developer/Xcode/DerivedData/CascadeAddonRecoveryProbe/probe-or1q_x20/Build/Build/Products/Debug/CascadeAddonProbe.app/Contents/PlugIns --scan-folder /Users/c4v4h/Library/Developer/Xcode/DerivedData/CascadeAddonRecoveryProbe/probe-or1q_x20/Build/Build/Products/Debug/CascadeAddonProbe.app/Contents/Library/SystemExtensions --scan-folder /Users/c4v4h/Library/Developer/Xcode/DerivedData/CascadeAddonRecoveryProbe/probe-or1q_x20/Build/Build/Products/Debug/CascadeAddonProbe.app/Contents/Extensions --platform macosx --toolchain /var/run/com.apple.security.cryptexd/mnt/com.apple.MobileAsset.MetalToolchain-v27.1.5252.6.a2EVDm/Metal.xctoolchain --toolchain /Applications/Xcode-beta.app/Contents/Developer/Toolchains/XcodeDefault.xctoolchain --destination /Users/c4v4h/Library/Developer/Xcode/DerivedData/CascadeAddonRecoveryProbe/probe-or1q_x20/Build/Build/Products/Debug/CascadeAddonProbe.app/Contents/Frameworks --strip-bitcode --strip-bitcode-tool /Applications/Xcode-beta.app/Contents/Developer/Toolchains/XcodeDefault.xctoolchain/usr/bin/bitcode_strip --emit-dependency-info /Users/c4v4h/Library/Developer/Xcode/DerivedData/CascadeAddonRecoveryProbe/probe-or1q_x20/Build/Build/Intermediates.noindex/AddonPlatform.build/Debug/ProbeHost.build/SwiftStdLibToolInputDependencies.dep --filter-for-swift-os --back-deploy-swift-span

ExtractAppIntentsMetadata (in target 'ProbeHost' from project 'AddonPlatform')
    cd /Users/c4v4h/Library/Developer/Xcode/DerivedData/CascadeAddonRecoveryProbe/probe-or1q_x20/Sources
    /Applications/Xcode-beta.app/Contents/Developer/Toolchains/XcodeDefault.xctoolchain/usr/bin/appintentsmetadataprocessor --toolchain-dir /var/run/com.apple.security.cryptexd/mnt/com.apple.MobileAsset.MetalToolchain-v27.1.5252.6.a2EVDm/Metal.xctoolchain --module-name CascadeAddonProbe --sdk-root /Applications/Xcode-beta.app/Contents/Developer/Platforms/MacOSX.platform/Developer/SDKs/MacOSX27.0.sdk --xcode-version 27A5252f --platform-family macOS --deployment-target 14.0 --bundle-identifier hylo.Cascade.AddonProbe --output /Users/c4v4h/Library/Developer/Xcode/DerivedData/CascadeAddonRecoveryProbe/probe-or1q_x20/Build/Build/Products/Debug/CascadeAddonProbe.app/Contents/Resources --target-triple arm64-apple-macos14.0 --target-triple x86_64-apple-macos14.0 --binary-file /Users/c4v4h/Library/Developer/Xcode/DerivedData/CascadeAddonRecoveryProbe/probe-or1q_x20/Build/Build/Products/Debug/CascadeAddonProbe.app/Contents/MacOS/ProbeHost --dependency-file /Users/c4v4h/Library/Developer/Xcode/DerivedData/CascadeAddonRecoveryProbe/probe-or1q_x20/Build/Build/Intermediates.noindex/AddonPlatform.build/Debug/ProbeHost.build/Objects-normal/arm64/CascadeAddonProbe_dependency_info.dat --dependency-file /Users/c4v4h/Library/Developer/Xcode/DerivedData/CascadeAddonRecoveryProbe/probe-or1q_x20/Build/Build/Intermediates.noindex/AddonPlatform.build/Debug/ProbeHost.build/Objects-normal/x86_64/CascadeAddonProbe_dependency_info.dat --stringsdata-file /Users/c4v4h/Library/Developer/Xcode/DerivedData/CascadeAddonRecoveryProbe/probe-or1q_x20/Build/Build/Intermediates.noindex/AddonPlatform.build/Debug/ProbeHost.build/Objects-normal/arm64/ExtractedAppShortcutsMetadata.stringsdata --stringsdata-file /Users/c4v4h/Library/Developer/Xcode/DerivedData/CascadeAddonRecoveryProbe/probe-or1q_x20/Build/Build/Intermediates.noindex/AddonPlatform.build/Debug/ProbeHost.build/Objects-normal/x86_64/ExtractedAppShortcutsMetadata.stringsdata --source-file-list /Users/c4v4h/Library/Developer/Xcode/DerivedData/CascadeAddonRecoveryProbe/probe-or1q_x20/Build/Build/Intermediates.noindex/AddonPlatform.build/Debug/ProbeHost.build/Objects-normal/arm64/CascadeAddonProbe.SwiftFileList --source-file-list /Users/c4v4h/Library/Developer/Xcode/DerivedData/CascadeAddonRecoveryProbe/probe-or1q_x20/Build/Build/Intermediates.noindex/AddonPlatform.build/Debug/ProbeHost.build/Objects-normal/x86_64/CascadeAddonProbe.SwiftFileList --metadata-file-list /Users/c4v4h/Library/Developer/Xcode/DerivedData/CascadeAddonRecoveryProbe/probe-or1q_x20/Build/Build/Intermediates.noindex/AddonPlatform.build/Debug/ProbeHost.build/CascadeAddonProbe.DependencyMetadataFileList --static-metadata-file-list /Users/c4v4h/Library/Developer/Xcode/DerivedData/CascadeAddonRecoveryProbe/probe-or1q_x20/Build/Build/Intermediates.noindex/AddonPlatform.build/Debug/ProbeHost.build/CascadeAddonProbe.DependencyStaticMetadataFileList --swift-const-vals-list /Users/c4v4h/Library/Developer/Xcode/DerivedData/CascadeAddonRecoveryProbe/probe-or1q_x20/Build/Build/Intermediates.noindex/AddonPlatform.build/Debug/ProbeHost.build/Objects-normal/arm64/CascadeAddonProbe.SwiftConstValuesFileList --swift-const-vals-list /Users/c4v4h/Library/Developer/Xcode/DerivedData/CascadeAddonRecoveryProbe/probe-or1q_x20/Build/Build/Intermediates.noindex/AddonPlatform.build/Debug/ProbeHost.build/Objects-normal/x86_64/CascadeAddonProbe.SwiftConstValuesFileList --compile-time-extraction --deployment-aware-processing --no-app-shortcuts-localization
2026-09-25 17:22:50.667 appintentsmetadataprocessor[57882:1978030] Starting appintentsmetadataprocessor export
2026-09-25 17:22:50.669 appintentsmetadataprocessor[57882:1978030] warning: Metadata extraction skipped, no AppIntents.framework dependency found

CodeSign /Users/c4v4h/Library/Developer/Xcode/DerivedData/CascadeAddonRecoveryProbe/probe-or1q_x20/Build/Build/Products/Debug/CascadeAddonProbe.app (in target 'ProbeHost' from project 'AddonPlatform')
    cd /Users/c4v4h/Library/Developer/Xcode/DerivedData/CascadeAddonRecoveryProbe/probe-or1q_x20/Sources
    
    Signing Identity:     "Apple Development: cavallerolore@icloud.com (MRZYW8THXH)"
    
    /usr/bin/codesign --force --sign 4A857D842A5406C2D3071776FDE7B27B3098FE63 -o runtime --timestamp\=none --generate-entitlement-der /Users/c4v4h/Library/Developer/Xcode/DerivedData/CascadeAddonRecoveryProbe/probe-or1q_x20/Build/Build/Products/Debug/CascadeAddonProbe.app

RegisterExecutionPolicyException /Users/c4v4h/Library/Developer/Xcode/DerivedData/CascadeAddonRecoveryProbe/probe-or1q_x20/Build/Build/Products/Debug/CascadeAddonProbe.app (in target 'ProbeHost' from project 'AddonPlatform')
    cd /Users/c4v4h/Library/Developer/Xcode/DerivedData/CascadeAddonRecoveryProbe/probe-or1q_x20/Sources
    builtin-RegisterExecutionPolicyException /Users/c4v4h/Library/Developer/Xcode/DerivedData/CascadeAddonRecoveryProbe/probe-or1q_x20/Build/Build/Products/Debug/CascadeAddonProbe.app

Validate /Users/c4v4h/Library/Developer/Xcode/DerivedData/CascadeAddonRecoveryProbe/probe-or1q_x20/Build/Build/Products/Debug/CascadeAddonProbe.app (in target 'ProbeHost' from project 'AddonPlatform')
    cd /Users/c4v4h/Library/Developer/Xcode/DerivedData/CascadeAddonRecoveryProbe/probe-or1q_x20/Sources
    builtin-validationUtility /Users/c4v4h/Library/Developer/Xcode/DerivedData/CascadeAddonRecoveryProbe/probe-or1q_x20/Build/Build/Products/Debug/CascadeAddonProbe.app -no-validate-extension -infoplist-subpath Contents/Info.plist

Touch /Users/c4v4h/Library/Developer/Xcode/DerivedData/CascadeAddonRecoveryProbe/probe-or1q_x20/Build/Build/Products/Debug/CascadeAddonProbe.app (in target 'ProbeHost' from project 'AddonPlatform')
    cd /Users/c4v4h/Library/Developer/Xcode/DerivedData/CascadeAddonRecoveryProbe/probe-or1q_x20/Sources
    /usr/bin/touch -c /Users/c4v4h/Library/Developer/Xcode/DerivedData/CascadeAddonRecoveryProbe/probe-or1q_x20/Build/Build/Products/Debug/CascadeAddonProbe.app

RegisterWithLaunchServices /Users/c4v4h/Library/Developer/Xcode/DerivedData/CascadeAddonRecoveryProbe/probe-or1q_x20/Build/Build/Products/Debug/CascadeAddonProbe.app (in target 'ProbeHost' from project 'AddonPlatform')
    cd /Users/c4v4h/Library/Developer/Xcode/DerivedData/CascadeAddonRecoveryProbe/probe-or1q_x20/Sources
    builtin-lsregisterurl --record-path /Users/c4v4h/Library/Developer/Xcode/DerivedData/CascadeAddonRecoveryProbe/probe-or1q_x20/Build/Build/Intermediates.noindex/XCBuildData/registered-launchservices.txt -- /System/Library/Frameworks/CoreServices.framework/Versions/Current/Frameworks/LaunchServices.framework/Versions/Current/Support/lsregister -f -R -trusted /Users/c4v4h/Library/Developer/Xcode/DerivedData/CascadeAddonRecoveryProbe/probe-or1q_x20/Build/Build/Products/Debug/CascadeAddonProbe.app

PruneExplicitPrecompiledModules /Users/c4v4h/Library/Developer/Xcode/DerivedData/CascadeAddonRecoveryProbe/probe-or1q_x20/Build/SDKExplicitPrecompiledModules

PruneExplicitPrecompiledModules /Users/c4v4h/Library/Developer/Xcode/DerivedData/CascadeAddonRecoveryProbe/probe-or1q_x20/Build/Build/Intermediates.noindex/ExplicitPrecompiledModules

PruneExplicitPrecompiledModules /Users/c4v4h/Library/Developer/Xcode/DerivedData/CascadeAddonRecoveryProbe/probe-or1q_x20/Build/Build/Intermediates.noindex/SwiftExplicitPrecompiledModules

** BUILD SUCCEEDED **

/Users/c4v4h/Library/Developer/Xcode/DerivedData/CascadeAddonRecoveryProbe/probe-or1q_x20/Build/Build/Products/Debug/CascadeAddonProbeContainer.app/Contents/Extensions/CascadeProbeProvider.appex: replacing existing signature
Executable=/Users/c4v4h/Library/Developer/Xcode/DerivedData/CascadeAddonRecoveryProbe/probe-or1q_x20/Build/Build/Products/Debug/CascadeAddonProbeContainer.app/Contents/Extensions/CascadeProbeProvider.appex/Contents/MacOS/ProbeProvider
<?xml version="1.0" encoding="UTF-8"?><!DOCTYPE plist PUBLIC "-//Apple//DTD PLIST 1.0//EN" "https://www.apple.com/DTDs/PropertyList-1.0.dtd"><plist version="1.0"><dict><key>com.apple.security.app-sandbox</key><true/></dict></plist>
/Users/c4v4h/Library/Developer/Xcode/DerivedData/CascadeAddonRecoveryProbe/probe-or1q_x20/Build/Build/Products/Debug/CascadeAddonProbeContainer.app: replacing existing signature
Executable=/Users/c4v4h/Library/Developer/Xcode/DerivedData/CascadeAddonRecoveryProbe/probe-or1q_x20/Build/Build/Products/Debug/CascadeAddonProbeContainer.app/Contents/MacOS/ProbeContainer
/Users/c4v4h/Library/Developer/Xcode/DerivedData/CascadeAddonRecoveryProbe/probe-or1q_x20/Build/Build/Products/Debug/CascadeAddonProbe.app: replacing existing signature
Executable=/Users/c4v4h/Library/Developer/Xcode/DerivedData/CascadeAddonRecoveryProbe/probe-or1q_x20/Build/Build/Products/Debug/CascadeAddonProbe.app/Contents/MacOS/ProbeHost
ProductName:		macOS
ProductVersion:		27.0
BuildVersion:		26A5425a
27.0
