Command line invocation:
    /Applications/Xcode-beta.app/Contents/Developer/usr/bin/xcodebuild -project /Users/c4v4h/Library/Developer/Xcode/DerivedData/CascadeAddonRecoveryProbe/probe-hae_1plo/Sources/AddonPlatform.xcodeproj -scheme AddonPlatform -configuration Debug -derivedDataPath /Users/c4v4h/Library/Developer/Xcode/DerivedData/CascadeAddonRecoveryProbe/probe-hae_1plo/Build "SWIFT_ACTIVE_COMPILATION_CONDITIONS=DEBUG RECOVERY_PROBE BROKER_PROVIDER" CODE_SIGN_INJECT_BASE_ENTITLEMENTS=NO build

Build settings from command line:
    CODE_SIGN_INJECT_BASE_ENTITLEMENTS = NO
    SWIFT_ACTIVE_COMPILATION_CONDITIONS = DEBUG RECOVERY_PROBE BROKER_PROVIDER

--- xcodebuild: WARNING: Using the first of multiple matching destinations:
{ platform:macOS, arch:arm64, id:00008112-000579C23A68A01E, name:My Mac }
{ platform:macOS, arch:x86_64, id:00008112-000579C23A68A01E, name:My Mac }
{ platform:macOS, name:Any Mac }
ComputePackagePrebuildTargetDependencyGraph

Prepare packages

CreateBuildRequest

SendProjectDescription

CreateBuildOperation

ComputeTargetDependencyGraph
note: Building targets in dependency order
note: Target dependency graph (3 targets)
    Target 'ProbeHost' in project 'AddonPlatform' (no dependencies)
    Target 'ProbeContainer' in project 'AddonPlatform'
        ➜ Explicit dependency on target 'ProbeProvider' in project 'AddonPlatform'
    Target 'ProbeProvider' in project 'AddonPlatform' (no dependencies)

GatherProvisioningInputs

CreateBuildDescription

ExecuteExternalTool /Applications/Xcode-beta.app/Contents/Developer/Toolchains/XcodeDefault.xctoolchain/usr/bin/swiftc --version

ExecuteExternalTool /Applications/Xcode-beta.app/Contents/Developer/Toolchains/XcodeDefault.xctoolchain/usr/bin/clang -v -E -dM -isysroot /Applications/Xcode-beta.app/Contents/Developer/Platforms/MacOSX.platform/Developer/SDKs/MacOSX27.0.sdk -x c -c /dev/null

ExecuteExternalTool /Applications/Xcode-beta.app/Contents/Developer/Toolchains/XcodeDefault.xctoolchain/usr/bin/ld -version_details

Build description signature: 0c0d03fe8ff93a497162ec806327b8a9
Build description path: /Users/c4v4h/Library/Developer/Xcode/DerivedData/CascadeAddonRecoveryProbe/probe-hae_1plo/Build/Build/Intermediates.noindex/XCBuildData/0c0d03fe8ff93a497162ec806327b8a9.xcbuilddata
CreateBuildDirectory /Users/c4v4h/Library/Developer/Xcode/DerivedData/CascadeAddonRecoveryProbe/probe-hae_1plo/Build/ModuleCache.noindex
    cd /Users/c4v4h/Library/Developer/Xcode/DerivedData/CascadeAddonRecoveryProbe/probe-hae_1plo/Sources/AddonPlatform.xcodeproj
    builtin-create-build-directory /Users/c4v4h/Library/Developer/Xcode/DerivedData/CascadeAddonRecoveryProbe/probe-hae_1plo/Build/ModuleCache.noindex

CreateBuildDirectory /Users/c4v4h/Library/Developer/Xcode/DerivedData/CascadeAddonRecoveryProbe/probe-hae_1plo/Build/SDKExplicitPrecompiledModules
    cd /Users/c4v4h/Library/Developer/Xcode/DerivedData/CascadeAddonRecoveryProbe/probe-hae_1plo/Sources/AddonPlatform.xcodeproj
    builtin-create-build-directory /Users/c4v4h/Library/Developer/Xcode/DerivedData/CascadeAddonRecoveryProbe/probe-hae_1plo/Build/SDKExplicitPrecompiledModules

CreateBuildDirectory /Users/c4v4h/Library/Developer/Xcode/DerivedData/CascadeAddonRecoveryProbe/probe-hae_1plo/Build/CompilationCache.noindex
    cd /Users/c4v4h/Library/Developer/Xcode/DerivedData/CascadeAddonRecoveryProbe/probe-hae_1plo/Sources/AddonPlatform.xcodeproj
    builtin-create-build-directory /Users/c4v4h/Library/Developer/Xcode/DerivedData/CascadeAddonRecoveryProbe/probe-hae_1plo/Build/CompilationCache.noindex

CreateBuildDirectory /Users/c4v4h/Library/Developer/Xcode/DerivedData/CascadeAddonRecoveryProbe/probe-hae_1plo/Build/Build/Intermediates.noindex
    cd /Users/c4v4h/Library/Developer/Xcode/DerivedData/CascadeAddonRecoveryProbe/probe-hae_1plo/Sources/AddonPlatform.xcodeproj
    builtin-create-build-directory /Users/c4v4h/Library/Developer/Xcode/DerivedData/CascadeAddonRecoveryProbe/probe-hae_1plo/Build/Build/Intermediates.noindex

CreateBuildDirectory /Users/c4v4h/Library/Developer/Xcode/DerivedData/CascadeAddonRecoveryProbe/probe-hae_1plo/Build/Build/Products
    cd /Users/c4v4h/Library/Developer/Xcode/DerivedData/CascadeAddonRecoveryProbe/probe-hae_1plo/Sources/AddonPlatform.xcodeproj
    builtin-create-build-directory /Users/c4v4h/Library/Developer/Xcode/DerivedData/CascadeAddonRecoveryProbe/probe-hae_1plo/Build/Build/Products

ClangStatCache /Applications/Xcode-beta.app/Contents/Developer/Toolchains/XcodeDefault.xctoolchain/usr/bin/clang-stat-cache /Applications/Xcode-beta.app/Contents/Developer/Platforms/MacOSX.platform/Developer/SDKs/MacOSX27.0.sdk /Users/c4v4h/Library/Developer/Xcode/DerivedData/CascadeAddonRecoveryProbe/probe-hae_1plo/Build/SDKStatCaches.noindex/macosx27.0-26A5419a-e829b21a6f8c9b70876ba0858053c04445874285e5972fffeae925c4ab065928.sdkstatcache
    cd /Users/c4v4h/Library/Developer/Xcode/DerivedData/CascadeAddonRecoveryProbe/probe-hae_1plo/Sources/AddonPlatform.xcodeproj
    /Applications/Xcode-beta.app/Contents/Developer/Toolchains/XcodeDefault.xctoolchain/usr/bin/clang-stat-cache /Applications/Xcode-beta.app/Contents/Developer/Platforms/MacOSX.platform/Developer/SDKs/MacOSX27.0.sdk -o /Users/c4v4h/Library/Developer/Xcode/DerivedData/CascadeAddonRecoveryProbe/probe-hae_1plo/Build/SDKStatCaches.noindex/macosx27.0-26A5419a-e829b21a6f8c9b70876ba0858053c04445874285e5972fffeae925c4ab065928.sdkstatcache

CreateBuildDirectory /Users/c4v4h/Library/Developer/Xcode/DerivedData/CascadeAddonRecoveryProbe/probe-hae_1plo/Build/Build/Intermediates.noindex/SwiftExplicitPrecompiledModules
    cd /Users/c4v4h/Library/Developer/Xcode/DerivedData/CascadeAddonRecoveryProbe/probe-hae_1plo/Sources/AddonPlatform.xcodeproj
    builtin-create-build-directory /Users/c4v4h/Library/Developer/Xcode/DerivedData/CascadeAddonRecoveryProbe/probe-hae_1plo/Build/Build/Intermediates.noindex/SwiftExplicitPrecompiledModules

CreateBuildDirectory /Users/c4v4h/Library/Developer/Xcode/DerivedData/CascadeAddonRecoveryProbe/probe-hae_1plo/Build/Build/Intermediates.noindex/PrecompiledHeaders
    cd /Users/c4v4h/Library/Developer/Xcode/DerivedData/CascadeAddonRecoveryProbe/probe-hae_1plo/Sources/AddonPlatform.xcodeproj
    builtin-create-build-directory /Users/c4v4h/Library/Developer/Xcode/DerivedData/CascadeAddonRecoveryProbe/probe-hae_1plo/Build/Build/Intermediates.noindex/PrecompiledHeaders

CreateBuildDirectory /Users/c4v4h/Library/Developer/Xcode/DerivedData/CascadeAddonRecoveryProbe/probe-hae_1plo/Build/Build/Intermediates.noindex/ExplicitPrecompiledModules
    cd /Users/c4v4h/Library/Developer/Xcode/DerivedData/CascadeAddonRecoveryProbe/probe-hae_1plo/Sources/AddonPlatform.xcodeproj
    builtin-create-build-directory /Users/c4v4h/Library/Developer/Xcode/DerivedData/CascadeAddonRecoveryProbe/probe-hae_1plo/Build/Build/Intermediates.noindex/ExplicitPrecompiledModules

CreateBuildDirectory /Users/c4v4h/Library/Developer/Xcode/DerivedData/CascadeAddonRecoveryProbe/probe-hae_1plo/Build/Build/Intermediates.noindex/EagerLinkingTBDs/Debug
    cd /Users/c4v4h/Library/Developer/Xcode/DerivedData/CascadeAddonRecoveryProbe/probe-hae_1plo/Sources/AddonPlatform.xcodeproj
    builtin-create-build-directory /Users/c4v4h/Library/Developer/Xcode/DerivedData/CascadeAddonRecoveryProbe/probe-hae_1plo/Build/Build/Intermediates.noindex/EagerLinkingTBDs/Debug

WriteAuxiliaryFile /Users/c4v4h/Library/Developer/Xcode/DerivedData/CascadeAddonRecoveryProbe/probe-hae_1plo/Build/Build/Intermediates.noindex/AddonPlatform.build/Debug/AddonPlatform-bb66cefbaee03c8d596bdb713174c7c4-VFS/all-product-headers.yaml
    cd /Users/c4v4h/Library/Developer/Xcode/DerivedData/CascadeAddonRecoveryProbe/probe-hae_1plo/Sources/AddonPlatform.xcodeproj
    write-file /Users/c4v4h/Library/Developer/Xcode/DerivedData/CascadeAddonRecoveryProbe/probe-hae_1plo/Build/Build/Intermediates.noindex/AddonPlatform.build/Debug/AddonPlatform-bb66cefbaee03c8d596bdb713174c7c4-VFS/all-product-headers.yaml

CreateBuildDirectory /Users/c4v4h/Library/Developer/Xcode/DerivedData/CascadeAddonRecoveryProbe/probe-hae_1plo/Build/Build/Products/Debug
    cd /Users/c4v4h/Library/Developer/Xcode/DerivedData/CascadeAddonRecoveryProbe/probe-hae_1plo/Sources/AddonPlatform.xcodeproj
    builtin-create-build-directory /Users/c4v4h/Library/Developer/Xcode/DerivedData/CascadeAddonRecoveryProbe/probe-hae_1plo/Build/Build/Products/Debug

WriteAuxiliaryFile /Users/c4v4h/Library/Developer/Xcode/DerivedData/CascadeAddonRecoveryProbe/probe-hae_1plo/Build/Build/Intermediates.noindex/AddonPlatform.build/Debug/ProbeProvider.build/CascadeProbeProvider-all-non-framework-target-headers.hmap (in target 'ProbeProvider' from project 'AddonPlatform')
    cd /Users/c4v4h/Library/Developer/Xcode/DerivedData/CascadeAddonRecoveryProbe/probe-hae_1plo/Sources
    write-file /Users/c4v4h/Library/Developer/Xcode/DerivedData/CascadeAddonRecoveryProbe/probe-hae_1plo/Build/Build/Intermediates.noindex/AddonPlatform.build/Debug/ProbeProvider.build/CascadeProbeProvider-all-non-framework-target-headers.hmap

WriteAuxiliaryFile /Users/c4v4h/Library/Developer/Xcode/DerivedData/CascadeAddonRecoveryProbe/probe-hae_1plo/Build/Build/Intermediates.noindex/AddonPlatform.build/Debug/ProbeProvider.build/CascadeProbeProvider.hmap (in target 'ProbeProvider' from project 'AddonPlatform')
    cd /Users/c4v4h/Library/Developer/Xcode/DerivedData/CascadeAddonRecoveryProbe/probe-hae_1plo/Sources
    write-file /Users/c4v4h/Library/Developer/Xcode/DerivedData/CascadeAddonRecoveryProbe/probe-hae_1plo/Build/Build/Intermediates.noindex/AddonPlatform.build/Debug/ProbeProvider.build/CascadeProbeProvider.hmap

WriteAuxiliaryFile /Users/c4v4h/Library/Developer/Xcode/DerivedData/CascadeAddonRecoveryProbe/probe-hae_1plo/Build/Build/Intermediates.noindex/AddonPlatform.build/Debug/ProbeProvider.build/DerivedSources/Entitlements.plist (in target 'ProbeProvider' from project 'AddonPlatform')
    cd /Users/c4v4h/Library/Developer/Xcode/DerivedData/CascadeAddonRecoveryProbe/probe-hae_1plo/Sources
    write-file /Users/c4v4h/Library/Developer/Xcode/DerivedData/CascadeAddonRecoveryProbe/probe-hae_1plo/Build/Build/Intermediates.noindex/AddonPlatform.build/Debug/ProbeProvider.build/DerivedSources/Entitlements.plist

WriteAuxiliaryFile /Users/c4v4h/Library/Developer/Xcode/DerivedData/CascadeAddonRecoveryProbe/probe-hae_1plo/Build/Build/Intermediates.noindex/AddonPlatform.build/Debug/ProbeProvider.build/Objects-normal/x86_64/ProbeProvider-OutputFileMap.json (in target 'ProbeProvider' from project 'AddonPlatform')
    cd /Users/c4v4h/Library/Developer/Xcode/DerivedData/CascadeAddonRecoveryProbe/probe-hae_1plo/Sources
    write-file /Users/c4v4h/Library/Developer/Xcode/DerivedData/CascadeAddonRecoveryProbe/probe-hae_1plo/Build/Build/Intermediates.noindex/AddonPlatform.build/Debug/ProbeProvider.build/Objects-normal/x86_64/ProbeProvider-OutputFileMap.json

WriteAuxiliaryFile /Users/c4v4h/Library/Developer/Xcode/DerivedData/CascadeAddonRecoveryProbe/probe-hae_1plo/Build/Build/Intermediates.noindex/AddonPlatform.build/Debug/ProbeProvider.build/Objects-normal/x86_64/ProbeProvider_const_extract_protocols.json (in target 'ProbeProvider' from project 'AddonPlatform')
    cd /Users/c4v4h/Library/Developer/Xcode/DerivedData/CascadeAddonRecoveryProbe/probe-hae_1plo/Sources
    write-file /Users/c4v4h/Library/Developer/Xcode/DerivedData/CascadeAddonRecoveryProbe/probe-hae_1plo/Build/Build/Intermediates.noindex/AddonPlatform.build/Debug/ProbeProvider.build/Objects-normal/x86_64/ProbeProvider_const_extract_protocols.json

WriteAuxiliaryFile /Users/c4v4h/Library/Developer/Xcode/DerivedData/CascadeAddonRecoveryProbe/probe-hae_1plo/Build/Build/Intermediates.noindex/AddonPlatform.build/Debug/ProbeProvider.build/Objects-normal/x86_64/CascadeProbeProvider.SwiftFileList (in target 'ProbeProvider' from project 'AddonPlatform')
    cd /Users/c4v4h/Library/Developer/Xcode/DerivedData/CascadeAddonRecoveryProbe/probe-hae_1plo/Sources
    write-file /Users/c4v4h/Library/Developer/Xcode/DerivedData/CascadeAddonRecoveryProbe/probe-hae_1plo/Build/Build/Intermediates.noindex/AddonPlatform.build/Debug/ProbeProvider.build/Objects-normal/x86_64/CascadeProbeProvider.SwiftFileList

WriteAuxiliaryFile /Users/c4v4h/Library/Developer/Xcode/DerivedData/CascadeAddonRecoveryProbe/probe-hae_1plo/Build/Build/Intermediates.noindex/AddonPlatform.build/Debug/ProbeProvider.build/Objects-normal/x86_64/CascadeProbeProvider.SwiftConstValuesFileList (in target 'ProbeProvider' from project 'AddonPlatform')
    cd /Users/c4v4h/Library/Developer/Xcode/DerivedData/CascadeAddonRecoveryProbe/probe-hae_1plo/Sources
    write-file /Users/c4v4h/Library/Developer/Xcode/DerivedData/CascadeAddonRecoveryProbe/probe-hae_1plo/Build/Build/Intermediates.noindex/AddonPlatform.build/Debug/ProbeProvider.build/Objects-normal/x86_64/CascadeProbeProvider.SwiftConstValuesFileList

WriteAuxiliaryFile /Users/c4v4h/Library/Developer/Xcode/DerivedData/CascadeAddonRecoveryProbe/probe-hae_1plo/Build/Build/Intermediates.noindex/AddonPlatform.build/Debug/ProbeProvider.build/Objects-normal/x86_64/CascadeProbeProvider.LinkFileList (in target 'ProbeProvider' from project 'AddonPlatform')
    cd /Users/c4v4h/Library/Developer/Xcode/DerivedData/CascadeAddonRecoveryProbe/probe-hae_1plo/Sources
    write-file /Users/c4v4h/Library/Developer/Xcode/DerivedData/CascadeAddonRecoveryProbe/probe-hae_1plo/Build/Build/Intermediates.noindex/AddonPlatform.build/Debug/ProbeProvider.build/Objects-normal/x86_64/CascadeProbeProvider.LinkFileList

WriteAuxiliaryFile /Users/c4v4h/Library/Developer/Xcode/DerivedData/CascadeAddonRecoveryProbe/probe-hae_1plo/Build/Build/Intermediates.noindex/AddonPlatform.build/Debug/ProbeProvider.build/Objects-normal/arm64/ProbeProvider-OutputFileMap.json (in target 'ProbeProvider' from project 'AddonPlatform')
    cd /Users/c4v4h/Library/Developer/Xcode/DerivedData/CascadeAddonRecoveryProbe/probe-hae_1plo/Sources
    write-file /Users/c4v4h/Library/Developer/Xcode/DerivedData/CascadeAddonRecoveryProbe/probe-hae_1plo/Build/Build/Intermediates.noindex/AddonPlatform.build/Debug/ProbeProvider.build/Objects-normal/arm64/ProbeProvider-OutputFileMap.json

WriteAuxiliaryFile /Users/c4v4h/Library/Developer/Xcode/DerivedData/CascadeAddonRecoveryProbe/probe-hae_1plo/Build/Build/Intermediates.noindex/AddonPlatform.build/Debug/ProbeProvider.build/Objects-normal/arm64/ProbeProvider_const_extract_protocols.json (in target 'ProbeProvider' from project 'AddonPlatform')
    cd /Users/c4v4h/Library/Developer/Xcode/DerivedData/CascadeAddonRecoveryProbe/probe-hae_1plo/Sources
    write-file /Users/c4v4h/Library/Developer/Xcode/DerivedData/CascadeAddonRecoveryProbe/probe-hae_1plo/Build/Build/Intermediates.noindex/AddonPlatform.build/Debug/ProbeProvider.build/Objects-normal/arm64/ProbeProvider_const_extract_protocols.json

WriteAuxiliaryFile /Users/c4v4h/Library/Developer/Xcode/DerivedData/CascadeAddonRecoveryProbe/probe-hae_1plo/Build/Build/Intermediates.noindex/AddonPlatform.build/Debug/ProbeProvider.build/Objects-normal/arm64/CascadeProbeProvider.SwiftFileList (in target 'ProbeProvider' from project 'AddonPlatform')
    cd /Users/c4v4h/Library/Developer/Xcode/DerivedData/CascadeAddonRecoveryProbe/probe-hae_1plo/Sources
    write-file /Users/c4v4h/Library/Developer/Xcode/DerivedData/CascadeAddonRecoveryProbe/probe-hae_1plo/Build/Build/Intermediates.noindex/AddonPlatform.build/Debug/ProbeProvider.build/Objects-normal/arm64/CascadeProbeProvider.SwiftFileList

WriteAuxiliaryFile /Users/c4v4h/Library/Developer/Xcode/DerivedData/CascadeAddonRecoveryProbe/probe-hae_1plo/Build/Build/Intermediates.noindex/AddonPlatform.build/Debug/ProbeProvider.build/Objects-normal/arm64/CascadeProbeProvider.SwiftConstValuesFileList (in target 'ProbeProvider' from project 'AddonPlatform')
    cd /Users/c4v4h/Library/Developer/Xcode/DerivedData/CascadeAddonRecoveryProbe/probe-hae_1plo/Sources
    write-file /Users/c4v4h/Library/Developer/Xcode/DerivedData/CascadeAddonRecoveryProbe/probe-hae_1plo/Build/Build/Intermediates.noindex/AddonPlatform.build/Debug/ProbeProvider.build/Objects-normal/arm64/CascadeProbeProvider.SwiftConstValuesFileList

WriteAuxiliaryFile /Users/c4v4h/Library/Developer/Xcode/DerivedData/CascadeAddonRecoveryProbe/probe-hae_1plo/Build/Build/Intermediates.noindex/AddonPlatform.build/Debug/ProbeProvider.build/Objects-normal/arm64/CascadeProbeProvider.LinkFileList (in target 'ProbeProvider' from project 'AddonPlatform')
    cd /Users/c4v4h/Library/Developer/Xcode/DerivedData/CascadeAddonRecoveryProbe/probe-hae_1plo/Sources
    write-file /Users/c4v4h/Library/Developer/Xcode/DerivedData/CascadeAddonRecoveryProbe/probe-hae_1plo/Build/Build/Intermediates.noindex/AddonPlatform.build/Debug/ProbeProvider.build/Objects-normal/arm64/CascadeProbeProvider.LinkFileList

WriteAuxiliaryFile /Users/c4v4h/Library/Developer/Xcode/DerivedData/CascadeAddonRecoveryProbe/probe-hae_1plo/Build/Build/Intermediates.noindex/AddonPlatform.build/Debug/ProbeProvider.build/CascadeProbeProvider.DependencyStaticMetadataFileList (in target 'ProbeProvider' from project 'AddonPlatform')
    cd /Users/c4v4h/Library/Developer/Xcode/DerivedData/CascadeAddonRecoveryProbe/probe-hae_1plo/Sources
    write-file /Users/c4v4h/Library/Developer/Xcode/DerivedData/CascadeAddonRecoveryProbe/probe-hae_1plo/Build/Build/Intermediates.noindex/AddonPlatform.build/Debug/ProbeProvider.build/CascadeProbeProvider.DependencyStaticMetadataFileList

WriteAuxiliaryFile /Users/c4v4h/Library/Developer/Xcode/DerivedData/CascadeAddonRecoveryProbe/probe-hae_1plo/Build/Build/Intermediates.noindex/AddonPlatform.build/Debug/ProbeProvider.build/CascadeProbeProvider.DependencyMetadataFileList (in target 'ProbeProvider' from project 'AddonPlatform')
    cd /Users/c4v4h/Library/Developer/Xcode/DerivedData/CascadeAddonRecoveryProbe/probe-hae_1plo/Sources
    write-file /Users/c4v4h/Library/Developer/Xcode/DerivedData/CascadeAddonRecoveryProbe/probe-hae_1plo/Build/Build/Intermediates.noindex/AddonPlatform.build/Debug/ProbeProvider.build/CascadeProbeProvider.DependencyMetadataFileList

WriteAuxiliaryFile /Users/c4v4h/Library/Developer/Xcode/DerivedData/CascadeAddonRecoveryProbe/probe-hae_1plo/Build/Build/Intermediates.noindex/AddonPlatform.build/Debug/ProbeProvider.build/CascadeProbeProvider-project-headers.hmap (in target 'ProbeProvider' from project 'AddonPlatform')
    cd /Users/c4v4h/Library/Developer/Xcode/DerivedData/CascadeAddonRecoveryProbe/probe-hae_1plo/Sources
    write-file /Users/c4v4h/Library/Developer/Xcode/DerivedData/CascadeAddonRecoveryProbe/probe-hae_1plo/Build/Build/Intermediates.noindex/AddonPlatform.build/Debug/ProbeProvider.build/CascadeProbeProvider-project-headers.hmap

WriteAuxiliaryFile /Users/c4v4h/Library/Developer/Xcode/DerivedData/CascadeAddonRecoveryProbe/probe-hae_1plo/Build/Build/Intermediates.noindex/AddonPlatform.build/Debug/ProbeProvider.build/CascadeProbeProvider-own-target-headers.hmap (in target 'ProbeProvider' from project 'AddonPlatform')
    cd /Users/c4v4h/Library/Developer/Xcode/DerivedData/CascadeAddonRecoveryProbe/probe-hae_1plo/Sources
    write-file /Users/c4v4h/Library/Developer/Xcode/DerivedData/CascadeAddonRecoveryProbe/probe-hae_1plo/Build/Build/Intermediates.noindex/AddonPlatform.build/Debug/ProbeProvider.build/CascadeProbeProvider-own-target-headers.hmap

WriteAuxiliaryFile /Users/c4v4h/Library/Developer/Xcode/DerivedData/CascadeAddonRecoveryProbe/probe-hae_1plo/Build/Build/Intermediates.noindex/AddonPlatform.build/Debug/ProbeProvider.build/CascadeProbeProvider-generated-files.hmap (in target 'ProbeProvider' from project 'AddonPlatform')
    cd /Users/c4v4h/Library/Developer/Xcode/DerivedData/CascadeAddonRecoveryProbe/probe-hae_1plo/Sources
    write-file /Users/c4v4h/Library/Developer/Xcode/DerivedData/CascadeAddonRecoveryProbe/probe-hae_1plo/Build/Build/Intermediates.noindex/AddonPlatform.build/Debug/ProbeProvider.build/CascadeProbeProvider-generated-files.hmap

WriteAuxiliaryFile /Users/c4v4h/Library/Developer/Xcode/DerivedData/CascadeAddonRecoveryProbe/probe-hae_1plo/Build/Build/Intermediates.noindex/AddonPlatform.build/Debug/ProbeProvider.build/CascadeProbeProvider-all-target-headers.hmap (in target 'ProbeProvider' from project 'AddonPlatform')
    cd /Users/c4v4h/Library/Developer/Xcode/DerivedData/CascadeAddonRecoveryProbe/probe-hae_1plo/Sources
    write-file /Users/c4v4h/Library/Developer/Xcode/DerivedData/CascadeAddonRecoveryProbe/probe-hae_1plo/Build/Build/Intermediates.noindex/AddonPlatform.build/Debug/ProbeProvider.build/CascadeProbeProvider-all-target-headers.hmap

WriteAuxiliaryFile /Users/c4v4h/Library/Developer/Xcode/DerivedData/CascadeAddonRecoveryProbe/probe-hae_1plo/Build/Build/Intermediates.noindex/AddonPlatform.build/Debug/ProbeHost.build/Objects-normal/x86_64/ProbeHost_const_extract_protocols.json (in target 'ProbeHost' from project 'AddonPlatform')
    cd /Users/c4v4h/Library/Developer/Xcode/DerivedData/CascadeAddonRecoveryProbe/probe-hae_1plo/Sources
    write-file /Users/c4v4h/Library/Developer/Xcode/DerivedData/CascadeAddonRecoveryProbe/probe-hae_1plo/Build/Build/Intermediates.noindex/AddonPlatform.build/Debug/ProbeHost.build/Objects-normal/x86_64/ProbeHost_const_extract_protocols.json

WriteAuxiliaryFile /Users/c4v4h/Library/Developer/Xcode/DerivedData/CascadeAddonRecoveryProbe/probe-hae_1plo/Build/Build/Intermediates.noindex/AddonPlatform.build/Debug/ProbeHost.build/Objects-normal/x86_64/ProbeHost-OutputFileMap.json (in target 'ProbeHost' from project 'AddonPlatform')
    cd /Users/c4v4h/Library/Developer/Xcode/DerivedData/CascadeAddonRecoveryProbe/probe-hae_1plo/Sources
    write-file /Users/c4v4h/Library/Developer/Xcode/DerivedData/CascadeAddonRecoveryProbe/probe-hae_1plo/Build/Build/Intermediates.noindex/AddonPlatform.build/Debug/ProbeHost.build/Objects-normal/x86_64/ProbeHost-OutputFileMap.json

WriteAuxiliaryFile /Users/c4v4h/Library/Developer/Xcode/DerivedData/CascadeAddonRecoveryProbe/probe-hae_1plo/Build/Build/Intermediates.noindex/AddonPlatform.build/Debug/ProbeHost.build/Objects-normal/x86_64/CascadeAddonProbe.SwiftFileList (in target 'ProbeHost' from project 'AddonPlatform')
    cd /Users/c4v4h/Library/Developer/Xcode/DerivedData/CascadeAddonRecoveryProbe/probe-hae_1plo/Sources
    write-file /Users/c4v4h/Library/Developer/Xcode/DerivedData/CascadeAddonRecoveryProbe/probe-hae_1plo/Build/Build/Intermediates.noindex/AddonPlatform.build/Debug/ProbeHost.build/Objects-normal/x86_64/CascadeAddonProbe.SwiftFileList

WriteAuxiliaryFile /Users/c4v4h/Library/Developer/Xcode/DerivedData/CascadeAddonRecoveryProbe/probe-hae_1plo/Build/Build/Intermediates.noindex/AddonPlatform.build/Debug/ProbeHost.build/Objects-normal/x86_64/CascadeAddonProbe.SwiftConstValuesFileList (in target 'ProbeHost' from project 'AddonPlatform')
    cd /Users/c4v4h/Library/Developer/Xcode/DerivedData/CascadeAddonRecoveryProbe/probe-hae_1plo/Sources
    write-file /Users/c4v4h/Library/Developer/Xcode/DerivedData/CascadeAddonRecoveryProbe/probe-hae_1plo/Build/Build/Intermediates.noindex/AddonPlatform.build/Debug/ProbeHost.build/Objects-normal/x86_64/CascadeAddonProbe.SwiftConstValuesFileList

WriteAuxiliaryFile /Users/c4v4h/Library/Developer/Xcode/DerivedData/CascadeAddonRecoveryProbe/probe-hae_1plo/Build/Build/Intermediates.noindex/AddonPlatform.build/Debug/ProbeHost.build/Objects-normal/x86_64/CascadeAddonProbe.LinkFileList (in target 'ProbeHost' from project 'AddonPlatform')
    cd /Users/c4v4h/Library/Developer/Xcode/DerivedData/CascadeAddonRecoveryProbe/probe-hae_1plo/Sources
    write-file /Users/c4v4h/Library/Developer/Xcode/DerivedData/CascadeAddonRecoveryProbe/probe-hae_1plo/Build/Build/Intermediates.noindex/AddonPlatform.build/Debug/ProbeHost.build/Objects-normal/x86_64/CascadeAddonProbe.LinkFileList

WriteAuxiliaryFile /Users/c4v4h/Library/Developer/Xcode/DerivedData/CascadeAddonRecoveryProbe/probe-hae_1plo/Build/Build/Intermediates.noindex/AddonPlatform.build/Debug/ProbeHost.build/Objects-normal/arm64/ProbeHost-OutputFileMap.json (in target 'ProbeHost' from project 'AddonPlatform')
    cd /Users/c4v4h/Library/Developer/Xcode/DerivedData/CascadeAddonRecoveryProbe/probe-hae_1plo/Sources
    write-file /Users/c4v4h/Library/Developer/Xcode/DerivedData/CascadeAddonRecoveryProbe/probe-hae_1plo/Build/Build/Intermediates.noindex/AddonPlatform.build/Debug/ProbeHost.build/Objects-normal/arm64/ProbeHost-OutputFileMap.json

WriteAuxiliaryFile /Users/c4v4h/Library/Developer/Xcode/DerivedData/CascadeAddonRecoveryProbe/probe-hae_1plo/Build/Build/Intermediates.noindex/AddonPlatform.build/Debug/ProbeHost.build/Objects-normal/arm64/ProbeHost_const_extract_protocols.json (in target 'ProbeHost' from project 'AddonPlatform')
    cd /Users/c4v4h/Library/Developer/Xcode/DerivedData/CascadeAddonRecoveryProbe/probe-hae_1plo/Sources
    write-file /Users/c4v4h/Library/Developer/Xcode/DerivedData/CascadeAddonRecoveryProbe/probe-hae_1plo/Build/Build/Intermediates.noindex/AddonPlatform.build/Debug/ProbeHost.build/Objects-normal/arm64/ProbeHost_const_extract_protocols.json

WriteAuxiliaryFile /Users/c4v4h/Library/Developer/Xcode/DerivedData/CascadeAddonRecoveryProbe/probe-hae_1plo/Build/Build/Intermediates.noindex/AddonPlatform.build/Debug/ProbeHost.build/Objects-normal/arm64/CascadeAddonProbe.SwiftFileList (in target 'ProbeHost' from project 'AddonPlatform')
    cd /Users/c4v4h/Library/Developer/Xcode/DerivedData/CascadeAddonRecoveryProbe/probe-hae_1plo/Sources
    write-file /Users/c4v4h/Library/Developer/Xcode/DerivedData/CascadeAddonRecoveryProbe/probe-hae_1plo/Build/Build/Intermediates.noindex/AddonPlatform.build/Debug/ProbeHost.build/Objects-normal/arm64/CascadeAddonProbe.SwiftFileList

WriteAuxiliaryFile /Users/c4v4h/Library/Developer/Xcode/DerivedData/CascadeAddonRecoveryProbe/probe-hae_1plo/Build/Build/Intermediates.noindex/AddonPlatform.build/Debug/ProbeHost.build/Objects-normal/arm64/CascadeAddonProbe.SwiftConstValuesFileList (in target 'ProbeHost' from project 'AddonPlatform')
    cd /Users/c4v4h/Library/Developer/Xcode/DerivedData/CascadeAddonRecoveryProbe/probe-hae_1plo/Sources
    write-file /Users/c4v4h/Library/Developer/Xcode/DerivedData/CascadeAddonRecoveryProbe/probe-hae_1plo/Build/Build/Intermediates.noindex/AddonPlatform.build/Debug/ProbeHost.build/Objects-normal/arm64/CascadeAddonProbe.SwiftConstValuesFileList

WriteAuxiliaryFile /Users/c4v4h/Library/Developer/Xcode/DerivedData/CascadeAddonRecoveryProbe/probe-hae_1plo/Build/Build/Intermediates.noindex/AddonPlatform.build/Debug/ProbeHost.build/Objects-normal/arm64/CascadeAddonProbe.LinkFileList (in target 'ProbeHost' from project 'AddonPlatform')
    cd /Users/c4v4h/Library/Developer/Xcode/DerivedData/CascadeAddonRecoveryProbe/probe-hae_1plo/Sources
    write-file /Users/c4v4h/Library/Developer/Xcode/DerivedData/CascadeAddonRecoveryProbe/probe-hae_1plo/Build/Build/Intermediates.noindex/AddonPlatform.build/Debug/ProbeHost.build/Objects-normal/arm64/CascadeAddonProbe.LinkFileList

WriteAuxiliaryFile /Users/c4v4h/Library/Developer/Xcode/DerivedData/CascadeAddonRecoveryProbe/probe-hae_1plo/Build/Build/Intermediates.noindex/AddonPlatform.build/Debug/ProbeHost.build/CascadeAddonProbe.hmap (in target 'ProbeHost' from project 'AddonPlatform')
    cd /Users/c4v4h/Library/Developer/Xcode/DerivedData/CascadeAddonRecoveryProbe/probe-hae_1plo/Sources
    write-file /Users/c4v4h/Library/Developer/Xcode/DerivedData/CascadeAddonRecoveryProbe/probe-hae_1plo/Build/Build/Intermediates.noindex/AddonPlatform.build/Debug/ProbeHost.build/CascadeAddonProbe.hmap

WriteAuxiliaryFile /Users/c4v4h/Library/Developer/Xcode/DerivedData/CascadeAddonRecoveryProbe/probe-hae_1plo/Build/Build/Intermediates.noindex/AddonPlatform.build/Debug/ProbeHost.build/CascadeAddonProbe.DependencyStaticMetadataFileList (in target 'ProbeHost' from project 'AddonPlatform')
    cd /Users/c4v4h/Library/Developer/Xcode/DerivedData/CascadeAddonRecoveryProbe/probe-hae_1plo/Sources
    write-file /Users/c4v4h/Library/Developer/Xcode/DerivedData/CascadeAddonRecoveryProbe/probe-hae_1plo/Build/Build/Intermediates.noindex/AddonPlatform.build/Debug/ProbeHost.build/CascadeAddonProbe.DependencyStaticMetadataFileList

WriteAuxiliaryFile /Users/c4v4h/Library/Developer/Xcode/DerivedData/CascadeAddonRecoveryProbe/probe-hae_1plo/Build/Build/Intermediates.noindex/AddonPlatform.build/Debug/ProbeHost.build/CascadeAddonProbe.DependencyMetadataFileList (in target 'ProbeHost' from project 'AddonPlatform')
    cd /Users/c4v4h/Library/Developer/Xcode/DerivedData/CascadeAddonRecoveryProbe/probe-hae_1plo/Sources
    write-file /Users/c4v4h/Library/Developer/Xcode/DerivedData/CascadeAddonRecoveryProbe/probe-hae_1plo/Build/Build/Intermediates.noindex/AddonPlatform.build/Debug/ProbeHost.build/CascadeAddonProbe.DependencyMetadataFileList

WriteAuxiliaryFile /Users/c4v4h/Library/Developer/Xcode/DerivedData/CascadeAddonRecoveryProbe/probe-hae_1plo/Build/Build/Intermediates.noindex/AddonPlatform.build/Debug/ProbeHost.build/CascadeAddonProbe-project-headers.hmap (in target 'ProbeHost' from project 'AddonPlatform')
    cd /Users/c4v4h/Library/Developer/Xcode/DerivedData/CascadeAddonRecoveryProbe/probe-hae_1plo/Sources
    write-file /Users/c4v4h/Library/Developer/Xcode/DerivedData/CascadeAddonRecoveryProbe/probe-hae_1plo/Build/Build/Intermediates.noindex/AddonPlatform.build/Debug/ProbeHost.build/CascadeAddonProbe-project-headers.hmap

WriteAuxiliaryFile /Users/c4v4h/Library/Developer/Xcode/DerivedData/CascadeAddonRecoveryProbe/probe-hae_1plo/Build/Build/Intermediates.noindex/AddonPlatform.build/Debug/ProbeHost.build/CascadeAddonProbe-own-target-headers.hmap (in target 'ProbeHost' from project 'AddonPlatform')
    cd /Users/c4v4h/Library/Developer/Xcode/DerivedData/CascadeAddonRecoveryProbe/probe-hae_1plo/Sources
    write-file /Users/c4v4h/Library/Developer/Xcode/DerivedData/CascadeAddonRecoveryProbe/probe-hae_1plo/Build/Build/Intermediates.noindex/AddonPlatform.build/Debug/ProbeHost.build/CascadeAddonProbe-own-target-headers.hmap

WriteAuxiliaryFile /Users/c4v4h/Library/Developer/Xcode/DerivedData/CascadeAddonRecoveryProbe/probe-hae_1plo/Build/Build/Intermediates.noindex/AddonPlatform.build/Debug/ProbeHost.build/CascadeAddonProbe-generated-files.hmap (in target 'ProbeHost' from project 'AddonPlatform')
    cd /Users/c4v4h/Library/Developer/Xcode/DerivedData/CascadeAddonRecoveryProbe/probe-hae_1plo/Sources
    write-file /Users/c4v4h/Library/Developer/Xcode/DerivedData/CascadeAddonRecoveryProbe/probe-hae_1plo/Build/Build/Intermediates.noindex/AddonPlatform.build/Debug/ProbeHost.build/CascadeAddonProbe-generated-files.hmap

WriteAuxiliaryFile /Users/c4v4h/Library/Developer/Xcode/DerivedData/CascadeAddonRecoveryProbe/probe-hae_1plo/Build/Build/Intermediates.noindex/AddonPlatform.build/Debug/ProbeHost.build/CascadeAddonProbe-all-target-headers.hmap (in target 'ProbeHost' from project 'AddonPlatform')
    cd /Users/c4v4h/Library/Developer/Xcode/DerivedData/CascadeAddonRecoveryProbe/probe-hae_1plo/Sources
    write-file /Users/c4v4h/Library/Developer/Xcode/DerivedData/CascadeAddonRecoveryProbe/probe-hae_1plo/Build/Build/Intermediates.noindex/AddonPlatform.build/Debug/ProbeHost.build/CascadeAddonProbe-all-target-headers.hmap

WriteAuxiliaryFile /Users/c4v4h/Library/Developer/Xcode/DerivedData/CascadeAddonRecoveryProbe/probe-hae_1plo/Build/Build/Intermediates.noindex/AddonPlatform.build/Debug/ProbeHost.build/CascadeAddonProbe-all-non-framework-target-headers.hmap (in target 'ProbeHost' from project 'AddonPlatform')
    cd /Users/c4v4h/Library/Developer/Xcode/DerivedData/CascadeAddonRecoveryProbe/probe-hae_1plo/Sources
    write-file /Users/c4v4h/Library/Developer/Xcode/DerivedData/CascadeAddonRecoveryProbe/probe-hae_1plo/Build/Build/Intermediates.noindex/AddonPlatform.build/Debug/ProbeHost.build/CascadeAddonProbe-all-non-framework-target-headers.hmap

WriteAuxiliaryFile /Users/c4v4h/Library/Developer/Xcode/DerivedData/CascadeAddonRecoveryProbe/probe-hae_1plo/Build/Build/Intermediates.noindex/AddonPlatform.build/Debug/ProbeContainer.build/Objects-normal/x86_64/ProbeContainer-OutputFileMap.json (in target 'ProbeContainer' from project 'AddonPlatform')
    cd /Users/c4v4h/Library/Developer/Xcode/DerivedData/CascadeAddonRecoveryProbe/probe-hae_1plo/Sources
    write-file /Users/c4v4h/Library/Developer/Xcode/DerivedData/CascadeAddonRecoveryProbe/probe-hae_1plo/Build/Build/Intermediates.noindex/AddonPlatform.build/Debug/ProbeContainer.build/Objects-normal/x86_64/ProbeContainer-OutputFileMap.json

WriteAuxiliaryFile /Users/c4v4h/Library/Developer/Xcode/DerivedData/CascadeAddonRecoveryProbe/probe-hae_1plo/Build/Build/Intermediates.noindex/AddonPlatform.build/Debug/ProbeContainer.build/Objects-normal/x86_64/ProbeContainer_const_extract_protocols.json (in target 'ProbeContainer' from project 'AddonPlatform')
    cd /Users/c4v4h/Library/Developer/Xcode/DerivedData/CascadeAddonRecoveryProbe/probe-hae_1plo/Sources
    write-file /Users/c4v4h/Library/Developer/Xcode/DerivedData/CascadeAddonRecoveryProbe/probe-hae_1plo/Build/Build/Intermediates.noindex/AddonPlatform.build/Debug/ProbeContainer.build/Objects-normal/x86_64/ProbeContainer_const_extract_protocols.json

WriteAuxiliaryFile /Users/c4v4h/Library/Developer/Xcode/DerivedData/CascadeAddonRecoveryProbe/probe-hae_1plo/Build/Build/Intermediates.noindex/AddonPlatform.build/Debug/ProbeContainer.build/Objects-normal/x86_64/CascadeAddonProbeContainer.SwiftFileList (in target 'ProbeContainer' from project 'AddonPlatform')
    cd /Users/c4v4h/Library/Developer/Xcode/DerivedData/CascadeAddonRecoveryProbe/probe-hae_1plo/Sources
    write-file /Users/c4v4h/Library/Developer/Xcode/DerivedData/CascadeAddonRecoveryProbe/probe-hae_1plo/Build/Build/Intermediates.noindex/AddonPlatform.build/Debug/ProbeContainer.build/Objects-normal/x86_64/CascadeAddonProbeContainer.SwiftFileList

WriteAuxiliaryFile /Users/c4v4h/Library/Developer/Xcode/DerivedData/CascadeAddonRecoveryProbe/probe-hae_1plo/Build/Build/Intermediates.noindex/AddonPlatform.build/Debug/ProbeContainer.build/Objects-normal/x86_64/CascadeAddonProbeContainer.SwiftConstValuesFileList (in target 'ProbeContainer' from project 'AddonPlatform')
    cd /Users/c4v4h/Library/Developer/Xcode/DerivedData/CascadeAddonRecoveryProbe/probe-hae_1plo/Sources
    write-file /Users/c4v4h/Library/Developer/Xcode/DerivedData/CascadeAddonRecoveryProbe/probe-hae_1plo/Build/Build/Intermediates.noindex/AddonPlatform.build/Debug/ProbeContainer.build/Objects-normal/x86_64/CascadeAddonProbeContainer.SwiftConstValuesFileList

WriteAuxiliaryFile /Users/c4v4h/Library/Developer/Xcode/DerivedData/CascadeAddonRecoveryProbe/probe-hae_1plo/Build/Build/Intermediates.noindex/AddonPlatform.build/Debug/ProbeContainer.build/Objects-normal/x86_64/CascadeAddonProbeContainer.LinkFileList (in target 'ProbeContainer' from project 'AddonPlatform')
    cd /Users/c4v4h/Library/Developer/Xcode/DerivedData/CascadeAddonRecoveryProbe/probe-hae_1plo/Sources
    write-file /Users/c4v4h/Library/Developer/Xcode/DerivedData/CascadeAddonRecoveryProbe/probe-hae_1plo/Build/Build/Intermediates.noindex/AddonPlatform.build/Debug/ProbeContainer.build/Objects-normal/x86_64/CascadeAddonProbeContainer.LinkFileList

WriteAuxiliaryFile /Users/c4v4h/Library/Developer/Xcode/DerivedData/CascadeAddonRecoveryProbe/probe-hae_1plo/Build/Build/Intermediates.noindex/AddonPlatform.build/Debug/ProbeContainer.build/Objects-normal/arm64/ProbeContainer_const_extract_protocols.json (in target 'ProbeContainer' from project 'AddonPlatform')
    cd /Users/c4v4h/Library/Developer/Xcode/DerivedData/CascadeAddonRecoveryProbe/probe-hae_1plo/Sources
    write-file /Users/c4v4h/Library/Developer/Xcode/DerivedData/CascadeAddonRecoveryProbe/probe-hae_1plo/Build/Build/Intermediates.noindex/AddonPlatform.build/Debug/ProbeContainer.build/Objects-normal/arm64/ProbeContainer_const_extract_protocols.json

WriteAuxiliaryFile /Users/c4v4h/Library/Developer/Xcode/DerivedData/CascadeAddonRecoveryProbe/probe-hae_1plo/Build/Build/Intermediates.noindex/AddonPlatform.build/Debug/ProbeContainer.build/Objects-normal/arm64/ProbeContainer-OutputFileMap.json (in target 'ProbeContainer' from project 'AddonPlatform')
    cd /Users/c4v4h/Library/Developer/Xcode/DerivedData/CascadeAddonRecoveryProbe/probe-hae_1plo/Sources
    write-file /Users/c4v4h/Library/Developer/Xcode/DerivedData/CascadeAddonRecoveryProbe/probe-hae_1plo/Build/Build/Intermediates.noindex/AddonPlatform.build/Debug/ProbeContainer.build/Objects-normal/arm64/ProbeContainer-OutputFileMap.json

WriteAuxiliaryFile /Users/c4v4h/Library/Developer/Xcode/DerivedData/CascadeAddonRecoveryProbe/probe-hae_1plo/Build/Build/Intermediates.noindex/AddonPlatform.build/Debug/ProbeContainer.build/Objects-normal/arm64/CascadeAddonProbeContainer.SwiftFileList (in target 'ProbeContainer' from project 'AddonPlatform')
    cd /Users/c4v4h/Library/Developer/Xcode/DerivedData/CascadeAddonRecoveryProbe/probe-hae_1plo/Sources
    write-file /Users/c4v4h/Library/Developer/Xcode/DerivedData/CascadeAddonRecoveryProbe/probe-hae_1plo/Build/Build/Intermediates.noindex/AddonPlatform.build/Debug/ProbeContainer.build/Objects-normal/arm64/CascadeAddonProbeContainer.SwiftFileList

WriteAuxiliaryFile /Users/c4v4h/Library/Developer/Xcode/DerivedData/CascadeAddonRecoveryProbe/probe-hae_1plo/Build/Build/Intermediates.noindex/AddonPlatform.build/Debug/ProbeContainer.build/Objects-normal/arm64/CascadeAddonProbeContainer.SwiftConstValuesFileList (in target 'ProbeContainer' from project 'AddonPlatform')
    cd /Users/c4v4h/Library/Developer/Xcode/DerivedData/CascadeAddonRecoveryProbe/probe-hae_1plo/Sources
    write-file /Users/c4v4h/Library/Developer/Xcode/DerivedData/CascadeAddonRecoveryProbe/probe-hae_1plo/Build/Build/Intermediates.noindex/AddonPlatform.build/Debug/ProbeContainer.build/Objects-normal/arm64/CascadeAddonProbeContainer.SwiftConstValuesFileList

WriteAuxiliaryFile /Users/c4v4h/Library/Developer/Xcode/DerivedData/CascadeAddonRecoveryProbe/probe-hae_1plo/Build/Build/Intermediates.noindex/AddonPlatform.build/Debug/ProbeContainer.build/Objects-normal/arm64/CascadeAddonProbeContainer.LinkFileList (in target 'ProbeContainer' from project 'AddonPlatform')
    cd /Users/c4v4h/Library/Developer/Xcode/DerivedData/CascadeAddonRecoveryProbe/probe-hae_1plo/Sources
    write-file /Users/c4v4h/Library/Developer/Xcode/DerivedData/CascadeAddonRecoveryProbe/probe-hae_1plo/Build/Build/Intermediates.noindex/AddonPlatform.build/Debug/ProbeContainer.build/Objects-normal/arm64/CascadeAddonProbeContainer.LinkFileList

WriteAuxiliaryFile /Users/c4v4h/Library/Developer/Xcode/DerivedData/CascadeAddonRecoveryProbe/probe-hae_1plo/Build/Build/Intermediates.noindex/AddonPlatform.build/Debug/ProbeContainer.build/CascadeAddonProbeContainer.hmap (in target 'ProbeContainer' from project 'AddonPlatform')
    cd /Users/c4v4h/Library/Developer/Xcode/DerivedData/CascadeAddonRecoveryProbe/probe-hae_1plo/Sources
    write-file /Users/c4v4h/Library/Developer/Xcode/DerivedData/CascadeAddonRecoveryProbe/probe-hae_1plo/Build/Build/Intermediates.noindex/AddonPlatform.build/Debug/ProbeContainer.build/CascadeAddonProbeContainer.hmap

WriteAuxiliaryFile /Users/c4v4h/Library/Developer/Xcode/DerivedData/CascadeAddonRecoveryProbe/probe-hae_1plo/Build/Build/Intermediates.noindex/AddonPlatform.build/Debug/ProbeContainer.build/CascadeAddonProbeContainer.DependencyStaticMetadataFileList (in target 'ProbeContainer' from project 'AddonPlatform')
    cd /Users/c4v4h/Library/Developer/Xcode/DerivedData/CascadeAddonRecoveryProbe/probe-hae_1plo/Sources
    write-file /Users/c4v4h/Library/Developer/Xcode/DerivedData/CascadeAddonRecoveryProbe/probe-hae_1plo/Build/Build/Intermediates.noindex/AddonPlatform.build/Debug/ProbeContainer.build/CascadeAddonProbeContainer.DependencyStaticMetadataFileList

WriteAuxiliaryFile /Users/c4v4h/Library/Developer/Xcode/DerivedData/CascadeAddonRecoveryProbe/probe-hae_1plo/Build/Build/Intermediates.noindex/AddonPlatform.build/Debug/ProbeContainer.build/CascadeAddonProbeContainer-project-headers.hmap (in target 'ProbeContainer' from project 'AddonPlatform')
    cd /Users/c4v4h/Library/Developer/Xcode/DerivedData/CascadeAddonRecoveryProbe/probe-hae_1plo/Sources
    write-file /Users/c4v4h/Library/Developer/Xcode/DerivedData/CascadeAddonRecoveryProbe/probe-hae_1plo/Build/Build/Intermediates.noindex/AddonPlatform.build/Debug/ProbeContainer.build/CascadeAddonProbeContainer-project-headers.hmap

WriteAuxiliaryFile /Users/c4v4h/Library/Developer/Xcode/DerivedData/CascadeAddonRecoveryProbe/probe-hae_1plo/Build/Build/Intermediates.noindex/AddonPlatform.build/Debug/ProbeContainer.build/CascadeAddonProbeContainer.DependencyMetadataFileList (in target 'ProbeContainer' from project 'AddonPlatform')
    cd /Users/c4v4h/Library/Developer/Xcode/DerivedData/CascadeAddonRecoveryProbe/probe-hae_1plo/Sources
    write-file /Users/c4v4h/Library/Developer/Xcode/DerivedData/CascadeAddonRecoveryProbe/probe-hae_1plo/Build/Build/Intermediates.noindex/AddonPlatform.build/Debug/ProbeContainer.build/CascadeAddonProbeContainer.DependencyMetadataFileList

WriteAuxiliaryFile /Users/c4v4h/Library/Developer/Xcode/DerivedData/CascadeAddonRecoveryProbe/probe-hae_1plo/Build/Build/Intermediates.noindex/AddonPlatform.build/Debug/ProbeContainer.build/CascadeAddonProbeContainer-own-target-headers.hmap (in target 'ProbeContainer' from project 'AddonPlatform')
    cd /Users/c4v4h/Library/Developer/Xcode/DerivedData/CascadeAddonRecoveryProbe/probe-hae_1plo/Sources
    write-file /Users/c4v4h/Library/Developer/Xcode/DerivedData/CascadeAddonRecoveryProbe/probe-hae_1plo/Build/Build/Intermediates.noindex/AddonPlatform.build/Debug/ProbeContainer.build/CascadeAddonProbeContainer-own-target-headers.hmap

WriteAuxiliaryFile /Users/c4v4h/Library/Developer/Xcode/DerivedData/CascadeAddonRecoveryProbe/probe-hae_1plo/Build/Build/Intermediates.noindex/AddonPlatform.build/Debug/ProbeContainer.build/CascadeAddonProbeContainer-generated-files.hmap (in target 'ProbeContainer' from project 'AddonPlatform')
    cd /Users/c4v4h/Library/Developer/Xcode/DerivedData/CascadeAddonRecoveryProbe/probe-hae_1plo/Sources
    write-file /Users/c4v4h/Library/Developer/Xcode/DerivedData/CascadeAddonRecoveryProbe/probe-hae_1plo/Build/Build/Intermediates.noindex/AddonPlatform.build/Debug/ProbeContainer.build/CascadeAddonProbeContainer-generated-files.hmap

WriteAuxiliaryFile /Users/c4v4h/Library/Developer/Xcode/DerivedData/CascadeAddonRecoveryProbe/probe-hae_1plo/Build/Build/Intermediates.noindex/AddonPlatform.build/Debug/ProbeContainer.build/CascadeAddonProbeContainer-all-target-headers.hmap (in target 'ProbeContainer' from project 'AddonPlatform')
    cd /Users/c4v4h/Library/Developer/Xcode/DerivedData/CascadeAddonRecoveryProbe/probe-hae_1plo/Sources
    write-file /Users/c4v4h/Library/Developer/Xcode/DerivedData/CascadeAddonRecoveryProbe/probe-hae_1plo/Build/Build/Intermediates.noindex/AddonPlatform.build/Debug/ProbeContainer.build/CascadeAddonProbeContainer-all-target-headers.hmap

WriteAuxiliaryFile /Users/c4v4h/Library/Developer/Xcode/DerivedData/CascadeAddonRecoveryProbe/probe-hae_1plo/Build/Build/Intermediates.noindex/AddonPlatform.build/Debug/ProbeContainer.build/CascadeAddonProbeContainer-all-non-framework-target-headers.hmap (in target 'ProbeContainer' from project 'AddonPlatform')
    cd /Users/c4v4h/Library/Developer/Xcode/DerivedData/CascadeAddonRecoveryProbe/probe-hae_1plo/Sources
    write-file /Users/c4v4h/Library/Developer/Xcode/DerivedData/CascadeAddonRecoveryProbe/probe-hae_1plo/Build/Build/Intermediates.noindex/AddonPlatform.build/Debug/ProbeContainer.build/CascadeAddonProbeContainer-all-non-framework-target-headers.hmap

MkDir /Users/c4v4h/Library/Developer/Xcode/DerivedData/CascadeAddonRecoveryProbe/probe-hae_1plo/Build/Build/Products/Debug/CascadeProbeProvider.appex (in target 'ProbeProvider' from project 'AddonPlatform')
    cd /Users/c4v4h/Library/Developer/Xcode/DerivedData/CascadeAddonRecoveryProbe/probe-hae_1plo/Sources
    /bin/mkdir -p /Users/c4v4h/Library/Developer/Xcode/DerivedData/CascadeAddonRecoveryProbe/probe-hae_1plo/Build/Build/Products/Debug/CascadeProbeProvider.appex

MkDir /Users/c4v4h/Library/Developer/Xcode/DerivedData/CascadeAddonRecoveryProbe/probe-hae_1plo/Build/Build/Products/Debug/CascadeProbeProvider.appex/Contents (in target 'ProbeProvider' from project 'AddonPlatform')
    cd /Users/c4v4h/Library/Developer/Xcode/DerivedData/CascadeAddonRecoveryProbe/probe-hae_1plo/Sources
    /bin/mkdir -p /Users/c4v4h/Library/Developer/Xcode/DerivedData/CascadeAddonRecoveryProbe/probe-hae_1plo/Build/Build/Products/Debug/CascadeProbeProvider.appex/Contents

MkDir /Users/c4v4h/Library/Developer/Xcode/DerivedData/CascadeAddonRecoveryProbe/probe-hae_1plo/Build/Build/Products/Debug/CascadeProbeProvider.appex/Contents/MacOS (in target 'ProbeProvider' from project 'AddonPlatform')
    cd /Users/c4v4h/Library/Developer/Xcode/DerivedData/CascadeAddonRecoveryProbe/probe-hae_1plo/Sources
    /bin/mkdir -p /Users/c4v4h/Library/Developer/Xcode/DerivedData/CascadeAddonRecoveryProbe/probe-hae_1plo/Build/Build/Products/Debug/CascadeProbeProvider.appex/Contents/MacOS

MkDir /Users/c4v4h/Library/Developer/Xcode/DerivedData/CascadeAddonRecoveryProbe/probe-hae_1plo/Build/Build/Products/Debug/CascadeAddonProbe.app/Contents/MacOS (in target 'ProbeHost' from project 'AddonPlatform')
    cd /Users/c4v4h/Library/Developer/Xcode/DerivedData/CascadeAddonRecoveryProbe/probe-hae_1plo/Sources
    /bin/mkdir -p /Users/c4v4h/Library/Developer/Xcode/DerivedData/CascadeAddonRecoveryProbe/probe-hae_1plo/Build/Build/Products/Debug/CascadeAddonProbe.app/Contents/MacOS

MkDir /Users/c4v4h/Library/Developer/Xcode/DerivedData/CascadeAddonRecoveryProbe/probe-hae_1plo/Build/Build/Products/Debug/CascadeAddonProbe.app/Contents/Extensions (in target 'ProbeHost' from project 'AddonPlatform')
    cd /Users/c4v4h/Library/Developer/Xcode/DerivedData/CascadeAddonRecoveryProbe/probe-hae_1plo/Sources
    /bin/mkdir -p /Users/c4v4h/Library/Developer/Xcode/DerivedData/CascadeAddonRecoveryProbe/probe-hae_1plo/Build/Build/Products/Debug/CascadeAddonProbe.app/Contents/Extensions

MkDir /Users/c4v4h/Library/Developer/Xcode/DerivedData/CascadeAddonRecoveryProbe/probe-hae_1plo/Build/Build/Products/Debug/CascadeAddonProbe.app/Contents (in target 'ProbeHost' from project 'AddonPlatform')
    cd /Users/c4v4h/Library/Developer/Xcode/DerivedData/CascadeAddonRecoveryProbe/probe-hae_1plo/Sources
    /bin/mkdir -p /Users/c4v4h/Library/Developer/Xcode/DerivedData/CascadeAddonRecoveryProbe/probe-hae_1plo/Build/Build/Products/Debug/CascadeAddonProbe.app/Contents

MkDir /Users/c4v4h/Library/Developer/Xcode/DerivedData/CascadeAddonRecoveryProbe/probe-hae_1plo/Build/Build/Products/Debug/CascadeAddonProbe.app (in target 'ProbeHost' from project 'AddonPlatform')
    cd /Users/c4v4h/Library/Developer/Xcode/DerivedData/CascadeAddonRecoveryProbe/probe-hae_1plo/Sources
    /bin/mkdir -p /Users/c4v4h/Library/Developer/Xcode/DerivedData/CascadeAddonRecoveryProbe/probe-hae_1plo/Build/Build/Products/Debug/CascadeAddonProbe.app

MkDir /Users/c4v4h/Library/Developer/Xcode/DerivedData/CascadeAddonRecoveryProbe/probe-hae_1plo/Build/Build/Products/Debug/CascadeAddonProbeContainer.app/Contents/MacOS (in target 'ProbeContainer' from project 'AddonPlatform')
    cd /Users/c4v4h/Library/Developer/Xcode/DerivedData/CascadeAddonRecoveryProbe/probe-hae_1plo/Sources
    /bin/mkdir -p /Users/c4v4h/Library/Developer/Xcode/DerivedData/CascadeAddonRecoveryProbe/probe-hae_1plo/Build/Build/Products/Debug/CascadeAddonProbeContainer.app/Contents/MacOS

MkDir /Users/c4v4h/Library/Developer/Xcode/DerivedData/CascadeAddonRecoveryProbe/probe-hae_1plo/Build/Build/Products/Debug/CascadeAddonProbeContainer.app/Contents/Extensions (in target 'ProbeContainer' from project 'AddonPlatform')
    cd /Users/c4v4h/Library/Developer/Xcode/DerivedData/CascadeAddonRecoveryProbe/probe-hae_1plo/Sources
    /bin/mkdir -p /Users/c4v4h/Library/Developer/Xcode/DerivedData/CascadeAddonRecoveryProbe/probe-hae_1plo/Build/Build/Products/Debug/CascadeAddonProbeContainer.app/Contents/Extensions

MkDir /Users/c4v4h/Library/Developer/Xcode/DerivedData/CascadeAddonRecoveryProbe/probe-hae_1plo/Build/Build/Products/Debug/CascadeAddonProbeContainer.app/Contents (in target 'ProbeContainer' from project 'AddonPlatform')
    cd /Users/c4v4h/Library/Developer/Xcode/DerivedData/CascadeAddonRecoveryProbe/probe-hae_1plo/Sources
    /bin/mkdir -p /Users/c4v4h/Library/Developer/Xcode/DerivedData/CascadeAddonRecoveryProbe/probe-hae_1plo/Build/Build/Products/Debug/CascadeAddonProbeContainer.app/Contents

MkDir /Users/c4v4h/Library/Developer/Xcode/DerivedData/CascadeAddonRecoveryProbe/probe-hae_1plo/Build/Build/Products/Debug/CascadeAddonProbeContainer.app (in target 'ProbeContainer' from project 'AddonPlatform')
    cd /Users/c4v4h/Library/Developer/Xcode/DerivedData/CascadeAddonRecoveryProbe/probe-hae_1plo/Sources
    /bin/mkdir -p /Users/c4v4h/Library/Developer/Xcode/DerivedData/CascadeAddonRecoveryProbe/probe-hae_1plo/Build/Build/Products/Debug/CascadeAddonProbeContainer.app

ProcessProductPackaging /Users/c4v4h/Library/Developer/Xcode/DerivedData/CascadeAddonRecoveryProbe/probe-hae_1plo/Sources/Provider/Provider.entitlements /Users/c4v4h/Library/Developer/Xcode/DerivedData/CascadeAddonRecoveryProbe/probe-hae_1plo/Build/Build/Intermediates.noindex/AddonPlatform.build/Debug/ProbeProvider.build/CascadeProbeProvider.appex.xcent (in target 'ProbeProvider' from project 'AddonPlatform')
    cd /Users/c4v4h/Library/Developer/Xcode/DerivedData/CascadeAddonRecoveryProbe/probe-hae_1plo/Sources
    
    Entitlements:
    
    {
    "com.apple.security.app-sandbox" = 1;
}
    
    builtin-productPackagingUtility /Users/c4v4h/Library/Developer/Xcode/DerivedData/CascadeAddonRecoveryProbe/probe-hae_1plo/Sources/Provider/Provider.entitlements -entitlements -format xml -o /Users/c4v4h/Library/Developer/Xcode/DerivedData/CascadeAddonRecoveryProbe/probe-hae_1plo/Build/Build/Intermediates.noindex/AddonPlatform.build/Debug/ProbeProvider.build/CascadeProbeProvider.appex.xcent

ProcessProductPackagingDER /Users/c4v4h/Library/Developer/Xcode/DerivedData/CascadeAddonRecoveryProbe/probe-hae_1plo/Build/Build/Intermediates.noindex/AddonPlatform.build/Debug/ProbeProvider.build/CascadeProbeProvider.appex.xcent /Users/c4v4h/Library/Developer/Xcode/DerivedData/CascadeAddonRecoveryProbe/probe-hae_1plo/Build/Build/Intermediates.noindex/AddonPlatform.build/Debug/ProbeProvider.build/CascadeProbeProvider.appex.xcent.der (in target 'ProbeProvider' from project 'AddonPlatform')
    cd /Users/c4v4h/Library/Developer/Xcode/DerivedData/CascadeAddonRecoveryProbe/probe-hae_1plo/Sources
    /usr/bin/derq query -f xml -i /Users/c4v4h/Library/Developer/Xcode/DerivedData/CascadeAddonRecoveryProbe/probe-hae_1plo/Build/Build/Intermediates.noindex/AddonPlatform.build/Debug/ProbeProvider.build/CascadeProbeProvider.appex.xcent -o /Users/c4v4h/Library/Developer/Xcode/DerivedData/CascadeAddonRecoveryProbe/probe-hae_1plo/Build/Build/Intermediates.noindex/AddonPlatform.build/Debug/ProbeProvider.build/CascadeProbeProvider.appex.xcent.der --raw

ProcessInfoPlistFile /Users/c4v4h/Library/Developer/Xcode/DerivedData/CascadeAddonRecoveryProbe/probe-hae_1plo/Build/Build/Products/Debug/CascadeAddonProbe.app/Contents/Info.plist /Users/c4v4h/Library/Developer/Xcode/DerivedData/CascadeAddonRecoveryProbe/probe-hae_1plo/Sources/Host/Info.plist (in target 'ProbeHost' from project 'AddonPlatform')
    cd /Users/c4v4h/Library/Developer/Xcode/DerivedData/CascadeAddonRecoveryProbe/probe-hae_1plo/Sources
    builtin-infoPlistUtility /Users/c4v4h/Library/Developer/Xcode/DerivedData/CascadeAddonRecoveryProbe/probe-hae_1plo/Sources/Host/Info.plist -producttype com.apple.product-type.application -genpkginfo /Users/c4v4h/Library/Developer/Xcode/DerivedData/CascadeAddonRecoveryProbe/probe-hae_1plo/Build/Build/Products/Debug/CascadeAddonProbe.app/Contents/PkgInfo -expandbuildsettings -platform macosx -o /Users/c4v4h/Library/Developer/Xcode/DerivedData/CascadeAddonRecoveryProbe/probe-hae_1plo/Build/Build/Products/Debug/CascadeAddonProbe.app/Contents/Info.plist

SwiftDriver ProbeProvider normal arm64 com.apple.xcode.tools.swift.compiler (in target 'ProbeProvider' from project 'AddonPlatform')
    cd /Users/c4v4h/Library/Developer/Xcode/DerivedData/CascadeAddonRecoveryProbe/probe-hae_1plo/Sources
    builtin-SwiftDriver -- /Applications/Xcode-beta.app/Contents/Developer/Toolchains/XcodeDefault.xctoolchain/usr/bin/swiftc -module-name CascadeProbeProvider -Onone @/Users/c4v4h/Library/Developer/Xcode/DerivedData/CascadeAddonRecoveryProbe/probe-hae_1plo/Build/Build/Intermediates.noindex/AddonPlatform.build/Debug/ProbeProvider.build/Objects-normal/arm64/CascadeProbeProvider.SwiftFileList -DDEBUG -DRECOVERY_PROBE -DBROKER_PROVIDER -enable-bare-slash-regex -enable-experimental-feature DebugDescriptionMacro -sdk /Applications/Xcode-beta.app/Contents/Developer/Platforms/MacOSX.platform/Developer/SDKs/MacOSX27.0.sdk -target arm64-apple-macos14.0 -g -module-cache-path /Users/c4v4h/Library/Developer/Xcode/DerivedData/CascadeAddonRecoveryProbe/probe-hae_1plo/Build/ModuleCache.noindex -Xfrontend -serialize-debugging-options -application-extension -index-store-path /Users/c4v4h/Library/Developer/Xcode/DerivedData/CascadeAddonRecoveryProbe/probe-hae_1plo/Build/Index.noindex/DataStore -swift-version 5 -I /Users/c4v4h/Library/Developer/Xcode/DerivedData/CascadeAddonRecoveryProbe/probe-hae_1plo/Build/Build/Products/Debug -F /Users/c4v4h/Library/Developer/Xcode/DerivedData/CascadeAddonRecoveryProbe/probe-hae_1plo/Build/Build/Products/Debug -c -j8 -enable-batch-mode -incremental -Xcc -ivfsstatcache -Xcc /Users/c4v4h/Library/Developer/Xcode/DerivedData/CascadeAddonRecoveryProbe/probe-hae_1plo/Build/SDKStatCaches.noindex/macosx27.0-26A5419a-e829b21a6f8c9b70876ba0858053c04445874285e5972fffeae925c4ab065928.sdkstatcache -output-file-map /Users/c4v4h/Library/Developer/Xcode/DerivedData/CascadeAddonRecoveryProbe/probe-hae_1plo/Build/Build/Intermediates.noindex/AddonPlatform.build/Debug/ProbeProvider.build/Objects-normal/arm64/ProbeProvider-OutputFileMap.json -save-temps -no-color-diagnostics -explicit-module-build -module-cache-path /Users/c4v4h/Library/Developer/Xcode/DerivedData/CascadeAddonRecoveryProbe/probe-hae_1plo/Build/Build/Intermediates.noindex/SwiftExplicitPrecompiledModules -clang-scanner-module-cache-path /Users/c4v4h/Library/Developer/Xcode/DerivedData/CascadeAddonRecoveryProbe/probe-hae_1plo/Build/ModuleCache.noindex -sdk-module-cache-path /Users/c4v4h/Library/Developer/Xcode/DerivedData/CascadeAddonRecoveryProbe/probe-hae_1plo/Build/SDKExplicitPrecompiledModules -emit-dependencies -emit-module -emit-module-path /Users/c4v4h/Library/Developer/Xcode/DerivedData/CascadeAddonRecoveryProbe/probe-hae_1plo/Build/Build/Intermediates.noindex/AddonPlatform.build/Debug/ProbeProvider.build/Objects-normal/arm64/CascadeProbeProvider.swiftmodule -serialize-diagnostics -dependency-scan-serialize-diagnostics-path /Users/c4v4h/Library/Developer/Xcode/DerivedData/CascadeAddonRecoveryProbe/probe-hae_1plo/Build/Build/Intermediates.noindex/AddonPlatform.build/Debug/ProbeProvider.build/Objects-normal/arm64/CascadeProbeProvider-dependency-scan.dia -validate-clang-modules-once -clang-build-session-file /Users/c4v4h/Library/Developer/Xcode/DerivedData/CascadeAddonRecoveryProbe/probe-hae_1plo/Build/ModuleCache.noindex/Session.modulevalidation -Xcc -fmodules-prune-interval\=86400 -Xcc -fmodules-prune-after\=345600 -emit-const-values -const-gather-protocols-list /Users/c4v4h/Library/Developer/Xcode/DerivedData/CascadeAddonRecoveryProbe/probe-hae_1plo/Build/Build/Intermediates.noindex/AddonPlatform.build/Debug/ProbeProvider.build/Objects-normal/arm64/ProbeProvider_const_extract_protocols.json -Xcc -iquote -Xcc /Users/c4v4h/Library/Developer/Xcode/DerivedData/CascadeAddonRecoveryProbe/probe-hae_1plo/Build/Build/Intermediates.noindex/AddonPlatform.build/Debug/ProbeProvider.build/CascadeProbeProvider-generated-files.hmap -Xcc -I/Users/c4v4h/Library/Developer/Xcode/DerivedData/CascadeAddonRecoveryProbe/probe-hae_1plo/Build/Build/Intermediates.noindex/AddonPlatform.build/Debug/ProbeProvider.build/CascadeProbeProvider-own-target-headers.hmap -Xcc -I/Users/c4v4h/Library/Developer/Xcode/DerivedData/CascadeAddonRecoveryProbe/probe-hae_1plo/Build/Build/Intermediates.noindex/AddonPlatform.build/Debug/ProbeProvider.build/CascadeProbeProvider-all-target-headers.hmap -Xcc -iquote -Xcc /Users/c4v4h/Library/Developer/Xcode/DerivedData/CascadeAddonRecoveryProbe/probe-hae_1plo/Build/Build/Intermediates.noindex/AddonPlatform.build/Debug/ProbeProvider.build/CascadeProbeProvider-project-headers.hmap -Xcc -I/Users/c4v4h/Library/Developer/Xcode/DerivedData/CascadeAddonRecoveryProbe/probe-hae_1plo/Build/Build/Products/Debug/include -Xcc -I/Users/c4v4h/Library/Developer/Xcode/DerivedData/CascadeAddonRecoveryProbe/probe-hae_1plo/Build/Build/Intermediates.noindex/AddonPlatform.build/Debug/ProbeProvider.build/DerivedSources-normal/arm64 -Xcc -I/Users/c4v4h/Library/Developer/Xcode/DerivedData/CascadeAddonRecoveryProbe/probe-hae_1plo/Build/Build/Intermediates.noindex/AddonPlatform.build/Debug/ProbeProvider.build/DerivedSources/arm64 -Xcc -I/Users/c4v4h/Library/Developer/Xcode/DerivedData/CascadeAddonRecoveryProbe/probe-hae_1plo/Build/Build/Intermediates.noindex/AddonPlatform.build/Debug/ProbeProvider.build/DerivedSources -emit-objc-header -emit-objc-header-path /Users/c4v4h/Library/Developer/Xcode/DerivedData/CascadeAddonRecoveryProbe/probe-hae_1plo/Build/Build/Intermediates.noindex/AddonPlatform.build/Debug/ProbeProvider.build/Objects-normal/arm64/CascadeProbeProvider-Swift.h -working-directory /Users/c4v4h/Library/Developer/Xcode/DerivedData/CascadeAddonRecoveryProbe/probe-hae_1plo/Sources -experimental-emit-module-separately -disable-cmo

SwiftDriver ProbeProvider normal x86_64 com.apple.xcode.tools.swift.compiler (in target 'ProbeProvider' from project 'AddonPlatform')
    cd /Users/c4v4h/Library/Developer/Xcode/DerivedData/CascadeAddonRecoveryProbe/probe-hae_1plo/Sources
    builtin-SwiftDriver -- /Applications/Xcode-beta.app/Contents/Developer/Toolchains/XcodeDefault.xctoolchain/usr/bin/swiftc -module-name CascadeProbeProvider -Onone @/Users/c4v4h/Library/Developer/Xcode/DerivedData/CascadeAddonRecoveryProbe/probe-hae_1plo/Build/Build/Intermediates.noindex/AddonPlatform.build/Debug/ProbeProvider.build/Objects-normal/x86_64/CascadeProbeProvider.SwiftFileList -DDEBUG -DRECOVERY_PROBE -DBROKER_PROVIDER -enable-bare-slash-regex -enable-experimental-feature DebugDescriptionMacro -sdk /Applications/Xcode-beta.app/Contents/Developer/Platforms/MacOSX.platform/Developer/SDKs/MacOSX27.0.sdk -target x86_64-apple-macos14.0 -g -module-cache-path /Users/c4v4h/Library/Developer/Xcode/DerivedData/CascadeAddonRecoveryProbe/probe-hae_1plo/Build/ModuleCache.noindex -Xfrontend -serialize-debugging-options -application-extension -index-store-path /Users/c4v4h/Library/Developer/Xcode/DerivedData/CascadeAddonRecoveryProbe/probe-hae_1plo/Build/Index.noindex/DataStore -swift-version 5 -I /Users/c4v4h/Library/Developer/Xcode/DerivedData/CascadeAddonRecoveryProbe/probe-hae_1plo/Build/Build/Products/Debug -F /Users/c4v4h/Library/Developer/Xcode/DerivedData/CascadeAddonRecoveryProbe/probe-hae_1plo/Build/Build/Products/Debug -c -j8 -enable-batch-mode -incremental -Xcc -ivfsstatcache -Xcc /Users/c4v4h/Library/Developer/Xcode/DerivedData/CascadeAddonRecoveryProbe/probe-hae_1plo/Build/SDKStatCaches.noindex/macosx27.0-26A5419a-e829b21a6f8c9b70876ba0858053c04445874285e5972fffeae925c4ab065928.sdkstatcache -output-file-map /Users/c4v4h/Library/Developer/Xcode/DerivedData/CascadeAddonRecoveryProbe/probe-hae_1plo/Build/Build/Intermediates.noindex/AddonPlatform.build/Debug/ProbeProvider.build/Objects-normal/x86_64/ProbeProvider-OutputFileMap.json -save-temps -no-color-diagnostics -explicit-module-build -module-cache-path /Users/c4v4h/Library/Developer/Xcode/DerivedData/CascadeAddonRecoveryProbe/probe-hae_1plo/Build/Build/Intermediates.noindex/SwiftExplicitPrecompiledModules -clang-scanner-module-cache-path /Users/c4v4h/Library/Developer/Xcode/DerivedData/CascadeAddonRecoveryProbe/probe-hae_1plo/Build/ModuleCache.noindex -sdk-module-cache-path /Users/c4v4h/Library/Developer/Xcode/DerivedData/CascadeAddonRecoveryProbe/probe-hae_1plo/Build/SDKExplicitPrecompiledModules -emit-dependencies -emit-module -emit-module-path /Users/c4v4h/Library/Developer/Xcode/DerivedData/CascadeAddonRecoveryProbe/probe-hae_1plo/Build/Build/Intermediates.noindex/AddonPlatform.build/Debug/ProbeProvider.build/Objects-normal/x86_64/CascadeProbeProvider.swiftmodule -serialize-diagnostics -dependency-scan-serialize-diagnostics-path /Users/c4v4h/Library/Developer/Xcode/DerivedData/CascadeAddonRecoveryProbe/probe-hae_1plo/Build/Build/Intermediates.noindex/AddonPlatform.build/Debug/ProbeProvider.build/Objects-normal/x86_64/CascadeProbeProvider-dependency-scan.dia -validate-clang-modules-once -clang-build-session-file /Users/c4v4h/Library/Developer/Xcode/DerivedData/CascadeAddonRecoveryProbe/probe-hae_1plo/Build/ModuleCache.noindex/Session.modulevalidation -Xcc -fmodules-prune-interval\=86400 -Xcc -fmodules-prune-after\=345600 -emit-const-values -const-gather-protocols-list /Users/c4v4h/Library/Developer/Xcode/DerivedData/CascadeAddonRecoveryProbe/probe-hae_1plo/Build/Build/Intermediates.noindex/AddonPlatform.build/Debug/ProbeProvider.build/Objects-normal/x86_64/ProbeProvider_const_extract_protocols.json -Xcc -iquote -Xcc /Users/c4v4h/Library/Developer/Xcode/DerivedData/CascadeAddonRecoveryProbe/probe-hae_1plo/Build/Build/Intermediates.noindex/AddonPlatform.build/Debug/ProbeProvider.build/CascadeProbeProvider-generated-files.hmap -Xcc -I/Users/c4v4h/Library/Developer/Xcode/DerivedData/CascadeAddonRecoveryProbe/probe-hae_1plo/Build/Build/Intermediates.noindex/AddonPlatform.build/Debug/ProbeProvider.build/CascadeProbeProvider-own-target-headers.hmap -Xcc -I/Users/c4v4h/Library/Developer/Xcode/DerivedData/CascadeAddonRecoveryProbe/probe-hae_1plo/Build/Build/Intermediates.noindex/AddonPlatform.build/Debug/ProbeProvider.build/CascadeProbeProvider-all-target-headers.hmap -Xcc -iquote -Xcc /Users/c4v4h/Library/Developer/Xcode/DerivedData/CascadeAddonRecoveryProbe/probe-hae_1plo/Build/Build/Intermediates.noindex/AddonPlatform.build/Debug/ProbeProvider.build/CascadeProbeProvider-project-headers.hmap -Xcc -I/Users/c4v4h/Library/Developer/Xcode/DerivedData/CascadeAddonRecoveryProbe/probe-hae_1plo/Build/Build/Products/Debug/include -Xcc -I/Users/c4v4h/Library/Developer/Xcode/DerivedData/CascadeAddonRecoveryProbe/probe-hae_1plo/Build/Build/Intermediates.noindex/AddonPlatform.build/Debug/ProbeProvider.build/DerivedSources-normal/x86_64 -Xcc -I/Users/c4v4h/Library/Developer/Xcode/DerivedData/CascadeAddonRecoveryProbe/probe-hae_1plo/Build/Build/Intermediates.noindex/AddonPlatform.build/Debug/ProbeProvider.build/DerivedSources/x86_64 -Xcc -I/Users/c4v4h/Library/Developer/Xcode/DerivedData/CascadeAddonRecoveryProbe/probe-hae_1plo/Build/Build/Intermediates.noindex/AddonPlatform.build/Debug/ProbeProvider.build/DerivedSources -emit-objc-header -emit-objc-header-path /Users/c4v4h/Library/Developer/Xcode/DerivedData/CascadeAddonRecoveryProbe/probe-hae_1plo/Build/Build/Intermediates.noindex/AddonPlatform.build/Debug/ProbeProvider.build/Objects-normal/x86_64/CascadeProbeProvider-Swift.h -working-directory /Users/c4v4h/Library/Developer/Xcode/DerivedData/CascadeAddonRecoveryProbe/probe-hae_1plo/Sources -experimental-emit-module-separately -disable-cmo

SwiftDriver ProbeHost normal arm64 com.apple.xcode.tools.swift.compiler (in target 'ProbeHost' from project 'AddonPlatform')
    cd /Users/c4v4h/Library/Developer/Xcode/DerivedData/CascadeAddonRecoveryProbe/probe-hae_1plo/Sources
    builtin-SwiftDriver -- /Applications/Xcode-beta.app/Contents/Developer/Toolchains/XcodeDefault.xctoolchain/usr/bin/swiftc -module-name CascadeAddonProbe -Onone @/Users/c4v4h/Library/Developer/Xcode/DerivedData/CascadeAddonRecoveryProbe/probe-hae_1plo/Build/Build/Intermediates.noindex/AddonPlatform.build/Debug/ProbeHost.build/Objects-normal/arm64/CascadeAddonProbe.SwiftFileList -DDEBUG -DRECOVERY_PROBE -DBROKER_PROVIDER -enable-bare-slash-regex -enable-experimental-feature DebugDescriptionMacro -sdk /Applications/Xcode-beta.app/Contents/Developer/Platforms/MacOSX.platform/Developer/SDKs/MacOSX27.0.sdk -target arm64-apple-macos14.0 -g -module-cache-path /Users/c4v4h/Library/Developer/Xcode/DerivedData/CascadeAddonRecoveryProbe/probe-hae_1plo/Build/ModuleCache.noindex -Xfrontend -serialize-debugging-options -index-store-path /Users/c4v4h/Library/Developer/Xcode/DerivedData/CascadeAddonRecoveryProbe/probe-hae_1plo/Build/Index.noindex/DataStore -swift-version 5 -I /Users/c4v4h/Library/Developer/Xcode/DerivedData/CascadeAddonRecoveryProbe/probe-hae_1plo/Build/Build/Products/Debug -F /Users/c4v4h/Library/Developer/Xcode/DerivedData/CascadeAddonRecoveryProbe/probe-hae_1plo/Build/Build/Products/Debug -c -j8 -enable-batch-mode -incremental -Xcc -ivfsstatcache -Xcc /Users/c4v4h/Library/Developer/Xcode/DerivedData/CascadeAddonRecoveryProbe/probe-hae_1plo/Build/SDKStatCaches.noindex/macosx27.0-26A5419a-e829b21a6f8c9b70876ba0858053c04445874285e5972fffeae925c4ab065928.sdkstatcache -output-file-map /Users/c4v4h/Library/Developer/Xcode/DerivedData/CascadeAddonRecoveryProbe/probe-hae_1plo/Build/Build/Intermediates.noindex/AddonPlatform.build/Debug/ProbeHost.build/Objects-normal/arm64/ProbeHost-OutputFileMap.json -save-temps -no-color-diagnostics -explicit-module-build -module-cache-path /Users/c4v4h/Library/Developer/Xcode/DerivedData/CascadeAddonRecoveryProbe/probe-hae_1plo/Build/Build/Intermediates.noindex/SwiftExplicitPrecompiledModules -clang-scanner-module-cache-path /Users/c4v4h/Library/Developer/Xcode/DerivedData/CascadeAddonRecoveryProbe/probe-hae_1plo/Build/ModuleCache.noindex -sdk-module-cache-path /Users/c4v4h/Library/Developer/Xcode/DerivedData/CascadeAddonRecoveryProbe/probe-hae_1plo/Build/SDKExplicitPrecompiledModules -emit-dependencies -emit-module -emit-module-path /Users/c4v4h/Library/Developer/Xcode/DerivedData/CascadeAddonRecoveryProbe/probe-hae_1plo/Build/Build/Intermediates.noindex/AddonPlatform.build/Debug/ProbeHost.build/Objects-normal/arm64/CascadeAddonProbe.swiftmodule -serialize-diagnostics -dependency-scan-serialize-diagnostics-path /Users/c4v4h/Library/Developer/Xcode/DerivedData/CascadeAddonRecoveryProbe/probe-hae_1plo/Build/Build/Intermediates.noindex/AddonPlatform.build/Debug/ProbeHost.build/Objects-normal/arm64/CascadeAddonProbe-dependency-scan.dia -validate-clang-modules-once -clang-build-session-file /Users/c4v4h/Library/Developer/Xcode/DerivedData/CascadeAddonRecoveryProbe/probe-hae_1plo/Build/ModuleCache.noindex/Session.modulevalidation -Xcc -fmodules-prune-interval\=86400 -Xcc -fmodules-prune-after\=345600 -emit-const-values -const-gather-protocols-list /Users/c4v4h/Library/Developer/Xcode/DerivedData/CascadeAddonRecoveryProbe/probe-hae_1plo/Build/Build/Intermediates.noindex/AddonPlatform.build/Debug/ProbeHost.build/Objects-normal/arm64/ProbeHost_const_extract_protocols.json -Xcc -iquote -Xcc /Users/c4v4h/Library/Developer/Xcode/DerivedData/CascadeAddonRecoveryProbe/probe-hae_1plo/Build/Build/Intermediates.noindex/AddonPlatform.build/Debug/ProbeHost.build/CascadeAddonProbe-generated-files.hmap -Xcc -I/Users/c4v4h/Library/Developer/Xcode/DerivedData/CascadeAddonRecoveryProbe/probe-hae_1plo/Build/Build/Intermediates.noindex/AddonPlatform.build/Debug/ProbeHost.build/CascadeAddonProbe-own-target-headers.hmap -Xcc -I/Users/c4v4h/Library/Developer/Xcode/DerivedData/CascadeAddonRecoveryProbe/probe-hae_1plo/Build/Build/Intermediates.noindex/AddonPlatform.build/Debug/ProbeHost.build/CascadeAddonProbe-all-target-headers.hmap -Xcc -iquote -Xcc /Users/c4v4h/Library/Developer/Xcode/DerivedData/CascadeAddonRecoveryProbe/probe-hae_1plo/Build/Build/Intermediates.noindex/AddonPlatform.build/Debug/ProbeHost.build/CascadeAddonProbe-project-headers.hmap -Xcc -I/Users/c4v4h/Library/Developer/Xcode/DerivedData/CascadeAddonRecoveryProbe/probe-hae_1plo/Build/Build/Products/Debug/include -Xcc -I/Users/c4v4h/Library/Developer/Xcode/DerivedData/CascadeAddonRecoveryProbe/probe-hae_1plo/Build/Build/Intermediates.noindex/AddonPlatform.build/Debug/ProbeHost.build/DerivedSources-normal/arm64 -Xcc -I/Users/c4v4h/Library/Developer/Xcode/DerivedData/CascadeAddonRecoveryProbe/probe-hae_1plo/Build/Build/Intermediates.noindex/AddonPlatform.build/Debug/ProbeHost.build/DerivedSources/arm64 -Xcc -I/Users/c4v4h/Library/Developer/Xcode/DerivedData/CascadeAddonRecoveryProbe/probe-hae_1plo/Build/Build/Intermediates.noindex/AddonPlatform.build/Debug/ProbeHost.build/DerivedSources -emit-objc-header -emit-objc-header-path /Users/c4v4h/Library/Developer/Xcode/DerivedData/CascadeAddonRecoveryProbe/probe-hae_1plo/Build/Build/Intermediates.noindex/AddonPlatform.build/Debug/ProbeHost.build/Objects-normal/arm64/CascadeAddonProbe-Swift.h -working-directory /Users/c4v4h/Library/Developer/Xcode/DerivedData/CascadeAddonRecoveryProbe/probe-hae_1plo/Sources -experimental-emit-module-separately -disable-cmo

SwiftDriver ProbeHost normal x86_64 com.apple.xcode.tools.swift.compiler (in target 'ProbeHost' from project 'AddonPlatform')
    cd /Users/c4v4h/Library/Developer/Xcode/DerivedData/CascadeAddonRecoveryProbe/probe-hae_1plo/Sources
    builtin-SwiftDriver -- /Applications/Xcode-beta.app/Contents/Developer/Toolchains/XcodeDefault.xctoolchain/usr/bin/swiftc -module-name CascadeAddonProbe -Onone @/Users/c4v4h/Library/Developer/Xcode/DerivedData/CascadeAddonRecoveryProbe/probe-hae_1plo/Build/Build/Intermediates.noindex/AddonPlatform.build/Debug/ProbeHost.build/Objects-normal/x86_64/CascadeAddonProbe.SwiftFileList -DDEBUG -DRECOVERY_PROBE -DBROKER_PROVIDER -enable-bare-slash-regex -enable-experimental-feature DebugDescriptionMacro -sdk /Applications/Xcode-beta.app/Contents/Developer/Platforms/MacOSX.platform/Developer/SDKs/MacOSX27.0.sdk -target x86_64-apple-macos14.0 -g -module-cache-path /Users/c4v4h/Library/Developer/Xcode/DerivedData/CascadeAddonRecoveryProbe/probe-hae_1plo/Build/ModuleCache.noindex -Xfrontend -serialize-debugging-options -index-store-path /Users/c4v4h/Library/Developer/Xcode/DerivedData/CascadeAddonRecoveryProbe/probe-hae_1plo/Build/Index.noindex/DataStore -swift-version 5 -I /Users/c4v4h/Library/Developer/Xcode/DerivedData/CascadeAddonRecoveryProbe/probe-hae_1plo/Build/Build/Products/Debug -F /Users/c4v4h/Library/Developer/Xcode/DerivedData/CascadeAddonRecoveryProbe/probe-hae_1plo/Build/Build/Products/Debug -c -j8 -enable-batch-mode -incremental -Xcc -ivfsstatcache -Xcc /Users/c4v4h/Library/Developer/Xcode/DerivedData/CascadeAddonRecoveryProbe/probe-hae_1plo/Build/SDKStatCaches.noindex/macosx27.0-26A5419a-e829b21a6f8c9b70876ba0858053c04445874285e5972fffeae925c4ab065928.sdkstatcache -output-file-map /Users/c4v4h/Library/Developer/Xcode/DerivedData/CascadeAddonRecoveryProbe/probe-hae_1plo/Build/Build/Intermediates.noindex/AddonPlatform.build/Debug/ProbeHost.build/Objects-normal/x86_64/ProbeHost-OutputFileMap.json -save-temps -no-color-diagnostics -explicit-module-build -module-cache-path /Users/c4v4h/Library/Developer/Xcode/DerivedData/CascadeAddonRecoveryProbe/probe-hae_1plo/Build/Build/Intermediates.noindex/SwiftExplicitPrecompiledModules -clang-scanner-module-cache-path /Users/c4v4h/Library/Developer/Xcode/DerivedData/CascadeAddonRecoveryProbe/probe-hae_1plo/Build/ModuleCache.noindex -sdk-module-cache-path /Users/c4v4h/Library/Developer/Xcode/DerivedData/CascadeAddonRecoveryProbe/probe-hae_1plo/Build/SDKExplicitPrecompiledModules -emit-dependencies -emit-module -emit-module-path /Users/c4v4h/Library/Developer/Xcode/DerivedData/CascadeAddonRecoveryProbe/probe-hae_1plo/Build/Build/Intermediates.noindex/AddonPlatform.build/Debug/ProbeHost.build/Objects-normal/x86_64/CascadeAddonProbe.swiftmodule -serialize-diagnostics -dependency-scan-serialize-diagnostics-path /Users/c4v4h/Library/Developer/Xcode/DerivedData/CascadeAddonRecoveryProbe/probe-hae_1plo/Build/Build/Intermediates.noindex/AddonPlatform.build/Debug/ProbeHost.build/Objects-normal/x86_64/CascadeAddonProbe-dependency-scan.dia -validate-clang-modules-once -clang-build-session-file /Users/c4v4h/Library/Developer/Xcode/DerivedData/CascadeAddonRecoveryProbe/probe-hae_1plo/Build/ModuleCache.noindex/Session.modulevalidation -Xcc -fmodules-prune-interval\=86400 -Xcc -fmodules-prune-after\=345600 -emit-const-values -const-gather-protocols-list /Users/c4v4h/Library/Developer/Xcode/DerivedData/CascadeAddonRecoveryProbe/probe-hae_1plo/Build/Build/Intermediates.noindex/AddonPlatform.build/Debug/ProbeHost.build/Objects-normal/x86_64/ProbeHost_const_extract_protocols.json -Xcc -iquote -Xcc /Users/c4v4h/Library/Developer/Xcode/DerivedData/CascadeAddonRecoveryProbe/probe-hae_1plo/Build/Build/Intermediates.noindex/AddonPlatform.build/Debug/ProbeHost.build/CascadeAddonProbe-generated-files.hmap -Xcc -I/Users/c4v4h/Library/Developer/Xcode/DerivedData/CascadeAddonRecoveryProbe/probe-hae_1plo/Build/Build/Intermediates.noindex/AddonPlatform.build/Debug/ProbeHost.build/CascadeAddonProbe-own-target-headers.hmap -Xcc -I/Users/c4v4h/Library/Developer/Xcode/DerivedData/CascadeAddonRecoveryProbe/probe-hae_1plo/Build/Build/Intermediates.noindex/AddonPlatform.build/Debug/ProbeHost.build/CascadeAddonProbe-all-target-headers.hmap -Xcc -iquote -Xcc /Users/c4v4h/Library/Developer/Xcode/DerivedData/CascadeAddonRecoveryProbe/probe-hae_1plo/Build/Build/Intermediates.noindex/AddonPlatform.build/Debug/ProbeHost.build/CascadeAddonProbe-project-headers.hmap -Xcc -I/Users/c4v4h/Library/Developer/Xcode/DerivedData/CascadeAddonRecoveryProbe/probe-hae_1plo/Build/Build/Products/Debug/include -Xcc -I/Users/c4v4h/Library/Developer/Xcode/DerivedData/CascadeAddonRecoveryProbe/probe-hae_1plo/Build/Build/Intermediates.noindex/AddonPlatform.build/Debug/ProbeHost.build/DerivedSources-normal/x86_64 -Xcc -I/Users/c4v4h/Library/Developer/Xcode/DerivedData/CascadeAddonRecoveryProbe/probe-hae_1plo/Build/Build/Intermediates.noindex/AddonPlatform.build/Debug/ProbeHost.build/DerivedSources/x86_64 -Xcc -I/Users/c4v4h/Library/Developer/Xcode/DerivedData/CascadeAddonRecoveryProbe/probe-hae_1plo/Build/Build/Intermediates.noindex/AddonPlatform.build/Debug/ProbeHost.build/DerivedSources -emit-objc-header -emit-objc-header-path /Users/c4v4h/Library/Developer/Xcode/DerivedData/CascadeAddonRecoveryProbe/probe-hae_1plo/Build/Build/Intermediates.noindex/AddonPlatform.build/Debug/ProbeHost.build/Objects-normal/x86_64/CascadeAddonProbe-Swift.h -working-directory /Users/c4v4h/Library/Developer/Xcode/DerivedData/CascadeAddonRecoveryProbe/probe-hae_1plo/Sources -experimental-emit-module-separately -disable-cmo

SwiftExplicitDependencyGeneratePcm x86_64 /Users/c4v4h/Library/Developer/Xcode/DerivedData/CascadeAddonRecoveryProbe/probe-hae_1plo/Build/SDKExplicitPrecompiledModules/_Builtin_stdbool-9VG9YAZGP55YZLYVQ5O5033HG.pcm

SwiftExplicitDependencyGeneratePcm x86_64 /Users/c4v4h/Library/Developer/Xcode/DerivedData/CascadeAddonRecoveryProbe/probe-hae_1plo/Build/SDKExplicitPrecompiledModules/_Builtin_stddef-DI6H2Z22QQL64939X5Y03KMYO.pcm

SwiftExplicitDependencyGeneratePcm x86_64 /Users/c4v4h/Library/Developer/Xcode/DerivedData/CascadeAddonRecoveryProbe/probe-hae_1plo/Build/SDKExplicitPrecompiledModules/_SwiftConcurrencyShims-CL3YYKIP0L71EDLZI8Y0MSXIX.pcm

SwiftExplicitDependencyGeneratePcm x86_64 /Users/c4v4h/Library/Developer/Xcode/DerivedData/CascadeAddonRecoveryProbe/probe-hae_1plo/Build/SDKExplicitPrecompiledModules/ptrauth-85HSPLFYGPM0Z7Q56NVI8FT5G.pcm

SwiftExplicitDependencyGeneratePcm x86_64 /Users/c4v4h/Library/Developer/Xcode/DerivedData/CascadeAddonRecoveryProbe/probe-hae_1plo/Build/SDKExplicitPrecompiledModules/SwiftShims-5Z1JDEL2XXGGC7ORKJEVVSAUD.pcm

SwiftExplicitDependencyGeneratePcm x86_64 /Users/c4v4h/Library/Developer/Xcode/DerivedData/CascadeAddonRecoveryProbe/probe-hae_1plo/Build/SDKExplicitPrecompiledModules/ptrcheck-6KQ36NO7M5OP4LLK7L903CG3R.pcm

SwiftExplicitDependencyGeneratePcm arm64 /Users/c4v4h/Library/Developer/Xcode/DerivedData/CascadeAddonRecoveryProbe/probe-hae_1plo/Build/SDKExplicitPrecompiledModules/SwiftShims-EYCEUPXPOR515U8TBU8QCBPX0.pcm

SwiftExplicitDependencyGeneratePcm arm64 /Users/c4v4h/Library/Developer/Xcode/DerivedData/CascadeAddonRecoveryProbe/probe-hae_1plo/Build/SDKExplicitPrecompiledModules/_Builtin_stdarg-1D39DU2PSO42LWJ6RM5LLYAAW.pcm

SwiftExplicitDependencyGeneratePcm arm64 /Users/c4v4h/Library/Developer/Xcode/DerivedData/CascadeAddonRecoveryProbe/probe-hae_1plo/Build/SDKExplicitPrecompiledModules/ptrauth-E4ZBI6I4QZU3TLPLIXYIMPMDD.pcm

SwiftExplicitDependencyGeneratePcm arm64 /Users/c4v4h/Library/Developer/Xcode/DerivedData/CascadeAddonRecoveryProbe/probe-hae_1plo/Build/SDKExplicitPrecompiledModules/_SwiftConcurrencyShims-6DMDSNCFKSRGLUBXQYN9JFQD1.pcm

SwiftExplicitDependencyGeneratePcm arm64 /Users/c4v4h/Library/Developer/Xcode/DerivedData/CascadeAddonRecoveryProbe/probe-hae_1plo/Build/SDKExplicitPrecompiledModules/_Builtin_stdbool-7ID5PSQPKTF5OL3JDR1Z0W3CH.pcm

SwiftExplicitDependencyGeneratePcm x86_64 /Users/c4v4h/Library/Developer/Xcode/DerivedData/CascadeAddonRecoveryProbe/probe-hae_1plo/Build/SDKExplicitPrecompiledModules/_Builtin_stdarg-28MBQ30G7FNSF6QT0KPJ5W63K.pcm

SwiftExplicitDependencyGeneratePcm arm64 /Users/c4v4h/Library/Developer/Xcode/DerivedData/CascadeAddonRecoveryProbe/probe-hae_1plo/Build/SDKExplicitPrecompiledModules/_Builtin_stddef-EN4AG88Y4L8WZHC56GMZFVO7Y.pcm

SwiftExplicitDependencyGeneratePcm arm64 /Users/c4v4h/Library/Developer/Xcode/DerivedData/CascadeAddonRecoveryProbe/probe-hae_1plo/Build/SDKExplicitPrecompiledModules/_Builtin_float-9JUR3ND2PUXNQAJB2PPBQAP16.pcm

SwiftExplicitDependencyGeneratePcm x86_64 /Users/c4v4h/Library/Developer/Xcode/DerivedData/CascadeAddonRecoveryProbe/probe-hae_1plo/Build/SDKExplicitPrecompiledModules/_Builtin_float-BU3BL42ILNJL20GD9J5AEUVG1.pcm

SwiftExplicitDependencyGeneratePcm arm64 /Users/c4v4h/Library/Developer/Xcode/DerivedData/CascadeAddonRecoveryProbe/probe-hae_1plo/Build/SDKExplicitPrecompiledModules/_AvailabilityInternal-6417VO97SVJYO380AYBIMKKVC.pcm

SwiftExplicitDependencyGeneratePcm x86_64 /Users/c4v4h/Library/Developer/Xcode/DerivedData/CascadeAddonRecoveryProbe/probe-hae_1plo/Build/SDKExplicitPrecompiledModules/_AvailabilityInternal-F08PGGBWQYQH9OQ7OL5O9SNUU.pcm

SwiftExplicitDependencyGeneratePcm arm64 /Users/c4v4h/Library/Developer/Xcode/DerivedData/CascadeAddonRecoveryProbe/probe-hae_1plo/Build/SDKExplicitPrecompiledModules/ptrcheck-2LQNF5WYEB7TPO1XPHHQY2LGM.pcm

SwiftExplicitDependencyGeneratePcm arm64 /Users/c4v4h/Library/Developer/Xcode/DerivedData/CascadeAddonRecoveryProbe/probe-hae_1plo/Build/SDKExplicitPrecompiledModules/_AvailabilityInternal-44H3GERCXRYZJ3X1QTLXICRNG.pcm

SwiftExplicitDependencyGeneratePcm arm64 /Users/c4v4h/Library/Developer/Xcode/DerivedData/CascadeAddonRecoveryProbe/probe-hae_1plo/Build/SDKExplicitPrecompiledModules/ptrcheck-891ZUH8PY4Y5I5T9DBHRWA60S.pcm

SwiftExplicitDependencyGeneratePcm arm64 /Users/c4v4h/Library/Developer/Xcode/DerivedData/CascadeAddonRecoveryProbe/probe-hae_1plo/Build/SDKExplicitPrecompiledModules/_Builtin_stdarg-6XL6Z7D6CWH4YSEXNAKXOKLQ5.pcm

SwiftExplicitDependencyGeneratePcm arm64 /Users/c4v4h/Library/Developer/Xcode/DerivedData/CascadeAddonRecoveryProbe/probe-hae_1plo/Build/SDKExplicitPrecompiledModules/_Builtin_stddef-8Q16I50MHLJXYAMHM23T3S002.pcm

SwiftExplicitDependencyGeneratePcm arm64 /Users/c4v4h/Library/Developer/Xcode/DerivedData/CascadeAddonRecoveryProbe/probe-hae_1plo/Build/SDKExplicitPrecompiledModules/DeveloperToolsSupport-7ZCQ52YIGKA0LYN8N7A6FAH12.pcm

SwiftExplicitDependencyGeneratePcm arm64 /Users/c4v4h/Library/Developer/Xcode/DerivedData/CascadeAddonRecoveryProbe/probe-hae_1plo/Build/SDKExplicitPrecompiledModules/_Builtin_float-87KY17GZOXT5H5VAUAP1W5VQP.pcm

SwiftExplicitDependencyGeneratePcm arm64 /Users/c4v4h/Library/Developer/Xcode/DerivedData/CascadeAddonRecoveryProbe/probe-hae_1plo/Build/SDKExplicitPrecompiledModules/SwiftShims-3Y88KVS44TB2U5IEG3E7MY1QR.pcm

SwiftExplicitDependencyGeneratePcm arm64 /Users/c4v4h/Library/Developer/Xcode/DerivedData/CascadeAddonRecoveryProbe/probe-hae_1plo/Build/SDKExplicitPrecompiledModules/ptrauth-C4KD1SYFVYP7WYKCWL6GHJGJG.pcm

SwiftExplicitDependencyGeneratePcm arm64 /Users/c4v4h/Library/Developer/Xcode/DerivedData/CascadeAddonRecoveryProbe/probe-hae_1plo/Build/SDKExplicitPrecompiledModules/_SwiftConcurrencyShims-3HJENHE3GLBCCDAU0RSXXXLNR.pcm

SwiftExplicitDependencyGeneratePcm arm64 /Users/c4v4h/Library/Developer/Xcode/DerivedData/CascadeAddonRecoveryProbe/probe-hae_1plo/Build/SDKExplicitPrecompiledModules/_Builtin_stdbool-9WYZDG9MGSWWTFGKOG333ZO7J.pcm

SwiftExplicitDependencyGeneratePcm x86_64 /Users/c4v4h/Library/Developer/Xcode/DerivedData/CascadeAddonRecoveryProbe/probe-hae_1plo/Build/SDKExplicitPrecompiledModules/_SwiftConcurrencyShims-AR66YNQUXH5NQG6RW1BGN1W76.pcm

SwiftExplicitDependencyGeneratePcm x86_64 /Users/c4v4h/Library/Developer/Xcode/DerivedData/CascadeAddonRecoveryProbe/probe-hae_1plo/Build/SDKExplicitPrecompiledModules/_Builtin_stdbool-2M6SY5H1XMBFT59E1P7AD6LLH.pcm

SwiftExplicitDependencyGeneratePcm x86_64 /Users/c4v4h/Library/Developer/Xcode/DerivedData/CascadeAddonRecoveryProbe/probe-hae_1plo/Build/SDKExplicitPrecompiledModules/_Builtin_float-5BZ7ZNLKQ6YJO8FRNFA4I4ZV0.pcm

SwiftExplicitDependencyGeneratePcm x86_64 /Users/c4v4h/Library/Developer/Xcode/DerivedData/CascadeAddonRecoveryProbe/probe-hae_1plo/Build/SDKExplicitPrecompiledModules/_AvailabilityInternal-4GX1X5BCNE15GBLLBLVJ7FGKF.pcm

SwiftExplicitDependencyGeneratePcm arm64 /Users/c4v4h/Library/Developer/Xcode/DerivedData/CascadeAddonRecoveryProbe/probe-hae_1plo/Build/SDKExplicitPrecompiledModules/_DarwinFoundation1-CYXWXSFXYCMQ5ZIDCFN5G7IWG.pcm

SwiftExplicitDependencyGeneratePcm arm64 /Users/c4v4h/Library/Developer/Xcode/DerivedData/CascadeAddonRecoveryProbe/probe-hae_1plo/Build/SDKExplicitPrecompiledModules/_DarwinFoundation1-5ZJIIE4MGBYZD9Z47K3N1J077.pcm

SwiftExplicitDependencyGeneratePcm x86_64 /Users/c4v4h/Library/Developer/Xcode/DerivedData/CascadeAddonRecoveryProbe/probe-hae_1plo/Build/SDKExplicitPrecompiledModules/_Builtin_stdarg-5X0J0PVD6TRYZ3W91F4Z3DN0D.pcm

SwiftExplicitDependencyGeneratePcm x86_64 /Users/c4v4h/Library/Developer/Xcode/DerivedData/CascadeAddonRecoveryProbe/probe-hae_1plo/Build/SDKExplicitPrecompiledModules/_DarwinFoundation1-31EN8XIGU498WIC5NR8ZSH8MG.pcm

SwiftExplicitDependencyGeneratePcm x86_64 /Users/c4v4h/Library/Developer/Xcode/DerivedData/CascadeAddonRecoveryProbe/probe-hae_1plo/Build/SDKExplicitPrecompiledModules/ptrcheck-59XBH6ANBPQKYEKTDBRXWKS7W.pcm

SwiftExplicitDependencyGeneratePcm x86_64 /Users/c4v4h/Library/Developer/Xcode/DerivedData/CascadeAddonRecoveryProbe/probe-hae_1plo/Build/SDKExplicitPrecompiledModules/SwiftShims-ZZSQS49MC128JMCTNLN9ISBV.pcm

SwiftExplicitDependencyGeneratePcm x86_64 /Users/c4v4h/Library/Developer/Xcode/DerivedData/CascadeAddonRecoveryProbe/probe-hae_1plo/Build/SDKExplicitPrecompiledModules/ptrauth-7EAK8HGWX8D39Z2BXD3JMCJK3.pcm

SwiftExplicitDependencyGeneratePcm x86_64 /Users/c4v4h/Library/Developer/Xcode/DerivedData/CascadeAddonRecoveryProbe/probe-hae_1plo/Build/SDKExplicitPrecompiledModules/DeveloperToolsSupport-7RLH6X5MOPHZCTEYT5QRLBVSQ.pcm

SwiftExplicitDependencyGeneratePcm x86_64 /Users/c4v4h/Library/Developer/Xcode/DerivedData/CascadeAddonRecoveryProbe/probe-hae_1plo/Build/SDKExplicitPrecompiledModules/_Builtin_stddef-EOK2911HL71Q1T6K45QR7J4CD.pcm

SwiftExplicitDependencyGeneratePcm arm64 /Users/c4v4h/Library/Developer/Xcode/DerivedData/CascadeAddonRecoveryProbe/probe-hae_1plo/Build/SDKExplicitPrecompiledModules/ExtensionFoundation-CFVNAM6G7U2CS214YVRVI29SI.pcm

SwiftExplicitDependencyGeneratePcm arm64 /Users/c4v4h/Library/Developer/Xcode/DerivedData/CascadeAddonRecoveryProbe/probe-hae_1plo/Build/SDKExplicitPrecompiledModules/_DarwinFoundation2-7X69WH0K6ORKOX2RI0O9C5I3V.pcm

SwiftExplicitDependencyGeneratePcm arm64 /Users/c4v4h/Library/Developer/Xcode/DerivedData/CascadeAddonRecoveryProbe/probe-hae_1plo/Build/SDKExplicitPrecompiledModules/_DarwinFoundation2-3VQUDWPRRLA5TYS8D70F9C44Q.pcm

SwiftExplicitDependencyGeneratePcm x86_64 /Users/c4v4h/Library/Developer/Xcode/DerivedData/CascadeAddonRecoveryProbe/probe-hae_1plo/Build/SDKExplicitPrecompiledModules/_Builtin_limits-1FQBV44ZPB7NC6U1O9V03TGJV.pcm

SwiftExplicitDependencyGeneratePcm x86_64 /Users/c4v4h/Library/Developer/Xcode/DerivedData/CascadeAddonRecoveryProbe/probe-hae_1plo/Build/SDKExplicitPrecompiledModules/_DarwinFoundation1-8H951G2PC2Y1U43XIFWJWM3OC.pcm

SwiftExplicitDependencyGeneratePcm arm64 /Users/c4v4h/Library/Developer/Xcode/DerivedData/CascadeAddonRecoveryProbe/probe-hae_1plo/Build/SDKExplicitPrecompiledModules/ExtensionFoundation-2JZ12N3AJNYKBIID7NLKK71Q4.pcm

SwiftExplicitDependencyGeneratePcm x86_64 /Users/c4v4h/Library/Developer/Xcode/DerivedData/CascadeAddonRecoveryProbe/probe-hae_1plo/Build/SDKExplicitPrecompiledModules/_DarwinFoundation2-86JRW7JB5H4JCFCH7W0BWY8TY.pcm

SwiftExplicitDependencyGeneratePcm arm64 /Users/c4v4h/Library/Developer/Xcode/DerivedData/CascadeAddonRecoveryProbe/probe-hae_1plo/Build/SDKExplicitPrecompiledModules/_Builtin_limits-2XEKKFJAAC3C9IV9IOR9RRJ95.pcm

SwiftExplicitDependencyGeneratePcm x86_64 /Users/c4v4h/Library/Developer/Xcode/DerivedData/CascadeAddonRecoveryProbe/probe-hae_1plo/Build/SDKExplicitPrecompiledModules/ExtensionFoundation-5CNIV04IZRT4F3AJ9ZIMQ2QKI.pcm

SwiftExplicitDependencyGeneratePcm arm64 /Users/c4v4h/Library/Developer/Xcode/DerivedData/CascadeAddonRecoveryProbe/probe-hae_1plo/Build/SDKExplicitPrecompiledModules/_Builtin_limits-B24UDSBMJ5IJX4CBN147TLCHD.pcm

SwiftExplicitDependencyGeneratePcm x86_64 /Users/c4v4h/Library/Developer/Xcode/DerivedData/CascadeAddonRecoveryProbe/probe-hae_1plo/Build/SDKExplicitPrecompiledModules/ExtensionFoundation-A0CWL828VXN2CNFX4FPKCDBCC.pcm

SwiftExplicitDependencyGeneratePcm x86_64 /Users/c4v4h/Library/Developer/Xcode/DerivedData/CascadeAddonRecoveryProbe/probe-hae_1plo/Build/SDKExplicitPrecompiledModules/_DarwinFoundation2-1DZBY1EDAL3LVHY7SM9AMY1HZ.pcm

SwiftExplicitDependencyGeneratePcm x86_64 /Users/c4v4h/Library/Developer/Xcode/DerivedData/CascadeAddonRecoveryProbe/probe-hae_1plo/Build/SDKExplicitPrecompiledModules/_Builtin_limits-AMBHYP36E695YABS4Q9MQZIZ9.pcm

SwiftExplicitDependencyGeneratePcm arm64 /Users/c4v4h/Library/Developer/Xcode/DerivedData/CascadeAddonRecoveryProbe/probe-hae_1plo/Build/SDKExplicitPrecompiledModules/string_h-BYUL3C9W9DP8IZ3FMTLX439BL.pcm

SwiftExplicitDependencyGeneratePcm arm64 /Users/c4v4h/Library/Developer/Xcode/DerivedData/CascadeAddonRecoveryProbe/probe-hae_1plo/Build/SDKExplicitPrecompiledModules/_Builtin_tgmath-628F3RPCMPQ66TPSGVRREL95M.pcm

SwiftExplicitDependencyGeneratePcm arm64 /Users/c4v4h/Library/Developer/Xcode/DerivedData/CascadeAddonRecoveryProbe/probe-hae_1plo/Build/SDKExplicitPrecompiledModules/_Builtin_stdint-AMJ3M86NHFCNWJ9PHV8IC53FD.pcm

SwiftExplicitDependencyGeneratePcm arm64 /Users/c4v4h/Library/Developer/Xcode/DerivedData/CascadeAddonRecoveryProbe/probe-hae_1plo/Build/SDKExplicitPrecompiledModules/string_h-95WGSTGH5LPN9BNI33TQ4183B.pcm

SwiftExplicitDependencyGeneratePcm x86_64 /Users/c4v4h/Library/Developer/Xcode/DerivedData/CascadeAddonRecoveryProbe/probe-hae_1plo/Build/SDKExplicitPrecompiledModules/_Builtin_stdint-6L9BLILH1AFJEKWD3C1UELJ7Y.pcm

SwiftExplicitDependencyGeneratePcm x86_64 /Users/c4v4h/Library/Developer/Xcode/DerivedData/CascadeAddonRecoveryProbe/probe-hae_1plo/Build/SDKExplicitPrecompiledModules/string_h-1IKQ69W08HM6RS84NGHZ659AQ.pcm

SwiftExplicitDependencyGeneratePcm arm64 /Users/c4v4h/Library/Developer/Xcode/DerivedData/CascadeAddonRecoveryProbe/probe-hae_1plo/Build/SDKExplicitPrecompiledModules/_Builtin_stdint-96X0BY7UUQW0S0X9R01V300DR.pcm

SwiftExplicitDependencyGeneratePcm arm64 /Users/c4v4h/Library/Developer/Xcode/DerivedData/CascadeAddonRecoveryProbe/probe-hae_1plo/Build/SDKExplicitPrecompiledModules/sys_types-2M0B66M9E202LZO36EQ7FR7V0.pcm

SwiftExplicitDependencyGeneratePcm x86_64 /Users/c4v4h/Library/Developer/Xcode/DerivedData/CascadeAddonRecoveryProbe/probe-hae_1plo/Build/SDKExplicitPrecompiledModules/sys_types-AMLNSAAG8X5NZIGUY65TIYBPE.pcm

SwiftExplicitDependencyGeneratePcm arm64 /Users/c4v4h/Library/Developer/Xcode/DerivedData/CascadeAddonRecoveryProbe/probe-hae_1plo/Build/SDKExplicitPrecompiledModules/sys_types-E6USK9XMR5947EQGBYBN6CQWQ.pcm

SwiftExplicitDependencyGeneratePcm x86_64 /Users/c4v4h/Library/Developer/Xcode/DerivedData/CascadeAddonRecoveryProbe/probe-hae_1plo/Build/SDKExplicitPrecompiledModules/_Builtin_stdint-BCD7I5NU916Q1USJT0CN19X4M.pcm

SwiftExplicitDependencyGeneratePcm x86_64 /Users/c4v4h/Library/Developer/Xcode/DerivedData/CascadeAddonRecoveryProbe/probe-hae_1plo/Build/SDKExplicitPrecompiledModules/sys_types-52DQ2CWSUQH5KHMA5MB356QKH.pcm

SwiftExplicitDependencyGeneratePcm x86_64 /Users/c4v4h/Library/Developer/Xcode/DerivedData/CascadeAddonRecoveryProbe/probe-hae_1plo/Build/SDKExplicitPrecompiledModules/string_h-AKTD93N4CREH0DI0O04WIOUR1.pcm

SwiftExplicitDependencyGeneratePcm arm64 /Users/c4v4h/Library/Developer/Xcode/DerivedData/CascadeAddonRecoveryProbe/probe-hae_1plo/Build/SDKExplicitPrecompiledModules/_Builtin_stdatomic-36UHXDHN1QKNOW3X85FV2HZMQ.pcm

SwiftExplicitDependencyGeneratePcm x86_64 /Users/c4v4h/Library/Developer/Xcode/DerivedData/CascadeAddonRecoveryProbe/probe-hae_1plo/Build/SDKExplicitPrecompiledModules/_Builtin_stdatomic-CUFDRXJGAR5JYWSGEI728KVD2.pcm

SwiftExplicitDependencyGeneratePcm arm64 /Users/c4v4h/Library/Developer/Xcode/DerivedData/CascadeAddonRecoveryProbe/probe-hae_1plo/Build/SDKExplicitPrecompiledModules/_Builtin_intrinsics-EBJNML2I05QWVAK6Z9E515P8B.pcm

SwiftExplicitDependencyGeneratePcm arm64 /Users/c4v4h/Library/Developer/Xcode/DerivedData/CascadeAddonRecoveryProbe/probe-hae_1plo/Build/SDKExplicitPrecompiledModules/_Builtin_stdatomic-B6GX2TZ8M42ZNYCGF4CRJPV1T.pcm

SwiftExplicitDependencyGeneratePcm arm64 /Users/c4v4h/Library/Developer/Xcode/DerivedData/CascadeAddonRecoveryProbe/probe-hae_1plo/Build/SDKExplicitPrecompiledModules/libDER-5CQ67OJ050V140ABWEDDLLR2I.pcm

SwiftExplicitDependencyGeneratePcm x86_64 /Users/c4v4h/Library/Developer/Xcode/DerivedData/CascadeAddonRecoveryProbe/probe-hae_1plo/Build/SDKExplicitPrecompiledModules/_DarwinFoundation3-BM4K5SPGZL0Y7RWSA0W808AV7.pcm

SwiftExplicitDependencyGeneratePcm arm64 /Users/c4v4h/Library/Developer/Xcode/DerivedData/CascadeAddonRecoveryProbe/probe-hae_1plo/Build/SDKExplicitPrecompiledModules/_DarwinFoundation3-3V8T5D9IPL4FMWAAIFLHH7LSH.pcm

SwiftExplicitDependencyGeneratePcm x86_64 /Users/c4v4h/Library/Developer/Xcode/DerivedData/CascadeAddonRecoveryProbe/probe-hae_1plo/Build/SDKExplicitPrecompiledModules/libDER-6IQS0D118FD1QA0QH3W689D59.pcm

SwiftExplicitDependencyGeneratePcm x86_64 /Users/c4v4h/Library/Developer/Xcode/DerivedData/CascadeAddonRecoveryProbe/probe-hae_1plo/Build/SDKExplicitPrecompiledModules/_DarwinFoundation3-A80M7UK33CR3YPT3O6970WD8H.pcm

SwiftExplicitDependencyGeneratePcm x86_64 /Users/c4v4h/Library/Developer/Xcode/DerivedData/CascadeAddonRecoveryProbe/probe-hae_1plo/Build/SDKExplicitPrecompiledModules/_Builtin_stdatomic-2FWFRN4HJXR6W0839GBCS6K4S.pcm

SwiftExplicitDependencyGeneratePcm arm64 /Users/c4v4h/Library/Developer/Xcode/DerivedData/CascadeAddonRecoveryProbe/probe-hae_1plo/Build/SDKExplicitPrecompiledModules/_DarwinFoundation3-83UFSIV0M55NYQY1RFIQ2GRL7.pcm

SwiftExplicitDependencyGeneratePcm x86_64 /Users/c4v4h/Library/Developer/Xcode/DerivedData/CascadeAddonRecoveryProbe/probe-hae_1plo/Build/SDKExplicitPrecompiledModules/_Builtin_tgmath-9OO1UHGL0SLPBEKVZKQSHXIDF.pcm

SwiftExplicitDependencyGeneratePcm arm64 /Users/c4v4h/Library/Developer/Xcode/DerivedData/CascadeAddonRecoveryProbe/probe-hae_1plo/Build/SDKExplicitPrecompiledModules/libDER-A0DGGRQCVYX2BUAL2S35NU87M.pcm

SwiftExplicitDependencyGeneratePcm x86_64 /Users/c4v4h/Library/Developer/Xcode/DerivedData/CascadeAddonRecoveryProbe/probe-hae_1plo/Build/SDKExplicitPrecompiledModules/libDER-AJZP0V9P47PCM3A2CT2IGFWO0.pcm

SwiftExplicitDependencyGeneratePcm arm64 /Users/c4v4h/Library/Developer/Xcode/DerivedData/CascadeAddonRecoveryProbe/probe-hae_1plo/Build/SDKExplicitPrecompiledModules/_Builtin_inttypes-6BCXLWLH9ST4MS1OBHAC8J4LF.pcm

SwiftExplicitDependencyGeneratePcm x86_64 /Users/c4v4h/Library/Developer/Xcode/DerivedData/CascadeAddonRecoveryProbe/probe-hae_1plo/Build/SDKExplicitPrecompiledModules/_Builtin_inttypes-3EHGQRWO49T02TUTFULRZ5J4Z.pcm

SwiftExplicitDependencyGeneratePcm x86_64 /Users/c4v4h/Library/Developer/Xcode/DerivedData/CascadeAddonRecoveryProbe/probe-hae_1plo/Build/SDKExplicitPrecompiledModules/_Builtin_intrinsics-AJF8FJV79EAKA1V2USHGSSVGG.pcm

SwiftExplicitDependencyGeneratePcm x86_64 /Users/c4v4h/Library/Developer/Xcode/DerivedData/CascadeAddonRecoveryProbe/probe-hae_1plo/Build/SDKExplicitPrecompiledModules/_Builtin_inttypes-7X7NGCKBCI0IHWA4T1K4WQB14.pcm

SwiftExplicitDependencyGeneratePcm x86_64 /Users/c4v4h/Library/Developer/Xcode/DerivedData/CascadeAddonRecoveryProbe/probe-hae_1plo/Build/SDKExplicitPrecompiledModules/_Builtin_intrinsics-7CFTPPE97VCL6X05I8BOYZBFX.pcm

SwiftExplicitDependencyGeneratePcm x86_64 /Users/c4v4h/Library/Developer/Xcode/DerivedData/CascadeAddonRecoveryProbe/probe-hae_1plo/Build/SDKExplicitPrecompiledModules/Darwin-2IH9FWMXVS4S04G93I78JEAME.pcm

SwiftExplicitDependencyGeneratePcm arm64 /Users/c4v4h/Library/Developer/Xcode/DerivedData/CascadeAddonRecoveryProbe/probe-hae_1plo/Build/SDKExplicitPrecompiledModules/Darwin-4ICNUKTC3GNH1RFENO6QOGIV1.pcm

SwiftExplicitDependencyGeneratePcm arm64 /Users/c4v4h/Library/Developer/Xcode/DerivedData/CascadeAddonRecoveryProbe/probe-hae_1plo/Build/SDKExplicitPrecompiledModules/_Builtin_inttypes-6EWMJK9AC53ZYVX3A4LJJ5309.pcm

SwiftExplicitDependencyGeneratePcm x86_64 /Users/c4v4h/Library/Developer/Xcode/DerivedData/CascadeAddonRecoveryProbe/probe-hae_1plo/Build/SDKExplicitPrecompiledModules/Darwin-AZTOU6D51ML8WDRYKQALVEM44.pcm

SwiftExplicitDependencyGeneratePcm arm64 /Users/c4v4h/Library/Developer/Xcode/DerivedData/CascadeAddonRecoveryProbe/probe-hae_1plo/Build/SDKExplicitPrecompiledModules/Darwin-EJSECI5K1CV6LZC1GQHY56GEN.pcm

SwiftExplicitDependencyGeneratePcm arm64 /Users/c4v4h/Library/Developer/Xcode/DerivedData/CascadeAddonRecoveryProbe/probe-hae_1plo/Build/SDKExplicitPrecompiledModules/simd-5BOKCAGDQEHR7H78DLKAGVPR.pcm

SwiftExplicitDependencyGeneratePcm arm64 /Users/c4v4h/Library/Developer/Xcode/DerivedData/CascadeAddonRecoveryProbe/probe-hae_1plo/Build/SDKExplicitPrecompiledModules/libkern-7KATVFDGTBTLPGYGQ3QCGMF4G.pcm

SwiftExplicitDependencyGeneratePcm arm64 /Users/c4v4h/Library/Developer/Xcode/DerivedData/CascadeAddonRecoveryProbe/probe-hae_1plo/Build/SDKExplicitPrecompiledModules/launch-EEKWZJD9DJEJEU8LFLC9I67XE.pcm

SwiftExplicitDependencyGeneratePcm arm64 /Users/c4v4h/Library/Developer/Xcode/DerivedData/CascadeAddonRecoveryProbe/probe-hae_1plo/Build/SDKExplicitPrecompiledModules/MachO-DX62MDTTXNJBLIPHMB2QNAHKI.pcm

SwiftExplicitDependencyGeneratePcm x86_64 /Users/c4v4h/Library/Developer/Xcode/DerivedData/CascadeAddonRecoveryProbe/probe-hae_1plo/Build/SDKExplicitPrecompiledModules/simd-33VEW098NYLWYMUR7IYUH157O.pcm

SwiftExplicitDependencyGeneratePcm x86_64 /Users/c4v4h/Library/Developer/Xcode/DerivedData/CascadeAddonRecoveryProbe/probe-hae_1plo/Build/SDKExplicitPrecompiledModules/launch-9ZRF21LS9XG0WWFWWU44DQ1JC.pcm

SwiftExplicitDependencyGeneratePcm x86_64 /Users/c4v4h/Library/Developer/Xcode/DerivedData/CascadeAddonRecoveryProbe/probe-hae_1plo/Build/SDKExplicitPrecompiledModules/MachO-DEM4RBWYL3Y7UC4A01HPNKQCJ.pcm

SwiftExplicitDependencyGeneratePcm x86_64 /Users/c4v4h/Library/Developer/Xcode/DerivedData/CascadeAddonRecoveryProbe/probe-hae_1plo/Build/SDKExplicitPrecompiledModules/libkern-68POPWVKCXT5661I0T2SVVEX1.pcm

SwiftExplicitDependencyGeneratePcm arm64 /Users/c4v4h/Library/Developer/Xcode/DerivedData/CascadeAddonRecoveryProbe/probe-hae_1plo/Build/SDKExplicitPrecompiledModules/ObjectiveC-2SOE0I97Q1GAB2MPY9UN7IXXL.pcm

SwiftExplicitDependencyGeneratePcm x86_64 /Users/c4v4h/Library/Developer/Xcode/DerivedData/CascadeAddonRecoveryProbe/probe-hae_1plo/Build/SDKExplicitPrecompiledModules/libkern-5TWBLLE05JKXMBALZ7NLCT2MT.pcm

SwiftExplicitDependencyGeneratePcm x86_64 /Users/c4v4h/Library/Developer/Xcode/DerivedData/CascadeAddonRecoveryProbe/probe-hae_1plo/Build/SDKExplicitPrecompiledModules/launch-A0SJDP4X7FBSQHSD17KLWKR3E.pcm

SwiftExplicitDependencyGeneratePcm x86_64 /Users/c4v4h/Library/Developer/Xcode/DerivedData/CascadeAddonRecoveryProbe/probe-hae_1plo/Build/SDKExplicitPrecompiledModules/MachO-CW9MDRNAI84FA4R5A60AM22SX.pcm

SwiftExplicitDependencyGeneratePcm arm64 /Users/c4v4h/Library/Developer/Xcode/DerivedData/CascadeAddonRecoveryProbe/probe-hae_1plo/Build/SDKExplicitPrecompiledModules/MachO-9J1V08DJW6H0ZMMHYP0ODG4TJ.pcm

SwiftExplicitDependencyGeneratePcm arm64 /Users/c4v4h/Library/Developer/Xcode/DerivedData/CascadeAddonRecoveryProbe/probe-hae_1plo/Build/SDKExplicitPrecompiledModules/launch-DVEUZ5I0ZD8R8H08M5MW6OFTR.pcm

SwiftExplicitDependencyGeneratePcm arm64 /Users/c4v4h/Library/Developer/Xcode/DerivedData/CascadeAddonRecoveryProbe/probe-hae_1plo/Build/SDKExplicitPrecompiledModules/Spatial-676R9G03G0UALLCPFGFRED2QU.pcm

SwiftExplicitDependencyGeneratePcm arm64 /Users/c4v4h/Library/Developer/Xcode/DerivedData/CascadeAddonRecoveryProbe/probe-hae_1plo/Build/SDKExplicitPrecompiledModules/CUPS-7PBYOKP873981RD5LQYZK9DL0.pcm

SwiftExplicitDependencyGeneratePcm arm64 /Users/c4v4h/Library/Developer/Xcode/DerivedData/CascadeAddonRecoveryProbe/probe-hae_1plo/Build/SDKExplicitPrecompiledModules/libkern-2HLA745Y4F3F9AQAUXNVBRLNX.pcm

SwiftExplicitDependencyGeneratePcm x86_64 /Users/c4v4h/Library/Developer/Xcode/DerivedData/CascadeAddonRecoveryProbe/probe-hae_1plo/Build/SDKExplicitPrecompiledModules/ObjectiveC-DWEHSB1WH6WTIW2ZANZBWXOWQ.pcm

SwiftExplicitDependencyGeneratePcm arm64 /Users/c4v4h/Library/Developer/Xcode/DerivedData/CascadeAddonRecoveryProbe/probe-hae_1plo/Build/SDKExplicitPrecompiledModules/os_object-7X31VL9X88G4O081IJ0Q8MGBO.pcm

SwiftExplicitDependencyGeneratePcm x86_64 /Users/c4v4h/Library/Developer/Xcode/DerivedData/CascadeAddonRecoveryProbe/probe-hae_1plo/Build/SDKExplicitPrecompiledModules/ObjectiveC-BXD2YV0XLHL6PM0CNGQ93C8HJ.pcm

SwiftExplicitDependencyGeneratePcm x86_64 /Users/c4v4h/Library/Developer/Xcode/DerivedData/CascadeAddonRecoveryProbe/probe-hae_1plo/Build/SDKExplicitPrecompiledModules/CUPS-V6E9O1INJ6KG9HAM88RZVA8O.pcm

SwiftExplicitDependencyGeneratePcm arm64 /Users/c4v4h/Library/Developer/Xcode/DerivedData/CascadeAddonRecoveryProbe/probe-hae_1plo/Build/SDKExplicitPrecompiledModules/ObjectiveC-9F015YXW7Y398OOM1W08WETF8.pcm

SwiftExplicitDependencyGeneratePcm arm64 /Users/c4v4h/Library/Developer/Xcode/DerivedData/CascadeAddonRecoveryProbe/probe-hae_1plo/Build/SDKExplicitPrecompiledModules/os_workgroup-76BG30OWYH9LWC8PXPUZRPYPU.pcm

SwiftExplicitDependencyGeneratePcm x86_64 /Users/c4v4h/Library/Developer/Xcode/DerivedData/CascadeAddonRecoveryProbe/probe-hae_1plo/Build/SDKExplicitPrecompiledModules/os_object-D3B075YSJK0N0EVCIEVVECEZT.pcm

SwiftExplicitDependencyGeneratePcm x86_64 /Users/c4v4h/Library/Developer/Xcode/DerivedData/CascadeAddonRecoveryProbe/probe-hae_1plo/Build/SDKExplicitPrecompiledModules/os_object-BPW0YBE1GEYRDCU5MIH6TF57F.pcm

SwiftExplicitDependencyGeneratePcm arm64 /Users/c4v4h/Library/Developer/Xcode/DerivedData/CascadeAddonRecoveryProbe/probe-hae_1plo/Build/SDKExplicitPrecompiledModules/os_object-4X52R2049Y15OJT5QBOS8CM7Q.pcm

SwiftExplicitDependencyGeneratePcm x86_64 /Users/c4v4h/Library/Developer/Xcode/DerivedData/CascadeAddonRecoveryProbe/probe-hae_1plo/Build/SDKExplicitPrecompiledModules/os_workgroup-ERLGNWIHTMOYF0QWT3IKLIMWV.pcm

SwiftExplicitDependencyGeneratePcm arm64 /Users/c4v4h/Library/Developer/Xcode/DerivedData/CascadeAddonRecoveryProbe/probe-hae_1plo/Build/SDKExplicitPrecompiledModules/Dispatch-3AOD4X2TKOYTYAW7DU9VUZ4W3.pcm

SwiftExplicitDependencyGeneratePcm x86_64 /Users/c4v4h/Library/Developer/Xcode/DerivedData/CascadeAddonRecoveryProbe/probe-hae_1plo/Build/SDKExplicitPrecompiledModules/os_workgroup-10PBWB6YHWN3ALG5WICEP06KN.pcm

SwiftExplicitDependencyGeneratePcm arm64 /Users/c4v4h/Library/Developer/Xcode/DerivedData/CascadeAddonRecoveryProbe/probe-hae_1plo/Build/SDKExplicitPrecompiledModules/os_workgroup-DPE4SNV9CJDF6XQLPVDQF1KIB.pcm

SwiftExplicitDependencyGeneratePcm x86_64 /Users/c4v4h/Library/Developer/Xcode/DerivedData/CascadeAddonRecoveryProbe/probe-hae_1plo/Build/SDKExplicitPrecompiledModules/Dispatch-AB7ULNRU0AK3YD96PPT7LFJ0V.pcm

SwiftExplicitDependencyGeneratePcm arm64 /Users/c4v4h/Library/Developer/Xcode/DerivedData/CascadeAddonRecoveryProbe/probe-hae_1plo/Build/SDKExplicitPrecompiledModules/CoreFoundation-BW4WIB65U1P2HBZIQNCM6EYNG.pcm

SwiftExplicitDependencyGeneratePcm arm64 /Users/c4v4h/Library/Developer/Xcode/DerivedData/CascadeAddonRecoveryProbe/probe-hae_1plo/Build/SDKExplicitPrecompiledModules/dnssd-607UAJHQR8ELPQUHKYJWUD59Y.pcm

SwiftExplicitDependencyGeneratePcm arm64 /Users/c4v4h/Library/Developer/Xcode/DerivedData/CascadeAddonRecoveryProbe/probe-hae_1plo/Build/SDKExplicitPrecompiledModules/XPC-75XZJZM70G7NNJRLD33ETFXT4.pcm

SwiftExplicitDependencyGeneratePcm x86_64 /Users/c4v4h/Library/Developer/Xcode/DerivedData/CascadeAddonRecoveryProbe/probe-hae_1plo/Build/SDKExplicitPrecompiledModules/Spatial-5X1WM8LNUWHVJX462OXQ15BXI.pcm

SwiftExplicitDependencyGeneratePcm x86_64 /Users/c4v4h/Library/Developer/Xcode/DerivedData/CascadeAddonRecoveryProbe/probe-hae_1plo/Build/SDKExplicitPrecompiledModules/Dispatch-D4VHSWRNBJSPZ1GETIO7CTKD9.pcm

SwiftExplicitDependencyGeneratePcm arm64 /Users/c4v4h/Library/Developer/Xcode/DerivedData/CascadeAddonRecoveryProbe/probe-hae_1plo/Build/SDKExplicitPrecompiledModules/Dispatch-43WJ5GEQHAXFG1GCWGACY02E0.pcm

SwiftExplicitDependencyGeneratePcm x86_64 /Users/c4v4h/Library/Developer/Xcode/DerivedData/CascadeAddonRecoveryProbe/probe-hae_1plo/Build/SDKExplicitPrecompiledModules/XPC-4NVQ3LPZ9NI5IHRZJIFY9WD3Y.pcm

SwiftExplicitDependencyGeneratePcm x86_64 /Users/c4v4h/Library/Developer/Xcode/DerivedData/CascadeAddonRecoveryProbe/probe-hae_1plo/Build/SDKExplicitPrecompiledModules/CoreFoundation-BEAY63T2GNC59KWGAHCIOZ6QV.pcm

SwiftExplicitDependencyGeneratePcm x86_64 /Users/c4v4h/Library/Developer/Xcode/DerivedData/CascadeAddonRecoveryProbe/probe-hae_1plo/Build/SDKExplicitPrecompiledModules/dnssd-DCJ67IEPJ9YK91QLVJEISGRKZ.pcm

SwiftExplicitDependencyGeneratePcm arm64 /Users/c4v4h/Library/Developer/Xcode/DerivedData/CascadeAddonRecoveryProbe/probe-hae_1plo/Build/SDKExplicitPrecompiledModules/os-61BYERBAYXUCQWI94DS88LFNW.pcm

SwiftExplicitDependencyGeneratePcm x86_64 /Users/c4v4h/Library/Developer/Xcode/DerivedData/CascadeAddonRecoveryProbe/probe-hae_1plo/Build/SDKExplicitPrecompiledModules/dnssd-44Y6LIM7NVHORNHO95WJLTZP2.pcm

SwiftExplicitDependencyGeneratePcm x86_64 /Users/c4v4h/Library/Developer/Xcode/DerivedData/CascadeAddonRecoveryProbe/probe-hae_1plo/Build/SDKExplicitPrecompiledModules/CoreFoundation-CJSBA24J66HR3CRWVR1GNP0TI.pcm

SwiftExplicitDependencyGeneratePcm x86_64 /Users/c4v4h/Library/Developer/Xcode/DerivedData/CascadeAddonRecoveryProbe/probe-hae_1plo/Build/SDKExplicitPrecompiledModules/XPC-BO3ZIOUSXGLJHO5CITNZ8J923.pcm

SwiftExplicitDependencyGeneratePcm arm64 /Users/c4v4h/Library/Developer/Xcode/DerivedData/CascadeAddonRecoveryProbe/probe-hae_1plo/Build/SDKExplicitPrecompiledModules/XPC-AGLVMLB0XGW3VFZKKWTF8MAK9.pcm

SwiftExplicitDependencyGeneratePcm x86_64 /Users/c4v4h/Library/Developer/Xcode/DerivedData/CascadeAddonRecoveryProbe/probe-hae_1plo/Build/SDKExplicitPrecompiledModules/os-1JK3RXWJUMSTRH2MNTUV8XDVS.pcm

SwiftExplicitDependencyGeneratePcm arm64 /Users/c4v4h/Library/Developer/Xcode/DerivedData/CascadeAddonRecoveryProbe/probe-hae_1plo/Build/SDKExplicitPrecompiledModules/Security-6RTBSTV9M0EUNFJ14GIVJFGK2.pcm

SwiftExplicitDependencyGeneratePcm arm64 /Users/c4v4h/Library/Developer/Xcode/DerivedData/CascadeAddonRecoveryProbe/probe-hae_1plo/Build/SDKExplicitPrecompiledModules/CFNetwork-CVDB0NBMH8V2EGN4YDY9OZEA9.pcm

SwiftExplicitDependencyGeneratePcm arm64 /Users/c4v4h/Library/Developer/Xcode/DerivedData/CascadeAddonRecoveryProbe/probe-hae_1plo/Build/SDKExplicitPrecompiledModules/IOKit-2NVTQH8DYQHHSKY9KLBG298WT.pcm

SwiftExplicitDependencyGeneratePcm x86_64 /Users/c4v4h/Library/Developer/Xcode/DerivedData/CascadeAddonRecoveryProbe/probe-hae_1plo/Build/SDKExplicitPrecompiledModules/Security-BU9X5AHI7BJ590SXDOHEC5DWL.pcm

SwiftExplicitDependencyGeneratePcm x86_64 /Users/c4v4h/Library/Developer/Xcode/DerivedData/CascadeAddonRecoveryProbe/probe-hae_1plo/Build/SDKExplicitPrecompiledModules/os-7KFL2R0XAN2W2BBS3K6B80455.pcm

SwiftExplicitDependencyGeneratePcm arm64 /Users/c4v4h/Library/Developer/Xcode/DerivedData/CascadeAddonRecoveryProbe/probe-hae_1plo/Build/SDKExplicitPrecompiledModules/dnssd-533IONH53DRZNUVRUHDLW0V70.pcm

SwiftExplicitDependencyGeneratePcm arm64 /Users/c4v4h/Library/Developer/Xcode/DerivedData/CascadeAddonRecoveryProbe/probe-hae_1plo/Build/SDKExplicitPrecompiledModules/os-E7XTWMZB10TS31EXLBKZ2DZFG.pcm

SwiftExplicitDependencyGeneratePcm arm64 /Users/c4v4h/Library/Developer/Xcode/DerivedData/CascadeAddonRecoveryProbe/probe-hae_1plo/Build/SDKExplicitPrecompiledModules/CoreFoundation-EU20K25DIAMTALDT97OTRL579.pcm

SwiftExplicitDependencyGeneratePcm x86_64 /Users/c4v4h/Library/Developer/Xcode/DerivedData/CascadeAddonRecoveryProbe/probe-hae_1plo/Build/SDKExplicitPrecompiledModules/IOKit-9TXHH9Y3G6VC4YW23SQAUOZKD.pcm

SwiftExplicitDependencyGeneratePcm x86_64 /Users/c4v4h/Library/Developer/Xcode/DerivedData/CascadeAddonRecoveryProbe/probe-hae_1plo/Build/SDKExplicitPrecompiledModules/ColorSync-EM9IT7MLQRJEDFJTRRB7A0AUS.pcm

SwiftExplicitDependencyGeneratePcm x86_64 /Users/c4v4h/Library/Developer/Xcode/DerivedData/CascadeAddonRecoveryProbe/probe-hae_1plo/Build/SDKExplicitPrecompiledModules/CFNetwork-DEVTFHU3LOPCYYWWWF6NAZD2R.pcm

SwiftExplicitDependencyGeneratePcm x86_64 /Users/c4v4h/Library/Developer/Xcode/DerivedData/CascadeAddonRecoveryProbe/probe-hae_1plo/Build/SDKExplicitPrecompiledModules/IOKit-7G8VTV3P6SUNIVTX4O7P80V95.pcm

SwiftExplicitDependencyGeneratePcm x86_64 /Users/c4v4h/Library/Developer/Xcode/DerivedData/CascadeAddonRecoveryProbe/probe-hae_1plo/Build/SDKExplicitPrecompiledModules/CoreAudioTypes-AR4FWVVD3YO2T2ODI1T8IP1Z0.pcm

SwiftExplicitDependencyGeneratePcm x86_64 /Users/c4v4h/Library/Developer/Xcode/DerivedData/CascadeAddonRecoveryProbe/probe-hae_1plo/Build/SDKExplicitPrecompiledModules/Security-5AVSQJG18BHMOGEDRDD385F0L.pcm

SwiftExplicitDependencyGeneratePcm x86_64 /Users/c4v4h/Library/Developer/Xcode/DerivedData/CascadeAddonRecoveryProbe/probe-hae_1plo/Build/SDKExplicitPrecompiledModules/CFNetwork-D2IAKCAU9ZY45VF8C2KKHWSIY.pcm

SwiftExplicitDependencyGeneratePcm arm64 /Users/c4v4h/Library/Developer/Xcode/DerivedData/CascadeAddonRecoveryProbe/probe-hae_1plo/Build/SDKExplicitPrecompiledModules/CoreAudioTypes-9EQ0VY8VL3OBM3FKNFGO3XUBC.pcm

SwiftExplicitDependencyGeneratePcm arm64 /Users/c4v4h/Library/Developer/Xcode/DerivedData/CascadeAddonRecoveryProbe/probe-hae_1plo/Build/SDKExplicitPrecompiledModules/IOKit-4EJHT5OFDA41JLLQF0MANL0RD.pcm

SwiftExplicitDependencyGeneratePcm arm64 /Users/c4v4h/Library/Developer/Xcode/DerivedData/CascadeAddonRecoveryProbe/probe-hae_1plo/Build/SDKExplicitPrecompiledModules/ColorSync-45HQZXEIRQDKXDTYJENU77MHQ.pcm

SwiftExplicitDependencyGeneratePcm arm64 /Users/c4v4h/Library/Developer/Xcode/DerivedData/CascadeAddonRecoveryProbe/probe-hae_1plo/Build/SDKExplicitPrecompiledModules/DiskArbitration-9UOU205QFCJUMCRBK9TEWT4GR.pcm

SwiftExplicitDependencyGeneratePcm arm64 /Users/c4v4h/Library/Developer/Xcode/DerivedData/CascadeAddonRecoveryProbe/probe-hae_1plo/Build/SDKExplicitPrecompiledModules/CFNetwork-1K3YIHK507VPKRJG1HGZ11L9H.pcm

SwiftExplicitDependencyGeneratePcm arm64 /Users/c4v4h/Library/Developer/Xcode/DerivedData/CascadeAddonRecoveryProbe/probe-hae_1plo/Build/SDKExplicitPrecompiledModules/Security-EHD9U13NXGYVM9QX39YYXXWAL.pcm

SwiftExplicitDependencyGeneratePcm x86_64 /Users/c4v4h/Library/Developer/Xcode/DerivedData/CascadeAddonRecoveryProbe/probe-hae_1plo/Build/SDKExplicitPrecompiledModules/DiskArbitration-19NGO8SWDW0GL4XBGYGJIF8OI.pcm

SwiftExplicitDependencyGeneratePcm x86_64 /Users/c4v4h/Library/Developer/Xcode/DerivedData/CascadeAddonRecoveryProbe/probe-hae_1plo/Build/SDKExplicitPrecompiledModules/DiskArbitration-71RRO5MIVGUCKTIJQUOZM2IMT.pcm

SwiftExplicitDependencyGeneratePcm x86_64 /Users/c4v4h/Library/Developer/Xcode/DerivedData/CascadeAddonRecoveryProbe/probe-hae_1plo/Build/SDKExplicitPrecompiledModules/CoreGraphics-8THB6S8N79XEN1HJNAR965RBX.pcm

SwiftExplicitDependencyGeneratePcm arm64 /Users/c4v4h/Library/Developer/Xcode/DerivedData/CascadeAddonRecoveryProbe/probe-hae_1plo/Build/SDKExplicitPrecompiledModules/CoreServices-B0VP899L8PZ7EB1R77EL6S5QW.pcm

SwiftExplicitDependencyGeneratePcm x86_64 /Users/c4v4h/Library/Developer/Xcode/DerivedData/CascadeAddonRecoveryProbe/probe-hae_1plo/Build/SDKExplicitPrecompiledModules/CoreServices-EARY5ISEP8UKTHNBFIGFG6EYT.pcm

SwiftExplicitDependencyGeneratePcm x86_64 /Users/c4v4h/Library/Developer/Xcode/DerivedData/CascadeAddonRecoveryProbe/probe-hae_1plo/Build/SDKExplicitPrecompiledModules/CoreServices-7Y1PEV1PDKAVIVCRXZKE79O7E.pcm

SwiftExplicitDependencyGeneratePcm x86_64 /Users/c4v4h/Library/Developer/Xcode/DerivedData/CascadeAddonRecoveryProbe/probe-hae_1plo/Build/SDKExplicitPrecompiledModules/ImageIO-CLEA33YLFJJM5QXP2NI2CAX01.pcm

SwiftExplicitDependencyGeneratePcm x86_64 /Users/c4v4h/Library/Developer/Xcode/DerivedData/CascadeAddonRecoveryProbe/probe-hae_1plo/Build/SDKExplicitPrecompiledModules/CoreText-6DJ9BUVB2QO4TAW2JC65B7CHN.pcm

SwiftExplicitDependencyGeneratePcm arm64 /Users/c4v4h/Library/Developer/Xcode/DerivedData/CascadeAddonRecoveryProbe/probe-hae_1plo/Build/SDKExplicitPrecompiledModules/DiskArbitration-PTZGEB1DDUHF1OPRHD1TBE7V.pcm

SwiftExplicitDependencyGeneratePcm arm64 /Users/c4v4h/Library/Developer/Xcode/DerivedData/CascadeAddonRecoveryProbe/probe-hae_1plo/Build/SDKExplicitPrecompiledModules/CoreGraphics-40SSM1U8CJZIS2HPBWJWUNOVP.pcm

SwiftExplicitDependencyGeneratePcm arm64 /Users/c4v4h/Library/Developer/Xcode/DerivedData/CascadeAddonRecoveryProbe/probe-hae_1plo/Build/SDKExplicitPrecompiledModules/CoreServices-D1G1V6WDN9NTHGYETXI06MS4H.pcm

SwiftExplicitDependencyGeneratePcm arm64 /Users/c4v4h/Library/Developer/Xcode/DerivedData/CascadeAddonRecoveryProbe/probe-hae_1plo/Build/SDKExplicitPrecompiledModules/Foundation-F16S92X8NVUJ4V27LUX181X1Z.pcm

SwiftExplicitDependencyGeneratePcm arm64 /Users/c4v4h/Library/Developer/Xcode/DerivedData/CascadeAddonRecoveryProbe/probe-hae_1plo/Build/SDKExplicitPrecompiledModules/ImageIO-BIJOPY99OVQ775VGYATAVO81K.pcm

SwiftExplicitDependencyGeneratePcm arm64 /Users/c4v4h/Library/Developer/Xcode/DerivedData/CascadeAddonRecoveryProbe/probe-hae_1plo/Build/SDKExplicitPrecompiledModules/CoreText-BWG44K45OE5MUV5HPNTRH3AX0.pcm

SwiftExplicitDependencyGeneratePcm x86_64 /Users/c4v4h/Library/Developer/Xcode/DerivedData/CascadeAddonRecoveryProbe/probe-hae_1plo/Build/SDKExplicitPrecompiledModules/Foundation-1FWIMNLJ8ZS979XFYGCTGUQT9.pcm

SwiftExplicitDependencyGeneratePcm x86_64 /Users/c4v4h/Library/Developer/Xcode/DerivedData/CascadeAddonRecoveryProbe/probe-hae_1plo/Build/SDKExplicitPrecompiledModules/Foundation-2NGAA36PS8VZIPSS20RAJF4Y0.pcm

SwiftExplicitDependencyGeneratePcm arm64 /Users/c4v4h/Library/Developer/Xcode/DerivedData/CascadeAddonRecoveryProbe/probe-hae_1plo/Build/SDKExplicitPrecompiledModules/Foundation-ECOMJPU0LT161ZSVBDYBKOIW1.pcm

SwiftExplicitDependencyGeneratePcm arm64 /Users/c4v4h/Library/Developer/Xcode/DerivedData/CascadeAddonRecoveryProbe/probe-hae_1plo/Build/SDKExplicitPrecompiledModules/OSLog-15A4OXH3Q4DEXJZBV0JFNVLOA.pcm

SwiftExplicitDependencyGeneratePcm arm64 /Users/c4v4h/Library/Developer/Xcode/DerivedData/CascadeAddonRecoveryProbe/probe-hae_1plo/Build/SDKExplicitPrecompiledModules/UniformTypeIdentifiers-6T39508PYAX1XVBFZLSKNE4JP.pcm

SwiftExplicitDependencyGeneratePcm arm64 /Users/c4v4h/Library/Developer/Xcode/DerivedData/CascadeAddonRecoveryProbe/probe-hae_1plo/Build/SDKExplicitPrecompiledModules/Network-7S5HP1ZAGDRO98JCDDY7KQ9NZ.pcm

SwiftExplicitDependencyGeneratePcm x86_64 /Users/c4v4h/Library/Developer/Xcode/DerivedData/CascadeAddonRecoveryProbe/probe-hae_1plo/Build/SDKExplicitPrecompiledModules/OSLog-2S8NKSGC25PO3QCHULBGURBE9.pcm

SwiftExplicitDependencyGeneratePcm x86_64 /Users/c4v4h/Library/Developer/Xcode/DerivedData/CascadeAddonRecoveryProbe/probe-hae_1plo/Build/SDKExplicitPrecompiledModules/Network-4AY9WSPAFPRAGJ3UQTMVKT62F.pcm

SwiftExplicitDependencyGeneratePcm x86_64 /Users/c4v4h/Library/Developer/Xcode/DerivedData/CascadeAddonRecoveryProbe/probe-hae_1plo/Build/SDKExplicitPrecompiledModules/UniformTypeIdentifiers-8AXRK3EKU3CO72OBQZK8F4YRB.pcm

SwiftExplicitDependencyGeneratePcm x86_64 /Users/c4v4h/Library/Developer/Xcode/DerivedData/CascadeAddonRecoveryProbe/probe-hae_1plo/Build/SDKExplicitPrecompiledModules/Network-10Y7MVFVOMO0H6AAQ3VD8F7C5.pcm

SwiftExplicitDependencyGeneratePcm x86_64 /Users/c4v4h/Library/Developer/Xcode/DerivedData/CascadeAddonRecoveryProbe/probe-hae_1plo/Build/SDKExplicitPrecompiledModules/CoreAudio-5F3W0TRLAB6SI0JNQIIHANQNT.pcm

SwiftExplicitDependencyGeneratePcm x86_64 /Users/c4v4h/Library/Developer/Xcode/DerivedData/CascadeAddonRecoveryProbe/probe-hae_1plo/Build/SDKExplicitPrecompiledModules/UniformTypeIdentifiers-5VERSOVTAM3QU4QLZK8SO9G51.pcm

SwiftExplicitDependencyGeneratePcm x86_64 /Users/c4v4h/Library/Developer/Xcode/DerivedData/CascadeAddonRecoveryProbe/probe-hae_1plo/Build/SDKExplicitPrecompiledModules/CoreData-69OZ64FYR7372C2GH8B50B37B.pcm

SwiftEmitModule normal arm64 Emitting\ module\ for\ CascadeProbeProvider (in target 'ProbeProvider' from project 'AddonPlatform')

SwiftCompile normal arm64 (in target 'ProbeProvider' from project 'AddonPlatform')
    cd /Users/c4v4h/Library/Developer/Xcode/DerivedData/CascadeAddonRecoveryProbe/probe-hae_1plo/Sources
    

SwiftExplicitDependencyGeneratePcm x86_64 /Users/c4v4h/Library/Developer/Xcode/DerivedData/CascadeAddonRecoveryProbe/probe-hae_1plo/Build/SDKExplicitPrecompiledModules/ApplicationServices-229VE3G2W8ZFZDF3AM06NT7P8.pcm

SwiftExplicitDependencyGeneratePcm x86_64 /Users/c4v4h/Library/Developer/Xcode/DerivedData/CascadeAddonRecoveryProbe/probe-hae_1plo/Build/SDKExplicitPrecompiledModules/Symbols-4QVECB47PSRLDKJC4504TSLCS.pcm

SwiftEmitModule normal x86_64 Emitting\ module\ for\ CascadeProbeProvider (in target 'ProbeProvider' from project 'AddonPlatform')

SwiftCompile normal x86_64 (in target 'ProbeProvider' from project 'AddonPlatform')
    cd /Users/c4v4h/Library/Developer/Xcode/DerivedData/CascadeAddonRecoveryProbe/probe-hae_1plo/Sources
    

SwiftExplicitDependencyGeneratePcm x86_64 /Users/c4v4h/Library/Developer/Xcode/DerivedData/CascadeAddonRecoveryProbe/probe-hae_1plo/Build/SDKExplicitPrecompiledModules/IOSurface-A2J5ALO3HLS29R61HW4ICMJIQ.pcm

SwiftExplicitDependencyGeneratePcm x86_64 /Users/c4v4h/Library/Developer/Xcode/DerivedData/CascadeAddonRecoveryProbe/probe-hae_1plo/Build/SDKExplicitPrecompiledModules/CoreTransferable-4II93JFMWMA6BITVHVXIUNO9H.pcm

SwiftExplicitDependencyGeneratePcm x86_64 /Users/c4v4h/Library/Developer/Xcode/DerivedData/CascadeAddonRecoveryProbe/probe-hae_1plo/Build/SDKExplicitPrecompiledModules/OSLog-BN6ZQ7FKNJ1Q46LL8WPTF01N4.pcm

SwiftExplicitDependencyGeneratePcm x86_64 /Users/c4v4h/Library/Developer/Xcode/DerivedData/CascadeAddonRecoveryProbe/probe-hae_1plo/Build/SDKExplicitPrecompiledModules/DataDetection-4FNPX14UPBAT6T86NL91COGLG.pcm

SwiftExplicitDependencyGeneratePcm x86_64 /Users/c4v4h/Library/Developer/Xcode/DerivedData/CascadeAddonRecoveryProbe/probe-hae_1plo/Build/SDKExplicitPrecompiledModules/Accessibility-2D7WQEWYVTAKFY9VBN11H83NF.pcm

SwiftDriverJobDiscovery normal arm64 Emitting module for CascadeProbeProvider (in target 'ProbeProvider' from project 'AddonPlatform')

SwiftDriver\ Compilation\ Requirements ProbeProvider normal arm64 com.apple.xcode.tools.swift.compiler (in target 'ProbeProvider' from project 'AddonPlatform')
    cd /Users/c4v4h/Library/Developer/Xcode/DerivedData/CascadeAddonRecoveryProbe/probe-hae_1plo/Sources
    builtin-Swift-Compilation-Requirements -- /Applications/Xcode-beta.app/Contents/Developer/Toolchains/XcodeDefault.xctoolchain/usr/bin/swiftc -module-name CascadeProbeProvider -Onone @/Users/c4v4h/Library/Developer/Xcode/DerivedData/CascadeAddonRecoveryProbe/probe-hae_1plo/Build/Build/Intermediates.noindex/AddonPlatform.build/Debug/ProbeProvider.build/Objects-normal/arm64/CascadeProbeProvider.SwiftFileList -DDEBUG -DRECOVERY_PROBE -DBROKER_PROVIDER -enable-bare-slash-regex -enable-experimental-feature DebugDescriptionMacro -sdk /Applications/Xcode-beta.app/Contents/Developer/Platforms/MacOSX.platform/Developer/SDKs/MacOSX27.0.sdk -target arm64-apple-macos14.0 -g -module-cache-path /Users/c4v4h/Library/Developer/Xcode/DerivedData/CascadeAddonRecoveryProbe/probe-hae_1plo/Build/ModuleCache.noindex -Xfrontend -serialize-debugging-options -application-extension -index-store-path /Users/c4v4h/Library/Developer/Xcode/DerivedData/CascadeAddonRecoveryProbe/probe-hae_1plo/Build/Index.noindex/DataStore -swift-version 5 -I /Users/c4v4h/Library/Developer/Xcode/DerivedData/CascadeAddonRecoveryProbe/probe-hae_1plo/Build/Build/Products/Debug -F /Users/c4v4h/Library/Developer/Xcode/DerivedData/CascadeAddonRecoveryProbe/probe-hae_1plo/Build/Build/Products/Debug -c -j8 -enable-batch-mode -incremental -Xcc -ivfsstatcache -Xcc /Users/c4v4h/Library/Developer/Xcode/DerivedData/CascadeAddonRecoveryProbe/probe-hae_1plo/Build/SDKStatCaches.noindex/macosx27.0-26A5419a-e829b21a6f8c9b70876ba0858053c04445874285e5972fffeae925c4ab065928.sdkstatcache -output-file-map /Users/c4v4h/Library/Developer/Xcode/DerivedData/CascadeAddonRecoveryProbe/probe-hae_1plo/Build/Build/Intermediates.noindex/AddonPlatform.build/Debug/ProbeProvider.build/Objects-normal/arm64/ProbeProvider-OutputFileMap.json -save-temps -no-color-diagnostics -explicit-module-build -module-cache-path /Users/c4v4h/Library/Developer/Xcode/DerivedData/CascadeAddonRecoveryProbe/probe-hae_1plo/Build/Build/Intermediates.noindex/SwiftExplicitPrecompiledModules -clang-scanner-module-cache-path /Users/c4v4h/Library/Developer/Xcode/DerivedData/CascadeAddonRecoveryProbe/probe-hae_1plo/Build/ModuleCache.noindex -sdk-module-cache-path /Users/c4v4h/Library/Developer/Xcode/DerivedData/CascadeAddonRecoveryProbe/probe-hae_1plo/Build/SDKExplicitPrecompiledModules -emit-dependencies -emit-module -emit-module-path /Users/c4v4h/Library/Developer/Xcode/DerivedData/CascadeAddonRecoveryProbe/probe-hae_1plo/Build/Build/Intermediates.noindex/AddonPlatform.build/Debug/ProbeProvider.build/Objects-normal/arm64/CascadeProbeProvider.swiftmodule -serialize-diagnostics -dependency-scan-serialize-diagnostics-path /Users/c4v4h/Library/Developer/Xcode/DerivedData/CascadeAddonRecoveryProbe/probe-hae_1plo/Build/Build/Intermediates.noindex/AddonPlatform.build/Debug/ProbeProvider.build/Objects-normal/arm64/CascadeProbeProvider-dependency-scan.dia -validate-clang-modules-once -clang-build-session-file /Users/c4v4h/Library/Developer/Xcode/DerivedData/CascadeAddonRecoveryProbe/probe-hae_1plo/Build/ModuleCache.noindex/Session.modulevalidation -Xcc -fmodules-prune-interval\=86400 -Xcc -fmodules-prune-after\=345600 -emit-const-values -const-gather-protocols-list /Users/c4v4h/Library/Developer/Xcode/DerivedData/CascadeAddonRecoveryProbe/probe-hae_1plo/Build/Build/Intermediates.noindex/AddonPlatform.build/Debug/ProbeProvider.build/Objects-normal/arm64/ProbeProvider_const_extract_protocols.json -Xcc -iquote -Xcc /Users/c4v4h/Library/Developer/Xcode/DerivedData/CascadeAddonRecoveryProbe/probe-hae_1plo/Build/Build/Intermediates.noindex/AddonPlatform.build/Debug/ProbeProvider.build/CascadeProbeProvider-generated-files.hmap -Xcc -I/Users/c4v4h/Library/Developer/Xcode/DerivedData/CascadeAddonRecoveryProbe/probe-hae_1plo/Build/Build/Intermediates.noindex/AddonPlatform.build/Debug/ProbeProvider.build/CascadeProbeProvider-own-target-headers.hmap -Xcc -I/Users/c4v4h/Library/Developer/Xcode/DerivedData/CascadeAddonRecoveryProbe/probe-hae_1plo/Build/Build/Intermediates.noindex/AddonPlatform.build/Debug/ProbeProvider.build/CascadeProbeProvider-all-target-headers.hmap -Xcc -iquote -Xcc /Users/c4v4h/Library/Developer/Xcode/DerivedData/CascadeAddonRecoveryProbe/probe-hae_1plo/Build/Build/Intermediates.noindex/AddonPlatform.build/Debug/ProbeProvider.build/CascadeProbeProvider-project-headers.hmap -Xcc -I/Users/c4v4h/Library/Developer/Xcode/DerivedData/CascadeAddonRecoveryProbe/probe-hae_1plo/Build/Build/Products/Debug/include -Xcc -I/Users/c4v4h/Library/Developer/Xcode/DerivedData/CascadeAddonRecoveryProbe/probe-hae_1plo/Build/Build/Intermediates.noindex/AddonPlatform.build/Debug/ProbeProvider.build/DerivedSources-normal/arm64 -Xcc -I/Users/c4v4h/Library/Developer/Xcode/DerivedData/CascadeAddonRecoveryProbe/probe-hae_1plo/Build/Build/Intermediates.noindex/AddonPlatform.build/Debug/ProbeProvider.build/DerivedSources/arm64 -Xcc -I/Users/c4v4h/Library/Developer/Xcode/DerivedData/CascadeAddonRecoveryProbe/probe-hae_1plo/Build/Build/Intermediates.noindex/AddonPlatform.build/Debug/ProbeProvider.build/DerivedSources -emit-objc-header -emit-objc-header-path /Users/c4v4h/Library/Developer/Xcode/DerivedData/CascadeAddonRecoveryProbe/probe-hae_1plo/Build/Build/Intermediates.noindex/AddonPlatform.build/Debug/ProbeProvider.build/Objects-normal/arm64/CascadeProbeProvider-Swift.h -working-directory /Users/c4v4h/Library/Developer/Xcode/DerivedData/CascadeAddonRecoveryProbe/probe-hae_1plo/Sources -experimental-emit-module-separately -disable-cmo

SwiftExplicitDependencyGeneratePcm x86_64 /Users/c4v4h/Library/Developer/Xcode/DerivedData/CascadeAddonRecoveryProbe/probe-hae_1plo/Build/SDKExplicitPrecompiledModules/Metal-DBCJ36TOXWTMFYIQYS1D974TA.pcm

Copy /Users/c4v4h/Library/Developer/Xcode/DerivedData/CascadeAddonRecoveryProbe/probe-hae_1plo/Build/Build/Products/Debug/CascadeProbeProvider.swiftmodule/arm64-apple-macos.swiftmodule /Users/c4v4h/Library/Developer/Xcode/DerivedData/CascadeAddonRecoveryProbe/probe-hae_1plo/Build/Build/Intermediates.noindex/AddonPlatform.build/Debug/ProbeProvider.build/Objects-normal/arm64/CascadeProbeProvider.swiftmodule (in target 'ProbeProvider' from project 'AddonPlatform')
    cd /Users/c4v4h/Library/Developer/Xcode/DerivedData/CascadeAddonRecoveryProbe/probe-hae_1plo/Sources
    builtin-copy -exclude .DS_Store -exclude CVS -exclude .svn -exclude .git -exclude .hg -strip-unsigned-binaries -strip-deterministic -strip-tool /Applications/Xcode-beta.app/Contents/Developer/Toolchains/XcodeDefault.xctoolchain/usr/bin/strip -resolve-src-symlinks -rename /Users/c4v4h/Library/Developer/Xcode/DerivedData/CascadeAddonRecoveryProbe/probe-hae_1plo/Build/Build/Intermediates.noindex/AddonPlatform.build/Debug/ProbeProvider.build/Objects-normal/arm64/CascadeProbeProvider.swiftmodule /Users/c4v4h/Library/Developer/Xcode/DerivedData/CascadeAddonRecoveryProbe/probe-hae_1plo/Build/Build/Products/Debug/CascadeProbeProvider.swiftmodule/arm64-apple-macos.swiftmodule

Copy /Users/c4v4h/Library/Developer/Xcode/DerivedData/CascadeAddonRecoveryProbe/probe-hae_1plo/Build/Build/Products/Debug/CascadeProbeProvider.swiftmodule/arm64-apple-macos.swiftdoc /Users/c4v4h/Library/Developer/Xcode/DerivedData/CascadeAddonRecoveryProbe/probe-hae_1plo/Build/Build/Intermediates.noindex/AddonPlatform.build/Debug/ProbeProvider.build/Objects-normal/arm64/CascadeProbeProvider.swiftdoc (in target 'ProbeProvider' from project 'AddonPlatform')
    cd /Users/c4v4h/Library/Developer/Xcode/DerivedData/CascadeAddonRecoveryProbe/probe-hae_1plo/Sources
    builtin-copy -exclude .DS_Store -exclude CVS -exclude .svn -exclude .git -exclude .hg -strip-unsigned-binaries -strip-deterministic -strip-tool /Applications/Xcode-beta.app/Contents/Developer/Toolchains/XcodeDefault.xctoolchain/usr/bin/strip -resolve-src-symlinks -rename /Users/c4v4h/Library/Developer/Xcode/DerivedData/CascadeAddonRecoveryProbe/probe-hae_1plo/Build/Build/Intermediates.noindex/AddonPlatform.build/Debug/ProbeProvider.build/Objects-normal/arm64/CascadeProbeProvider.swiftdoc /Users/c4v4h/Library/Developer/Xcode/DerivedData/CascadeAddonRecoveryProbe/probe-hae_1plo/Build/Build/Products/Debug/CascadeProbeProvider.swiftmodule/arm64-apple-macos.swiftdoc

Copy /Users/c4v4h/Library/Developer/Xcode/DerivedData/CascadeAddonRecoveryProbe/probe-hae_1plo/Build/Build/Products/Debug/CascadeProbeProvider.swiftmodule/arm64-apple-macos.abi.json /Users/c4v4h/Library/Developer/Xcode/DerivedData/CascadeAddonRecoveryProbe/probe-hae_1plo/Build/Build/Intermediates.noindex/AddonPlatform.build/Debug/ProbeProvider.build/Objects-normal/arm64/CascadeProbeProvider.abi.json (in target 'ProbeProvider' from project 'AddonPlatform')
    cd /Users/c4v4h/Library/Developer/Xcode/DerivedData/CascadeAddonRecoveryProbe/probe-hae_1plo/Sources
    builtin-copy -exclude .DS_Store -exclude CVS -exclude .svn -exclude .git -exclude .hg -strip-unsigned-binaries -strip-deterministic -strip-tool /Applications/Xcode-beta.app/Contents/Developer/Toolchains/XcodeDefault.xctoolchain/usr/bin/strip -resolve-src-symlinks -rename /Users/c4v4h/Library/Developer/Xcode/DerivedData/CascadeAddonRecoveryProbe/probe-hae_1plo/Build/Build/Intermediates.noindex/AddonPlatform.build/Debug/ProbeProvider.build/Objects-normal/arm64/CascadeProbeProvider.abi.json /Users/c4v4h/Library/Developer/Xcode/DerivedData/CascadeAddonRecoveryProbe/probe-hae_1plo/Build/Build/Products/Debug/CascadeProbeProvider.swiftmodule/arm64-apple-macos.abi.json

Copy /Users/c4v4h/Library/Developer/Xcode/DerivedData/CascadeAddonRecoveryProbe/probe-hae_1plo/Build/Build/Products/Debug/CascadeProbeProvider.swiftmodule/Project/arm64-apple-macos.swiftsourceinfo /Users/c4v4h/Library/Developer/Xcode/DerivedData/CascadeAddonRecoveryProbe/probe-hae_1plo/Build/Build/Intermediates.noindex/AddonPlatform.build/Debug/ProbeProvider.build/Objects-normal/arm64/CascadeProbeProvider.swiftsourceinfo (in target 'ProbeProvider' from project 'AddonPlatform')
    cd /Users/c4v4h/Library/Developer/Xcode/DerivedData/CascadeAddonRecoveryProbe/probe-hae_1plo/Sources
    builtin-copy -exclude .DS_Store -exclude CVS -exclude .svn -exclude .git -exclude .hg -strip-unsigned-binaries -strip-deterministic -strip-tool /Applications/Xcode-beta.app/Contents/Developer/Toolchains/XcodeDefault.xctoolchain/usr/bin/strip -resolve-src-symlinks -rename /Users/c4v4h/Library/Developer/Xcode/DerivedData/CascadeAddonRecoveryProbe/probe-hae_1plo/Build/Build/Intermediates.noindex/AddonPlatform.build/Debug/ProbeProvider.build/Objects-normal/arm64/CascadeProbeProvider.swiftsourceinfo /Users/c4v4h/Library/Developer/Xcode/DerivedData/CascadeAddonRecoveryProbe/probe-hae_1plo/Build/Build/Products/Debug/CascadeProbeProvider.swiftmodule/Project/arm64-apple-macos.swiftsourceinfo

SwiftExplicitDependencyGeneratePcm x86_64 /Users/c4v4h/Library/Developer/Xcode/DerivedData/CascadeAddonRecoveryProbe/probe-hae_1plo/Build/SDKExplicitPrecompiledModules/OpenGL-70T5CRSRAUJMVVWNWURHJUON4.pcm

SwiftCompile normal arm64 Compiling\ ProbeProvider.swift /Users/c4v4h/Library/Developer/Xcode/DerivedData/CascadeAddonRecoveryProbe/probe-hae_1plo/Sources/Provider/ProbeProvider.swift (in target 'ProbeProvider' from project 'AddonPlatform')

SwiftCompile normal arm64 /Users/c4v4h/Library/Developer/Xcode/DerivedData/CascadeAddonRecoveryProbe/probe-hae_1plo/Sources/Provider/ProbeProvider.swift (in target 'ProbeProvider' from project 'AddonPlatform')
    cd /Users/c4v4h/Library/Developer/Xcode/DerivedData/CascadeAddonRecoveryProbe/probe-hae_1plo/Sources
    builtin-SwiftPerFileCompile ProbeProvider.swift

SwiftCompile normal arm64 Compiling\ ProbeMessage.swift /Users/c4v4h/Library/Developer/Xcode/DerivedData/CascadeAddonRecoveryProbe/probe-hae_1plo/Sources/Shared/ProbeMessage.swift (in target 'ProbeProvider' from project 'AddonPlatform')

SwiftCompile normal arm64 /Users/c4v4h/Library/Developer/Xcode/DerivedData/CascadeAddonRecoveryProbe/probe-hae_1plo/Sources/Shared/ProbeMessage.swift (in target 'ProbeProvider' from project 'AddonPlatform')
    cd /Users/c4v4h/Library/Developer/Xcode/DerivedData/CascadeAddonRecoveryProbe/probe-hae_1plo/Sources
    builtin-SwiftPerFileCompile ProbeMessage.swift

SwiftCompile normal x86_64 Compiling\ ProbeProvider.swift /Users/c4v4h/Library/Developer/Xcode/DerivedData/CascadeAddonRecoveryProbe/probe-hae_1plo/Sources/Provider/ProbeProvider.swift (in target 'ProbeProvider' from project 'AddonPlatform')

SwiftCompile normal x86_64 /Users/c4v4h/Library/Developer/Xcode/DerivedData/CascadeAddonRecoveryProbe/probe-hae_1plo/Sources/Provider/ProbeProvider.swift (in target 'ProbeProvider' from project 'AddonPlatform')
    cd /Users/c4v4h/Library/Developer/Xcode/DerivedData/CascadeAddonRecoveryProbe/probe-hae_1plo/Sources
    builtin-SwiftPerFileCompile ProbeProvider.swift

SwiftCompile normal x86_64 Compiling\ ProbeMessage.swift /Users/c4v4h/Library/Developer/Xcode/DerivedData/CascadeAddonRecoveryProbe/probe-hae_1plo/Sources/Shared/ProbeMessage.swift (in target 'ProbeProvider' from project 'AddonPlatform')

SwiftCompile normal x86_64 /Users/c4v4h/Library/Developer/Xcode/DerivedData/CascadeAddonRecoveryProbe/probe-hae_1plo/Sources/Shared/ProbeMessage.swift (in target 'ProbeProvider' from project 'AddonPlatform')
    cd /Users/c4v4h/Library/Developer/Xcode/DerivedData/CascadeAddonRecoveryProbe/probe-hae_1plo/Sources
    builtin-SwiftPerFileCompile ProbeMessage.swift

SwiftExplicitDependencyGeneratePcm arm64 /Users/c4v4h/Library/Developer/Xcode/DerivedData/CascadeAddonRecoveryProbe/probe-hae_1plo/Build/SDKExplicitPrecompiledModules/Accessibility-B7OSZOQY6KGP1UEW0ZRZ62THN.pcm

SwiftDriverJobDiscovery normal x86_64 Emitting module for CascadeProbeProvider (in target 'ProbeProvider' from project 'AddonPlatform')

SwiftDriver\ Compilation\ Requirements ProbeProvider normal x86_64 com.apple.xcode.tools.swift.compiler (in target 'ProbeProvider' from project 'AddonPlatform')
    cd /Users/c4v4h/Library/Developer/Xcode/DerivedData/CascadeAddonRecoveryProbe/probe-hae_1plo/Sources
    builtin-Swift-Compilation-Requirements -- /Applications/Xcode-beta.app/Contents/Developer/Toolchains/XcodeDefault.xctoolchain/usr/bin/swiftc -module-name CascadeProbeProvider -Onone @/Users/c4v4h/Library/Developer/Xcode/DerivedData/CascadeAddonRecoveryProbe/probe-hae_1plo/Build/Build/Intermediates.noindex/AddonPlatform.build/Debug/ProbeProvider.build/Objects-normal/x86_64/CascadeProbeProvider.SwiftFileList -DDEBUG -DRECOVERY_PROBE -DBROKER_PROVIDER -enable-bare-slash-regex -enable-experimental-feature DebugDescriptionMacro -sdk /Applications/Xcode-beta.app/Contents/Developer/Platforms/MacOSX.platform/Developer/SDKs/MacOSX27.0.sdk -target x86_64-apple-macos14.0 -g -module-cache-path /Users/c4v4h/Library/Developer/Xcode/DerivedData/CascadeAddonRecoveryProbe/probe-hae_1plo/Build/ModuleCache.noindex -Xfrontend -serialize-debugging-options -application-extension -index-store-path /Users/c4v4h/Library/Developer/Xcode/DerivedData/CascadeAddonRecoveryProbe/probe-hae_1plo/Build/Index.noindex/DataStore -swift-version 5 -I /Users/c4v4h/Library/Developer/Xcode/DerivedData/CascadeAddonRecoveryProbe/probe-hae_1plo/Build/Build/Products/Debug -F /Users/c4v4h/Library/Developer/Xcode/DerivedData/CascadeAddonRecoveryProbe/probe-hae_1plo/Build/Build/Products/Debug -c -j8 -enable-batch-mode -incremental -Xcc -ivfsstatcache -Xcc /Users/c4v4h/Library/Developer/Xcode/DerivedData/CascadeAddonRecoveryProbe/probe-hae_1plo/Build/SDKStatCaches.noindex/macosx27.0-26A5419a-e829b21a6f8c9b70876ba0858053c04445874285e5972fffeae925c4ab065928.sdkstatcache -output-file-map /Users/c4v4h/Library/Developer/Xcode/DerivedData/CascadeAddonRecoveryProbe/probe-hae_1plo/Build/Build/Intermediates.noindex/AddonPlatform.build/Debug/ProbeProvider.build/Objects-normal/x86_64/ProbeProvider-OutputFileMap.json -save-temps -no-color-diagnostics -explicit-module-build -module-cache-path /Users/c4v4h/Library/Developer/Xcode/DerivedData/CascadeAddonRecoveryProbe/probe-hae_1plo/Build/Build/Intermediates.noindex/SwiftExplicitPrecompiledModules -clang-scanner-module-cache-path /Users/c4v4h/Library/Developer/Xcode/DerivedData/CascadeAddonRecoveryProbe/probe-hae_1plo/Build/ModuleCache.noindex -sdk-module-cache-path /Users/c4v4h/Library/Developer/Xcode/DerivedData/CascadeAddonRecoveryProbe/probe-hae_1plo/Build/SDKExplicitPrecompiledModules -emit-dependencies -emit-module -emit-module-path /Users/c4v4h/Library/Developer/Xcode/DerivedData/CascadeAddonRecoveryProbe/probe-hae_1plo/Build/Build/Intermediates.noindex/AddonPlatform.build/Debug/ProbeProvider.build/Objects-normal/x86_64/CascadeProbeProvider.swiftmodule -serialize-diagnostics -dependency-scan-serialize-diagnostics-path /Users/c4v4h/Library/Developer/Xcode/DerivedData/CascadeAddonRecoveryProbe/probe-hae_1plo/Build/Build/Intermediates.noindex/AddonPlatform.build/Debug/ProbeProvider.build/Objects-normal/x86_64/CascadeProbeProvider-dependency-scan.dia -validate-clang-modules-once -clang-build-session-file /Users/c4v4h/Library/Developer/Xcode/DerivedData/CascadeAddonRecoveryProbe/probe-hae_1plo/Build/ModuleCache.noindex/Session.modulevalidation -Xcc -fmodules-prune-interval\=86400 -Xcc -fmodules-prune-after\=345600 -emit-const-values -const-gather-protocols-list /Users/c4v4h/Library/Developer/Xcode/DerivedData/CascadeAddonRecoveryProbe/probe-hae_1plo/Build/Build/Intermediates.noindex/AddonPlatform.build/Debug/ProbeProvider.build/Objects-normal/x86_64/ProbeProvider_const_extract_protocols.json -Xcc -iquote -Xcc /Users/c4v4h/Library/Developer/Xcode/DerivedData/CascadeAddonRecoveryProbe/probe-hae_1plo/Build/Build/Intermediates.noindex/AddonPlatform.build/Debug/ProbeProvider.build/CascadeProbeProvider-generated-files.hmap -Xcc -I/Users/c4v4h/Library/Developer/Xcode/DerivedData/CascadeAddonRecoveryProbe/probe-hae_1plo/Build/Build/Intermediates.noindex/AddonPlatform.build/Debug/ProbeProvider.build/CascadeProbeProvider-own-target-headers.hmap -Xcc -I/Users/c4v4h/Library/Developer/Xcode/DerivedData/CascadeAddonRecoveryProbe/probe-hae_1plo/Build/Build/Intermediates.noindex/AddonPlatform.build/Debug/ProbeProvider.build/CascadeProbeProvider-all-target-headers.hmap -Xcc -iquote -Xcc /Users/c4v4h/Library/Developer/Xcode/DerivedData/CascadeAddonRecoveryProbe/probe-hae_1plo/Build/Build/Intermediates.noindex/AddonPlatform.build/Debug/ProbeProvider.build/CascadeProbeProvider-project-headers.hmap -Xcc -I/Users/c4v4h/Library/Developer/Xcode/DerivedData/CascadeAddonRecoveryProbe/probe-hae_1plo/Build/Build/Products/Debug/include -Xcc -I/Users/c4v4h/Library/Developer/Xcode/DerivedData/CascadeAddonRecoveryProbe/probe-hae_1plo/Build/Build/Intermediates.noindex/AddonPlatform.build/Debug/ProbeProvider.build/DerivedSources-normal/x86_64 -Xcc -I/Users/c4v4h/Library/Developer/Xcode/DerivedData/CascadeAddonRecoveryProbe/probe-hae_1plo/Build/Build/Intermediates.noindex/AddonPlatform.build/Debug/ProbeProvider.build/DerivedSources/x86_64 -Xcc -I/Users/c4v4h/Library/Developer/Xcode/DerivedData/CascadeAddonRecoveryProbe/probe-hae_1plo/Build/Build/Intermediates.noindex/AddonPlatform.build/Debug/ProbeProvider.build/DerivedSources -emit-objc-header -emit-objc-header-path /Users/c4v4h/Library/Developer/Xcode/DerivedData/CascadeAddonRecoveryProbe/probe-hae_1plo/Build/Build/Intermediates.noindex/AddonPlatform.build/Debug/ProbeProvider.build/Objects-normal/x86_64/CascadeProbeProvider-Swift.h -working-directory /Users/c4v4h/Library/Developer/Xcode/DerivedData/CascadeAddonRecoveryProbe/probe-hae_1plo/Sources -experimental-emit-module-separately -disable-cmo

SwiftExplicitDependencyGeneratePcm arm64 /Users/c4v4h/Library/Developer/Xcode/DerivedData/CascadeAddonRecoveryProbe/probe-hae_1plo/Build/SDKExplicitPrecompiledModules/CoreData-14MGAR1P5NEKU5HTFQATDBUA5.pcm

SwiftMergeGeneratedHeaders /Users/c4v4h/Library/Developer/Xcode/DerivedData/CascadeAddonRecoveryProbe/probe-hae_1plo/Build/Build/Intermediates.noindex/AddonPlatform.build/Debug/ProbeProvider.build/DerivedSources/CascadeProbeProvider-Swift.h /Users/c4v4h/Library/Developer/Xcode/DerivedData/CascadeAddonRecoveryProbe/probe-hae_1plo/Build/Build/Intermediates.noindex/AddonPlatform.build/Debug/ProbeProvider.build/Objects-normal/arm64/CascadeProbeProvider-Swift.h /Users/c4v4h/Library/Developer/Xcode/DerivedData/CascadeAddonRecoveryProbe/probe-hae_1plo/Build/Build/Intermediates.noindex/AddonPlatform.build/Debug/ProbeProvider.build/Objects-normal/x86_64/CascadeProbeProvider-Swift.h (in target 'ProbeProvider' from project 'AddonPlatform')
    cd /Users/c4v4h/Library/Developer/Xcode/DerivedData/CascadeAddonRecoveryProbe/probe-hae_1plo/Sources
    builtin-swiftHeaderTool -arch arm64 /Users/c4v4h/Library/Developer/Xcode/DerivedData/CascadeAddonRecoveryProbe/probe-hae_1plo/Build/Build/Intermediates.noindex/AddonPlatform.build/Debug/ProbeProvider.build/Objects-normal/arm64/CascadeProbeProvider-Swift.h -arch x86_64 /Users/c4v4h/Library/Developer/Xcode/DerivedData/CascadeAddonRecoveryProbe/probe-hae_1plo/Build/Build/Intermediates.noindex/AddonPlatform.build/Debug/ProbeProvider.build/Objects-normal/x86_64/CascadeProbeProvider-Swift.h -o /Users/c4v4h/Library/Developer/Xcode/DerivedData/CascadeAddonRecoveryProbe/probe-hae_1plo/Build/Build/Intermediates.noindex/AddonPlatform.build/Debug/ProbeProvider.build/DerivedSources/CascadeProbeProvider-Swift.h

Copy /Users/c4v4h/Library/Developer/Xcode/DerivedData/CascadeAddonRecoveryProbe/probe-hae_1plo/Build/Build/Products/Debug/CascadeProbeProvider.swiftmodule/x86_64-apple-macos.swiftmodule /Users/c4v4h/Library/Developer/Xcode/DerivedData/CascadeAddonRecoveryProbe/probe-hae_1plo/Build/Build/Intermediates.noindex/AddonPlatform.build/Debug/ProbeProvider.build/Objects-normal/x86_64/CascadeProbeProvider.swiftmodule (in target 'ProbeProvider' from project 'AddonPlatform')
    cd /Users/c4v4h/Library/Developer/Xcode/DerivedData/CascadeAddonRecoveryProbe/probe-hae_1plo/Sources
    builtin-copy -exclude .DS_Store -exclude CVS -exclude .svn -exclude .git -exclude .hg -strip-unsigned-binaries -strip-deterministic -strip-tool /Applications/Xcode-beta.app/Contents/Developer/Toolchains/XcodeDefault.xctoolchain/usr/bin/strip -resolve-src-symlinks -rename /Users/c4v4h/Library/Developer/Xcode/DerivedData/CascadeAddonRecoveryProbe/probe-hae_1plo/Build/Build/Intermediates.noindex/AddonPlatform.build/Debug/ProbeProvider.build/Objects-normal/x86_64/CascadeProbeProvider.swiftmodule /Users/c4v4h/Library/Developer/Xcode/DerivedData/CascadeAddonRecoveryProbe/probe-hae_1plo/Build/Build/Products/Debug/CascadeProbeProvider.swiftmodule/x86_64-apple-macos.swiftmodule

Copy /Users/c4v4h/Library/Developer/Xcode/DerivedData/CascadeAddonRecoveryProbe/probe-hae_1plo/Build/Build/Products/Debug/CascadeProbeProvider.swiftmodule/x86_64-apple-macos.swiftdoc /Users/c4v4h/Library/Developer/Xcode/DerivedData/CascadeAddonRecoveryProbe/probe-hae_1plo/Build/Build/Intermediates.noindex/AddonPlatform.build/Debug/ProbeProvider.build/Objects-normal/x86_64/CascadeProbeProvider.swiftdoc (in target 'ProbeProvider' from project 'AddonPlatform')
    cd /Users/c4v4h/Library/Developer/Xcode/DerivedData/CascadeAddonRecoveryProbe/probe-hae_1plo/Sources
    builtin-copy -exclude .DS_Store -exclude CVS -exclude .svn -exclude .git -exclude .hg -strip-unsigned-binaries -strip-deterministic -strip-tool /Applications/Xcode-beta.app/Contents/Developer/Toolchains/XcodeDefault.xctoolchain/usr/bin/strip -resolve-src-symlinks -rename /Users/c4v4h/Library/Developer/Xcode/DerivedData/CascadeAddonRecoveryProbe/probe-hae_1plo/Build/Build/Intermediates.noindex/AddonPlatform.build/Debug/ProbeProvider.build/Objects-normal/x86_64/CascadeProbeProvider.swiftdoc /Users/c4v4h/Library/Developer/Xcode/DerivedData/CascadeAddonRecoveryProbe/probe-hae_1plo/Build/Build/Products/Debug/CascadeProbeProvider.swiftmodule/x86_64-apple-macos.swiftdoc

Copy /Users/c4v4h/Library/Developer/Xcode/DerivedData/CascadeAddonRecoveryProbe/probe-hae_1plo/Build/Build/Products/Debug/CascadeProbeProvider.swiftmodule/x86_64-apple-macos.abi.json /Users/c4v4h/Library/Developer/Xcode/DerivedData/CascadeAddonRecoveryProbe/probe-hae_1plo/Build/Build/Intermediates.noindex/AddonPlatform.build/Debug/ProbeProvider.build/Objects-normal/x86_64/CascadeProbeProvider.abi.json (in target 'ProbeProvider' from project 'AddonPlatform')
    cd /Users/c4v4h/Library/Developer/Xcode/DerivedData/CascadeAddonRecoveryProbe/probe-hae_1plo/Sources
    builtin-copy -exclude .DS_Store -exclude CVS -exclude .svn -exclude .git -exclude .hg -strip-unsigned-binaries -strip-deterministic -strip-tool /Applications/Xcode-beta.app/Contents/Developer/Toolchains/XcodeDefault.xctoolchain/usr/bin/strip -resolve-src-symlinks -rename /Users/c4v4h/Library/Developer/Xcode/DerivedData/CascadeAddonRecoveryProbe/probe-hae_1plo/Build/Build/Intermediates.noindex/AddonPlatform.build/Debug/ProbeProvider.build/Objects-normal/x86_64/CascadeProbeProvider.abi.json /Users/c4v4h/Library/Developer/Xcode/DerivedData/CascadeAddonRecoveryProbe/probe-hae_1plo/Build/Build/Products/Debug/CascadeProbeProvider.swiftmodule/x86_64-apple-macos.abi.json

Copy /Users/c4v4h/Library/Developer/Xcode/DerivedData/CascadeAddonRecoveryProbe/probe-hae_1plo/Build/Build/Products/Debug/CascadeProbeProvider.swiftmodule/Project/x86_64-apple-macos.swiftsourceinfo /Users/c4v4h/Library/Developer/Xcode/DerivedData/CascadeAddonRecoveryProbe/probe-hae_1plo/Build/Build/Intermediates.noindex/AddonPlatform.build/Debug/ProbeProvider.build/Objects-normal/x86_64/CascadeProbeProvider.swiftsourceinfo (in target 'ProbeProvider' from project 'AddonPlatform')
    cd /Users/c4v4h/Library/Developer/Xcode/DerivedData/CascadeAddonRecoveryProbe/probe-hae_1plo/Sources
    builtin-copy -exclude .DS_Store -exclude CVS -exclude .svn -exclude .git -exclude .hg -strip-unsigned-binaries -strip-deterministic -strip-tool /Applications/Xcode-beta.app/Contents/Developer/Toolchains/XcodeDefault.xctoolchain/usr/bin/strip -resolve-src-symlinks -rename /Users/c4v4h/Library/Developer/Xcode/DerivedData/CascadeAddonRecoveryProbe/probe-hae_1plo/Build/Build/Intermediates.noindex/AddonPlatform.build/Debug/ProbeProvider.build/Objects-normal/x86_64/CascadeProbeProvider.swiftsourceinfo /Users/c4v4h/Library/Developer/Xcode/DerivedData/CascadeAddonRecoveryProbe/probe-hae_1plo/Build/Build/Products/Debug/CascadeProbeProvider.swiftmodule/Project/x86_64-apple-macos.swiftsourceinfo

SwiftExplicitDependencyGeneratePcm arm64 /Users/c4v4h/Library/Developer/Xcode/DerivedData/CascadeAddonRecoveryProbe/probe-hae_1plo/Build/SDKExplicitPrecompiledModules/CoreAudio-3JFL315IKS1B08PIRA6QY7EY3.pcm

SwiftExplicitDependencyGeneratePcm arm64 /Users/c4v4h/Library/Developer/Xcode/DerivedData/CascadeAddonRecoveryProbe/probe-hae_1plo/Build/SDKExplicitPrecompiledModules/Symbols-AAJH1HB5Q8PZMTJK9UY50LQUW.pcm

SwiftExplicitDependencyGeneratePcm arm64 /Users/c4v4h/Library/Developer/Xcode/DerivedData/CascadeAddonRecoveryProbe/probe-hae_1plo/Build/SDKExplicitPrecompiledModules/DataDetection-A2TDUUD6UE8AZ62LOMLKUUAE9.pcm

SwiftExplicitDependencyGeneratePcm arm64 /Users/c4v4h/Library/Developer/Xcode/DerivedData/CascadeAddonRecoveryProbe/probe-hae_1plo/Build/SDKExplicitPrecompiledModules/UniformTypeIdentifiers-2K8GFCCKTFHDK30ATY702QPNH.pcm

SwiftExplicitDependencyGeneratePcm arm64 /Users/c4v4h/Library/Developer/Xcode/DerivedData/CascadeAddonRecoveryProbe/probe-hae_1plo/Build/SDKExplicitPrecompiledModules/ApplicationServices-4H06FATBAGCY4GIO7KU2DVTXM.pcm

SwiftExplicitDependencyGeneratePcm arm64 /Users/c4v4h/Library/Developer/Xcode/DerivedData/CascadeAddonRecoveryProbe/probe-hae_1plo/Build/SDKExplicitPrecompiledModules/CoreTransferable-5PNIXOS47LSND7C4GOKLLBLSZ.pcm

SwiftExplicitDependencyGeneratePcm arm64 /Users/c4v4h/Library/Developer/Xcode/DerivedData/CascadeAddonRecoveryProbe/probe-hae_1plo/Build/SDKExplicitPrecompiledModules/IOSurface-9GHY0ZW1MOMUX2FW10DBRSU2U.pcm

SwiftExplicitDependencyGeneratePcm arm64 /Users/c4v4h/Library/Developer/Xcode/DerivedData/CascadeAddonRecoveryProbe/probe-hae_1plo/Build/SDKExplicitPrecompiledModules/Network-8IXC3IXCA2Z6XEDB6BYHOJ5EL.pcm

SwiftExplicitDependencyGeneratePcm arm64 /Users/c4v4h/Library/Developer/Xcode/DerivedData/CascadeAddonRecoveryProbe/probe-hae_1plo/Build/SDKExplicitPrecompiledModules/OSLog-ANU5VYCCLPPC0DO9HRJ767HYI.pcm

SwiftExplicitDependencyGeneratePcm x86_64 /Users/c4v4h/Library/Developer/Xcode/DerivedData/CascadeAddonRecoveryProbe/probe-hae_1plo/Build/SDKExplicitPrecompiledModules/CoreVideo-QBD4CHZ50LV24KFQ5IE066HC.pcm

SwiftExplicitDependencyGeneratePcm arm64 /Users/c4v4h/Library/Developer/Xcode/DerivedData/CascadeAddonRecoveryProbe/probe-hae_1plo/Build/SDKExplicitPrecompiledModules/OpenGL-82Q48VTV1LJBDG4GZTYVUCJX9.pcm

SwiftExplicitDependencyGeneratePcm arm64 /Users/c4v4h/Library/Developer/Xcode/DerivedData/CascadeAddonRecoveryProbe/probe-hae_1plo/Build/SDKExplicitPrecompiledModules/Metal-F22DL6R6MFEVHPQAWSHHL4SFZ.pcm

SwiftDriver ProbeContainer normal x86_64 com.apple.xcode.tools.swift.compiler (in target 'ProbeContainer' from project 'AddonPlatform')
    cd /Users/c4v4h/Library/Developer/Xcode/DerivedData/CascadeAddonRecoveryProbe/probe-hae_1plo/Sources
    builtin-SwiftDriver -- /Applications/Xcode-beta.app/Contents/Developer/Toolchains/XcodeDefault.xctoolchain/usr/bin/swiftc -module-name CascadeAddonProbeContainer -Onone @/Users/c4v4h/Library/Developer/Xcode/DerivedData/CascadeAddonRecoveryProbe/probe-hae_1plo/Build/Build/Intermediates.noindex/AddonPlatform.build/Debug/ProbeContainer.build/Objects-normal/x86_64/CascadeAddonProbeContainer.SwiftFileList -DDEBUG -DRECOVERY_PROBE -DBROKER_PROVIDER -enable-bare-slash-regex -enable-experimental-feature DebugDescriptionMacro -sdk /Applications/Xcode-beta.app/Contents/Developer/Platforms/MacOSX.platform/Developer/SDKs/MacOSX27.0.sdk -target x86_64-apple-macos14.0 -g -module-cache-path /Users/c4v4h/Library/Developer/Xcode/DerivedData/CascadeAddonRecoveryProbe/probe-hae_1plo/Build/ModuleCache.noindex -Xfrontend -serialize-debugging-options -index-store-path /Users/c4v4h/Library/Developer/Xcode/DerivedData/CascadeAddonRecoveryProbe/probe-hae_1plo/Build/Index.noindex/DataStore -swift-version 5 -I /Users/c4v4h/Library/Developer/Xcode/DerivedData/CascadeAddonRecoveryProbe/probe-hae_1plo/Build/Build/Products/Debug -F /Users/c4v4h/Library/Developer/Xcode/DerivedData/CascadeAddonRecoveryProbe/probe-hae_1plo/Build/Build/Products/Debug -parse-as-library -c -j8 -enable-batch-mode -incremental -Xcc -ivfsstatcache -Xcc /Users/c4v4h/Library/Developer/Xcode/DerivedData/CascadeAddonRecoveryProbe/probe-hae_1plo/Build/SDKStatCaches.noindex/macosx27.0-26A5419a-e829b21a6f8c9b70876ba0858053c04445874285e5972fffeae925c4ab065928.sdkstatcache -output-file-map /Users/c4v4h/Library/Developer/Xcode/DerivedData/CascadeAddonRecoveryProbe/probe-hae_1plo/Build/Build/Intermediates.noindex/AddonPlatform.build/Debug/ProbeContainer.build/Objects-normal/x86_64/ProbeContainer-OutputFileMap.json -save-temps -no-color-diagnostics -explicit-module-build -module-cache-path /Users/c4v4h/Library/Developer/Xcode/DerivedData/CascadeAddonRecoveryProbe/probe-hae_1plo/Build/Build/Intermediates.noindex/SwiftExplicitPrecompiledModules -clang-scanner-module-cache-path /Users/c4v4h/Library/Developer/Xcode/DerivedData/CascadeAddonRecoveryProbe/probe-hae_1plo/Build/ModuleCache.noindex -sdk-module-cache-path /Users/c4v4h/Library/Developer/Xcode/DerivedData/CascadeAddonRecoveryProbe/probe-hae_1plo/Build/SDKExplicitPrecompiledModules -emit-dependencies -emit-module -emit-module-path /Users/c4v4h/Library/Developer/Xcode/DerivedData/CascadeAddonRecoveryProbe/probe-hae_1plo/Build/Build/Intermediates.noindex/AddonPlatform.build/Debug/ProbeContainer.build/Objects-normal/x86_64/CascadeAddonProbeContainer.swiftmodule -serialize-diagnostics -dependency-scan-serialize-diagnostics-path /Users/c4v4h/Library/Developer/Xcode/DerivedData/CascadeAddonRecoveryProbe/probe-hae_1plo/Build/Build/Intermediates.noindex/AddonPlatform.build/Debug/ProbeContainer.build/Objects-normal/x86_64/CascadeAddonProbeContainer-dependency-scan.dia -validate-clang-modules-once -clang-build-session-file /Users/c4v4h/Library/Developer/Xcode/DerivedData/CascadeAddonRecoveryProbe/probe-hae_1plo/Build/ModuleCache.noindex/Session.modulevalidation -Xcc -fmodules-prune-interval\=86400 -Xcc -fmodules-prune-after\=345600 -emit-const-values -const-gather-protocols-list /Users/c4v4h/Library/Developer/Xcode/DerivedData/CascadeAddonRecoveryProbe/probe-hae_1plo/Build/Build/Intermediates.noindex/AddonPlatform.build/Debug/ProbeContainer.build/Objects-normal/x86_64/ProbeContainer_const_extract_protocols.json -Xcc -iquote -Xcc /Users/c4v4h/Library/Developer/Xcode/DerivedData/CascadeAddonRecoveryProbe/probe-hae_1plo/Build/Build/Intermediates.noindex/AddonPlatform.build/Debug/ProbeContainer.build/CascadeAddonProbeContainer-generated-files.hmap -Xcc -I/Users/c4v4h/Library/Developer/Xcode/DerivedData/CascadeAddonRecoveryProbe/probe-hae_1plo/Build/Build/Intermediates.noindex/AddonPlatform.build/Debug/ProbeContainer.build/CascadeAddonProbeContainer-own-target-headers.hmap -Xcc -I/Users/c4v4h/Library/Developer/Xcode/DerivedData/CascadeAddonRecoveryProbe/probe-hae_1plo/Build/Build/Intermediates.noindex/AddonPlatform.build/Debug/ProbeContainer.build/CascadeAddonProbeContainer-all-target-headers.hmap -Xcc -iquote -Xcc /Users/c4v4h/Library/Developer/Xcode/DerivedData/CascadeAddonRecoveryProbe/probe-hae_1plo/Build/Build/Intermediates.noindex/AddonPlatform.build/Debug/ProbeContainer.build/CascadeAddonProbeContainer-project-headers.hmap -Xcc -I/Users/c4v4h/Library/Developer/Xcode/DerivedData/CascadeAddonRecoveryProbe/probe-hae_1plo/Build/Build/Products/Debug/include -Xcc -I/Users/c4v4h/Library/Developer/Xcode/DerivedData/CascadeAddonRecoveryProbe/probe-hae_1plo/Build/Build/Intermediates.noindex/AddonPlatform.build/Debug/ProbeContainer.build/DerivedSources-normal/x86_64 -Xcc -I/Users/c4v4h/Library/Developer/Xcode/DerivedData/CascadeAddonRecoveryProbe/probe-hae_1plo/Build/Build/Intermediates.noindex/AddonPlatform.build/Debug/ProbeContainer.build/DerivedSources/x86_64 -Xcc -I/Users/c4v4h/Library/Developer/Xcode/DerivedData/CascadeAddonRecoveryProbe/probe-hae_1plo/Build/Build/Intermediates.noindex/AddonPlatform.build/Debug/ProbeContainer.build/DerivedSources -emit-objc-header -emit-objc-header-path /Users/c4v4h/Library/Developer/Xcode/DerivedData/CascadeAddonRecoveryProbe/probe-hae_1plo/Build/Build/Intermediates.noindex/AddonPlatform.build/Debug/ProbeContainer.build/Objects-normal/x86_64/CascadeAddonProbeContainer-Swift.h -working-directory /Users/c4v4h/Library/Developer/Xcode/DerivedData/CascadeAddonRecoveryProbe/probe-hae_1plo/Sources -experimental-emit-module-separately -disable-cmo

SwiftDriver ProbeContainer normal arm64 com.apple.xcode.tools.swift.compiler (in target 'ProbeContainer' from project 'AddonPlatform')
    cd /Users/c4v4h/Library/Developer/Xcode/DerivedData/CascadeAddonRecoveryProbe/probe-hae_1plo/Sources
    builtin-SwiftDriver -- /Applications/Xcode-beta.app/Contents/Developer/Toolchains/XcodeDefault.xctoolchain/usr/bin/swiftc -module-name CascadeAddonProbeContainer -Onone @/Users/c4v4h/Library/Developer/Xcode/DerivedData/CascadeAddonRecoveryProbe/probe-hae_1plo/Build/Build/Intermediates.noindex/AddonPlatform.build/Debug/ProbeContainer.build/Objects-normal/arm64/CascadeAddonProbeContainer.SwiftFileList -DDEBUG -DRECOVERY_PROBE -DBROKER_PROVIDER -enable-bare-slash-regex -enable-experimental-feature DebugDescriptionMacro -sdk /Applications/Xcode-beta.app/Contents/Developer/Platforms/MacOSX.platform/Developer/SDKs/MacOSX27.0.sdk -target arm64-apple-macos14.0 -g -module-cache-path /Users/c4v4h/Library/Developer/Xcode/DerivedData/CascadeAddonRecoveryProbe/probe-hae_1plo/Build/ModuleCache.noindex -Xfrontend -serialize-debugging-options -index-store-path /Users/c4v4h/Library/Developer/Xcode/DerivedData/CascadeAddonRecoveryProbe/probe-hae_1plo/Build/Index.noindex/DataStore -swift-version 5 -I /Users/c4v4h/Library/Developer/Xcode/DerivedData/CascadeAddonRecoveryProbe/probe-hae_1plo/Build/Build/Products/Debug -F /Users/c4v4h/Library/Developer/Xcode/DerivedData/CascadeAddonRecoveryProbe/probe-hae_1plo/Build/Build/Products/Debug -parse-as-library -c -j8 -enable-batch-mode -incremental -Xcc -ivfsstatcache -Xcc /Users/c4v4h/Library/Developer/Xcode/DerivedData/CascadeAddonRecoveryProbe/probe-hae_1plo/Build/SDKStatCaches.noindex/macosx27.0-26A5419a-e829b21a6f8c9b70876ba0858053c04445874285e5972fffeae925c4ab065928.sdkstatcache -output-file-map /Users/c4v4h/Library/Developer/Xcode/DerivedData/CascadeAddonRecoveryProbe/probe-hae_1plo/Build/Build/Intermediates.noindex/AddonPlatform.build/Debug/ProbeContainer.build/Objects-normal/arm64/ProbeContainer-OutputFileMap.json -save-temps -no-color-diagnostics -explicit-module-build -module-cache-path /Users/c4v4h/Library/Developer/Xcode/DerivedData/CascadeAddonRecoveryProbe/probe-hae_1plo/Build/Build/Intermediates.noindex/SwiftExplicitPrecompiledModules -clang-scanner-module-cache-path /Users/c4v4h/Library/Developer/Xcode/DerivedData/CascadeAddonRecoveryProbe/probe-hae_1plo/Build/ModuleCache.noindex -sdk-module-cache-path /Users/c4v4h/Library/Developer/Xcode/DerivedData/CascadeAddonRecoveryProbe/probe-hae_1plo/Build/SDKExplicitPrecompiledModules -emit-dependencies -emit-module -emit-module-path /Users/c4v4h/Library/Developer/Xcode/DerivedData/CascadeAddonRecoveryProbe/probe-hae_1plo/Build/Build/Intermediates.noindex/AddonPlatform.build/Debug/ProbeContainer.build/Objects-normal/arm64/CascadeAddonProbeContainer.swiftmodule -serialize-diagnostics -dependency-scan-serialize-diagnostics-path /Users/c4v4h/Library/Developer/Xcode/DerivedData/CascadeAddonRecoveryProbe/probe-hae_1plo/Build/Build/Intermediates.noindex/AddonPlatform.build/Debug/ProbeContainer.build/Objects-normal/arm64/CascadeAddonProbeContainer-dependency-scan.dia -validate-clang-modules-once -clang-build-session-file /Users/c4v4h/Library/Developer/Xcode/DerivedData/CascadeAddonRecoveryProbe/probe-hae_1plo/Build/ModuleCache.noindex/Session.modulevalidation -Xcc -fmodules-prune-interval\=86400 -Xcc -fmodules-prune-after\=345600 -emit-const-values -const-gather-protocols-list /Users/c4v4h/Library/Developer/Xcode/DerivedData/CascadeAddonRecoveryProbe/probe-hae_1plo/Build/Build/Intermediates.noindex/AddonPlatform.build/Debug/ProbeContainer.build/Objects-normal/arm64/ProbeContainer_const_extract_protocols.json -Xcc -iquote -Xcc /Users/c4v4h/Library/Developer/Xcode/DerivedData/CascadeAddonRecoveryProbe/probe-hae_1plo/Build/Build/Intermediates.noindex/AddonPlatform.build/Debug/ProbeContainer.build/CascadeAddonProbeContainer-generated-files.hmap -Xcc -I/Users/c4v4h/Library/Developer/Xcode/DerivedData/CascadeAddonRecoveryProbe/probe-hae_1plo/Build/Build/Intermediates.noindex/AddonPlatform.build/Debug/ProbeContainer.build/CascadeAddonProbeContainer-own-target-headers.hmap -Xcc -I/Users/c4v4h/Library/Developer/Xcode/DerivedData/CascadeAddonRecoveryProbe/probe-hae_1plo/Build/Build/Intermediates.noindex/AddonPlatform.build/Debug/ProbeContainer.build/CascadeAddonProbeContainer-all-target-headers.hmap -Xcc -iquote -Xcc /Users/c4v4h/Library/Developer/Xcode/DerivedData/CascadeAddonRecoveryProbe/probe-hae_1plo/Build/Build/Intermediates.noindex/AddonPlatform.build/Debug/ProbeContainer.build/CascadeAddonProbeContainer-project-headers.hmap -Xcc -I/Users/c4v4h/Library/Developer/Xcode/DerivedData/CascadeAddonRecoveryProbe/probe-hae_1plo/Build/Build/Products/Debug/include -Xcc -I/Users/c4v4h/Library/Developer/Xcode/DerivedData/CascadeAddonRecoveryProbe/probe-hae_1plo/Build/Build/Intermediates.noindex/AddonPlatform.build/Debug/ProbeContainer.build/DerivedSources-normal/arm64 -Xcc -I/Users/c4v4h/Library/Developer/Xcode/DerivedData/CascadeAddonRecoveryProbe/probe-hae_1plo/Build/Build/Intermediates.noindex/AddonPlatform.build/Debug/ProbeContainer.build/DerivedSources/arm64 -Xcc -I/Users/c4v4h/Library/Developer/Xcode/DerivedData/CascadeAddonRecoveryProbe/probe-hae_1plo/Build/Build/Intermediates.noindex/AddonPlatform.build/Debug/ProbeContainer.build/DerivedSources -emit-objc-header -emit-objc-header-path /Users/c4v4h/Library/Developer/Xcode/DerivedData/CascadeAddonRecoveryProbe/probe-hae_1plo/Build/Build/Intermediates.noindex/AddonPlatform.build/Debug/ProbeContainer.build/Objects-normal/arm64/CascadeAddonProbeContainer-Swift.h -working-directory /Users/c4v4h/Library/Developer/Xcode/DerivedData/CascadeAddonRecoveryProbe/probe-hae_1plo/Sources -experimental-emit-module-separately -disable-cmo

SwiftExplicitDependencyGeneratePcm x86_64 /Users/c4v4h/Library/Developer/Xcode/DerivedData/CascadeAddonRecoveryProbe/probe-hae_1plo/Build/SDKExplicitPrecompiledModules/CoreImage-AE4F2LN0LNP2UN2ZD9X95QHUD.pcm

SwiftExplicitDependencyGeneratePcm x86_64 /Users/c4v4h/Library/Developer/Xcode/DerivedData/CascadeAddonRecoveryProbe/probe-hae_1plo/Build/SDKExplicitPrecompiledModules/QuartzCore-CZ7CDDK9UU6I6JDQ89U56JMW7.pcm

SwiftExplicitDependencyGeneratePcm arm64 /Users/c4v4h/Library/Developer/Xcode/DerivedData/CascadeAddonRecoveryProbe/probe-hae_1plo/Build/SDKExplicitPrecompiledModules/CoreVideo-2S9C4NB7H47WNHAMRGP42572Z.pcm

SwiftExplicitDependencyGeneratePcm x86_64 /Users/c4v4h/Library/Developer/Xcode/DerivedData/CascadeAddonRecoveryProbe/probe-hae_1plo/Build/SDKExplicitPrecompiledModules/CoreMedia-5LX5RSLVC4K3M1B6IDQ9C6VYF.pcm

SwiftExplicitDependencyGeneratePcm x86_64 /Users/c4v4h/Library/Developer/Xcode/DerivedData/CascadeAddonRecoveryProbe/probe-hae_1plo/Build/SDKExplicitPrecompiledModules/AppKit-EO18WZ0BMMZ7LGRPIDNY7656E.pcm

SwiftExplicitDependencyGeneratePcm arm64 /Users/c4v4h/Library/Developer/Xcode/DerivedData/CascadeAddonRecoveryProbe/probe-hae_1plo/Build/SDKExplicitPrecompiledModules/CoreImage-77H7D4CMVR1B4X3X1ETSPMBXK.pcm

SwiftExplicitDependencyGeneratePcm arm64 /Users/c4v4h/Library/Developer/Xcode/DerivedData/CascadeAddonRecoveryProbe/probe-hae_1plo/Build/SDKExplicitPrecompiledModules/QuartzCore-EA4W51C7B3GA8TYGJ86RKPZF9.pcm

SwiftExplicitDependencyGeneratePcm arm64 /Users/c4v4h/Library/Developer/Xcode/DerivedData/CascadeAddonRecoveryProbe/probe-hae_1plo/Build/SDKExplicitPrecompiledModules/CoreMedia-EK7C4BJZ9P0F4WMB362XI5FV8.pcm

SwiftExplicitDependencyGeneratePcm x86_64 /Users/c4v4h/Library/Developer/Xcode/DerivedData/CascadeAddonRecoveryProbe/probe-hae_1plo/Build/SDKExplicitPrecompiledModules/SwiftUICore-26SKAH7Z18PYBV3GAU8SISC0K.pcm

SwiftExplicitDependencyGeneratePcm arm64 /Users/c4v4h/Library/Developer/Xcode/DerivedData/CascadeAddonRecoveryProbe/probe-hae_1plo/Build/SDKExplicitPrecompiledModules/AppKit-7TLIYZ9NF1ZO6FT64DB73CDAR.pcm

SwiftExplicitDependencyGeneratePcm arm64 /Users/c4v4h/Library/Developer/Xcode/DerivedData/CascadeAddonRecoveryProbe/probe-hae_1plo/Build/SDKExplicitPrecompiledModules/SwiftUICore-B43L8OIK8Q09RJRXZC6304R5F.pcm

SwiftEmitModule normal x86_64 Emitting\ module\ for\ CascadeAddonProbeContainer (in target 'ProbeContainer' from project 'AddonPlatform')

SwiftCompile normal x86_64 (in target 'ProbeContainer' from project 'AddonPlatform')
    cd /Users/c4v4h/Library/Developer/Xcode/DerivedData/CascadeAddonRecoveryProbe/probe-hae_1plo/Sources
    

SwiftExplicitDependencyGeneratePcm x86_64 /Users/c4v4h/Library/Developer/Xcode/DerivedData/CascadeAddonRecoveryProbe/probe-hae_1plo/Build/SDKExplicitPrecompiledModules/ExtensionKit-8XI5CP4AUNOC6LH3Y2JYJ336X.pcm

SwiftExplicitDependencyGeneratePcm x86_64 /Users/c4v4h/Library/Developer/Xcode/DerivedData/CascadeAddonRecoveryProbe/probe-hae_1plo/Build/SDKExplicitPrecompiledModules/SwiftUI-7OO8QX4JHFV01V1OPXS3VJWF0.pcm

SwiftCompile normal x86_64 Compiling\ ProbeContainer.swift /Users/c4v4h/Library/Developer/Xcode/DerivedData/CascadeAddonRecoveryProbe/probe-hae_1plo/Sources/Container/ProbeContainer.swift (in target 'ProbeContainer' from project 'AddonPlatform')

SwiftCompile normal x86_64 /Users/c4v4h/Library/Developer/Xcode/DerivedData/CascadeAddonRecoveryProbe/probe-hae_1plo/Sources/Container/ProbeContainer.swift (in target 'ProbeContainer' from project 'AddonPlatform')
    cd /Users/c4v4h/Library/Developer/Xcode/DerivedData/CascadeAddonRecoveryProbe/probe-hae_1plo/Sources
    builtin-SwiftPerFileCompile ProbeContainer.swift

SwiftEmitModule normal x86_64 Emitting\ module\ for\ CascadeAddonProbe (in target 'ProbeHost' from project 'AddonPlatform')

SwiftCompile normal x86_64 (in target 'ProbeHost' from project 'AddonPlatform')
    cd /Users/c4v4h/Library/Developer/Xcode/DerivedData/CascadeAddonRecoveryProbe/probe-hae_1plo/Sources
    

SwiftCompile normal x86_64 Compiling\ ProbeMessage.swift /Users/c4v4h/Library/Developer/Xcode/DerivedData/CascadeAddonRecoveryProbe/probe-hae_1plo/Sources/Shared/ProbeMessage.swift (in target 'ProbeHost' from project 'AddonPlatform')

SwiftCompile normal x86_64 /Users/c4v4h/Library/Developer/Xcode/DerivedData/CascadeAddonRecoveryProbe/probe-hae_1plo/Sources/Shared/ProbeMessage.swift (in target 'ProbeHost' from project 'AddonPlatform')
    cd /Users/c4v4h/Library/Developer/Xcode/DerivedData/CascadeAddonRecoveryProbe/probe-hae_1plo/Sources
    builtin-SwiftPerFileCompile ProbeMessage.swift

SwiftDriverJobDiscovery normal x86_64 Emitting module for CascadeAddonProbeContainer (in target 'ProbeContainer' from project 'AddonPlatform')

SwiftDriver\ Compilation\ Requirements ProbeContainer normal x86_64 com.apple.xcode.tools.swift.compiler (in target 'ProbeContainer' from project 'AddonPlatform')
    cd /Users/c4v4h/Library/Developer/Xcode/DerivedData/CascadeAddonRecoveryProbe/probe-hae_1plo/Sources
    builtin-Swift-Compilation-Requirements -- /Applications/Xcode-beta.app/Contents/Developer/Toolchains/XcodeDefault.xctoolchain/usr/bin/swiftc -module-name CascadeAddonProbeContainer -Onone @/Users/c4v4h/Library/Developer/Xcode/DerivedData/CascadeAddonRecoveryProbe/probe-hae_1plo/Build/Build/Intermediates.noindex/AddonPlatform.build/Debug/ProbeContainer.build/Objects-normal/x86_64/CascadeAddonProbeContainer.SwiftFileList -DDEBUG -DRECOVERY_PROBE -DBROKER_PROVIDER -enable-bare-slash-regex -enable-experimental-feature DebugDescriptionMacro -sdk /Applications/Xcode-beta.app/Contents/Developer/Platforms/MacOSX.platform/Developer/SDKs/MacOSX27.0.sdk -target x86_64-apple-macos14.0 -g -module-cache-path /Users/c4v4h/Library/Developer/Xcode/DerivedData/CascadeAddonRecoveryProbe/probe-hae_1plo/Build/ModuleCache.noindex -Xfrontend -serialize-debugging-options -index-store-path /Users/c4v4h/Library/Developer/Xcode/DerivedData/CascadeAddonRecoveryProbe/probe-hae_1plo/Build/Index.noindex/DataStore -swift-version 5 -I /Users/c4v4h/Library/Developer/Xcode/DerivedData/CascadeAddonRecoveryProbe/probe-hae_1plo/Build/Build/Products/Debug -F /Users/c4v4h/Library/Developer/Xcode/DerivedData/CascadeAddonRecoveryProbe/probe-hae_1plo/Build/Build/Products/Debug -parse-as-library -c -j8 -enable-batch-mode -incremental -Xcc -ivfsstatcache -Xcc /Users/c4v4h/Library/Developer/Xcode/DerivedData/CascadeAddonRecoveryProbe/probe-hae_1plo/Build/SDKStatCaches.noindex/macosx27.0-26A5419a-e829b21a6f8c9b70876ba0858053c04445874285e5972fffeae925c4ab065928.sdkstatcache -output-file-map /Users/c4v4h/Library/Developer/Xcode/DerivedData/CascadeAddonRecoveryProbe/probe-hae_1plo/Build/Build/Intermediates.noindex/AddonPlatform.build/Debug/ProbeContainer.build/Objects-normal/x86_64/ProbeContainer-OutputFileMap.json -save-temps -no-color-diagnostics -explicit-module-build -module-cache-path /Users/c4v4h/Library/Developer/Xcode/DerivedData/CascadeAddonRecoveryProbe/probe-hae_1plo/Build/Build/Intermediates.noindex/SwiftExplicitPrecompiledModules -clang-scanner-module-cache-path /Users/c4v4h/Library/Developer/Xcode/DerivedData/CascadeAddonRecoveryProbe/probe-hae_1plo/Build/ModuleCache.noindex -sdk-module-cache-path /Users/c4v4h/Library/Developer/Xcode/DerivedData/CascadeAddonRecoveryProbe/probe-hae_1plo/Build/SDKExplicitPrecompiledModules -emit-dependencies -emit-module -emit-module-path /Users/c4v4h/Library/Developer/Xcode/DerivedData/CascadeAddonRecoveryProbe/probe-hae_1plo/Build/Build/Intermediates.noindex/AddonPlatform.build/Debug/ProbeContainer.build/Objects-normal/x86_64/CascadeAddonProbeContainer.swiftmodule -serialize-diagnostics -dependency-scan-serialize-diagnostics-path /Users/c4v4h/Library/Developer/Xcode/DerivedData/CascadeAddonRecoveryProbe/probe-hae_1plo/Build/Build/Intermediates.noindex/AddonPlatform.build/Debug/ProbeContainer.build/Objects-normal/x86_64/CascadeAddonProbeContainer-dependency-scan.dia -validate-clang-modules-once -clang-build-session-file /Users/c4v4h/Library/Developer/Xcode/DerivedData/CascadeAddonRecoveryProbe/probe-hae_1plo/Build/ModuleCache.noindex/Session.modulevalidation -Xcc -fmodules-prune-interval\=86400 -Xcc -fmodules-prune-after\=345600 -emit-const-values -const-gather-protocols-list /Users/c4v4h/Library/Developer/Xcode/DerivedData/CascadeAddonRecoveryProbe/probe-hae_1plo/Build/Build/Intermediates.noindex/AddonPlatform.build/Debug/ProbeContainer.build/Objects-normal/x86_64/ProbeContainer_const_extract_protocols.json -Xcc -iquote -Xcc /Users/c4v4h/Library/Developer/Xcode/DerivedData/CascadeAddonRecoveryProbe/probe-hae_1plo/Build/Build/Intermediates.noindex/AddonPlatform.build/Debug/ProbeContainer.build/CascadeAddonProbeContainer-generated-files.hmap -Xcc -I/Users/c4v4h/Library/Developer/Xcode/DerivedData/CascadeAddonRecoveryProbe/probe-hae_1plo/Build/Build/Intermediates.noindex/AddonPlatform.build/Debug/ProbeContainer.build/CascadeAddonProbeContainer-own-target-headers.hmap -Xcc -I/Users/c4v4h/Library/Developer/Xcode/DerivedData/CascadeAddonRecoveryProbe/probe-hae_1plo/Build/Build/Intermediates.noindex/AddonPlatform.build/Debug/ProbeContainer.build/CascadeAddonProbeContainer-all-target-headers.hmap -Xcc -iquote -Xcc /Users/c4v4h/Library/Developer/Xcode/DerivedData/CascadeAddonRecoveryProbe/probe-hae_1plo/Build/Build/Intermediates.noindex/AddonPlatform.build/Debug/ProbeContainer.build/CascadeAddonProbeContainer-project-headers.hmap -Xcc -I/Users/c4v4h/Library/Developer/Xcode/DerivedData/CascadeAddonRecoveryProbe/probe-hae_1plo/Build/Build/Products/Debug/include -Xcc -I/Users/c4v4h/Library/Developer/Xcode/DerivedData/CascadeAddonRecoveryProbe/probe-hae_1plo/Build/Build/Intermediates.noindex/AddonPlatform.build/Debug/ProbeContainer.build/DerivedSources-normal/x86_64 -Xcc -I/Users/c4v4h/Library/Developer/Xcode/DerivedData/CascadeAddonRecoveryProbe/probe-hae_1plo/Build/Build/Intermediates.noindex/AddonPlatform.build/Debug/ProbeContainer.build/DerivedSources/x86_64 -Xcc -I/Users/c4v4h/Library/Developer/Xcode/DerivedData/CascadeAddonRecoveryProbe/probe-hae_1plo/Build/Build/Intermediates.noindex/AddonPlatform.build/Debug/ProbeContainer.build/DerivedSources -emit-objc-header -emit-objc-header-path /Users/c4v4h/Library/Developer/Xcode/DerivedData/CascadeAddonRecoveryProbe/probe-hae_1plo/Build/Build/Intermediates.noindex/AddonPlatform.build/Debug/ProbeContainer.build/Objects-normal/x86_64/CascadeAddonProbeContainer-Swift.h -working-directory /Users/c4v4h/Library/Developer/Xcode/DerivedData/CascadeAddonRecoveryProbe/probe-hae_1plo/Sources -experimental-emit-module-separately -disable-cmo

SwiftDriverJobDiscovery normal x86_64 Emitting module for CascadeAddonProbe (in target 'ProbeHost' from project 'AddonPlatform')

SwiftDriver\ Compilation\ Requirements ProbeHost normal x86_64 com.apple.xcode.tools.swift.compiler (in target 'ProbeHost' from project 'AddonPlatform')
    cd /Users/c4v4h/Library/Developer/Xcode/DerivedData/CascadeAddonRecoveryProbe/probe-hae_1plo/Sources
    builtin-Swift-Compilation-Requirements -- /Applications/Xcode-beta.app/Contents/Developer/Toolchains/XcodeDefault.xctoolchain/usr/bin/swiftc -module-name CascadeAddonProbe -Onone @/Users/c4v4h/Library/Developer/Xcode/DerivedData/CascadeAddonRecoveryProbe/probe-hae_1plo/Build/Build/Intermediates.noindex/AddonPlatform.build/Debug/ProbeHost.build/Objects-normal/x86_64/CascadeAddonProbe.SwiftFileList -DDEBUG -DRECOVERY_PROBE -DBROKER_PROVIDER -enable-bare-slash-regex -enable-experimental-feature DebugDescriptionMacro -sdk /Applications/Xcode-beta.app/Contents/Developer/Platforms/MacOSX.platform/Developer/SDKs/MacOSX27.0.sdk -target x86_64-apple-macos14.0 -g -module-cache-path /Users/c4v4h/Library/Developer/Xcode/DerivedData/CascadeAddonRecoveryProbe/probe-hae_1plo/Build/ModuleCache.noindex -Xfrontend -serialize-debugging-options -index-store-path /Users/c4v4h/Library/Developer/Xcode/DerivedData/CascadeAddonRecoveryProbe/probe-hae_1plo/Build/Index.noindex/DataStore -swift-version 5 -I /Users/c4v4h/Library/Developer/Xcode/DerivedData/CascadeAddonRecoveryProbe/probe-hae_1plo/Build/Build/Products/Debug -F /Users/c4v4h/Library/Developer/Xcode/DerivedData/CascadeAddonRecoveryProbe/probe-hae_1plo/Build/Build/Products/Debug -c -j8 -enable-batch-mode -incremental -Xcc -ivfsstatcache -Xcc /Users/c4v4h/Library/Developer/Xcode/DerivedData/CascadeAddonRecoveryProbe/probe-hae_1plo/Build/SDKStatCaches.noindex/macosx27.0-26A5419a-e829b21a6f8c9b70876ba0858053c04445874285e5972fffeae925c4ab065928.sdkstatcache -output-file-map /Users/c4v4h/Library/Developer/Xcode/DerivedData/CascadeAddonRecoveryProbe/probe-hae_1plo/Build/Build/Intermediates.noindex/AddonPlatform.build/Debug/ProbeHost.build/Objects-normal/x86_64/ProbeHost-OutputFileMap.json -save-temps -no-color-diagnostics -explicit-module-build -module-cache-path /Users/c4v4h/Library/Developer/Xcode/DerivedData/CascadeAddonRecoveryProbe/probe-hae_1plo/Build/Build/Intermediates.noindex/SwiftExplicitPrecompiledModules -clang-scanner-module-cache-path /Users/c4v4h/Library/Developer/Xcode/DerivedData/CascadeAddonRecoveryProbe/probe-hae_1plo/Build/ModuleCache.noindex -sdk-module-cache-path /Users/c4v4h/Library/Developer/Xcode/DerivedData/CascadeAddonRecoveryProbe/probe-hae_1plo/Build/SDKExplicitPrecompiledModules -emit-dependencies -emit-module -emit-module-path /Users/c4v4h/Library/Developer/Xcode/DerivedData/CascadeAddonRecoveryProbe/probe-hae_1plo/Build/Build/Intermediates.noindex/AddonPlatform.build/Debug/ProbeHost.build/Objects-normal/x86_64/CascadeAddonProbe.swiftmodule -serialize-diagnostics -dependency-scan-serialize-diagnostics-path /Users/c4v4h/Library/Developer/Xcode/DerivedData/CascadeAddonRecoveryProbe/probe-hae_1plo/Build/Build/Intermediates.noindex/AddonPlatform.build/Debug/ProbeHost.build/Objects-normal/x86_64/CascadeAddonProbe-dependency-scan.dia -validate-clang-modules-once -clang-build-session-file /Users/c4v4h/Library/Developer/Xcode/DerivedData/CascadeAddonRecoveryProbe/probe-hae_1plo/Build/ModuleCache.noindex/Session.modulevalidation -Xcc -fmodules-prune-interval\=86400 -Xcc -fmodules-prune-after\=345600 -emit-const-values -const-gather-protocols-list /Users/c4v4h/Library/Developer/Xcode/DerivedData/CascadeAddonRecoveryProbe/probe-hae_1plo/Build/Build/Intermediates.noindex/AddonPlatform.build/Debug/ProbeHost.build/Objects-normal/x86_64/ProbeHost_const_extract_protocols.json -Xcc -iquote -Xcc /Users/c4v4h/Library/Developer/Xcode/DerivedData/CascadeAddonRecoveryProbe/probe-hae_1plo/Build/Build/Intermediates.noindex/AddonPlatform.build/Debug/ProbeHost.build/CascadeAddonProbe-generated-files.hmap -Xcc -I/Users/c4v4h/Library/Developer/Xcode/DerivedData/CascadeAddonRecoveryProbe/probe-hae_1plo/Build/Build/Intermediates.noindex/AddonPlatform.build/Debug/ProbeHost.build/CascadeAddonProbe-own-target-headers.hmap -Xcc -I/Users/c4v4h/Library/Developer/Xcode/DerivedData/CascadeAddonRecoveryProbe/probe-hae_1plo/Build/Build/Intermediates.noindex/AddonPlatform.build/Debug/ProbeHost.build/CascadeAddonProbe-all-target-headers.hmap -Xcc -iquote -Xcc /Users/c4v4h/Library/Developer/Xcode/DerivedData/CascadeAddonRecoveryProbe/probe-hae_1plo/Build/Build/Intermediates.noindex/AddonPlatform.build/Debug/ProbeHost.build/CascadeAddonProbe-project-headers.hmap -Xcc -I/Users/c4v4h/Library/Developer/Xcode/DerivedData/CascadeAddonRecoveryProbe/probe-hae_1plo/Build/Build/Products/Debug/include -Xcc -I/Users/c4v4h/Library/Developer/Xcode/DerivedData/CascadeAddonRecoveryProbe/probe-hae_1plo/Build/Build/Intermediates.noindex/AddonPlatform.build/Debug/ProbeHost.build/DerivedSources-normal/x86_64 -Xcc -I/Users/c4v4h/Library/Developer/Xcode/DerivedData/CascadeAddonRecoveryProbe/probe-hae_1plo/Build/Build/Intermediates.noindex/AddonPlatform.build/Debug/ProbeHost.build/DerivedSources/x86_64 -Xcc -I/Users/c4v4h/Library/Developer/Xcode/DerivedData/CascadeAddonRecoveryProbe/probe-hae_1plo/Build/Build/Intermediates.noindex/AddonPlatform.build/Debug/ProbeHost.build/DerivedSources -emit-objc-header -emit-objc-header-path /Users/c4v4h/Library/Developer/Xcode/DerivedData/CascadeAddonRecoveryProbe/probe-hae_1plo/Build/Build/Intermediates.noindex/AddonPlatform.build/Debug/ProbeHost.build/Objects-normal/x86_64/CascadeAddonProbe-Swift.h -working-directory /Users/c4v4h/Library/Developer/Xcode/DerivedData/CascadeAddonRecoveryProbe/probe-hae_1plo/Sources -experimental-emit-module-separately -disable-cmo

Copy /Users/c4v4h/Library/Developer/Xcode/DerivedData/CascadeAddonRecoveryProbe/probe-hae_1plo/Build/Build/Products/Debug/CascadeAddonProbeContainer.swiftmodule/x86_64-apple-macos.swiftmodule /Users/c4v4h/Library/Developer/Xcode/DerivedData/CascadeAddonRecoveryProbe/probe-hae_1plo/Build/Build/Intermediates.noindex/AddonPlatform.build/Debug/ProbeContainer.build/Objects-normal/x86_64/CascadeAddonProbeContainer.swiftmodule (in target 'ProbeContainer' from project 'AddonPlatform')
    cd /Users/c4v4h/Library/Developer/Xcode/DerivedData/CascadeAddonRecoveryProbe/probe-hae_1plo/Sources
    builtin-copy -exclude .DS_Store -exclude CVS -exclude .svn -exclude .git -exclude .hg -strip-unsigned-binaries -strip-deterministic -strip-tool /Applications/Xcode-beta.app/Contents/Developer/Toolchains/XcodeDefault.xctoolchain/usr/bin/strip -resolve-src-symlinks -rename /Users/c4v4h/Library/Developer/Xcode/DerivedData/CascadeAddonRecoveryProbe/probe-hae_1plo/Build/Build/Intermediates.noindex/AddonPlatform.build/Debug/ProbeContainer.build/Objects-normal/x86_64/CascadeAddonProbeContainer.swiftmodule /Users/c4v4h/Library/Developer/Xcode/DerivedData/CascadeAddonRecoveryProbe/probe-hae_1plo/Build/Build/Products/Debug/CascadeAddonProbeContainer.swiftmodule/x86_64-apple-macos.swiftmodule

Copy /Users/c4v4h/Library/Developer/Xcode/DerivedData/CascadeAddonRecoveryProbe/probe-hae_1plo/Build/Build/Products/Debug/CascadeAddonProbe.swiftmodule/x86_64-apple-macos.swiftmodule /Users/c4v4h/Library/Developer/Xcode/DerivedData/CascadeAddonRecoveryProbe/probe-hae_1plo/Build/Build/Intermediates.noindex/AddonPlatform.build/Debug/ProbeHost.build/Objects-normal/x86_64/CascadeAddonProbe.swiftmodule (in target 'ProbeHost' from project 'AddonPlatform')
    cd /Users/c4v4h/Library/Developer/Xcode/DerivedData/CascadeAddonRecoveryProbe/probe-hae_1plo/Sources
    builtin-copy -exclude .DS_Store -exclude CVS -exclude .svn -exclude .git -exclude .hg -strip-unsigned-binaries -strip-deterministic -strip-tool /Applications/Xcode-beta.app/Contents/Developer/Toolchains/XcodeDefault.xctoolchain/usr/bin/strip -resolve-src-symlinks -rename /Users/c4v4h/Library/Developer/Xcode/DerivedData/CascadeAddonRecoveryProbe/probe-hae_1plo/Build/Build/Intermediates.noindex/AddonPlatform.build/Debug/ProbeHost.build/Objects-normal/x86_64/CascadeAddonProbe.swiftmodule /Users/c4v4h/Library/Developer/Xcode/DerivedData/CascadeAddonRecoveryProbe/probe-hae_1plo/Build/Build/Products/Debug/CascadeAddonProbe.swiftmodule/x86_64-apple-macos.swiftmodule

Copy /Users/c4v4h/Library/Developer/Xcode/DerivedData/CascadeAddonRecoveryProbe/probe-hae_1plo/Build/Build/Products/Debug/CascadeAddonProbe.swiftmodule/x86_64-apple-macos.swiftdoc /Users/c4v4h/Library/Developer/Xcode/DerivedData/CascadeAddonRecoveryProbe/probe-hae_1plo/Build/Build/Intermediates.noindex/AddonPlatform.build/Debug/ProbeHost.build/Objects-normal/x86_64/CascadeAddonProbe.swiftdoc (in target 'ProbeHost' from project 'AddonPlatform')
    cd /Users/c4v4h/Library/Developer/Xcode/DerivedData/CascadeAddonRecoveryProbe/probe-hae_1plo/Sources
    builtin-copy -exclude .DS_Store -exclude CVS -exclude .svn -exclude .git -exclude .hg -strip-unsigned-binaries -strip-deterministic -strip-tool /Applications/Xcode-beta.app/Contents/Developer/Toolchains/XcodeDefault.xctoolchain/usr/bin/strip -resolve-src-symlinks -rename /Users/c4v4h/Library/Developer/Xcode/DerivedData/CascadeAddonRecoveryProbe/probe-hae_1plo/Build/Build/Intermediates.noindex/AddonPlatform.build/Debug/ProbeHost.build/Objects-normal/x86_64/CascadeAddonProbe.swiftdoc /Users/c4v4h/Library/Developer/Xcode/DerivedData/CascadeAddonRecoveryProbe/probe-hae_1plo/Build/Build/Products/Debug/CascadeAddonProbe.swiftmodule/x86_64-apple-macos.swiftdoc

Copy /Users/c4v4h/Library/Developer/Xcode/DerivedData/CascadeAddonRecoveryProbe/probe-hae_1plo/Build/Build/Products/Debug/CascadeAddonProbe.swiftmodule/x86_64-apple-macos.abi.json /Users/c4v4h/Library/Developer/Xcode/DerivedData/CascadeAddonRecoveryProbe/probe-hae_1plo/Build/Build/Intermediates.noindex/AddonPlatform.build/Debug/ProbeHost.build/Objects-normal/x86_64/CascadeAddonProbe.abi.json (in target 'ProbeHost' from project 'AddonPlatform')
    cd /Users/c4v4h/Library/Developer/Xcode/DerivedData/CascadeAddonRecoveryProbe/probe-hae_1plo/Sources
    builtin-copy -exclude .DS_Store -exclude CVS -exclude .svn -exclude .git -exclude .hg -strip-unsigned-binaries -strip-deterministic -strip-tool /Applications/Xcode-beta.app/Contents/Developer/Toolchains/XcodeDefault.xctoolchain/usr/bin/strip -resolve-src-symlinks -rename /Users/c4v4h/Library/Developer/Xcode/DerivedData/CascadeAddonRecoveryProbe/probe-hae_1plo/Build/Build/Intermediates.noindex/AddonPlatform.build/Debug/ProbeHost.build/Objects-normal/x86_64/CascadeAddonProbe.abi.json /Users/c4v4h/Library/Developer/Xcode/DerivedData/CascadeAddonRecoveryProbe/probe-hae_1plo/Build/Build/Products/Debug/CascadeAddonProbe.swiftmodule/x86_64-apple-macos.abi.json

Copy /Users/c4v4h/Library/Developer/Xcode/DerivedData/CascadeAddonRecoveryProbe/probe-hae_1plo/Build/Build/Products/Debug/CascadeAddonProbe.swiftmodule/Project/x86_64-apple-macos.swiftsourceinfo /Users/c4v4h/Library/Developer/Xcode/DerivedData/CascadeAddonRecoveryProbe/probe-hae_1plo/Build/Build/Intermediates.noindex/AddonPlatform.build/Debug/ProbeHost.build/Objects-normal/x86_64/CascadeAddonProbe.swiftsourceinfo (in target 'ProbeHost' from project 'AddonPlatform')
    cd /Users/c4v4h/Library/Developer/Xcode/DerivedData/CascadeAddonRecoveryProbe/probe-hae_1plo/Sources
    builtin-copy -exclude .DS_Store -exclude CVS -exclude .svn -exclude .git -exclude .hg -strip-unsigned-binaries -strip-deterministic -strip-tool /Applications/Xcode-beta.app/Contents/Developer/Toolchains/XcodeDefault.xctoolchain/usr/bin/strip -resolve-src-symlinks -rename /Users/c4v4h/Library/Developer/Xcode/DerivedData/CascadeAddonRecoveryProbe/probe-hae_1plo/Build/Build/Intermediates.noindex/AddonPlatform.build/Debug/ProbeHost.build/Objects-normal/x86_64/CascadeAddonProbe.swiftsourceinfo /Users/c4v4h/Library/Developer/Xcode/DerivedData/CascadeAddonRecoveryProbe/probe-hae_1plo/Build/Build/Products/Debug/CascadeAddonProbe.swiftmodule/Project/x86_64-apple-macos.swiftsourceinfo

Copy /Users/c4v4h/Library/Developer/Xcode/DerivedData/CascadeAddonRecoveryProbe/probe-hae_1plo/Build/Build/Products/Debug/CascadeAddonProbeContainer.swiftmodule/x86_64-apple-macos.swiftdoc /Users/c4v4h/Library/Developer/Xcode/DerivedData/CascadeAddonRecoveryProbe/probe-hae_1plo/Build/Build/Intermediates.noindex/AddonPlatform.build/Debug/ProbeContainer.build/Objects-normal/x86_64/CascadeAddonProbeContainer.swiftdoc (in target 'ProbeContainer' from project 'AddonPlatform')
    cd /Users/c4v4h/Library/Developer/Xcode/DerivedData/CascadeAddonRecoveryProbe/probe-hae_1plo/Sources
    builtin-copy -exclude .DS_Store -exclude CVS -exclude .svn -exclude .git -exclude .hg -strip-unsigned-binaries -strip-deterministic -strip-tool /Applications/Xcode-beta.app/Contents/Developer/Toolchains/XcodeDefault.xctoolchain/usr/bin/strip -resolve-src-symlinks -rename /Users/c4v4h/Library/Developer/Xcode/DerivedData/CascadeAddonRecoveryProbe/probe-hae_1plo/Build/Build/Intermediates.noindex/AddonPlatform.build/Debug/ProbeContainer.build/Objects-normal/x86_64/CascadeAddonProbeContainer.swiftdoc /Users/c4v4h/Library/Developer/Xcode/DerivedData/CascadeAddonRecoveryProbe/probe-hae_1plo/Build/Build/Products/Debug/CascadeAddonProbeContainer.swiftmodule/x86_64-apple-macos.swiftdoc

Copy /Users/c4v4h/Library/Developer/Xcode/DerivedData/CascadeAddonRecoveryProbe/probe-hae_1plo/Build/Build/Products/Debug/CascadeAddonProbeContainer.swiftmodule/x86_64-apple-macos.abi.json /Users/c4v4h/Library/Developer/Xcode/DerivedData/CascadeAddonRecoveryProbe/probe-hae_1plo/Build/Build/Intermediates.noindex/AddonPlatform.build/Debug/ProbeContainer.build/Objects-normal/x86_64/CascadeAddonProbeContainer.abi.json (in target 'ProbeContainer' from project 'AddonPlatform')
    cd /Users/c4v4h/Library/Developer/Xcode/DerivedData/CascadeAddonRecoveryProbe/probe-hae_1plo/Sources
    builtin-copy -exclude .DS_Store -exclude CVS -exclude .svn -exclude .git -exclude .hg -strip-unsigned-binaries -strip-deterministic -strip-tool /Applications/Xcode-beta.app/Contents/Developer/Toolchains/XcodeDefault.xctoolchain/usr/bin/strip -resolve-src-symlinks -rename /Users/c4v4h/Library/Developer/Xcode/DerivedData/CascadeAddonRecoveryProbe/probe-hae_1plo/Build/Build/Intermediates.noindex/AddonPlatform.build/Debug/ProbeContainer.build/Objects-normal/x86_64/CascadeAddonProbeContainer.abi.json /Users/c4v4h/Library/Developer/Xcode/DerivedData/CascadeAddonRecoveryProbe/probe-hae_1plo/Build/Build/Products/Debug/CascadeAddonProbeContainer.swiftmodule/x86_64-apple-macos.abi.json

Copy /Users/c4v4h/Library/Developer/Xcode/DerivedData/CascadeAddonRecoveryProbe/probe-hae_1plo/Build/Build/Products/Debug/CascadeAddonProbeContainer.swiftmodule/Project/x86_64-apple-macos.swiftsourceinfo /Users/c4v4h/Library/Developer/Xcode/DerivedData/CascadeAddonRecoveryProbe/probe-hae_1plo/Build/Build/Intermediates.noindex/AddonPlatform.build/Debug/ProbeContainer.build/Objects-normal/x86_64/CascadeAddonProbeContainer.swiftsourceinfo (in target 'ProbeContainer' from project 'AddonPlatform')
    cd /Users/c4v4h/Library/Developer/Xcode/DerivedData/CascadeAddonRecoveryProbe/probe-hae_1plo/Sources
    builtin-copy -exclude .DS_Store -exclude CVS -exclude .svn -exclude .git -exclude .hg -strip-unsigned-binaries -strip-deterministic -strip-tool /Applications/Xcode-beta.app/Contents/Developer/Toolchains/XcodeDefault.xctoolchain/usr/bin/strip -resolve-src-symlinks -rename /Users/c4v4h/Library/Developer/Xcode/DerivedData/CascadeAddonRecoveryProbe/probe-hae_1plo/Build/Build/Intermediates.noindex/AddonPlatform.build/Debug/ProbeContainer.build/Objects-normal/x86_64/CascadeAddonProbeContainer.swiftsourceinfo /Users/c4v4h/Library/Developer/Xcode/DerivedData/CascadeAddonRecoveryProbe/probe-hae_1plo/Build/Build/Products/Debug/CascadeAddonProbeContainer.swiftmodule/Project/x86_64-apple-macos.swiftsourceinfo

SwiftEmitModule normal arm64 Emitting\ module\ for\ CascadeAddonProbeContainer (in target 'ProbeContainer' from project 'AddonPlatform')

SwiftCompile normal arm64 (in target 'ProbeContainer' from project 'AddonPlatform')
    cd /Users/c4v4h/Library/Developer/Xcode/DerivedData/CascadeAddonRecoveryProbe/probe-hae_1plo/Sources
    

SwiftExplicitDependencyGeneratePcm arm64 /Users/c4v4h/Library/Developer/Xcode/DerivedData/CascadeAddonRecoveryProbe/probe-hae_1plo/Build/SDKExplicitPrecompiledModules/SwiftUI-51F2CN54RSW0LAD7F1RHLXKSG.pcm

SwiftExplicitDependencyGeneratePcm arm64 /Users/c4v4h/Library/Developer/Xcode/DerivedData/CascadeAddonRecoveryProbe/probe-hae_1plo/Build/SDKExplicitPrecompiledModules/ExtensionKit-BHL2DLWPPKXEFGMRE9B05N0JG.pcm

SwiftCompile normal x86_64 Compiling\ ProbeHost.swift /Users/c4v4h/Library/Developer/Xcode/DerivedData/CascadeAddonRecoveryProbe/probe-hae_1plo/Sources/Host/ProbeHost.swift (in target 'ProbeHost' from project 'AddonPlatform')

SwiftCompile normal x86_64 /Users/c4v4h/Library/Developer/Xcode/DerivedData/CascadeAddonRecoveryProbe/probe-hae_1plo/Sources/Host/ProbeHost.swift (in target 'ProbeHost' from project 'AddonPlatform')
    cd /Users/c4v4h/Library/Developer/Xcode/DerivedData/CascadeAddonRecoveryProbe/probe-hae_1plo/Sources
    builtin-SwiftPerFileCompile ProbeHost.swift

SwiftDriverJobDiscovery normal arm64 Emitting module for CascadeAddonProbeContainer (in target 'ProbeContainer' from project 'AddonPlatform')

SwiftDriver\ Compilation\ Requirements ProbeContainer normal arm64 com.apple.xcode.tools.swift.compiler (in target 'ProbeContainer' from project 'AddonPlatform')
    cd /Users/c4v4h/Library/Developer/Xcode/DerivedData/CascadeAddonRecoveryProbe/probe-hae_1plo/Sources
    builtin-Swift-Compilation-Requirements -- /Applications/Xcode-beta.app/Contents/Developer/Toolchains/XcodeDefault.xctoolchain/usr/bin/swiftc -module-name CascadeAddonProbeContainer -Onone @/Users/c4v4h/Library/Developer/Xcode/DerivedData/CascadeAddonRecoveryProbe/probe-hae_1plo/Build/Build/Intermediates.noindex/AddonPlatform.build/Debug/ProbeContainer.build/Objects-normal/arm64/CascadeAddonProbeContainer.SwiftFileList -DDEBUG -DRECOVERY_PROBE -DBROKER_PROVIDER -enable-bare-slash-regex -enable-experimental-feature DebugDescriptionMacro -sdk /Applications/Xcode-beta.app/Contents/Developer/Platforms/MacOSX.platform/Developer/SDKs/MacOSX27.0.sdk -target arm64-apple-macos14.0 -g -module-cache-path /Users/c4v4h/Library/Developer/Xcode/DerivedData/CascadeAddonRecoveryProbe/probe-hae_1plo/Build/ModuleCache.noindex -Xfrontend -serialize-debugging-options -index-store-path /Users/c4v4h/Library/Developer/Xcode/DerivedData/CascadeAddonRecoveryProbe/probe-hae_1plo/Build/Index.noindex/DataStore -swift-version 5 -I /Users/c4v4h/Library/Developer/Xcode/DerivedData/CascadeAddonRecoveryProbe/probe-hae_1plo/Build/Build/Products/Debug -F /Users/c4v4h/Library/Developer/Xcode/DerivedData/CascadeAddonRecoveryProbe/probe-hae_1plo/Build/Build/Products/Debug -parse-as-library -c -j8 -enable-batch-mode -incremental -Xcc -ivfsstatcache -Xcc /Users/c4v4h/Library/Developer/Xcode/DerivedData/CascadeAddonRecoveryProbe/probe-hae_1plo/Build/SDKStatCaches.noindex/macosx27.0-26A5419a-e829b21a6f8c9b70876ba0858053c04445874285e5972fffeae925c4ab065928.sdkstatcache -output-file-map /Users/c4v4h/Library/Developer/Xcode/DerivedData/CascadeAddonRecoveryProbe/probe-hae_1plo/Build/Build/Intermediates.noindex/AddonPlatform.build/Debug/ProbeContainer.build/Objects-normal/arm64/ProbeContainer-OutputFileMap.json -save-temps -no-color-diagnostics -explicit-module-build -module-cache-path /Users/c4v4h/Library/Developer/Xcode/DerivedData/CascadeAddonRecoveryProbe/probe-hae_1plo/Build/Build/Intermediates.noindex/SwiftExplicitPrecompiledModules -clang-scanner-module-cache-path /Users/c4v4h/Library/Developer/Xcode/DerivedData/CascadeAddonRecoveryProbe/probe-hae_1plo/Build/ModuleCache.noindex -sdk-module-cache-path /Users/c4v4h/Library/Developer/Xcode/DerivedData/CascadeAddonRecoveryProbe/probe-hae_1plo/Build/SDKExplicitPrecompiledModules -emit-dependencies -emit-module -emit-module-path /Users/c4v4h/Library/Developer/Xcode/DerivedData/CascadeAddonRecoveryProbe/probe-hae_1plo/Build/Build/Intermediates.noindex/AddonPlatform.build/Debug/ProbeContainer.build/Objects-normal/arm64/CascadeAddonProbeContainer.swiftmodule -serialize-diagnostics -dependency-scan-serialize-diagnostics-path /Users/c4v4h/Library/Developer/Xcode/DerivedData/CascadeAddonRecoveryProbe/probe-hae_1plo/Build/Build/Intermediates.noindex/AddonPlatform.build/Debug/ProbeContainer.build/Objects-normal/arm64/CascadeAddonProbeContainer-dependency-scan.dia -validate-clang-modules-once -clang-build-session-file /Users/c4v4h/Library/Developer/Xcode/DerivedData/CascadeAddonRecoveryProbe/probe-hae_1plo/Build/ModuleCache.noindex/Session.modulevalidation -Xcc -fmodules-prune-interval\=86400 -Xcc -fmodules-prune-after\=345600 -emit-const-values -const-gather-protocols-list /Users/c4v4h/Library/Developer/Xcode/DerivedData/CascadeAddonRecoveryProbe/probe-hae_1plo/Build/Build/Intermediates.noindex/AddonPlatform.build/Debug/ProbeContainer.build/Objects-normal/arm64/ProbeContainer_const_extract_protocols.json -Xcc -iquote -Xcc /Users/c4v4h/Library/Developer/Xcode/DerivedData/CascadeAddonRecoveryProbe/probe-hae_1plo/Build/Build/Intermediates.noindex/AddonPlatform.build/Debug/ProbeContainer.build/CascadeAddonProbeContainer-generated-files.hmap -Xcc -I/Users/c4v4h/Library/Developer/Xcode/DerivedData/CascadeAddonRecoveryProbe/probe-hae_1plo/Build/Build/Intermediates.noindex/AddonPlatform.build/Debug/ProbeContainer.build/CascadeAddonProbeContainer-own-target-headers.hmap -Xcc -I/Users/c4v4h/Library/Developer/Xcode/DerivedData/CascadeAddonRecoveryProbe/probe-hae_1plo/Build/Build/Intermediates.noindex/AddonPlatform.build/Debug/ProbeContainer.build/CascadeAddonProbeContainer-all-target-headers.hmap -Xcc -iquote -Xcc /Users/c4v4h/Library/Developer/Xcode/DerivedData/CascadeAddonRecoveryProbe/probe-hae_1plo/Build/Build/Intermediates.noindex/AddonPlatform.build/Debug/ProbeContainer.build/CascadeAddonProbeContainer-project-headers.hmap -Xcc -I/Users/c4v4h/Library/Developer/Xcode/DerivedData/CascadeAddonRecoveryProbe/probe-hae_1plo/Build/Build/Products/Debug/include -Xcc -I/Users/c4v4h/Library/Developer/Xcode/DerivedData/CascadeAddonRecoveryProbe/probe-hae_1plo/Build/Build/Intermediates.noindex/AddonPlatform.build/Debug/ProbeContainer.build/DerivedSources-normal/arm64 -Xcc -I/Users/c4v4h/Library/Developer/Xcode/DerivedData/CascadeAddonRecoveryProbe/probe-hae_1plo/Build/Build/Intermediates.noindex/AddonPlatform.build/Debug/ProbeContainer.build/DerivedSources/arm64 -Xcc -I/Users/c4v4h/Library/Developer/Xcode/DerivedData/CascadeAddonRecoveryProbe/probe-hae_1plo/Build/Build/Intermediates.noindex/AddonPlatform.build/Debug/ProbeContainer.build/DerivedSources -emit-objc-header -emit-objc-header-path /Users/c4v4h/Library/Developer/Xcode/DerivedData/CascadeAddonRecoveryProbe/probe-hae_1plo/Build/Build/Intermediates.noindex/AddonPlatform.build/Debug/ProbeContainer.build/Objects-normal/arm64/CascadeAddonProbeContainer-Swift.h -working-directory /Users/c4v4h/Library/Developer/Xcode/DerivedData/CascadeAddonRecoveryProbe/probe-hae_1plo/Sources -experimental-emit-module-separately -disable-cmo

SwiftDriverJobDiscovery normal arm64 Compiling ProbeMessage.swift (in target 'ProbeProvider' from project 'AddonPlatform')

SwiftCompile normal arm64 Compiling\ ProbeContainer.swift /Users/c4v4h/Library/Developer/Xcode/DerivedData/CascadeAddonRecoveryProbe/probe-hae_1plo/Sources/Container/ProbeContainer.swift (in target 'ProbeContainer' from project 'AddonPlatform')

SwiftCompile normal arm64 /Users/c4v4h/Library/Developer/Xcode/DerivedData/CascadeAddonRecoveryProbe/probe-hae_1plo/Sources/Container/ProbeContainer.swift (in target 'ProbeContainer' from project 'AddonPlatform')
    cd /Users/c4v4h/Library/Developer/Xcode/DerivedData/CascadeAddonRecoveryProbe/probe-hae_1plo/Sources
    builtin-SwiftPerFileCompile ProbeContainer.swift

SwiftMergeGeneratedHeaders /Users/c4v4h/Library/Developer/Xcode/DerivedData/CascadeAddonRecoveryProbe/probe-hae_1plo/Build/Build/Intermediates.noindex/AddonPlatform.build/Debug/ProbeContainer.build/DerivedSources/CascadeAddonProbeContainer-Swift.h /Users/c4v4h/Library/Developer/Xcode/DerivedData/CascadeAddonRecoveryProbe/probe-hae_1plo/Build/Build/Intermediates.noindex/AddonPlatform.build/Debug/ProbeContainer.build/Objects-normal/arm64/CascadeAddonProbeContainer-Swift.h /Users/c4v4h/Library/Developer/Xcode/DerivedData/CascadeAddonRecoveryProbe/probe-hae_1plo/Build/Build/Intermediates.noindex/AddonPlatform.build/Debug/ProbeContainer.build/Objects-normal/x86_64/CascadeAddonProbeContainer-Swift.h (in target 'ProbeContainer' from project 'AddonPlatform')
    cd /Users/c4v4h/Library/Developer/Xcode/DerivedData/CascadeAddonRecoveryProbe/probe-hae_1plo/Sources
    builtin-swiftHeaderTool -arch arm64 /Users/c4v4h/Library/Developer/Xcode/DerivedData/CascadeAddonRecoveryProbe/probe-hae_1plo/Build/Build/Intermediates.noindex/AddonPlatform.build/Debug/ProbeContainer.build/Objects-normal/arm64/CascadeAddonProbeContainer-Swift.h -arch x86_64 /Users/c4v4h/Library/Developer/Xcode/DerivedData/CascadeAddonRecoveryProbe/probe-hae_1plo/Build/Build/Intermediates.noindex/AddonPlatform.build/Debug/ProbeContainer.build/Objects-normal/x86_64/CascadeAddonProbeContainer-Swift.h -o /Users/c4v4h/Library/Developer/Xcode/DerivedData/CascadeAddonRecoveryProbe/probe-hae_1plo/Build/Build/Intermediates.noindex/AddonPlatform.build/Debug/ProbeContainer.build/DerivedSources/CascadeAddonProbeContainer-Swift.h

SwiftDriverJobDiscovery normal x86_64 Compiling ProbeMessage.swift (in target 'ProbeProvider' from project 'AddonPlatform')

Copy /Users/c4v4h/Library/Developer/Xcode/DerivedData/CascadeAddonRecoveryProbe/probe-hae_1plo/Build/Build/Products/Debug/CascadeAddonProbeContainer.swiftmodule/arm64-apple-macos.swiftmodule /Users/c4v4h/Library/Developer/Xcode/DerivedData/CascadeAddonRecoveryProbe/probe-hae_1plo/Build/Build/Intermediates.noindex/AddonPlatform.build/Debug/ProbeContainer.build/Objects-normal/arm64/CascadeAddonProbeContainer.swiftmodule (in target 'ProbeContainer' from project 'AddonPlatform')
    cd /Users/c4v4h/Library/Developer/Xcode/DerivedData/CascadeAddonRecoveryProbe/probe-hae_1plo/Sources
    builtin-copy -exclude .DS_Store -exclude CVS -exclude .svn -exclude .git -exclude .hg -strip-unsigned-binaries -strip-deterministic -strip-tool /Applications/Xcode-beta.app/Contents/Developer/Toolchains/XcodeDefault.xctoolchain/usr/bin/strip -resolve-src-symlinks -rename /Users/c4v4h/Library/Developer/Xcode/DerivedData/CascadeAddonRecoveryProbe/probe-hae_1plo/Build/Build/Intermediates.noindex/AddonPlatform.build/Debug/ProbeContainer.build/Objects-normal/arm64/CascadeAddonProbeContainer.swiftmodule /Users/c4v4h/Library/Developer/Xcode/DerivedData/CascadeAddonRecoveryProbe/probe-hae_1plo/Build/Build/Products/Debug/CascadeAddonProbeContainer.swiftmodule/arm64-apple-macos.swiftmodule

Copy /Users/c4v4h/Library/Developer/Xcode/DerivedData/CascadeAddonRecoveryProbe/probe-hae_1plo/Build/Build/Products/Debug/CascadeAddonProbeContainer.swiftmodule/arm64-apple-macos.swiftdoc /Users/c4v4h/Library/Developer/Xcode/DerivedData/CascadeAddonRecoveryProbe/probe-hae_1plo/Build/Build/Intermediates.noindex/AddonPlatform.build/Debug/ProbeContainer.build/Objects-normal/arm64/CascadeAddonProbeContainer.swiftdoc (in target 'ProbeContainer' from project 'AddonPlatform')
    cd /Users/c4v4h/Library/Developer/Xcode/DerivedData/CascadeAddonRecoveryProbe/probe-hae_1plo/Sources
    builtin-copy -exclude .DS_Store -exclude CVS -exclude .svn -exclude .git -exclude .hg -strip-unsigned-binaries -strip-deterministic -strip-tool /Applications/Xcode-beta.app/Contents/Developer/Toolchains/XcodeDefault.xctoolchain/usr/bin/strip -resolve-src-symlinks -rename /Users/c4v4h/Library/Developer/Xcode/DerivedData/CascadeAddonRecoveryProbe/probe-hae_1plo/Build/Build/Intermediates.noindex/AddonPlatform.build/Debug/ProbeContainer.build/Objects-normal/arm64/CascadeAddonProbeContainer.swiftdoc /Users/c4v4h/Library/Developer/Xcode/DerivedData/CascadeAddonRecoveryProbe/probe-hae_1plo/Build/Build/Products/Debug/CascadeAddonProbeContainer.swiftmodule/arm64-apple-macos.swiftdoc

Copy /Users/c4v4h/Library/Developer/Xcode/DerivedData/CascadeAddonRecoveryProbe/probe-hae_1plo/Build/Build/Products/Debug/CascadeAddonProbeContainer.swiftmodule/arm64-apple-macos.abi.json /Users/c4v4h/Library/Developer/Xcode/DerivedData/CascadeAddonRecoveryProbe/probe-hae_1plo/Build/Build/Intermediates.noindex/AddonPlatform.build/Debug/ProbeContainer.build/Objects-normal/arm64/CascadeAddonProbeContainer.abi.json (in target 'ProbeContainer' from project 'AddonPlatform')
    cd /Users/c4v4h/Library/Developer/Xcode/DerivedData/CascadeAddonRecoveryProbe/probe-hae_1plo/Sources
    builtin-copy -exclude .DS_Store -exclude CVS -exclude .svn -exclude .git -exclude .hg -strip-unsigned-binaries -strip-deterministic -strip-tool /Applications/Xcode-beta.app/Contents/Developer/Toolchains/XcodeDefault.xctoolchain/usr/bin/strip -resolve-src-symlinks -rename /Users/c4v4h/Library/Developer/Xcode/DerivedData/CascadeAddonRecoveryProbe/probe-hae_1plo/Build/Build/Intermediates.noindex/AddonPlatform.build/Debug/ProbeContainer.build/Objects-normal/arm64/CascadeAddonProbeContainer.abi.json /Users/c4v4h/Library/Developer/Xcode/DerivedData/CascadeAddonRecoveryProbe/probe-hae_1plo/Build/Build/Products/Debug/CascadeAddonProbeContainer.swiftmodule/arm64-apple-macos.abi.json

Copy /Users/c4v4h/Library/Developer/Xcode/DerivedData/CascadeAddonRecoveryProbe/probe-hae_1plo/Build/Build/Products/Debug/CascadeAddonProbeContainer.swiftmodule/Project/arm64-apple-macos.swiftsourceinfo /Users/c4v4h/Library/Developer/Xcode/DerivedData/CascadeAddonRecoveryProbe/probe-hae_1plo/Build/Build/Intermediates.noindex/AddonPlatform.build/Debug/ProbeContainer.build/Objects-normal/arm64/CascadeAddonProbeContainer.swiftsourceinfo (in target 'ProbeContainer' from project 'AddonPlatform')
    cd /Users/c4v4h/Library/Developer/Xcode/DerivedData/CascadeAddonRecoveryProbe/probe-hae_1plo/Sources
    builtin-copy -exclude .DS_Store -exclude CVS -exclude .svn -exclude .git -exclude .hg -strip-unsigned-binaries -strip-deterministic -strip-tool /Applications/Xcode-beta.app/Contents/Developer/Toolchains/XcodeDefault.xctoolchain/usr/bin/strip -resolve-src-symlinks -rename /Users/c4v4h/Library/Developer/Xcode/DerivedData/CascadeAddonRecoveryProbe/probe-hae_1plo/Build/Build/Intermediates.noindex/AddonPlatform.build/Debug/ProbeContainer.build/Objects-normal/arm64/CascadeAddonProbeContainer.swiftsourceinfo /Users/c4v4h/Library/Developer/Xcode/DerivedData/CascadeAddonRecoveryProbe/probe-hae_1plo/Build/Build/Products/Debug/CascadeAddonProbeContainer.swiftmodule/Project/arm64-apple-macos.swiftsourceinfo

SwiftDriverJobDiscovery normal x86_64 Compiling ProbeMessage.swift (in target 'ProbeHost' from project 'AddonPlatform')

SwiftEmitModule normal arm64 Emitting\ module\ for\ CascadeAddonProbe (in target 'ProbeHost' from project 'AddonPlatform')

SwiftCompile normal arm64 (in target 'ProbeHost' from project 'AddonPlatform')
    cd /Users/c4v4h/Library/Developer/Xcode/DerivedData/CascadeAddonRecoveryProbe/probe-hae_1plo/Sources
    

SwiftCompile normal arm64 Compiling\ ProbeMessage.swift /Users/c4v4h/Library/Developer/Xcode/DerivedData/CascadeAddonRecoveryProbe/probe-hae_1plo/Sources/Shared/ProbeMessage.swift (in target 'ProbeHost' from project 'AddonPlatform')

SwiftCompile normal arm64 /Users/c4v4h/Library/Developer/Xcode/DerivedData/CascadeAddonRecoveryProbe/probe-hae_1plo/Sources/Shared/ProbeMessage.swift (in target 'ProbeHost' from project 'AddonPlatform')
    cd /Users/c4v4h/Library/Developer/Xcode/DerivedData/CascadeAddonRecoveryProbe/probe-hae_1plo/Sources
    builtin-SwiftPerFileCompile ProbeMessage.swift

SwiftCompile normal arm64 Compiling\ ProbeHost.swift /Users/c4v4h/Library/Developer/Xcode/DerivedData/CascadeAddonRecoveryProbe/probe-hae_1plo/Sources/Host/ProbeHost.swift (in target 'ProbeHost' from project 'AddonPlatform')

SwiftCompile normal arm64 /Users/c4v4h/Library/Developer/Xcode/DerivedData/CascadeAddonRecoveryProbe/probe-hae_1plo/Sources/Host/ProbeHost.swift (in target 'ProbeHost' from project 'AddonPlatform')
    cd /Users/c4v4h/Library/Developer/Xcode/DerivedData/CascadeAddonRecoveryProbe/probe-hae_1plo/Sources
    builtin-SwiftPerFileCompile ProbeHost.swift

SwiftDriverJobDiscovery normal arm64 Compiling ProbeProvider.swift (in target 'ProbeProvider' from project 'AddonPlatform')

SwiftDriver\ Compilation ProbeProvider normal arm64 com.apple.xcode.tools.swift.compiler (in target 'ProbeProvider' from project 'AddonPlatform')
    cd /Users/c4v4h/Library/Developer/Xcode/DerivedData/CascadeAddonRecoveryProbe/probe-hae_1plo/Sources
    builtin-Swift-Compilation -- /Applications/Xcode-beta.app/Contents/Developer/Toolchains/XcodeDefault.xctoolchain/usr/bin/swiftc -module-name CascadeProbeProvider -Onone @/Users/c4v4h/Library/Developer/Xcode/DerivedData/CascadeAddonRecoveryProbe/probe-hae_1plo/Build/Build/Intermediates.noindex/AddonPlatform.build/Debug/ProbeProvider.build/Objects-normal/arm64/CascadeProbeProvider.SwiftFileList -DDEBUG -DRECOVERY_PROBE -DBROKER_PROVIDER -enable-bare-slash-regex -enable-experimental-feature DebugDescriptionMacro -sdk /Applications/Xcode-beta.app/Contents/Developer/Platforms/MacOSX.platform/Developer/SDKs/MacOSX27.0.sdk -target arm64-apple-macos14.0 -g -module-cache-path /Users/c4v4h/Library/Developer/Xcode/DerivedData/CascadeAddonRecoveryProbe/probe-hae_1plo/Build/ModuleCache.noindex -Xfrontend -serialize-debugging-options -application-extension -index-store-path /Users/c4v4h/Library/Developer/Xcode/DerivedData/CascadeAddonRecoveryProbe/probe-hae_1plo/Build/Index.noindex/DataStore -swift-version 5 -I /Users/c4v4h/Library/Developer/Xcode/DerivedData/CascadeAddonRecoveryProbe/probe-hae_1plo/Build/Build/Products/Debug -F /Users/c4v4h/Library/Developer/Xcode/DerivedData/CascadeAddonRecoveryProbe/probe-hae_1plo/Build/Build/Products/Debug -c -j8 -enable-batch-mode -incremental -Xcc -ivfsstatcache -Xcc /Users/c4v4h/Library/Developer/Xcode/DerivedData/CascadeAddonRecoveryProbe/probe-hae_1plo/Build/SDKStatCaches.noindex/macosx27.0-26A5419a-e829b21a6f8c9b70876ba0858053c04445874285e5972fffeae925c4ab065928.sdkstatcache -output-file-map /Users/c4v4h/Library/Developer/Xcode/DerivedData/CascadeAddonRecoveryProbe/probe-hae_1plo/Build/Build/Intermediates.noindex/AddonPlatform.build/Debug/ProbeProvider.build/Objects-normal/arm64/ProbeProvider-OutputFileMap.json -save-temps -no-color-diagnostics -explicit-module-build -module-cache-path /Users/c4v4h/Library/Developer/Xcode/DerivedData/CascadeAddonRecoveryProbe/probe-hae_1plo/Build/Build/Intermediates.noindex/SwiftExplicitPrecompiledModules -clang-scanner-module-cache-path /Users/c4v4h/Library/Developer/Xcode/DerivedData/CascadeAddonRecoveryProbe/probe-hae_1plo/Build/ModuleCache.noindex -sdk-module-cache-path /Users/c4v4h/Library/Developer/Xcode/DerivedData/CascadeAddonRecoveryProbe/probe-hae_1plo/Build/SDKExplicitPrecompiledModules -emit-dependencies -emit-module -emit-module-path /Users/c4v4h/Library/Developer/Xcode/DerivedData/CascadeAddonRecoveryProbe/probe-hae_1plo/Build/Build/Intermediates.noindex/AddonPlatform.build/Debug/ProbeProvider.build/Objects-normal/arm64/CascadeProbeProvider.swiftmodule -serialize-diagnostics -dependency-scan-serialize-diagnostics-path /Users/c4v4h/Library/Developer/Xcode/DerivedData/CascadeAddonRecoveryProbe/probe-hae_1plo/Build/Build/Intermediates.noindex/AddonPlatform.build/Debug/ProbeProvider.build/Objects-normal/arm64/CascadeProbeProvider-dependency-scan.dia -validate-clang-modules-once -clang-build-session-file /Users/c4v4h/Library/Developer/Xcode/DerivedData/CascadeAddonRecoveryProbe/probe-hae_1plo/Build/ModuleCache.noindex/Session.modulevalidation -Xcc -fmodules-prune-interval\=86400 -Xcc -fmodules-prune-after\=345600 -emit-const-values -const-gather-protocols-list /Users/c4v4h/Library/Developer/Xcode/DerivedData/CascadeAddonRecoveryProbe/probe-hae_1plo/Build/Build/Intermediates.noindex/AddonPlatform.build/Debug/ProbeProvider.build/Objects-normal/arm64/ProbeProvider_const_extract_protocols.json -Xcc -iquote -Xcc /Users/c4v4h/Library/Developer/Xcode/DerivedData/CascadeAddonRecoveryProbe/probe-hae_1plo/Build/Build/Intermediates.noindex/AddonPlatform.build/Debug/ProbeProvider.build/CascadeProbeProvider-generated-files.hmap -Xcc -I/Users/c4v4h/Library/Developer/Xcode/DerivedData/CascadeAddonRecoveryProbe/probe-hae_1plo/Build/Build/Intermediates.noindex/AddonPlatform.build/Debug/ProbeProvider.build/CascadeProbeProvider-own-target-headers.hmap -Xcc -I/Users/c4v4h/Library/Developer/Xcode/DerivedData/CascadeAddonRecoveryProbe/probe-hae_1plo/Build/Build/Intermediates.noindex/AddonPlatform.build/Debug/ProbeProvider.build/CascadeProbeProvider-all-target-headers.hmap -Xcc -iquote -Xcc /Users/c4v4h/Library/Developer/Xcode/DerivedData/CascadeAddonRecoveryProbe/probe-hae_1plo/Build/Build/Intermediates.noindex/AddonPlatform.build/Debug/ProbeProvider.build/CascadeProbeProvider-project-headers.hmap -Xcc -I/Users/c4v4h/Library/Developer/Xcode/DerivedData/CascadeAddonRecoveryProbe/probe-hae_1plo/Build/Build/Products/Debug/include -Xcc -I/Users/c4v4h/Library/Developer/Xcode/DerivedData/CascadeAddonRecoveryProbe/probe-hae_1plo/Build/Build/Intermediates.noindex/AddonPlatform.build/Debug/ProbeProvider.build/DerivedSources-normal/arm64 -Xcc -I/Users/c4v4h/Library/Developer/Xcode/DerivedData/CascadeAddonRecoveryProbe/probe-hae_1plo/Build/Build/Intermediates.noindex/AddonPlatform.build/Debug/ProbeProvider.build/DerivedSources/arm64 -Xcc -I/Users/c4v4h/Library/Developer/Xcode/DerivedData/CascadeAddonRecoveryProbe/probe-hae_1plo/Build/Build/Intermediates.noindex/AddonPlatform.build/Debug/ProbeProvider.build/DerivedSources -emit-objc-header -emit-objc-header-path /Users/c4v4h/Library/Developer/Xcode/DerivedData/CascadeAddonRecoveryProbe/probe-hae_1plo/Build/Build/Intermediates.noindex/AddonPlatform.build/Debug/ProbeProvider.build/Objects-normal/arm64/CascadeProbeProvider-Swift.h -working-directory /Users/c4v4h/Library/Developer/Xcode/DerivedData/CascadeAddonRecoveryProbe/probe-hae_1plo/Sources -experimental-emit-module-separately -disable-cmo

Ld /Users/c4v4h/Library/Developer/Xcode/DerivedData/CascadeAddonRecoveryProbe/probe-hae_1plo/Build/Build/Intermediates.noindex/AddonPlatform.build/Debug/ProbeProvider.build/Objects-normal/arm64/Binary/ProbeProvider normal arm64 (in target 'ProbeProvider' from project 'AddonPlatform')
    cd /Users/c4v4h/Library/Developer/Xcode/DerivedData/CascadeAddonRecoveryProbe/probe-hae_1plo/Sources
    /Applications/Xcode-beta.app/Contents/Developer/Toolchains/XcodeDefault.xctoolchain/usr/bin/clang -Xlinker -reproducible -target arm64-apple-macos14.0 -isysroot /Applications/Xcode-beta.app/Contents/Developer/Platforms/MacOSX.platform/Developer/SDKs/MacOSX27.0.sdk -Os -Xlinker -no_warn_duplicate_libraries -L/Users/c4v4h/Library/Developer/Xcode/DerivedData/CascadeAddonRecoveryProbe/probe-hae_1plo/Build/Build/Intermediates.noindex/EagerLinkingTBDs/Debug -L/Users/c4v4h/Library/Developer/Xcode/DerivedData/CascadeAddonRecoveryProbe/probe-hae_1plo/Build/Build/Products/Debug -F/Users/c4v4h/Library/Developer/Xcode/DerivedData/CascadeAddonRecoveryProbe/probe-hae_1plo/Build/Build/Intermediates.noindex/EagerLinkingTBDs/Debug -F/Users/c4v4h/Library/Developer/Xcode/DerivedData/CascadeAddonRecoveryProbe/probe-hae_1plo/Build/Build/Products/Debug -filelist /Users/c4v4h/Library/Developer/Xcode/DerivedData/CascadeAddonRecoveryProbe/probe-hae_1plo/Build/Build/Intermediates.noindex/AddonPlatform.build/Debug/ProbeProvider.build/Objects-normal/arm64/CascadeProbeProvider.LinkFileList -Xlinker -rpath -Xlinker /usr/lib/swift -Xlinker -object_path_lto -Xlinker /Users/c4v4h/Library/Developer/Xcode/DerivedData/CascadeAddonRecoveryProbe/probe-hae_1plo/Build/Build/Intermediates.noindex/AddonPlatform.build/Debug/ProbeProvider.build/Objects-normal/arm64/CascadeProbeProvider_lto.o -Xlinker -dependency_info -Xlinker /Users/c4v4h/Library/Developer/Xcode/DerivedData/CascadeAddonRecoveryProbe/probe-hae_1plo/Build/Build/Intermediates.noindex/AddonPlatform.build/Debug/ProbeProvider.build/Objects-normal/arm64/CascadeProbeProvider_dependency_info.dat -e _NSExtensionMain -fapplication-extension -fobjc-link-runtime -L/Applications/Xcode-beta.app/Contents/Developer/Toolchains/XcodeDefault.xctoolchain/usr/lib/swift/macosx -L/usr/lib/swift -Xlinker -add_ast_path -Xlinker /Users/c4v4h/Library/Developer/Xcode/DerivedData/CascadeAddonRecoveryProbe/probe-hae_1plo/Build/Build/Intermediates.noindex/AddonPlatform.build/Debug/ProbeProvider.build/Objects-normal/arm64/CascadeProbeProvider.swiftmodule -Xlinker -no_adhoc_codesign -o /Users/c4v4h/Library/Developer/Xcode/DerivedData/CascadeAddonRecoveryProbe/probe-hae_1plo/Build/Build/Intermediates.noindex/AddonPlatform.build/Debug/ProbeProvider.build/Objects-normal/arm64/Binary/ProbeProvider

AppExtensionPListGenerator (in target 'ProbeProvider' from project 'AddonPlatform')
    cd /Users/c4v4h/Library/Developer/Xcode/DerivedData/CascadeAddonRecoveryProbe/probe-hae_1plo/Sources
    /Applications/Xcode-beta.app/Contents/Developer/Toolchains/XcodeDefault.xctoolchain/usr/bin/exutil generate-appextension-plist --module-name CascadeProbeProvider --sdk-root /Applications/Xcode-beta.app/Contents/Developer/Platforms/MacOSX.platform/Developer/SDKs/MacOSX27.0.sdk --xcode-version 27A5252f --platform-family macOS --deployment-target 14.0 --bundle-identifier hylo.Cascade.AddonProbeContainer.Provider --output /Users/c4v4h/Library/Developer/Xcode/DerivedData/CascadeAddonRecoveryProbe/probe-hae_1plo/Build/Build/Intermediates.noindex/AddonPlatform.build/Debug/ProbeProvider.build/ProbeProvider-appextension-generated-info.plist /Users/c4v4h/Library/Developer/Xcode/DerivedData/CascadeAddonRecoveryProbe/probe-hae_1plo/Build/Build/Intermediates.noindex/AddonPlatform.build/Debug/ProbeProvider.build/Objects-normal/arm64/ProbeProvider.swiftconstvalues /Users/c4v4h/Library/Developer/Xcode/DerivedData/CascadeAddonRecoveryProbe/probe-hae_1plo/Build/Build/Intermediates.noindex/AddonPlatform.build/Debug/ProbeProvider.build/Objects-normal/arm64/ProbeMessage.swiftconstvalues

SwiftDriverJobDiscovery normal x86_64 Compiling ProbeProvider.swift (in target 'ProbeProvider' from project 'AddonPlatform')

SwiftDriver\ Compilation ProbeProvider normal x86_64 com.apple.xcode.tools.swift.compiler (in target 'ProbeProvider' from project 'AddonPlatform')
    cd /Users/c4v4h/Library/Developer/Xcode/DerivedData/CascadeAddonRecoveryProbe/probe-hae_1plo/Sources
    builtin-Swift-Compilation -- /Applications/Xcode-beta.app/Contents/Developer/Toolchains/XcodeDefault.xctoolchain/usr/bin/swiftc -module-name CascadeProbeProvider -Onone @/Users/c4v4h/Library/Developer/Xcode/DerivedData/CascadeAddonRecoveryProbe/probe-hae_1plo/Build/Build/Intermediates.noindex/AddonPlatform.build/Debug/ProbeProvider.build/Objects-normal/x86_64/CascadeProbeProvider.SwiftFileList -DDEBUG -DRECOVERY_PROBE -DBROKER_PROVIDER -enable-bare-slash-regex -enable-experimental-feature DebugDescriptionMacro -sdk /Applications/Xcode-beta.app/Contents/Developer/Platforms/MacOSX.platform/Developer/SDKs/MacOSX27.0.sdk -target x86_64-apple-macos14.0 -g -module-cache-path /Users/c4v4h/Library/Developer/Xcode/DerivedData/CascadeAddonRecoveryProbe/probe-hae_1plo/Build/ModuleCache.noindex -Xfrontend -serialize-debugging-options -application-extension -index-store-path /Users/c4v4h/Library/Developer/Xcode/DerivedData/CascadeAddonRecoveryProbe/probe-hae_1plo/Build/Index.noindex/DataStore -swift-version 5 -I /Users/c4v4h/Library/Developer/Xcode/DerivedData/CascadeAddonRecoveryProbe/probe-hae_1plo/Build/Build/Products/Debug -F /Users/c4v4h/Library/Developer/Xcode/DerivedData/CascadeAddonRecoveryProbe/probe-hae_1plo/Build/Build/Products/Debug -c -j8 -enable-batch-mode -incremental -Xcc -ivfsstatcache -Xcc /Users/c4v4h/Library/Developer/Xcode/DerivedData/CascadeAddonRecoveryProbe/probe-hae_1plo/Build/SDKStatCaches.noindex/macosx27.0-26A5419a-e829b21a6f8c9b70876ba0858053c04445874285e5972fffeae925c4ab065928.sdkstatcache -output-file-map /Users/c4v4h/Library/Developer/Xcode/DerivedData/CascadeAddonRecoveryProbe/probe-hae_1plo/Build/Build/Intermediates.noindex/AddonPlatform.build/Debug/ProbeProvider.build/Objects-normal/x86_64/ProbeProvider-OutputFileMap.json -save-temps -no-color-diagnostics -explicit-module-build -module-cache-path /Users/c4v4h/Library/Developer/Xcode/DerivedData/CascadeAddonRecoveryProbe/probe-hae_1plo/Build/Build/Intermediates.noindex/SwiftExplicitPrecompiledModules -clang-scanner-module-cache-path /Users/c4v4h/Library/Developer/Xcode/DerivedData/CascadeAddonRecoveryProbe/probe-hae_1plo/Build/ModuleCache.noindex -sdk-module-cache-path /Users/c4v4h/Library/Developer/Xcode/DerivedData/CascadeAddonRecoveryProbe/probe-hae_1plo/Build/SDKExplicitPrecompiledModules -emit-dependencies -emit-module -emit-module-path /Users/c4v4h/Library/Developer/Xcode/DerivedData/CascadeAddonRecoveryProbe/probe-hae_1plo/Build/Build/Intermediates.noindex/AddonPlatform.build/Debug/ProbeProvider.build/Objects-normal/x86_64/CascadeProbeProvider.swiftmodule -serialize-diagnostics -dependency-scan-serialize-diagnostics-path /Users/c4v4h/Library/Developer/Xcode/DerivedData/CascadeAddonRecoveryProbe/probe-hae_1plo/Build/Build/Intermediates.noindex/AddonPlatform.build/Debug/ProbeProvider.build/Objects-normal/x86_64/CascadeProbeProvider-dependency-scan.dia -validate-clang-modules-once -clang-build-session-file /Users/c4v4h/Library/Developer/Xcode/DerivedData/CascadeAddonRecoveryProbe/probe-hae_1plo/Build/ModuleCache.noindex/Session.modulevalidation -Xcc -fmodules-prune-interval\=86400 -Xcc -fmodules-prune-after\=345600 -emit-const-values -const-gather-protocols-list /Users/c4v4h/Library/Developer/Xcode/DerivedData/CascadeAddonRecoveryProbe/probe-hae_1plo/Build/Build/Intermediates.noindex/AddonPlatform.build/Debug/ProbeProvider.build/Objects-normal/x86_64/ProbeProvider_const_extract_protocols.json -Xcc -iquote -Xcc /Users/c4v4h/Library/Developer/Xcode/DerivedData/CascadeAddonRecoveryProbe/probe-hae_1plo/Build/Build/Intermediates.noindex/AddonPlatform.build/Debug/ProbeProvider.build/CascadeProbeProvider-generated-files.hmap -Xcc -I/Users/c4v4h/Library/Developer/Xcode/DerivedData/CascadeAddonRecoveryProbe/probe-hae_1plo/Build/Build/Intermediates.noindex/AddonPlatform.build/Debug/ProbeProvider.build/CascadeProbeProvider-own-target-headers.hmap -Xcc -I/Users/c4v4h/Library/Developer/Xcode/DerivedData/CascadeAddonRecoveryProbe/probe-hae_1plo/Build/Build/Intermediates.noindex/AddonPlatform.build/Debug/ProbeProvider.build/CascadeProbeProvider-all-target-headers.hmap -Xcc -iquote -Xcc /Users/c4v4h/Library/Developer/Xcode/DerivedData/CascadeAddonRecoveryProbe/probe-hae_1plo/Build/Build/Intermediates.noindex/AddonPlatform.build/Debug/ProbeProvider.build/CascadeProbeProvider-project-headers.hmap -Xcc -I/Users/c4v4h/Library/Developer/Xcode/DerivedData/CascadeAddonRecoveryProbe/probe-hae_1plo/Build/Build/Products/Debug/include -Xcc -I/Users/c4v4h/Library/Developer/Xcode/DerivedData/CascadeAddonRecoveryProbe/probe-hae_1plo/Build/Build/Intermediates.noindex/AddonPlatform.build/Debug/ProbeProvider.build/DerivedSources-normal/x86_64 -Xcc -I/Users/c4v4h/Library/Developer/Xcode/DerivedData/CascadeAddonRecoveryProbe/probe-hae_1plo/Build/Build/Intermediates.noindex/AddonPlatform.build/Debug/ProbeProvider.build/DerivedSources/x86_64 -Xcc -I/Users/c4v4h/Library/Developer/Xcode/DerivedData/CascadeAddonRecoveryProbe/probe-hae_1plo/Build/Build/Intermediates.noindex/AddonPlatform.build/Debug/ProbeProvider.build/DerivedSources -emit-objc-header -emit-objc-header-path /Users/c4v4h/Library/Developer/Xcode/DerivedData/CascadeAddonRecoveryProbe/probe-hae_1plo/Build/Build/Intermediates.noindex/AddonPlatform.build/Debug/ProbeProvider.build/Objects-normal/x86_64/CascadeProbeProvider-Swift.h -working-directory /Users/c4v4h/Library/Developer/Xcode/DerivedData/CascadeAddonRecoveryProbe/probe-hae_1plo/Sources -experimental-emit-module-separately -disable-cmo

ProcessInfoPlistFile /Users/c4v4h/Library/Developer/Xcode/DerivedData/CascadeAddonRecoveryProbe/probe-hae_1plo/Build/Build/Products/Debug/CascadeProbeProvider.appex/Contents/Info.plist /Users/c4v4h/Library/Developer/Xcode/DerivedData/CascadeAddonRecoveryProbe/probe-hae_1plo/Sources/Provider/Info.plist (in target 'ProbeProvider' from project 'AddonPlatform')
    cd /Users/c4v4h/Library/Developer/Xcode/DerivedData/CascadeAddonRecoveryProbe/probe-hae_1plo/Sources
    builtin-infoPlistUtility /Users/c4v4h/Library/Developer/Xcode/DerivedData/CascadeAddonRecoveryProbe/probe-hae_1plo/Sources/Provider/Info.plist -producttype com.apple.product-type.extensionkit-extension -expandbuildsettings -platform macosx -additionalcontentfile /Users/c4v4h/Library/Developer/Xcode/DerivedData/CascadeAddonRecoveryProbe/probe-hae_1plo/Build/Build/Intermediates.noindex/AddonPlatform.build/Debug/ProbeProvider.build/ProbeProvider-appextension-generated-info.plist -o /Users/c4v4h/Library/Developer/Xcode/DerivedData/CascadeAddonRecoveryProbe/probe-hae_1plo/Build/Build/Products/Debug/CascadeProbeProvider.appex/Contents/Info.plist

Ld /Users/c4v4h/Library/Developer/Xcode/DerivedData/CascadeAddonRecoveryProbe/probe-hae_1plo/Build/Build/Intermediates.noindex/AddonPlatform.build/Debug/ProbeProvider.build/Objects-normal/x86_64/Binary/ProbeProvider normal x86_64 (in target 'ProbeProvider' from project 'AddonPlatform')
    cd /Users/c4v4h/Library/Developer/Xcode/DerivedData/CascadeAddonRecoveryProbe/probe-hae_1plo/Sources
    /Applications/Xcode-beta.app/Contents/Developer/Toolchains/XcodeDefault.xctoolchain/usr/bin/clang -Xlinker -reproducible -target x86_64-apple-macos14.0 -isysroot /Applications/Xcode-beta.app/Contents/Developer/Platforms/MacOSX.platform/Developer/SDKs/MacOSX27.0.sdk -Os -Xlinker -no_warn_duplicate_libraries -L/Users/c4v4h/Library/Developer/Xcode/DerivedData/CascadeAddonRecoveryProbe/probe-hae_1plo/Build/Build/Intermediates.noindex/EagerLinkingTBDs/Debug -L/Users/c4v4h/Library/Developer/Xcode/DerivedData/CascadeAddonRecoveryProbe/probe-hae_1plo/Build/Build/Products/Debug -F/Users/c4v4h/Library/Developer/Xcode/DerivedData/CascadeAddonRecoveryProbe/probe-hae_1plo/Build/Build/Intermediates.noindex/EagerLinkingTBDs/Debug -F/Users/c4v4h/Library/Developer/Xcode/DerivedData/CascadeAddonRecoveryProbe/probe-hae_1plo/Build/Build/Products/Debug -filelist /Users/c4v4h/Library/Developer/Xcode/DerivedData/CascadeAddonRecoveryProbe/probe-hae_1plo/Build/Build/Intermediates.noindex/AddonPlatform.build/Debug/ProbeProvider.build/Objects-normal/x86_64/CascadeProbeProvider.LinkFileList -Xlinker -rpath -Xlinker /usr/lib/swift -Xlinker -object_path_lto -Xlinker /Users/c4v4h/Library/Developer/Xcode/DerivedData/CascadeAddonRecoveryProbe/probe-hae_1plo/Build/Build/Intermediates.noindex/AddonPlatform.build/Debug/ProbeProvider.build/Objects-normal/x86_64/CascadeProbeProvider_lto.o -Xlinker -dependency_info -Xlinker /Users/c4v4h/Library/Developer/Xcode/DerivedData/CascadeAddonRecoveryProbe/probe-hae_1plo/Build/Build/Intermediates.noindex/AddonPlatform.build/Debug/ProbeProvider.build/Objects-normal/x86_64/CascadeProbeProvider_dependency_info.dat -e _NSExtensionMain -fapplication-extension -fobjc-link-runtime -L/Applications/Xcode-beta.app/Contents/Developer/Toolchains/XcodeDefault.xctoolchain/usr/lib/swift/macosx -L/usr/lib/swift -Xlinker -add_ast_path -Xlinker /Users/c4v4h/Library/Developer/Xcode/DerivedData/CascadeAddonRecoveryProbe/probe-hae_1plo/Build/Build/Intermediates.noindex/AddonPlatform.build/Debug/ProbeProvider.build/Objects-normal/x86_64/CascadeProbeProvider.swiftmodule -Xlinker -no_adhoc_codesign -o /Users/c4v4h/Library/Developer/Xcode/DerivedData/CascadeAddonRecoveryProbe/probe-hae_1plo/Build/Build/Intermediates.noindex/AddonPlatform.build/Debug/ProbeProvider.build/Objects-normal/x86_64/Binary/ProbeProvider

SwiftDriverJobDiscovery normal arm64 Emitting module for CascadeAddonProbe (in target 'ProbeHost' from project 'AddonPlatform')

SwiftDriver\ Compilation\ Requirements ProbeHost normal arm64 com.apple.xcode.tools.swift.compiler (in target 'ProbeHost' from project 'AddonPlatform')
    cd /Users/c4v4h/Library/Developer/Xcode/DerivedData/CascadeAddonRecoveryProbe/probe-hae_1plo/Sources
    builtin-Swift-Compilation-Requirements -- /Applications/Xcode-beta.app/Contents/Developer/Toolchains/XcodeDefault.xctoolchain/usr/bin/swiftc -module-name CascadeAddonProbe -Onone @/Users/c4v4h/Library/Developer/Xcode/DerivedData/CascadeAddonRecoveryProbe/probe-hae_1plo/Build/Build/Intermediates.noindex/AddonPlatform.build/Debug/ProbeHost.build/Objects-normal/arm64/CascadeAddonProbe.SwiftFileList -DDEBUG -DRECOVERY_PROBE -DBROKER_PROVIDER -enable-bare-slash-regex -enable-experimental-feature DebugDescriptionMacro -sdk /Applications/Xcode-beta.app/Contents/Developer/Platforms/MacOSX.platform/Developer/SDKs/MacOSX27.0.sdk -target arm64-apple-macos14.0 -g -module-cache-path /Users/c4v4h/Library/Developer/Xcode/DerivedData/CascadeAddonRecoveryProbe/probe-hae_1plo/Build/ModuleCache.noindex -Xfrontend -serialize-debugging-options -index-store-path /Users/c4v4h/Library/Developer/Xcode/DerivedData/CascadeAddonRecoveryProbe/probe-hae_1plo/Build/Index.noindex/DataStore -swift-version 5 -I /Users/c4v4h/Library/Developer/Xcode/DerivedData/CascadeAddonRecoveryProbe/probe-hae_1plo/Build/Build/Products/Debug -F /Users/c4v4h/Library/Developer/Xcode/DerivedData/CascadeAddonRecoveryProbe/probe-hae_1plo/Build/Build/Products/Debug -c -j8 -enable-batch-mode -incremental -Xcc -ivfsstatcache -Xcc /Users/c4v4h/Library/Developer/Xcode/DerivedData/CascadeAddonRecoveryProbe/probe-hae_1plo/Build/SDKStatCaches.noindex/macosx27.0-26A5419a-e829b21a6f8c9b70876ba0858053c04445874285e5972fffeae925c4ab065928.sdkstatcache -output-file-map /Users/c4v4h/Library/Developer/Xcode/DerivedData/CascadeAddonRecoveryProbe/probe-hae_1plo/Build/Build/Intermediates.noindex/AddonPlatform.build/Debug/ProbeHost.build/Objects-normal/arm64/ProbeHost-OutputFileMap.json -save-temps -no-color-diagnostics -explicit-module-build -module-cache-path /Users/c4v4h/Library/Developer/Xcode/DerivedData/CascadeAddonRecoveryProbe/probe-hae_1plo/Build/Build/Intermediates.noindex/SwiftExplicitPrecompiledModules -clang-scanner-module-cache-path /Users/c4v4h/Library/Developer/Xcode/DerivedData/CascadeAddonRecoveryProbe/probe-hae_1plo/Build/ModuleCache.noindex -sdk-module-cache-path /Users/c4v4h/Library/Developer/Xcode/DerivedData/CascadeAddonRecoveryProbe/probe-hae_1plo/Build/SDKExplicitPrecompiledModules -emit-dependencies -emit-module -emit-module-path /Users/c4v4h/Library/Developer/Xcode/DerivedData/CascadeAddonRecoveryProbe/probe-hae_1plo/Build/Build/Intermediates.noindex/AddonPlatform.build/Debug/ProbeHost.build/Objects-normal/arm64/CascadeAddonProbe.swiftmodule -serialize-diagnostics -dependency-scan-serialize-diagnostics-path /Users/c4v4h/Library/Developer/Xcode/DerivedData/CascadeAddonRecoveryProbe/probe-hae_1plo/Build/Build/Intermediates.noindex/AddonPlatform.build/Debug/ProbeHost.build/Objects-normal/arm64/CascadeAddonProbe-dependency-scan.dia -validate-clang-modules-once -clang-build-session-file /Users/c4v4h/Library/Developer/Xcode/DerivedData/CascadeAddonRecoveryProbe/probe-hae_1plo/Build/ModuleCache.noindex/Session.modulevalidation -Xcc -fmodules-prune-interval\=86400 -Xcc -fmodules-prune-after\=345600 -emit-const-values -const-gather-protocols-list /Users/c4v4h/Library/Developer/Xcode/DerivedData/CascadeAddonRecoveryProbe/probe-hae_1plo/Build/Build/Intermediates.noindex/AddonPlatform.build/Debug/ProbeHost.build/Objects-normal/arm64/ProbeHost_const_extract_protocols.json -Xcc -iquote -Xcc /Users/c4v4h/Library/Developer/Xcode/DerivedData/CascadeAddonRecoveryProbe/probe-hae_1plo/Build/Build/Intermediates.noindex/AddonPlatform.build/Debug/ProbeHost.build/CascadeAddonProbe-generated-files.hmap -Xcc -I/Users/c4v4h/Library/Developer/Xcode/DerivedData/CascadeAddonRecoveryProbe/probe-hae_1plo/Build/Build/Intermediates.noindex/AddonPlatform.build/Debug/ProbeHost.build/CascadeAddonProbe-own-target-headers.hmap -Xcc -I/Users/c4v4h/Library/Developer/Xcode/DerivedData/CascadeAddonRecoveryProbe/probe-hae_1plo/Build/Build/Intermediates.noindex/AddonPlatform.build/Debug/ProbeHost.build/CascadeAddonProbe-all-target-headers.hmap -Xcc -iquote -Xcc /Users/c4v4h/Library/Developer/Xcode/DerivedData/CascadeAddonRecoveryProbe/probe-hae_1plo/Build/Build/Intermediates.noindex/AddonPlatform.build/Debug/ProbeHost.build/CascadeAddonProbe-project-headers.hmap -Xcc -I/Users/c4v4h/Library/Developer/Xcode/DerivedData/CascadeAddonRecoveryProbe/probe-hae_1plo/Build/Build/Products/Debug/include -Xcc -I/Users/c4v4h/Library/Developer/Xcode/DerivedData/CascadeAddonRecoveryProbe/probe-hae_1plo/Build/Build/Intermediates.noindex/AddonPlatform.build/Debug/ProbeHost.build/DerivedSources-normal/arm64 -Xcc -I/Users/c4v4h/Library/Developer/Xcode/DerivedData/CascadeAddonRecoveryProbe/probe-hae_1plo/Build/Build/Intermediates.noindex/AddonPlatform.build/Debug/ProbeHost.build/DerivedSources/arm64 -Xcc -I/Users/c4v4h/Library/Developer/Xcode/DerivedData/CascadeAddonRecoveryProbe/probe-hae_1plo/Build/Build/Intermediates.noindex/AddonPlatform.build/Debug/ProbeHost.build/DerivedSources -emit-objc-header -emit-objc-header-path /Users/c4v4h/Library/Developer/Xcode/DerivedData/CascadeAddonRecoveryProbe/probe-hae_1plo/Build/Build/Intermediates.noindex/AddonPlatform.build/Debug/ProbeHost.build/Objects-normal/arm64/CascadeAddonProbe-Swift.h -working-directory /Users/c4v4h/Library/Developer/Xcode/DerivedData/CascadeAddonRecoveryProbe/probe-hae_1plo/Sources -experimental-emit-module-separately -disable-cmo

SwiftMergeGeneratedHeaders /Users/c4v4h/Library/Developer/Xcode/DerivedData/CascadeAddonRecoveryProbe/probe-hae_1plo/Build/Build/Intermediates.noindex/AddonPlatform.build/Debug/ProbeHost.build/DerivedSources/CascadeAddonProbe-Swift.h /Users/c4v4h/Library/Developer/Xcode/DerivedData/CascadeAddonRecoveryProbe/probe-hae_1plo/Build/Build/Intermediates.noindex/AddonPlatform.build/Debug/ProbeHost.build/Objects-normal/arm64/CascadeAddonProbe-Swift.h /Users/c4v4h/Library/Developer/Xcode/DerivedData/CascadeAddonRecoveryProbe/probe-hae_1plo/Build/Build/Intermediates.noindex/AddonPlatform.build/Debug/ProbeHost.build/Objects-normal/x86_64/CascadeAddonProbe-Swift.h (in target 'ProbeHost' from project 'AddonPlatform')
    cd /Users/c4v4h/Library/Developer/Xcode/DerivedData/CascadeAddonRecoveryProbe/probe-hae_1plo/Sources
    builtin-swiftHeaderTool -arch arm64 /Users/c4v4h/Library/Developer/Xcode/DerivedData/CascadeAddonRecoveryProbe/probe-hae_1plo/Build/Build/Intermediates.noindex/AddonPlatform.build/Debug/ProbeHost.build/Objects-normal/arm64/CascadeAddonProbe-Swift.h -arch x86_64 /Users/c4v4h/Library/Developer/Xcode/DerivedData/CascadeAddonRecoveryProbe/probe-hae_1plo/Build/Build/Intermediates.noindex/AddonPlatform.build/Debug/ProbeHost.build/Objects-normal/x86_64/CascadeAddonProbe-Swift.h -o /Users/c4v4h/Library/Developer/Xcode/DerivedData/CascadeAddonRecoveryProbe/probe-hae_1plo/Build/Build/Intermediates.noindex/AddonPlatform.build/Debug/ProbeHost.build/DerivedSources/CascadeAddonProbe-Swift.h

Copy /Users/c4v4h/Library/Developer/Xcode/DerivedData/CascadeAddonRecoveryProbe/probe-hae_1plo/Build/Build/Products/Debug/CascadeAddonProbe.swiftmodule/arm64-apple-macos.swiftmodule /Users/c4v4h/Library/Developer/Xcode/DerivedData/CascadeAddonRecoveryProbe/probe-hae_1plo/Build/Build/Intermediates.noindex/AddonPlatform.build/Debug/ProbeHost.build/Objects-normal/arm64/CascadeAddonProbe.swiftmodule (in target 'ProbeHost' from project 'AddonPlatform')
    cd /Users/c4v4h/Library/Developer/Xcode/DerivedData/CascadeAddonRecoveryProbe/probe-hae_1plo/Sources
    builtin-copy -exclude .DS_Store -exclude CVS -exclude .svn -exclude .git -exclude .hg -strip-unsigned-binaries -strip-deterministic -strip-tool /Applications/Xcode-beta.app/Contents/Developer/Toolchains/XcodeDefault.xctoolchain/usr/bin/strip -resolve-src-symlinks -rename /Users/c4v4h/Library/Developer/Xcode/DerivedData/CascadeAddonRecoveryProbe/probe-hae_1plo/Build/Build/Intermediates.noindex/AddonPlatform.build/Debug/ProbeHost.build/Objects-normal/arm64/CascadeAddonProbe.swiftmodule /Users/c4v4h/Library/Developer/Xcode/DerivedData/CascadeAddonRecoveryProbe/probe-hae_1plo/Build/Build/Products/Debug/CascadeAddonProbe.swiftmodule/arm64-apple-macos.swiftmodule

Copy /Users/c4v4h/Library/Developer/Xcode/DerivedData/CascadeAddonRecoveryProbe/probe-hae_1plo/Build/Build/Products/Debug/CascadeAddonProbe.swiftmodule/arm64-apple-macos.swiftdoc /Users/c4v4h/Library/Developer/Xcode/DerivedData/CascadeAddonRecoveryProbe/probe-hae_1plo/Build/Build/Intermediates.noindex/AddonPlatform.build/Debug/ProbeHost.build/Objects-normal/arm64/CascadeAddonProbe.swiftdoc (in target 'ProbeHost' from project 'AddonPlatform')
    cd /Users/c4v4h/Library/Developer/Xcode/DerivedData/CascadeAddonRecoveryProbe/probe-hae_1plo/Sources
    builtin-copy -exclude .DS_Store -exclude CVS -exclude .svn -exclude .git -exclude .hg -strip-unsigned-binaries -strip-deterministic -strip-tool /Applications/Xcode-beta.app/Contents/Developer/Toolchains/XcodeDefault.xctoolchain/usr/bin/strip -resolve-src-symlinks -rename /Users/c4v4h/Library/Developer/Xcode/DerivedData/CascadeAddonRecoveryProbe/probe-hae_1plo/Build/Build/Intermediates.noindex/AddonPlatform.build/Debug/ProbeHost.build/Objects-normal/arm64/CascadeAddonProbe.swiftdoc /Users/c4v4h/Library/Developer/Xcode/DerivedData/CascadeAddonRecoveryProbe/probe-hae_1plo/Build/Build/Products/Debug/CascadeAddonProbe.swiftmodule/arm64-apple-macos.swiftdoc

Copy /Users/c4v4h/Library/Developer/Xcode/DerivedData/CascadeAddonRecoveryProbe/probe-hae_1plo/Build/Build/Products/Debug/CascadeAddonProbe.swiftmodule/arm64-apple-macos.abi.json /Users/c4v4h/Library/Developer/Xcode/DerivedData/CascadeAddonRecoveryProbe/probe-hae_1plo/Build/Build/Intermediates.noindex/AddonPlatform.build/Debug/ProbeHost.build/Objects-normal/arm64/CascadeAddonProbe.abi.json (in target 'ProbeHost' from project 'AddonPlatform')
    cd /Users/c4v4h/Library/Developer/Xcode/DerivedData/CascadeAddonRecoveryProbe/probe-hae_1plo/Sources
    builtin-copy -exclude .DS_Store -exclude CVS -exclude .svn -exclude .git -exclude .hg -strip-unsigned-binaries -strip-deterministic -strip-tool /Applications/Xcode-beta.app/Contents/Developer/Toolchains/XcodeDefault.xctoolchain/usr/bin/strip -resolve-src-symlinks -rename /Users/c4v4h/Library/Developer/Xcode/DerivedData/CascadeAddonRecoveryProbe/probe-hae_1plo/Build/Build/Intermediates.noindex/AddonPlatform.build/Debug/ProbeHost.build/Objects-normal/arm64/CascadeAddonProbe.abi.json /Users/c4v4h/Library/Developer/Xcode/DerivedData/CascadeAddonRecoveryProbe/probe-hae_1plo/Build/Build/Products/Debug/CascadeAddonProbe.swiftmodule/arm64-apple-macos.abi.json

Copy /Users/c4v4h/Library/Developer/Xcode/DerivedData/CascadeAddonRecoveryProbe/probe-hae_1plo/Build/Build/Products/Debug/CascadeAddonProbe.swiftmodule/Project/arm64-apple-macos.swiftsourceinfo /Users/c4v4h/Library/Developer/Xcode/DerivedData/CascadeAddonRecoveryProbe/probe-hae_1plo/Build/Build/Intermediates.noindex/AddonPlatform.build/Debug/ProbeHost.build/Objects-normal/arm64/CascadeAddonProbe.swiftsourceinfo (in target 'ProbeHost' from project 'AddonPlatform')
    cd /Users/c4v4h/Library/Developer/Xcode/DerivedData/CascadeAddonRecoveryProbe/probe-hae_1plo/Sources
    builtin-copy -exclude .DS_Store -exclude CVS -exclude .svn -exclude .git -exclude .hg -strip-unsigned-binaries -strip-deterministic -strip-tool /Applications/Xcode-beta.app/Contents/Developer/Toolchains/XcodeDefault.xctoolchain/usr/bin/strip -resolve-src-symlinks -rename /Users/c4v4h/Library/Developer/Xcode/DerivedData/CascadeAddonRecoveryProbe/probe-hae_1plo/Build/Build/Intermediates.noindex/AddonPlatform.build/Debug/ProbeHost.build/Objects-normal/arm64/CascadeAddonProbe.swiftsourceinfo /Users/c4v4h/Library/Developer/Xcode/DerivedData/CascadeAddonRecoveryProbe/probe-hae_1plo/Build/Build/Products/Debug/CascadeAddonProbe.swiftmodule/Project/arm64-apple-macos.swiftsourceinfo

CreateUniversalBinary /Users/c4v4h/Library/Developer/Xcode/DerivedData/CascadeAddonRecoveryProbe/probe-hae_1plo/Build/Build/Products/Debug/CascadeProbeProvider.appex/Contents/MacOS/ProbeProvider normal arm64\ x86_64 (in target 'ProbeProvider' from project 'AddonPlatform')
    cd /Users/c4v4h/Library/Developer/Xcode/DerivedData/CascadeAddonRecoveryProbe/probe-hae_1plo/Sources
    /Applications/Xcode-beta.app/Contents/Developer/Toolchains/XcodeDefault.xctoolchain/usr/bin/lipo -create /Users/c4v4h/Library/Developer/Xcode/DerivedData/CascadeAddonRecoveryProbe/probe-hae_1plo/Build/Build/Intermediates.noindex/AddonPlatform.build/Debug/ProbeProvider.build/Objects-normal/arm64/Binary/ProbeProvider /Users/c4v4h/Library/Developer/Xcode/DerivedData/CascadeAddonRecoveryProbe/probe-hae_1plo/Build/Build/Intermediates.noindex/AddonPlatform.build/Debug/ProbeProvider.build/Objects-normal/x86_64/Binary/ProbeProvider -output /Users/c4v4h/Library/Developer/Xcode/DerivedData/CascadeAddonRecoveryProbe/probe-hae_1plo/Build/Build/Products/Debug/CascadeProbeProvider.appex/Contents/MacOS/ProbeProvider

ExtractAppIntentsMetadata (in target 'ProbeProvider' from project 'AddonPlatform')
    cd /Users/c4v4h/Library/Developer/Xcode/DerivedData/CascadeAddonRecoveryProbe/probe-hae_1plo/Sources
    /Applications/Xcode-beta.app/Contents/Developer/Toolchains/XcodeDefault.xctoolchain/usr/bin/appintentsmetadataprocessor --toolchain-dir /var/run/com.apple.security.cryptexd/mnt/com.apple.MobileAsset.MetalToolchain-v27.1.5252.6.a2EVDm/Metal.xctoolchain --module-name CascadeProbeProvider --sdk-root /Applications/Xcode-beta.app/Contents/Developer/Platforms/MacOSX.platform/Developer/SDKs/MacOSX27.0.sdk --xcode-version 27A5252f --platform-family macOS --deployment-target 14.0 --bundle-identifier hylo.Cascade.AddonProbeContainer.Provider --output /Users/c4v4h/Library/Developer/Xcode/DerivedData/CascadeAddonRecoveryProbe/probe-hae_1plo/Build/Build/Products/Debug/CascadeProbeProvider.appex/Contents/Resources --target-triple arm64-apple-macos14.0 --target-triple x86_64-apple-macos14.0 --binary-file /Users/c4v4h/Library/Developer/Xcode/DerivedData/CascadeAddonRecoveryProbe/probe-hae_1plo/Build/Build/Products/Debug/CascadeProbeProvider.appex/Contents/MacOS/ProbeProvider --dependency-file /Users/c4v4h/Library/Developer/Xcode/DerivedData/CascadeAddonRecoveryProbe/probe-hae_1plo/Build/Build/Intermediates.noindex/AddonPlatform.build/Debug/ProbeProvider.build/Objects-normal/arm64/CascadeProbeProvider_dependency_info.dat --dependency-file /Users/c4v4h/Library/Developer/Xcode/DerivedData/CascadeAddonRecoveryProbe/probe-hae_1plo/Build/Build/Intermediates.noindex/AddonPlatform.build/Debug/ProbeProvider.build/Objects-normal/x86_64/CascadeProbeProvider_dependency_info.dat --stringsdata-file /Users/c4v4h/Library/Developer/Xcode/DerivedData/CascadeAddonRecoveryProbe/probe-hae_1plo/Build/Build/Intermediates.noindex/AddonPlatform.build/Debug/ProbeProvider.build/Objects-normal/arm64/ExtractedAppShortcutsMetadata.stringsdata --stringsdata-file /Users/c4v4h/Library/Developer/Xcode/DerivedData/CascadeAddonRecoveryProbe/probe-hae_1plo/Build/Build/Intermediates.noindex/AddonPlatform.build/Debug/ProbeProvider.build/Objects-normal/x86_64/ExtractedAppShortcutsMetadata.stringsdata --source-file-list /Users/c4v4h/Library/Developer/Xcode/DerivedData/CascadeAddonRecoveryProbe/probe-hae_1plo/Build/Build/Intermediates.noindex/AddonPlatform.build/Debug/ProbeProvider.build/Objects-normal/arm64/CascadeProbeProvider.SwiftFileList --source-file-list /Users/c4v4h/Library/Developer/Xcode/DerivedData/CascadeAddonRecoveryProbe/probe-hae_1plo/Build/Build/Intermediates.noindex/AddonPlatform.build/Debug/ProbeProvider.build/Objects-normal/x86_64/CascadeProbeProvider.SwiftFileList --metadata-file-list /Users/c4v4h/Library/Developer/Xcode/DerivedData/CascadeAddonRecoveryProbe/probe-hae_1plo/Build/Build/Intermediates.noindex/AddonPlatform.build/Debug/ProbeProvider.build/CascadeProbeProvider.DependencyMetadataFileList --static-metadata-file-list /Users/c4v4h/Library/Developer/Xcode/DerivedData/CascadeAddonRecoveryProbe/probe-hae_1plo/Build/Build/Intermediates.noindex/AddonPlatform.build/Debug/ProbeProvider.build/CascadeProbeProvider.DependencyStaticMetadataFileList --swift-const-vals-list /Users/c4v4h/Library/Developer/Xcode/DerivedData/CascadeAddonRecoveryProbe/probe-hae_1plo/Build/Build/Intermediates.noindex/AddonPlatform.build/Debug/ProbeProvider.build/Objects-normal/arm64/CascadeProbeProvider.SwiftConstValuesFileList --swift-const-vals-list /Users/c4v4h/Library/Developer/Xcode/DerivedData/CascadeAddonRecoveryProbe/probe-hae_1plo/Build/Build/Intermediates.noindex/AddonPlatform.build/Debug/ProbeProvider.build/Objects-normal/x86_64/CascadeProbeProvider.SwiftConstValuesFileList --compile-time-extraction --deployment-aware-processing --no-app-shortcuts-localization
2026-09-25 16:44:32.532 appintentsmetadataprocessor[49185:1925257] Starting appintentsmetadataprocessor export
2026-09-25 16:44:32.534 appintentsmetadataprocessor[49185:1925257] warning: Metadata extraction skipped, no AppIntents.framework dependency found

SwiftDriverJobDiscovery normal arm64 Compiling ProbeMessage.swift (in target 'ProbeHost' from project 'AddonPlatform')

CodeSign /Users/c4v4h/Library/Developer/Xcode/DerivedData/CascadeAddonRecoveryProbe/probe-hae_1plo/Build/Build/Products/Debug/CascadeProbeProvider.appex (in target 'ProbeProvider' from project 'AddonPlatform')
    cd /Users/c4v4h/Library/Developer/Xcode/DerivedData/CascadeAddonRecoveryProbe/probe-hae_1plo/Sources
    
    Signing Identity:     "Apple Development: cavallerolore@icloud.com (MRZYW8THXH)"
    
    /usr/bin/codesign --force --sign 4A857D842A5406C2D3071776FDE7B27B3098FE63 -o runtime --entitlements /Users/c4v4h/Library/Developer/Xcode/DerivedData/CascadeAddonRecoveryProbe/probe-hae_1plo/Build/Build/Intermediates.noindex/AddonPlatform.build/Debug/ProbeProvider.build/CascadeProbeProvider.appex.xcent --timestamp\=none --generate-entitlement-der /Users/c4v4h/Library/Developer/Xcode/DerivedData/CascadeAddonRecoveryProbe/probe-hae_1plo/Build/Build/Products/Debug/CascadeProbeProvider.appex

RegisterExecutionPolicyException /Users/c4v4h/Library/Developer/Xcode/DerivedData/CascadeAddonRecoveryProbe/probe-hae_1plo/Build/Build/Products/Debug/CascadeProbeProvider.appex (in target 'ProbeProvider' from project 'AddonPlatform')
    cd /Users/c4v4h/Library/Developer/Xcode/DerivedData/CascadeAddonRecoveryProbe/probe-hae_1plo/Sources
    builtin-RegisterExecutionPolicyException /Users/c4v4h/Library/Developer/Xcode/DerivedData/CascadeAddonRecoveryProbe/probe-hae_1plo/Build/Build/Products/Debug/CascadeProbeProvider.appex

Touch /Users/c4v4h/Library/Developer/Xcode/DerivedData/CascadeAddonRecoveryProbe/probe-hae_1plo/Build/Build/Products/Debug/CascadeProbeProvider.appex (in target 'ProbeProvider' from project 'AddonPlatform')
    cd /Users/c4v4h/Library/Developer/Xcode/DerivedData/CascadeAddonRecoveryProbe/probe-hae_1plo/Sources
    /usr/bin/touch -c /Users/c4v4h/Library/Developer/Xcode/DerivedData/CascadeAddonRecoveryProbe/probe-hae_1plo/Build/Build/Products/Debug/CascadeProbeProvider.appex

SwiftDriverJobDiscovery normal x86_64 Compiling ProbeContainer.swift (in target 'ProbeContainer' from project 'AddonPlatform')

SwiftDriver\ Compilation ProbeContainer normal x86_64 com.apple.xcode.tools.swift.compiler (in target 'ProbeContainer' from project 'AddonPlatform')
    cd /Users/c4v4h/Library/Developer/Xcode/DerivedData/CascadeAddonRecoveryProbe/probe-hae_1plo/Sources
    builtin-Swift-Compilation -- /Applications/Xcode-beta.app/Contents/Developer/Toolchains/XcodeDefault.xctoolchain/usr/bin/swiftc -module-name CascadeAddonProbeContainer -Onone @/Users/c4v4h/Library/Developer/Xcode/DerivedData/CascadeAddonRecoveryProbe/probe-hae_1plo/Build/Build/Intermediates.noindex/AddonPlatform.build/Debug/ProbeContainer.build/Objects-normal/x86_64/CascadeAddonProbeContainer.SwiftFileList -DDEBUG -DRECOVERY_PROBE -DBROKER_PROVIDER -enable-bare-slash-regex -enable-experimental-feature DebugDescriptionMacro -sdk /Applications/Xcode-beta.app/Contents/Developer/Platforms/MacOSX.platform/Developer/SDKs/MacOSX27.0.sdk -target x86_64-apple-macos14.0 -g -module-cache-path /Users/c4v4h/Library/Developer/Xcode/DerivedData/CascadeAddonRecoveryProbe/probe-hae_1plo/Build/ModuleCache.noindex -Xfrontend -serialize-debugging-options -index-store-path /Users/c4v4h/Library/Developer/Xcode/DerivedData/CascadeAddonRecoveryProbe/probe-hae_1plo/Build/Index.noindex/DataStore -swift-version 5 -I /Users/c4v4h/Library/Developer/Xcode/DerivedData/CascadeAddonRecoveryProbe/probe-hae_1plo/Build/Build/Products/Debug -F /Users/c4v4h/Library/Developer/Xcode/DerivedData/CascadeAddonRecoveryProbe/probe-hae_1plo/Build/Build/Products/Debug -parse-as-library -c -j8 -enable-batch-mode -incremental -Xcc -ivfsstatcache -Xcc /Users/c4v4h/Library/Developer/Xcode/DerivedData/CascadeAddonRecoveryProbe/probe-hae_1plo/Build/SDKStatCaches.noindex/macosx27.0-26A5419a-e829b21a6f8c9b70876ba0858053c04445874285e5972fffeae925c4ab065928.sdkstatcache -output-file-map /Users/c4v4h/Library/Developer/Xcode/DerivedData/CascadeAddonRecoveryProbe/probe-hae_1plo/Build/Build/Intermediates.noindex/AddonPlatform.build/Debug/ProbeContainer.build/Objects-normal/x86_64/ProbeContainer-OutputFileMap.json -save-temps -no-color-diagnostics -explicit-module-build -module-cache-path /Users/c4v4h/Library/Developer/Xcode/DerivedData/CascadeAddonRecoveryProbe/probe-hae_1plo/Build/Build/Intermediates.noindex/SwiftExplicitPrecompiledModules -clang-scanner-module-cache-path /Users/c4v4h/Library/Developer/Xcode/DerivedData/CascadeAddonRecoveryProbe/probe-hae_1plo/Build/ModuleCache.noindex -sdk-module-cache-path /Users/c4v4h/Library/Developer/Xcode/DerivedData/CascadeAddonRecoveryProbe/probe-hae_1plo/Build/SDKExplicitPrecompiledModules -emit-dependencies -emit-module -emit-module-path /Users/c4v4h/Library/Developer/Xcode/DerivedData/CascadeAddonRecoveryProbe/probe-hae_1plo/Build/Build/Intermediates.noindex/AddonPlatform.build/Debug/ProbeContainer.build/Objects-normal/x86_64/CascadeAddonProbeContainer.swiftmodule -serialize-diagnostics -dependency-scan-serialize-diagnostics-path /Users/c4v4h/Library/Developer/Xcode/DerivedData/CascadeAddonRecoveryProbe/probe-hae_1plo/Build/Build/Intermediates.noindex/AddonPlatform.build/Debug/ProbeContainer.build/Objects-normal/x86_64/CascadeAddonProbeContainer-dependency-scan.dia -validate-clang-modules-once -clang-build-session-file /Users/c4v4h/Library/Developer/Xcode/DerivedData/CascadeAddonRecoveryProbe/probe-hae_1plo/Build/ModuleCache.noindex/Session.modulevalidation -Xcc -fmodules-prune-interval\=86400 -Xcc -fmodules-prune-after\=345600 -emit-const-values -const-gather-protocols-list /Users/c4v4h/Library/Developer/Xcode/DerivedData/CascadeAddonRecoveryProbe/probe-hae_1plo/Build/Build/Intermediates.noindex/AddonPlatform.build/Debug/ProbeContainer.build/Objects-normal/x86_64/ProbeContainer_const_extract_protocols.json -Xcc -iquote -Xcc /Users/c4v4h/Library/Developer/Xcode/DerivedData/CascadeAddonRecoveryProbe/probe-hae_1plo/Build/Build/Intermediates.noindex/AddonPlatform.build/Debug/ProbeContainer.build/CascadeAddonProbeContainer-generated-files.hmap -Xcc -I/Users/c4v4h/Library/Developer/Xcode/DerivedData/CascadeAddonRecoveryProbe/probe-hae_1plo/Build/Build/Intermediates.noindex/AddonPlatform.build/Debug/ProbeContainer.build/CascadeAddonProbeContainer-own-target-headers.hmap -Xcc -I/Users/c4v4h/Library/Developer/Xcode/DerivedData/CascadeAddonRecoveryProbe/probe-hae_1plo/Build/Build/Intermediates.noindex/AddonPlatform.build/Debug/ProbeContainer.build/CascadeAddonProbeContainer-all-target-headers.hmap -Xcc -iquote -Xcc /Users/c4v4h/Library/Developer/Xcode/DerivedData/CascadeAddonRecoveryProbe/probe-hae_1plo/Build/Build/Intermediates.noindex/AddonPlatform.build/Debug/ProbeContainer.build/CascadeAddonProbeContainer-project-headers.hmap -Xcc -I/Users/c4v4h/Library/Developer/Xcode/DerivedData/CascadeAddonRecoveryProbe/probe-hae_1plo/Build/Build/Products/Debug/include -Xcc -I/Users/c4v4h/Library/Developer/Xcode/DerivedData/CascadeAddonRecoveryProbe/probe-hae_1plo/Build/Build/Intermediates.noindex/AddonPlatform.build/Debug/ProbeContainer.build/DerivedSources-normal/x86_64 -Xcc -I/Users/c4v4h/Library/Developer/Xcode/DerivedData/CascadeAddonRecoveryProbe/probe-hae_1plo/Build/Build/Intermediates.noindex/AddonPlatform.build/Debug/ProbeContainer.build/DerivedSources/x86_64 -Xcc -I/Users/c4v4h/Library/Developer/Xcode/DerivedData/CascadeAddonRecoveryProbe/probe-hae_1plo/Build/Build/Intermediates.noindex/AddonPlatform.build/Debug/ProbeContainer.build/DerivedSources -emit-objc-header -emit-objc-header-path /Users/c4v4h/Library/Developer/Xcode/DerivedData/CascadeAddonRecoveryProbe/probe-hae_1plo/Build/Build/Intermediates.noindex/AddonPlatform.build/Debug/ProbeContainer.build/Objects-normal/x86_64/CascadeAddonProbeContainer-Swift.h -working-directory /Users/c4v4h/Library/Developer/Xcode/DerivedData/CascadeAddonRecoveryProbe/probe-hae_1plo/Sources -experimental-emit-module-separately -disable-cmo

Ld /Users/c4v4h/Library/Developer/Xcode/DerivedData/CascadeAddonRecoveryProbe/probe-hae_1plo/Build/Build/Intermediates.noindex/AddonPlatform.build/Debug/ProbeContainer.build/Objects-normal/x86_64/Binary/ProbeContainer normal x86_64 (in target 'ProbeContainer' from project 'AddonPlatform')
    cd /Users/c4v4h/Library/Developer/Xcode/DerivedData/CascadeAddonRecoveryProbe/probe-hae_1plo/Sources
    /Applications/Xcode-beta.app/Contents/Developer/Toolchains/XcodeDefault.xctoolchain/usr/bin/clang -Xlinker -reproducible -target x86_64-apple-macos14.0 -isysroot /Applications/Xcode-beta.app/Contents/Developer/Platforms/MacOSX.platform/Developer/SDKs/MacOSX27.0.sdk -Os -Xlinker -no_warn_duplicate_libraries -L/Users/c4v4h/Library/Developer/Xcode/DerivedData/CascadeAddonRecoveryProbe/probe-hae_1plo/Build/Build/Intermediates.noindex/EagerLinkingTBDs/Debug -L/Users/c4v4h/Library/Developer/Xcode/DerivedData/CascadeAddonRecoveryProbe/probe-hae_1plo/Build/Build/Products/Debug -F/Users/c4v4h/Library/Developer/Xcode/DerivedData/CascadeAddonRecoveryProbe/probe-hae_1plo/Build/Build/Intermediates.noindex/EagerLinkingTBDs/Debug -F/Users/c4v4h/Library/Developer/Xcode/DerivedData/CascadeAddonRecoveryProbe/probe-hae_1plo/Build/Build/Products/Debug -filelist /Users/c4v4h/Library/Developer/Xcode/DerivedData/CascadeAddonRecoveryProbe/probe-hae_1plo/Build/Build/Intermediates.noindex/AddonPlatform.build/Debug/ProbeContainer.build/Objects-normal/x86_64/CascadeAddonProbeContainer.LinkFileList -Xlinker -rpath -Xlinker /usr/lib/swift -Xlinker -object_path_lto -Xlinker /Users/c4v4h/Library/Developer/Xcode/DerivedData/CascadeAddonRecoveryProbe/probe-hae_1plo/Build/Build/Intermediates.noindex/AddonPlatform.build/Debug/ProbeContainer.build/Objects-normal/x86_64/CascadeAddonProbeContainer_lto.o -Xlinker -dependency_info -Xlinker /Users/c4v4h/Library/Developer/Xcode/DerivedData/CascadeAddonRecoveryProbe/probe-hae_1plo/Build/Build/Intermediates.noindex/AddonPlatform.build/Debug/ProbeContainer.build/Objects-normal/x86_64/CascadeAddonProbeContainer_dependency_info.dat -fobjc-link-runtime -L/Applications/Xcode-beta.app/Contents/Developer/Toolchains/XcodeDefault.xctoolchain/usr/lib/swift/macosx -L/usr/lib/swift -Xlinker -add_ast_path -Xlinker /Users/c4v4h/Library/Developer/Xcode/DerivedData/CascadeAddonRecoveryProbe/probe-hae_1plo/Build/Build/Intermediates.noindex/AddonPlatform.build/Debug/ProbeContainer.build/Objects-normal/x86_64/CascadeAddonProbeContainer.swiftmodule -Xlinker -no_adhoc_codesign -o /Users/c4v4h/Library/Developer/Xcode/DerivedData/CascadeAddonRecoveryProbe/probe-hae_1plo/Build/Build/Intermediates.noindex/AddonPlatform.build/Debug/ProbeContainer.build/Objects-normal/x86_64/Binary/ProbeContainer

SwiftDriverJobDiscovery normal arm64 Compiling ProbeContainer.swift (in target 'ProbeContainer' from project 'AddonPlatform')

SwiftDriver\ Compilation ProbeContainer normal arm64 com.apple.xcode.tools.swift.compiler (in target 'ProbeContainer' from project 'AddonPlatform')
    cd /Users/c4v4h/Library/Developer/Xcode/DerivedData/CascadeAddonRecoveryProbe/probe-hae_1plo/Sources
    builtin-Swift-Compilation -- /Applications/Xcode-beta.app/Contents/Developer/Toolchains/XcodeDefault.xctoolchain/usr/bin/swiftc -module-name CascadeAddonProbeContainer -Onone @/Users/c4v4h/Library/Developer/Xcode/DerivedData/CascadeAddonRecoveryProbe/probe-hae_1plo/Build/Build/Intermediates.noindex/AddonPlatform.build/Debug/ProbeContainer.build/Objects-normal/arm64/CascadeAddonProbeContainer.SwiftFileList -DDEBUG -DRECOVERY_PROBE -DBROKER_PROVIDER -enable-bare-slash-regex -enable-experimental-feature DebugDescriptionMacro -sdk /Applications/Xcode-beta.app/Contents/Developer/Platforms/MacOSX.platform/Developer/SDKs/MacOSX27.0.sdk -target arm64-apple-macos14.0 -g -module-cache-path /Users/c4v4h/Library/Developer/Xcode/DerivedData/CascadeAddonRecoveryProbe/probe-hae_1plo/Build/ModuleCache.noindex -Xfrontend -serialize-debugging-options -index-store-path /Users/c4v4h/Library/Developer/Xcode/DerivedData/CascadeAddonRecoveryProbe/probe-hae_1plo/Build/Index.noindex/DataStore -swift-version 5 -I /Users/c4v4h/Library/Developer/Xcode/DerivedData/CascadeAddonRecoveryProbe/probe-hae_1plo/Build/Build/Products/Debug -F /Users/c4v4h/Library/Developer/Xcode/DerivedData/CascadeAddonRecoveryProbe/probe-hae_1plo/Build/Build/Products/Debug -parse-as-library -c -j8 -enable-batch-mode -incremental -Xcc -ivfsstatcache -Xcc /Users/c4v4h/Library/Developer/Xcode/DerivedData/CascadeAddonRecoveryProbe/probe-hae_1plo/Build/SDKStatCaches.noindex/macosx27.0-26A5419a-e829b21a6f8c9b70876ba0858053c04445874285e5972fffeae925c4ab065928.sdkstatcache -output-file-map /Users/c4v4h/Library/Developer/Xcode/DerivedData/CascadeAddonRecoveryProbe/probe-hae_1plo/Build/Build/Intermediates.noindex/AddonPlatform.build/Debug/ProbeContainer.build/Objects-normal/arm64/ProbeContainer-OutputFileMap.json -save-temps -no-color-diagnostics -explicit-module-build -module-cache-path /Users/c4v4h/Library/Developer/Xcode/DerivedData/CascadeAddonRecoveryProbe/probe-hae_1plo/Build/Build/Intermediates.noindex/SwiftExplicitPrecompiledModules -clang-scanner-module-cache-path /Users/c4v4h/Library/Developer/Xcode/DerivedData/CascadeAddonRecoveryProbe/probe-hae_1plo/Build/ModuleCache.noindex -sdk-module-cache-path /Users/c4v4h/Library/Developer/Xcode/DerivedData/CascadeAddonRecoveryProbe/probe-hae_1plo/Build/SDKExplicitPrecompiledModules -emit-dependencies -emit-module -emit-module-path /Users/c4v4h/Library/Developer/Xcode/DerivedData/CascadeAddonRecoveryProbe/probe-hae_1plo/Build/Build/Intermediates.noindex/AddonPlatform.build/Debug/ProbeContainer.build/Objects-normal/arm64/CascadeAddonProbeContainer.swiftmodule -serialize-diagnostics -dependency-scan-serialize-diagnostics-path /Users/c4v4h/Library/Developer/Xcode/DerivedData/CascadeAddonRecoveryProbe/probe-hae_1plo/Build/Build/Intermediates.noindex/AddonPlatform.build/Debug/ProbeContainer.build/Objects-normal/arm64/CascadeAddonProbeContainer-dependency-scan.dia -validate-clang-modules-once -clang-build-session-file /Users/c4v4h/Library/Developer/Xcode/DerivedData/CascadeAddonRecoveryProbe/probe-hae_1plo/Build/ModuleCache.noindex/Session.modulevalidation -Xcc -fmodules-prune-interval\=86400 -Xcc -fmodules-prune-after\=345600 -emit-const-values -const-gather-protocols-list /Users/c4v4h/Library/Developer/Xcode/DerivedData/CascadeAddonRecoveryProbe/probe-hae_1plo/Build/Build/Intermediates.noindex/AddonPlatform.build/Debug/ProbeContainer.build/Objects-normal/arm64/ProbeContainer_const_extract_protocols.json -Xcc -iquote -Xcc /Users/c4v4h/Library/Developer/Xcode/DerivedData/CascadeAddonRecoveryProbe/probe-hae_1plo/Build/Build/Intermediates.noindex/AddonPlatform.build/Debug/ProbeContainer.build/CascadeAddonProbeContainer-generated-files.hmap -Xcc -I/Users/c4v4h/Library/Developer/Xcode/DerivedData/CascadeAddonRecoveryProbe/probe-hae_1plo/Build/Build/Intermediates.noindex/AddonPlatform.build/Debug/ProbeContainer.build/CascadeAddonProbeContainer-own-target-headers.hmap -Xcc -I/Users/c4v4h/Library/Developer/Xcode/DerivedData/CascadeAddonRecoveryProbe/probe-hae_1plo/Build/Build/Intermediates.noindex/AddonPlatform.build/Debug/ProbeContainer.build/CascadeAddonProbeContainer-all-target-headers.hmap -Xcc -iquote -Xcc /Users/c4v4h/Library/Developer/Xcode/DerivedData/CascadeAddonRecoveryProbe/probe-hae_1plo/Build/Build/Intermediates.noindex/AddonPlatform.build/Debug/ProbeContainer.build/CascadeAddonProbeContainer-project-headers.hmap -Xcc -I/Users/c4v4h/Library/Developer/Xcode/DerivedData/CascadeAddonRecoveryProbe/probe-hae_1plo/Build/Build/Products/Debug/include -Xcc -I/Users/c4v4h/Library/Developer/Xcode/DerivedData/CascadeAddonRecoveryProbe/probe-hae_1plo/Build/Build/Intermediates.noindex/AddonPlatform.build/Debug/ProbeContainer.build/DerivedSources-normal/arm64 -Xcc -I/Users/c4v4h/Library/Developer/Xcode/DerivedData/CascadeAddonRecoveryProbe/probe-hae_1plo/Build/Build/Intermediates.noindex/AddonPlatform.build/Debug/ProbeContainer.build/DerivedSources/arm64 -Xcc -I/Users/c4v4h/Library/Developer/Xcode/DerivedData/CascadeAddonRecoveryProbe/probe-hae_1plo/Build/Build/Intermediates.noindex/AddonPlatform.build/Debug/ProbeContainer.build/DerivedSources -emit-objc-header -emit-objc-header-path /Users/c4v4h/Library/Developer/Xcode/DerivedData/CascadeAddonRecoveryProbe/probe-hae_1plo/Build/Build/Intermediates.noindex/AddonPlatform.build/Debug/ProbeContainer.build/Objects-normal/arm64/CascadeAddonProbeContainer-Swift.h -working-directory /Users/c4v4h/Library/Developer/Xcode/DerivedData/CascadeAddonRecoveryProbe/probe-hae_1plo/Sources -experimental-emit-module-separately -disable-cmo

Ld /Users/c4v4h/Library/Developer/Xcode/DerivedData/CascadeAddonRecoveryProbe/probe-hae_1plo/Build/Build/Intermediates.noindex/AddonPlatform.build/Debug/ProbeContainer.build/Objects-normal/arm64/Binary/ProbeContainer normal arm64 (in target 'ProbeContainer' from project 'AddonPlatform')
    cd /Users/c4v4h/Library/Developer/Xcode/DerivedData/CascadeAddonRecoveryProbe/probe-hae_1plo/Sources
    /Applications/Xcode-beta.app/Contents/Developer/Toolchains/XcodeDefault.xctoolchain/usr/bin/clang -Xlinker -reproducible -target arm64-apple-macos14.0 -isysroot /Applications/Xcode-beta.app/Contents/Developer/Platforms/MacOSX.platform/Developer/SDKs/MacOSX27.0.sdk -Os -Xlinker -no_warn_duplicate_libraries -L/Users/c4v4h/Library/Developer/Xcode/DerivedData/CascadeAddonRecoveryProbe/probe-hae_1plo/Build/Build/Intermediates.noindex/EagerLinkingTBDs/Debug -L/Users/c4v4h/Library/Developer/Xcode/DerivedData/CascadeAddonRecoveryProbe/probe-hae_1plo/Build/Build/Products/Debug -F/Users/c4v4h/Library/Developer/Xcode/DerivedData/CascadeAddonRecoveryProbe/probe-hae_1plo/Build/Build/Intermediates.noindex/EagerLinkingTBDs/Debug -F/Users/c4v4h/Library/Developer/Xcode/DerivedData/CascadeAddonRecoveryProbe/probe-hae_1plo/Build/Build/Products/Debug -filelist /Users/c4v4h/Library/Developer/Xcode/DerivedData/CascadeAddonRecoveryProbe/probe-hae_1plo/Build/Build/Intermediates.noindex/AddonPlatform.build/Debug/ProbeContainer.build/Objects-normal/arm64/CascadeAddonProbeContainer.LinkFileList -Xlinker -rpath -Xlinker /usr/lib/swift -Xlinker -object_path_lto -Xlinker /Users/c4v4h/Library/Developer/Xcode/DerivedData/CascadeAddonRecoveryProbe/probe-hae_1plo/Build/Build/Intermediates.noindex/AddonPlatform.build/Debug/ProbeContainer.build/Objects-normal/arm64/CascadeAddonProbeContainer_lto.o -Xlinker -dependency_info -Xlinker /Users/c4v4h/Library/Developer/Xcode/DerivedData/CascadeAddonRecoveryProbe/probe-hae_1plo/Build/Build/Intermediates.noindex/AddonPlatform.build/Debug/ProbeContainer.build/Objects-normal/arm64/CascadeAddonProbeContainer_dependency_info.dat -fobjc-link-runtime -L/Applications/Xcode-beta.app/Contents/Developer/Toolchains/XcodeDefault.xctoolchain/usr/lib/swift/macosx -L/usr/lib/swift -Xlinker -add_ast_path -Xlinker /Users/c4v4h/Library/Developer/Xcode/DerivedData/CascadeAddonRecoveryProbe/probe-hae_1plo/Build/Build/Intermediates.noindex/AddonPlatform.build/Debug/ProbeContainer.build/Objects-normal/arm64/CascadeAddonProbeContainer.swiftmodule -Xlinker -no_adhoc_codesign -o /Users/c4v4h/Library/Developer/Xcode/DerivedData/CascadeAddonRecoveryProbe/probe-hae_1plo/Build/Build/Intermediates.noindex/AddonPlatform.build/Debug/ProbeContainer.build/Objects-normal/arm64/Binary/ProbeContainer

CreateUniversalBinary /Users/c4v4h/Library/Developer/Xcode/DerivedData/CascadeAddonRecoveryProbe/probe-hae_1plo/Build/Build/Products/Debug/CascadeAddonProbeContainer.app/Contents/MacOS/ProbeContainer normal arm64\ x86_64 (in target 'ProbeContainer' from project 'AddonPlatform')
    cd /Users/c4v4h/Library/Developer/Xcode/DerivedData/CascadeAddonRecoveryProbe/probe-hae_1plo/Sources
    /Applications/Xcode-beta.app/Contents/Developer/Toolchains/XcodeDefault.xctoolchain/usr/bin/lipo -create /Users/c4v4h/Library/Developer/Xcode/DerivedData/CascadeAddonRecoveryProbe/probe-hae_1plo/Build/Build/Intermediates.noindex/AddonPlatform.build/Debug/ProbeContainer.build/Objects-normal/arm64/Binary/ProbeContainer /Users/c4v4h/Library/Developer/Xcode/DerivedData/CascadeAddonRecoveryProbe/probe-hae_1plo/Build/Build/Intermediates.noindex/AddonPlatform.build/Debug/ProbeContainer.build/Objects-normal/x86_64/Binary/ProbeContainer -output /Users/c4v4h/Library/Developer/Xcode/DerivedData/CascadeAddonRecoveryProbe/probe-hae_1plo/Build/Build/Products/Debug/CascadeAddonProbeContainer.app/Contents/MacOS/ProbeContainer

Copy /Users/c4v4h/Library/Developer/Xcode/DerivedData/CascadeAddonRecoveryProbe/probe-hae_1plo/Build/Build/Products/Debug/CascadeAddonProbeContainer.app/Contents/Extensions/CascadeProbeProvider.appex /Users/c4v4h/Library/Developer/Xcode/DerivedData/CascadeAddonRecoveryProbe/probe-hae_1plo/Build/Build/Products/Debug/CascadeProbeProvider.appex (in target 'ProbeContainer' from project 'AddonPlatform')
    cd /Users/c4v4h/Library/Developer/Xcode/DerivedData/CascadeAddonRecoveryProbe/probe-hae_1plo/Sources
    builtin-copy -exclude .DS_Store -exclude CVS -exclude .svn -exclude .git -exclude .hg -exclude Headers -exclude PrivateHeaders -exclude Modules -exclude \*.tbd -strip-unsigned-binaries -strip-deterministic -strip-tool /Applications/Xcode-beta.app/Contents/Developer/Toolchains/XcodeDefault.xctoolchain/usr/bin/strip -resolve-src-symlinks -remove-static-executable /Users/c4v4h/Library/Developer/Xcode/DerivedData/CascadeAddonRecoveryProbe/probe-hae_1plo/Build/Build/Products/Debug/CascadeProbeProvider.appex /Users/c4v4h/Library/Developer/Xcode/DerivedData/CascadeAddonRecoveryProbe/probe-hae_1plo/Build/Build/Products/Debug/CascadeAddonProbeContainer.app/Contents/Extensions
warning: not stripping binary because it is signed: /Users/c4v4h/Library/Developer/Xcode/DerivedData/CascadeAddonRecoveryProbe/probe-hae_1plo/Build/Build/Products/Debug/CascadeProbeProvider.appex/Contents/MacOS/ProbeProvider (in target 'ProbeContainer' from project 'AddonPlatform')

ProcessInfoPlistFile /Users/c4v4h/Library/Developer/Xcode/DerivedData/CascadeAddonRecoveryProbe/probe-hae_1plo/Build/Build/Products/Debug/CascadeAddonProbeContainer.app/Contents/Info.plist /Users/c4v4h/Library/Developer/Xcode/DerivedData/CascadeAddonRecoveryProbe/probe-hae_1plo/Sources/Container/Info.plist (in target 'ProbeContainer' from project 'AddonPlatform')
    cd /Users/c4v4h/Library/Developer/Xcode/DerivedData/CascadeAddonRecoveryProbe/probe-hae_1plo/Sources
    builtin-infoPlistUtility /Users/c4v4h/Library/Developer/Xcode/DerivedData/CascadeAddonRecoveryProbe/probe-hae_1plo/Sources/Container/Info.plist -producttype com.apple.product-type.application -genpkginfo /Users/c4v4h/Library/Developer/Xcode/DerivedData/CascadeAddonRecoveryProbe/probe-hae_1plo/Build/Build/Products/Debug/CascadeAddonProbeContainer.app/Contents/PkgInfo -expandbuildsettings -platform macosx -scanforprivacyfile /Users/c4v4h/Library/Developer/Xcode/DerivedData/CascadeAddonRecoveryProbe/probe-hae_1plo/Build/Build/Products/Debug/CascadeAddonProbeContainer.app/Contents/Extensions/CascadeProbeProvider.appex -o /Users/c4v4h/Library/Developer/Xcode/DerivedData/CascadeAddonRecoveryProbe/probe-hae_1plo/Build/Build/Products/Debug/CascadeAddonProbeContainer.app/Contents/Info.plist

CopySwiftLibs /Users/c4v4h/Library/Developer/Xcode/DerivedData/CascadeAddonRecoveryProbe/probe-hae_1plo/Build/Build/Products/Debug/CascadeAddonProbeContainer.app (in target 'ProbeContainer' from project 'AddonPlatform')
    cd /Users/c4v4h/Library/Developer/Xcode/DerivedData/CascadeAddonRecoveryProbe/probe-hae_1plo/Sources
    builtin-swiftStdLibTool --copy --verbose --sign 4A857D842A5406C2D3071776FDE7B27B3098FE63 --scan-executable /Users/c4v4h/Library/Developer/Xcode/DerivedData/CascadeAddonRecoveryProbe/probe-hae_1plo/Build/Build/Products/Debug/CascadeAddonProbeContainer.app/Contents/MacOS/ProbeContainer --scan-folder /Users/c4v4h/Library/Developer/Xcode/DerivedData/CascadeAddonRecoveryProbe/probe-hae_1plo/Build/Build/Products/Debug/CascadeAddonProbeContainer.app/Contents/Frameworks --scan-folder /Users/c4v4h/Library/Developer/Xcode/DerivedData/CascadeAddonRecoveryProbe/probe-hae_1plo/Build/Build/Products/Debug/CascadeAddonProbeContainer.app/Contents/PlugIns --scan-folder /Users/c4v4h/Library/Developer/Xcode/DerivedData/CascadeAddonRecoveryProbe/probe-hae_1plo/Build/Build/Products/Debug/CascadeAddonProbeContainer.app/Contents/Library/SystemExtensions --scan-folder /Users/c4v4h/Library/Developer/Xcode/DerivedData/CascadeAddonRecoveryProbe/probe-hae_1plo/Build/Build/Products/Debug/CascadeAddonProbeContainer.app/Contents/Extensions --platform macosx --toolchain /var/run/com.apple.security.cryptexd/mnt/com.apple.MobileAsset.MetalToolchain-v27.1.5252.6.a2EVDm/Metal.xctoolchain --toolchain /Applications/Xcode-beta.app/Contents/Developer/Toolchains/XcodeDefault.xctoolchain --destination /Users/c4v4h/Library/Developer/Xcode/DerivedData/CascadeAddonRecoveryProbe/probe-hae_1plo/Build/Build/Products/Debug/CascadeAddonProbeContainer.app/Contents/Frameworks --strip-bitcode --strip-bitcode-tool /Applications/Xcode-beta.app/Contents/Developer/Toolchains/XcodeDefault.xctoolchain/usr/bin/bitcode_strip --emit-dependency-info /Users/c4v4h/Library/Developer/Xcode/DerivedData/CascadeAddonRecoveryProbe/probe-hae_1plo/Build/Build/Intermediates.noindex/AddonPlatform.build/Debug/ProbeContainer.build/SwiftStdLibToolInputDependencies.dep --filter-for-swift-os --back-deploy-swift-span

ExtractAppIntentsMetadata (in target 'ProbeContainer' from project 'AddonPlatform')
    cd /Users/c4v4h/Library/Developer/Xcode/DerivedData/CascadeAddonRecoveryProbe/probe-hae_1plo/Sources
    /Applications/Xcode-beta.app/Contents/Developer/Toolchains/XcodeDefault.xctoolchain/usr/bin/appintentsmetadataprocessor --toolchain-dir /var/run/com.apple.security.cryptexd/mnt/com.apple.MobileAsset.MetalToolchain-v27.1.5252.6.a2EVDm/Metal.xctoolchain --module-name CascadeAddonProbeContainer --sdk-root /Applications/Xcode-beta.app/Contents/Developer/Platforms/MacOSX.platform/Developer/SDKs/MacOSX27.0.sdk --xcode-version 27A5252f --platform-family macOS --deployment-target 14.0 --bundle-identifier hylo.Cascade.AddonProbeContainer --output /Users/c4v4h/Library/Developer/Xcode/DerivedData/CascadeAddonRecoveryProbe/probe-hae_1plo/Build/Build/Products/Debug/CascadeAddonProbeContainer.app/Contents/Resources --target-triple arm64-apple-macos14.0 --target-triple x86_64-apple-macos14.0 --binary-file /Users/c4v4h/Library/Developer/Xcode/DerivedData/CascadeAddonRecoveryProbe/probe-hae_1plo/Build/Build/Products/Debug/CascadeAddonProbeContainer.app/Contents/MacOS/ProbeContainer --dependency-file /Users/c4v4h/Library/Developer/Xcode/DerivedData/CascadeAddonRecoveryProbe/probe-hae_1plo/Build/Build/Intermediates.noindex/AddonPlatform.build/Debug/ProbeContainer.build/Objects-normal/arm64/CascadeAddonProbeContainer_dependency_info.dat --dependency-file /Users/c4v4h/Library/Developer/Xcode/DerivedData/CascadeAddonRecoveryProbe/probe-hae_1plo/Build/Build/Intermediates.noindex/AddonPlatform.build/Debug/ProbeContainer.build/Objects-normal/x86_64/CascadeAddonProbeContainer_dependency_info.dat --stringsdata-file /Users/c4v4h/Library/Developer/Xcode/DerivedData/CascadeAddonRecoveryProbe/probe-hae_1plo/Build/Build/Intermediates.noindex/AddonPlatform.build/Debug/ProbeContainer.build/Objects-normal/arm64/ExtractedAppShortcutsMetadata.stringsdata --stringsdata-file /Users/c4v4h/Library/Developer/Xcode/DerivedData/CascadeAddonRecoveryProbe/probe-hae_1plo/Build/Build/Intermediates.noindex/AddonPlatform.build/Debug/ProbeContainer.build/Objects-normal/x86_64/ExtractedAppShortcutsMetadata.stringsdata --source-file-list /Users/c4v4h/Library/Developer/Xcode/DerivedData/CascadeAddonRecoveryProbe/probe-hae_1plo/Build/Build/Intermediates.noindex/AddonPlatform.build/Debug/ProbeContainer.build/Objects-normal/arm64/CascadeAddonProbeContainer.SwiftFileList --source-file-list /Users/c4v4h/Library/Developer/Xcode/DerivedData/CascadeAddonRecoveryProbe/probe-hae_1plo/Build/Build/Intermediates.noindex/AddonPlatform.build/Debug/ProbeContainer.build/Objects-normal/x86_64/CascadeAddonProbeContainer.SwiftFileList --metadata-file-list /Users/c4v4h/Library/Developer/Xcode/DerivedData/CascadeAddonRecoveryProbe/probe-hae_1plo/Build/Build/Intermediates.noindex/AddonPlatform.build/Debug/ProbeContainer.build/CascadeAddonProbeContainer.DependencyMetadataFileList --static-metadata-file-list /Users/c4v4h/Library/Developer/Xcode/DerivedData/CascadeAddonRecoveryProbe/probe-hae_1plo/Build/Build/Intermediates.noindex/AddonPlatform.build/Debug/ProbeContainer.build/CascadeAddonProbeContainer.DependencyStaticMetadataFileList --swift-const-vals-list /Users/c4v4h/Library/Developer/Xcode/DerivedData/CascadeAddonRecoveryProbe/probe-hae_1plo/Build/Build/Intermediates.noindex/AddonPlatform.build/Debug/ProbeContainer.build/Objects-normal/arm64/CascadeAddonProbeContainer.SwiftConstValuesFileList --swift-const-vals-list /Users/c4v4h/Library/Developer/Xcode/DerivedData/CascadeAddonRecoveryProbe/probe-hae_1plo/Build/Build/Intermediates.noindex/AddonPlatform.build/Debug/ProbeContainer.build/Objects-normal/x86_64/CascadeAddonProbeContainer.SwiftConstValuesFileList --compile-time-extraction --deployment-aware-processing --no-app-shortcuts-localization
2026-09-25 16:44:33.786 appintentsmetadataprocessor[49193:1925295] Starting appintentsmetadataprocessor export
2026-09-25 16:44:33.787 appintentsmetadataprocessor[49193:1925295] warning: Metadata extraction skipped, no AppIntents.framework dependency found

CodeSign /Users/c4v4h/Library/Developer/Xcode/DerivedData/CascadeAddonRecoveryProbe/probe-hae_1plo/Build/Build/Products/Debug/CascadeAddonProbeContainer.app (in target 'ProbeContainer' from project 'AddonPlatform')
    cd /Users/c4v4h/Library/Developer/Xcode/DerivedData/CascadeAddonRecoveryProbe/probe-hae_1plo/Sources
    
    Signing Identity:     "Apple Development: cavallerolore@icloud.com (MRZYW8THXH)"
    
    /usr/bin/codesign --force --sign 4A857D842A5406C2D3071776FDE7B27B3098FE63 -o runtime --timestamp\=none --generate-entitlement-der /Users/c4v4h/Library/Developer/Xcode/DerivedData/CascadeAddonRecoveryProbe/probe-hae_1plo/Build/Build/Products/Debug/CascadeAddonProbeContainer.app

ValidateEmbeddedBinary /Users/c4v4h/Library/Developer/Xcode/DerivedData/CascadeAddonRecoveryProbe/probe-hae_1plo/Build/Build/Products/Debug/CascadeAddonProbeContainer.app/Contents/Extensions/CascadeProbeProvider.appex (in target 'ProbeContainer' from project 'AddonPlatform')
    cd /Users/c4v4h/Library/Developer/Xcode/DerivedData/CascadeAddonRecoveryProbe/probe-hae_1plo/Sources
    /Applications/Xcode-beta.app/Contents/Developer/usr/bin/embeddedBinaryValidationUtility /Users/c4v4h/Library/Developer/Xcode/DerivedData/CascadeAddonRecoveryProbe/probe-hae_1plo/Build/Build/Products/Debug/CascadeAddonProbeContainer.app/Contents/Extensions/CascadeProbeProvider.appex -signing-cert 4A857D842A5406C2D3071776FDE7B27B3098FE63 -info-plist-path /Users/c4v4h/Library/Developer/Xcode/DerivedData/CascadeAddonRecoveryProbe/probe-hae_1plo/Build/Build/Products/Debug/CascadeAddonProbeContainer.app/Contents/Info.plist

RegisterExecutionPolicyException /Users/c4v4h/Library/Developer/Xcode/DerivedData/CascadeAddonRecoveryProbe/probe-hae_1plo/Build/Build/Products/Debug/CascadeAddonProbeContainer.app (in target 'ProbeContainer' from project 'AddonPlatform')
    cd /Users/c4v4h/Library/Developer/Xcode/DerivedData/CascadeAddonRecoveryProbe/probe-hae_1plo/Sources
    builtin-RegisterExecutionPolicyException /Users/c4v4h/Library/Developer/Xcode/DerivedData/CascadeAddonRecoveryProbe/probe-hae_1plo/Build/Build/Products/Debug/CascadeAddonProbeContainer.app

Validate /Users/c4v4h/Library/Developer/Xcode/DerivedData/CascadeAddonRecoveryProbe/probe-hae_1plo/Build/Build/Products/Debug/CascadeAddonProbeContainer.app (in target 'ProbeContainer' from project 'AddonPlatform')
    cd /Users/c4v4h/Library/Developer/Xcode/DerivedData/CascadeAddonRecoveryProbe/probe-hae_1plo/Sources
    builtin-validationUtility /Users/c4v4h/Library/Developer/Xcode/DerivedData/CascadeAddonRecoveryProbe/probe-hae_1plo/Build/Build/Products/Debug/CascadeAddonProbeContainer.app -no-validate-extension -infoplist-subpath Contents/Info.plist

Touch /Users/c4v4h/Library/Developer/Xcode/DerivedData/CascadeAddonRecoveryProbe/probe-hae_1plo/Build/Build/Products/Debug/CascadeAddonProbeContainer.app (in target 'ProbeContainer' from project 'AddonPlatform')
    cd /Users/c4v4h/Library/Developer/Xcode/DerivedData/CascadeAddonRecoveryProbe/probe-hae_1plo/Sources
    /usr/bin/touch -c /Users/c4v4h/Library/Developer/Xcode/DerivedData/CascadeAddonRecoveryProbe/probe-hae_1plo/Build/Build/Products/Debug/CascadeAddonProbeContainer.app

RegisterWithLaunchServices /Users/c4v4h/Library/Developer/Xcode/DerivedData/CascadeAddonRecoveryProbe/probe-hae_1plo/Build/Build/Products/Debug/CascadeAddonProbeContainer.app (in target 'ProbeContainer' from project 'AddonPlatform')
    cd /Users/c4v4h/Library/Developer/Xcode/DerivedData/CascadeAddonRecoveryProbe/probe-hae_1plo/Sources
    builtin-lsregisterurl --record-path /Users/c4v4h/Library/Developer/Xcode/DerivedData/CascadeAddonRecoveryProbe/probe-hae_1plo/Build/Build/Intermediates.noindex/XCBuildData/registered-launchservices.txt -- /System/Library/Frameworks/CoreServices.framework/Versions/Current/Frameworks/LaunchServices.framework/Versions/Current/Support/lsregister -f -R -trusted /Users/c4v4h/Library/Developer/Xcode/DerivedData/CascadeAddonRecoveryProbe/probe-hae_1plo/Build/Build/Products/Debug/CascadeAddonProbeContainer.app

SwiftDriverJobDiscovery normal x86_64 Compiling ProbeHost.swift (in target 'ProbeHost' from project 'AddonPlatform')

SwiftDriver\ Compilation ProbeHost normal x86_64 com.apple.xcode.tools.swift.compiler (in target 'ProbeHost' from project 'AddonPlatform')
    cd /Users/c4v4h/Library/Developer/Xcode/DerivedData/CascadeAddonRecoveryProbe/probe-hae_1plo/Sources
    builtin-Swift-Compilation -- /Applications/Xcode-beta.app/Contents/Developer/Toolchains/XcodeDefault.xctoolchain/usr/bin/swiftc -module-name CascadeAddonProbe -Onone @/Users/c4v4h/Library/Developer/Xcode/DerivedData/CascadeAddonRecoveryProbe/probe-hae_1plo/Build/Build/Intermediates.noindex/AddonPlatform.build/Debug/ProbeHost.build/Objects-normal/x86_64/CascadeAddonProbe.SwiftFileList -DDEBUG -DRECOVERY_PROBE -DBROKER_PROVIDER -enable-bare-slash-regex -enable-experimental-feature DebugDescriptionMacro -sdk /Applications/Xcode-beta.app/Contents/Developer/Platforms/MacOSX.platform/Developer/SDKs/MacOSX27.0.sdk -target x86_64-apple-macos14.0 -g -module-cache-path /Users/c4v4h/Library/Developer/Xcode/DerivedData/CascadeAddonRecoveryProbe/probe-hae_1plo/Build/ModuleCache.noindex -Xfrontend -serialize-debugging-options -index-store-path /Users/c4v4h/Library/Developer/Xcode/DerivedData/CascadeAddonRecoveryProbe/probe-hae_1plo/Build/Index.noindex/DataStore -swift-version 5 -I /Users/c4v4h/Library/Developer/Xcode/DerivedData/CascadeAddonRecoveryProbe/probe-hae_1plo/Build/Build/Products/Debug -F /Users/c4v4h/Library/Developer/Xcode/DerivedData/CascadeAddonRecoveryProbe/probe-hae_1plo/Build/Build/Products/Debug -c -j8 -enable-batch-mode -incremental -Xcc -ivfsstatcache -Xcc /Users/c4v4h/Library/Developer/Xcode/DerivedData/CascadeAddonRecoveryProbe/probe-hae_1plo/Build/SDKStatCaches.noindex/macosx27.0-26A5419a-e829b21a6f8c9b70876ba0858053c04445874285e5972fffeae925c4ab065928.sdkstatcache -output-file-map /Users/c4v4h/Library/Developer/Xcode/DerivedData/CascadeAddonRecoveryProbe/probe-hae_1plo/Build/Build/Intermediates.noindex/AddonPlatform.build/Debug/ProbeHost.build/Objects-normal/x86_64/ProbeHost-OutputFileMap.json -save-temps -no-color-diagnostics -explicit-module-build -module-cache-path /Users/c4v4h/Library/Developer/Xcode/DerivedData/CascadeAddonRecoveryProbe/probe-hae_1plo/Build/Build/Intermediates.noindex/SwiftExplicitPrecompiledModules -clang-scanner-module-cache-path /Users/c4v4h/Library/Developer/Xcode/DerivedData/CascadeAddonRecoveryProbe/probe-hae_1plo/Build/ModuleCache.noindex -sdk-module-cache-path /Users/c4v4h/Library/Developer/Xcode/DerivedData/CascadeAddonRecoveryProbe/probe-hae_1plo/Build/SDKExplicitPrecompiledModules -emit-dependencies -emit-module -emit-module-path /Users/c4v4h/Library/Developer/Xcode/DerivedData/CascadeAddonRecoveryProbe/probe-hae_1plo/Build/Build/Intermediates.noindex/AddonPlatform.build/Debug/ProbeHost.build/Objects-normal/x86_64/CascadeAddonProbe.swiftmodule -serialize-diagnostics -dependency-scan-serialize-diagnostics-path /Users/c4v4h/Library/Developer/Xcode/DerivedData/CascadeAddonRecoveryProbe/probe-hae_1plo/Build/Build/Intermediates.noindex/AddonPlatform.build/Debug/ProbeHost.build/Objects-normal/x86_64/CascadeAddonProbe-dependency-scan.dia -validate-clang-modules-once -clang-build-session-file /Users/c4v4h/Library/Developer/Xcode/DerivedData/CascadeAddonRecoveryProbe/probe-hae_1plo/Build/ModuleCache.noindex/Session.modulevalidation -Xcc -fmodules-prune-interval\=86400 -Xcc -fmodules-prune-after\=345600 -emit-const-values -const-gather-protocols-list /Users/c4v4h/Library/Developer/Xcode/DerivedData/CascadeAddonRecoveryProbe/probe-hae_1plo/Build/Build/Intermediates.noindex/AddonPlatform.build/Debug/ProbeHost.build/Objects-normal/x86_64/ProbeHost_const_extract_protocols.json -Xcc -iquote -Xcc /Users/c4v4h/Library/Developer/Xcode/DerivedData/CascadeAddonRecoveryProbe/probe-hae_1plo/Build/Build/Intermediates.noindex/AddonPlatform.build/Debug/ProbeHost.build/CascadeAddonProbe-generated-files.hmap -Xcc -I/Users/c4v4h/Library/Developer/Xcode/DerivedData/CascadeAddonRecoveryProbe/probe-hae_1plo/Build/Build/Intermediates.noindex/AddonPlatform.build/Debug/ProbeHost.build/CascadeAddonProbe-own-target-headers.hmap -Xcc -I/Users/c4v4h/Library/Developer/Xcode/DerivedData/CascadeAddonRecoveryProbe/probe-hae_1plo/Build/Build/Intermediates.noindex/AddonPlatform.build/Debug/ProbeHost.build/CascadeAddonProbe-all-target-headers.hmap -Xcc -iquote -Xcc /Users/c4v4h/Library/Developer/Xcode/DerivedData/CascadeAddonRecoveryProbe/probe-hae_1plo/Build/Build/Intermediates.noindex/AddonPlatform.build/Debug/ProbeHost.build/CascadeAddonProbe-project-headers.hmap -Xcc -I/Users/c4v4h/Library/Developer/Xcode/DerivedData/CascadeAddonRecoveryProbe/probe-hae_1plo/Build/Build/Products/Debug/include -Xcc -I/Users/c4v4h/Library/Developer/Xcode/DerivedData/CascadeAddonRecoveryProbe/probe-hae_1plo/Build/Build/Intermediates.noindex/AddonPlatform.build/Debug/ProbeHost.build/DerivedSources-normal/x86_64 -Xcc -I/Users/c4v4h/Library/Developer/Xcode/DerivedData/CascadeAddonRecoveryProbe/probe-hae_1plo/Build/Build/Intermediates.noindex/AddonPlatform.build/Debug/ProbeHost.build/DerivedSources/x86_64 -Xcc -I/Users/c4v4h/Library/Developer/Xcode/DerivedData/CascadeAddonRecoveryProbe/probe-hae_1plo/Build/Build/Intermediates.noindex/AddonPlatform.build/Debug/ProbeHost.build/DerivedSources -emit-objc-header -emit-objc-header-path /Users/c4v4h/Library/Developer/Xcode/DerivedData/CascadeAddonRecoveryProbe/probe-hae_1plo/Build/Build/Intermediates.noindex/AddonPlatform.build/Debug/ProbeHost.build/Objects-normal/x86_64/CascadeAddonProbe-Swift.h -working-directory /Users/c4v4h/Library/Developer/Xcode/DerivedData/CascadeAddonRecoveryProbe/probe-hae_1plo/Sources -experimental-emit-module-separately -disable-cmo

Ld /Users/c4v4h/Library/Developer/Xcode/DerivedData/CascadeAddonRecoveryProbe/probe-hae_1plo/Build/Build/Intermediates.noindex/AddonPlatform.build/Debug/ProbeHost.build/Objects-normal/x86_64/Binary/ProbeHost normal x86_64 (in target 'ProbeHost' from project 'AddonPlatform')
    cd /Users/c4v4h/Library/Developer/Xcode/DerivedData/CascadeAddonRecoveryProbe/probe-hae_1plo/Sources
    /Applications/Xcode-beta.app/Contents/Developer/Toolchains/XcodeDefault.xctoolchain/usr/bin/clang -Xlinker -reproducible -target x86_64-apple-macos14.0 -isysroot /Applications/Xcode-beta.app/Contents/Developer/Platforms/MacOSX.platform/Developer/SDKs/MacOSX27.0.sdk -Os -Xlinker -no_warn_duplicate_libraries -L/Users/c4v4h/Library/Developer/Xcode/DerivedData/CascadeAddonRecoveryProbe/probe-hae_1plo/Build/Build/Intermediates.noindex/EagerLinkingTBDs/Debug -L/Users/c4v4h/Library/Developer/Xcode/DerivedData/CascadeAddonRecoveryProbe/probe-hae_1plo/Build/Build/Products/Debug -F/Users/c4v4h/Library/Developer/Xcode/DerivedData/CascadeAddonRecoveryProbe/probe-hae_1plo/Build/Build/Intermediates.noindex/EagerLinkingTBDs/Debug -F/Users/c4v4h/Library/Developer/Xcode/DerivedData/CascadeAddonRecoveryProbe/probe-hae_1plo/Build/Build/Products/Debug -filelist /Users/c4v4h/Library/Developer/Xcode/DerivedData/CascadeAddonRecoveryProbe/probe-hae_1plo/Build/Build/Intermediates.noindex/AddonPlatform.build/Debug/ProbeHost.build/Objects-normal/x86_64/CascadeAddonProbe.LinkFileList -Xlinker -rpath -Xlinker /usr/lib/swift -Xlinker -object_path_lto -Xlinker /Users/c4v4h/Library/Developer/Xcode/DerivedData/CascadeAddonRecoveryProbe/probe-hae_1plo/Build/Build/Intermediates.noindex/AddonPlatform.build/Debug/ProbeHost.build/Objects-normal/x86_64/CascadeAddonProbe_lto.o -Xlinker -dependency_info -Xlinker /Users/c4v4h/Library/Developer/Xcode/DerivedData/CascadeAddonRecoveryProbe/probe-hae_1plo/Build/Build/Intermediates.noindex/AddonPlatform.build/Debug/ProbeHost.build/Objects-normal/x86_64/CascadeAddonProbe_dependency_info.dat -fobjc-link-runtime -L/Applications/Xcode-beta.app/Contents/Developer/Toolchains/XcodeDefault.xctoolchain/usr/lib/swift/macosx -L/usr/lib/swift -Xlinker -add_ast_path -Xlinker /Users/c4v4h/Library/Developer/Xcode/DerivedData/CascadeAddonRecoveryProbe/probe-hae_1plo/Build/Build/Intermediates.noindex/AddonPlatform.build/Debug/ProbeHost.build/Objects-normal/x86_64/CascadeAddonProbe.swiftmodule -Xlinker -no_adhoc_codesign -o /Users/c4v4h/Library/Developer/Xcode/DerivedData/CascadeAddonRecoveryProbe/probe-hae_1plo/Build/Build/Intermediates.noindex/AddonPlatform.build/Debug/ProbeHost.build/Objects-normal/x86_64/Binary/ProbeHost

SwiftDriverJobDiscovery normal arm64 Compiling ProbeHost.swift (in target 'ProbeHost' from project 'AddonPlatform')

SwiftDriver\ Compilation ProbeHost normal arm64 com.apple.xcode.tools.swift.compiler (in target 'ProbeHost' from project 'AddonPlatform')
    cd /Users/c4v4h/Library/Developer/Xcode/DerivedData/CascadeAddonRecoveryProbe/probe-hae_1plo/Sources
    builtin-Swift-Compilation -- /Applications/Xcode-beta.app/Contents/Developer/Toolchains/XcodeDefault.xctoolchain/usr/bin/swiftc -module-name CascadeAddonProbe -Onone @/Users/c4v4h/Library/Developer/Xcode/DerivedData/CascadeAddonRecoveryProbe/probe-hae_1plo/Build/Build/Intermediates.noindex/AddonPlatform.build/Debug/ProbeHost.build/Objects-normal/arm64/CascadeAddonProbe.SwiftFileList -DDEBUG -DRECOVERY_PROBE -DBROKER_PROVIDER -enable-bare-slash-regex -enable-experimental-feature DebugDescriptionMacro -sdk /Applications/Xcode-beta.app/Contents/Developer/Platforms/MacOSX.platform/Developer/SDKs/MacOSX27.0.sdk -target arm64-apple-macos14.0 -g -module-cache-path /Users/c4v4h/Library/Developer/Xcode/DerivedData/CascadeAddonRecoveryProbe/probe-hae_1plo/Build/ModuleCache.noindex -Xfrontend -serialize-debugging-options -index-store-path /Users/c4v4h/Library/Developer/Xcode/DerivedData/CascadeAddonRecoveryProbe/probe-hae_1plo/Build/Index.noindex/DataStore -swift-version 5 -I /Users/c4v4h/Library/Developer/Xcode/DerivedData/CascadeAddonRecoveryProbe/probe-hae_1plo/Build/Build/Products/Debug -F /Users/c4v4h/Library/Developer/Xcode/DerivedData/CascadeAddonRecoveryProbe/probe-hae_1plo/Build/Build/Products/Debug -c -j8 -enable-batch-mode -incremental -Xcc -ivfsstatcache -Xcc /Users/c4v4h/Library/Developer/Xcode/DerivedData/CascadeAddonRecoveryProbe/probe-hae_1plo/Build/SDKStatCaches.noindex/macosx27.0-26A5419a-e829b21a6f8c9b70876ba0858053c04445874285e5972fffeae925c4ab065928.sdkstatcache -output-file-map /Users/c4v4h/Library/Developer/Xcode/DerivedData/CascadeAddonRecoveryProbe/probe-hae_1plo/Build/Build/Intermediates.noindex/AddonPlatform.build/Debug/ProbeHost.build/Objects-normal/arm64/ProbeHost-OutputFileMap.json -save-temps -no-color-diagnostics -explicit-module-build -module-cache-path /Users/c4v4h/Library/Developer/Xcode/DerivedData/CascadeAddonRecoveryProbe/probe-hae_1plo/Build/Build/Intermediates.noindex/SwiftExplicitPrecompiledModules -clang-scanner-module-cache-path /Users/c4v4h/Library/Developer/Xcode/DerivedData/CascadeAddonRecoveryProbe/probe-hae_1plo/Build/ModuleCache.noindex -sdk-module-cache-path /Users/c4v4h/Library/Developer/Xcode/DerivedData/CascadeAddonRecoveryProbe/probe-hae_1plo/Build/SDKExplicitPrecompiledModules -emit-dependencies -emit-module -emit-module-path /Users/c4v4h/Library/Developer/Xcode/DerivedData/CascadeAddonRecoveryProbe/probe-hae_1plo/Build/Build/Intermediates.noindex/AddonPlatform.build/Debug/ProbeHost.build/Objects-normal/arm64/CascadeAddonProbe.swiftmodule -serialize-diagnostics -dependency-scan-serialize-diagnostics-path /Users/c4v4h/Library/Developer/Xcode/DerivedData/CascadeAddonRecoveryProbe/probe-hae_1plo/Build/Build/Intermediates.noindex/AddonPlatform.build/Debug/ProbeHost.build/Objects-normal/arm64/CascadeAddonProbe-dependency-scan.dia -validate-clang-modules-once -clang-build-session-file /Users/c4v4h/Library/Developer/Xcode/DerivedData/CascadeAddonRecoveryProbe/probe-hae_1plo/Build/ModuleCache.noindex/Session.modulevalidation -Xcc -fmodules-prune-interval\=86400 -Xcc -fmodules-prune-after\=345600 -emit-const-values -const-gather-protocols-list /Users/c4v4h/Library/Developer/Xcode/DerivedData/CascadeAddonRecoveryProbe/probe-hae_1plo/Build/Build/Intermediates.noindex/AddonPlatform.build/Debug/ProbeHost.build/Objects-normal/arm64/ProbeHost_const_extract_protocols.json -Xcc -iquote -Xcc /Users/c4v4h/Library/Developer/Xcode/DerivedData/CascadeAddonRecoveryProbe/probe-hae_1plo/Build/Build/Intermediates.noindex/AddonPlatform.build/Debug/ProbeHost.build/CascadeAddonProbe-generated-files.hmap -Xcc -I/Users/c4v4h/Library/Developer/Xcode/DerivedData/CascadeAddonRecoveryProbe/probe-hae_1plo/Build/Build/Intermediates.noindex/AddonPlatform.build/Debug/ProbeHost.build/CascadeAddonProbe-own-target-headers.hmap -Xcc -I/Users/c4v4h/Library/Developer/Xcode/DerivedData/CascadeAddonRecoveryProbe/probe-hae_1plo/Build/Build/Intermediates.noindex/AddonPlatform.build/Debug/ProbeHost.build/CascadeAddonProbe-all-target-headers.hmap -Xcc -iquote -Xcc /Users/c4v4h/Library/Developer/Xcode/DerivedData/CascadeAddonRecoveryProbe/probe-hae_1plo/Build/Build/Intermediates.noindex/AddonPlatform.build/Debug/ProbeHost.build/CascadeAddonProbe-project-headers.hmap -Xcc -I/Users/c4v4h/Library/Developer/Xcode/DerivedData/CascadeAddonRecoveryProbe/probe-hae_1plo/Build/Build/Products/Debug/include -Xcc -I/Users/c4v4h/Library/Developer/Xcode/DerivedData/CascadeAddonRecoveryProbe/probe-hae_1plo/Build/Build/Intermediates.noindex/AddonPlatform.build/Debug/ProbeHost.build/DerivedSources-normal/arm64 -Xcc -I/Users/c4v4h/Library/Developer/Xcode/DerivedData/CascadeAddonRecoveryProbe/probe-hae_1plo/Build/Build/Intermediates.noindex/AddonPlatform.build/Debug/ProbeHost.build/DerivedSources/arm64 -Xcc -I/Users/c4v4h/Library/Developer/Xcode/DerivedData/CascadeAddonRecoveryProbe/probe-hae_1plo/Build/Build/Intermediates.noindex/AddonPlatform.build/Debug/ProbeHost.build/DerivedSources -emit-objc-header -emit-objc-header-path /Users/c4v4h/Library/Developer/Xcode/DerivedData/CascadeAddonRecoveryProbe/probe-hae_1plo/Build/Build/Intermediates.noindex/AddonPlatform.build/Debug/ProbeHost.build/Objects-normal/arm64/CascadeAddonProbe-Swift.h -working-directory /Users/c4v4h/Library/Developer/Xcode/DerivedData/CascadeAddonRecoveryProbe/probe-hae_1plo/Sources -experimental-emit-module-separately -disable-cmo

Ld /Users/c4v4h/Library/Developer/Xcode/DerivedData/CascadeAddonRecoveryProbe/probe-hae_1plo/Build/Build/Intermediates.noindex/AddonPlatform.build/Debug/ProbeHost.build/Objects-normal/arm64/Binary/ProbeHost normal arm64 (in target 'ProbeHost' from project 'AddonPlatform')
    cd /Users/c4v4h/Library/Developer/Xcode/DerivedData/CascadeAddonRecoveryProbe/probe-hae_1plo/Sources
    /Applications/Xcode-beta.app/Contents/Developer/Toolchains/XcodeDefault.xctoolchain/usr/bin/clang -Xlinker -reproducible -target arm64-apple-macos14.0 -isysroot /Applications/Xcode-beta.app/Contents/Developer/Platforms/MacOSX.platform/Developer/SDKs/MacOSX27.0.sdk -Os -Xlinker -no_warn_duplicate_libraries -L/Users/c4v4h/Library/Developer/Xcode/DerivedData/CascadeAddonRecoveryProbe/probe-hae_1plo/Build/Build/Intermediates.noindex/EagerLinkingTBDs/Debug -L/Users/c4v4h/Library/Developer/Xcode/DerivedData/CascadeAddonRecoveryProbe/probe-hae_1plo/Build/Build/Products/Debug -F/Users/c4v4h/Library/Developer/Xcode/DerivedData/CascadeAddonRecoveryProbe/probe-hae_1plo/Build/Build/Intermediates.noindex/EagerLinkingTBDs/Debug -F/Users/c4v4h/Library/Developer/Xcode/DerivedData/CascadeAddonRecoveryProbe/probe-hae_1plo/Build/Build/Products/Debug -filelist /Users/c4v4h/Library/Developer/Xcode/DerivedData/CascadeAddonRecoveryProbe/probe-hae_1plo/Build/Build/Intermediates.noindex/AddonPlatform.build/Debug/ProbeHost.build/Objects-normal/arm64/CascadeAddonProbe.LinkFileList -Xlinker -rpath -Xlinker /usr/lib/swift -Xlinker -object_path_lto -Xlinker /Users/c4v4h/Library/Developer/Xcode/DerivedData/CascadeAddonRecoveryProbe/probe-hae_1plo/Build/Build/Intermediates.noindex/AddonPlatform.build/Debug/ProbeHost.build/Objects-normal/arm64/CascadeAddonProbe_lto.o -Xlinker -dependency_info -Xlinker /Users/c4v4h/Library/Developer/Xcode/DerivedData/CascadeAddonRecoveryProbe/probe-hae_1plo/Build/Build/Intermediates.noindex/AddonPlatform.build/Debug/ProbeHost.build/Objects-normal/arm64/CascadeAddonProbe_dependency_info.dat -fobjc-link-runtime -L/Applications/Xcode-beta.app/Contents/Developer/Toolchains/XcodeDefault.xctoolchain/usr/lib/swift/macosx -L/usr/lib/swift -Xlinker -add_ast_path -Xlinker /Users/c4v4h/Library/Developer/Xcode/DerivedData/CascadeAddonRecoveryProbe/probe-hae_1plo/Build/Build/Intermediates.noindex/AddonPlatform.build/Debug/ProbeHost.build/Objects-normal/arm64/CascadeAddonProbe.swiftmodule -Xlinker -no_adhoc_codesign -o /Users/c4v4h/Library/Developer/Xcode/DerivedData/CascadeAddonRecoveryProbe/probe-hae_1plo/Build/Build/Intermediates.noindex/AddonPlatform.build/Debug/ProbeHost.build/Objects-normal/arm64/Binary/ProbeHost

CreateUniversalBinary /Users/c4v4h/Library/Developer/Xcode/DerivedData/CascadeAddonRecoveryProbe/probe-hae_1plo/Build/Build/Products/Debug/CascadeAddonProbe.app/Contents/MacOS/ProbeHost normal arm64\ x86_64 (in target 'ProbeHost' from project 'AddonPlatform')
    cd /Users/c4v4h/Library/Developer/Xcode/DerivedData/CascadeAddonRecoveryProbe/probe-hae_1plo/Sources
    /Applications/Xcode-beta.app/Contents/Developer/Toolchains/XcodeDefault.xctoolchain/usr/bin/lipo -create /Users/c4v4h/Library/Developer/Xcode/DerivedData/CascadeAddonRecoveryProbe/probe-hae_1plo/Build/Build/Intermediates.noindex/AddonPlatform.build/Debug/ProbeHost.build/Objects-normal/arm64/Binary/ProbeHost /Users/c4v4h/Library/Developer/Xcode/DerivedData/CascadeAddonRecoveryProbe/probe-hae_1plo/Build/Build/Intermediates.noindex/AddonPlatform.build/Debug/ProbeHost.build/Objects-normal/x86_64/Binary/ProbeHost -output /Users/c4v4h/Library/Developer/Xcode/DerivedData/CascadeAddonRecoveryProbe/probe-hae_1plo/Build/Build/Products/Debug/CascadeAddonProbe.app/Contents/MacOS/ProbeHost

Copy /Users/c4v4h/Library/Developer/Xcode/DerivedData/CascadeAddonRecoveryProbe/probe-hae_1plo/Build/Build/Products/Debug/CascadeAddonProbe.app/Contents/Extensions/Probe.appextensionpoint /Users/c4v4h/Library/Developer/Xcode/DerivedData/CascadeAddonRecoveryProbe/probe-hae_1plo/Sources/Host/Probe.appextensionpoint (in target 'ProbeHost' from project 'AddonPlatform')
    cd /Users/c4v4h/Library/Developer/Xcode/DerivedData/CascadeAddonRecoveryProbe/probe-hae_1plo/Sources
    builtin-copy -exclude .DS_Store -exclude CVS -exclude .svn -exclude .git -exclude .hg -strip-unsigned-binaries -strip-deterministic -strip-tool /Applications/Xcode-beta.app/Contents/Developer/Toolchains/XcodeDefault.xctoolchain/usr/bin/strip -resolve-src-symlinks -remove-static-executable /Users/c4v4h/Library/Developer/Xcode/DerivedData/CascadeAddonRecoveryProbe/probe-hae_1plo/Sources/Host/Probe.appextensionpoint /Users/c4v4h/Library/Developer/Xcode/DerivedData/CascadeAddonRecoveryProbe/probe-hae_1plo/Build/Build/Products/Debug/CascadeAddonProbe.app/Contents/Extensions

CopySwiftLibs /Users/c4v4h/Library/Developer/Xcode/DerivedData/CascadeAddonRecoveryProbe/probe-hae_1plo/Build/Build/Products/Debug/CascadeAddonProbe.app (in target 'ProbeHost' from project 'AddonPlatform')
    cd /Users/c4v4h/Library/Developer/Xcode/DerivedData/CascadeAddonRecoveryProbe/probe-hae_1plo/Sources
    builtin-swiftStdLibTool --copy --verbose --sign 4A857D842A5406C2D3071776FDE7B27B3098FE63 --scan-executable /Users/c4v4h/Library/Developer/Xcode/DerivedData/CascadeAddonRecoveryProbe/probe-hae_1plo/Build/Build/Products/Debug/CascadeAddonProbe.app/Contents/MacOS/ProbeHost --scan-folder /Users/c4v4h/Library/Developer/Xcode/DerivedData/CascadeAddonRecoveryProbe/probe-hae_1plo/Build/Build/Products/Debug/CascadeAddonProbe.app/Contents/Frameworks --scan-folder /Users/c4v4h/Library/Developer/Xcode/DerivedData/CascadeAddonRecoveryProbe/probe-hae_1plo/Build/Build/Products/Debug/CascadeAddonProbe.app/Contents/PlugIns --scan-folder /Users/c4v4h/Library/Developer/Xcode/DerivedData/CascadeAddonRecoveryProbe/probe-hae_1plo/Build/Build/Products/Debug/CascadeAddonProbe.app/Contents/Library/SystemExtensions --scan-folder /Users/c4v4h/Library/Developer/Xcode/DerivedData/CascadeAddonRecoveryProbe/probe-hae_1plo/Build/Build/Products/Debug/CascadeAddonProbe.app/Contents/Extensions --platform macosx --toolchain /var/run/com.apple.security.cryptexd/mnt/com.apple.MobileAsset.MetalToolchain-v27.1.5252.6.a2EVDm/Metal.xctoolchain --toolchain /Applications/Xcode-beta.app/Contents/Developer/Toolchains/XcodeDefault.xctoolchain --destination /Users/c4v4h/Library/Developer/Xcode/DerivedData/CascadeAddonRecoveryProbe/probe-hae_1plo/Build/Build/Products/Debug/CascadeAddonProbe.app/Contents/Frameworks --strip-bitcode --strip-bitcode-tool /Applications/Xcode-beta.app/Contents/Developer/Toolchains/XcodeDefault.xctoolchain/usr/bin/bitcode_strip --emit-dependency-info /Users/c4v4h/Library/Developer/Xcode/DerivedData/CascadeAddonRecoveryProbe/probe-hae_1plo/Build/Build/Intermediates.noindex/AddonPlatform.build/Debug/ProbeHost.build/SwiftStdLibToolInputDependencies.dep --filter-for-swift-os --back-deploy-swift-span

ExtractAppIntentsMetadata (in target 'ProbeHost' from project 'AddonPlatform')
    cd /Users/c4v4h/Library/Developer/Xcode/DerivedData/CascadeAddonRecoveryProbe/probe-hae_1plo/Sources
    /Applications/Xcode-beta.app/Contents/Developer/Toolchains/XcodeDefault.xctoolchain/usr/bin/appintentsmetadataprocessor --toolchain-dir /var/run/com.apple.security.cryptexd/mnt/com.apple.MobileAsset.MetalToolchain-v27.1.5252.6.a2EVDm/Metal.xctoolchain --module-name CascadeAddonProbe --sdk-root /Applications/Xcode-beta.app/Contents/Developer/Platforms/MacOSX.platform/Developer/SDKs/MacOSX27.0.sdk --xcode-version 27A5252f --platform-family macOS --deployment-target 14.0 --bundle-identifier hylo.Cascade.AddonProbe --output /Users/c4v4h/Library/Developer/Xcode/DerivedData/CascadeAddonRecoveryProbe/probe-hae_1plo/Build/Build/Products/Debug/CascadeAddonProbe.app/Contents/Resources --target-triple arm64-apple-macos14.0 --target-triple x86_64-apple-macos14.0 --binary-file /Users/c4v4h/Library/Developer/Xcode/DerivedData/CascadeAddonRecoveryProbe/probe-hae_1plo/Build/Build/Products/Debug/CascadeAddonProbe.app/Contents/MacOS/ProbeHost --dependency-file /Users/c4v4h/Library/Developer/Xcode/DerivedData/CascadeAddonRecoveryProbe/probe-hae_1plo/Build/Build/Intermediates.noindex/AddonPlatform.build/Debug/ProbeHost.build/Objects-normal/arm64/CascadeAddonProbe_dependency_info.dat --dependency-file /Users/c4v4h/Library/Developer/Xcode/DerivedData/CascadeAddonRecoveryProbe/probe-hae_1plo/Build/Build/Intermediates.noindex/AddonPlatform.build/Debug/ProbeHost.build/Objects-normal/x86_64/CascadeAddonProbe_dependency_info.dat --stringsdata-file /Users/c4v4h/Library/Developer/Xcode/DerivedData/CascadeAddonRecoveryProbe/probe-hae_1plo/Build/Build/Intermediates.noindex/AddonPlatform.build/Debug/ProbeHost.build/Objects-normal/arm64/ExtractedAppShortcutsMetadata.stringsdata --stringsdata-file /Users/c4v4h/Library/Developer/Xcode/DerivedData/CascadeAddonRecoveryProbe/probe-hae_1plo/Build/Build/Intermediates.noindex/AddonPlatform.build/Debug/ProbeHost.build/Objects-normal/x86_64/ExtractedAppShortcutsMetadata.stringsdata --source-file-list /Users/c4v4h/Library/Developer/Xcode/DerivedData/CascadeAddonRecoveryProbe/probe-hae_1plo/Build/Build/Intermediates.noindex/AddonPlatform.build/Debug/ProbeHost.build/Objects-normal/arm64/CascadeAddonProbe.SwiftFileList --source-file-list /Users/c4v4h/Library/Developer/Xcode/DerivedData/CascadeAddonRecoveryProbe/probe-hae_1plo/Build/Build/Intermediates.noindex/AddonPlatform.build/Debug/ProbeHost.build/Objects-normal/x86_64/CascadeAddonProbe.SwiftFileList --metadata-file-list /Users/c4v4h/Library/Developer/Xcode/DerivedData/CascadeAddonRecoveryProbe/probe-hae_1plo/Build/Build/Intermediates.noindex/AddonPlatform.build/Debug/ProbeHost.build/CascadeAddonProbe.DependencyMetadataFileList --static-metadata-file-list /Users/c4v4h/Library/Developer/Xcode/DerivedData/CascadeAddonRecoveryProbe/probe-hae_1plo/Build/Build/Intermediates.noindex/AddonPlatform.build/Debug/ProbeHost.build/CascadeAddonProbe.DependencyStaticMetadataFileList --swift-const-vals-list /Users/c4v4h/Library/Developer/Xcode/DerivedData/CascadeAddonRecoveryProbe/probe-hae_1plo/Build/Build/Intermediates.noindex/AddonPlatform.build/Debug/ProbeHost.build/Objects-normal/arm64/CascadeAddonProbe.SwiftConstValuesFileList --swift-const-vals-list /Users/c4v4h/Library/Developer/Xcode/DerivedData/CascadeAddonRecoveryProbe/probe-hae_1plo/Build/Build/Intermediates.noindex/AddonPlatform.build/Debug/ProbeHost.build/Objects-normal/x86_64/CascadeAddonProbe.SwiftConstValuesFileList --compile-time-extraction --deployment-aware-processing --no-app-shortcuts-localization
2026-09-25 16:44:34.511 appintentsmetadataprocessor[49203:1925411] Starting appintentsmetadataprocessor export
2026-09-25 16:44:34.512 appintentsmetadataprocessor[49203:1925411] warning: Metadata extraction skipped, no AppIntents.framework dependency found

CodeSign /Users/c4v4h/Library/Developer/Xcode/DerivedData/CascadeAddonRecoveryProbe/probe-hae_1plo/Build/Build/Products/Debug/CascadeAddonProbe.app (in target 'ProbeHost' from project 'AddonPlatform')
    cd /Users/c4v4h/Library/Developer/Xcode/DerivedData/CascadeAddonRecoveryProbe/probe-hae_1plo/Sources
    
    Signing Identity:     "Apple Development: cavallerolore@icloud.com (MRZYW8THXH)"
    
    /usr/bin/codesign --force --sign 4A857D842A5406C2D3071776FDE7B27B3098FE63 -o runtime --timestamp\=none --generate-entitlement-der /Users/c4v4h/Library/Developer/Xcode/DerivedData/CascadeAddonRecoveryProbe/probe-hae_1plo/Build/Build/Products/Debug/CascadeAddonProbe.app

RegisterExecutionPolicyException /Users/c4v4h/Library/Developer/Xcode/DerivedData/CascadeAddonRecoveryProbe/probe-hae_1plo/Build/Build/Products/Debug/CascadeAddonProbe.app (in target 'ProbeHost' from project 'AddonPlatform')
    cd /Users/c4v4h/Library/Developer/Xcode/DerivedData/CascadeAddonRecoveryProbe/probe-hae_1plo/Sources
    builtin-RegisterExecutionPolicyException /Users/c4v4h/Library/Developer/Xcode/DerivedData/CascadeAddonRecoveryProbe/probe-hae_1plo/Build/Build/Products/Debug/CascadeAddonProbe.app

Validate /Users/c4v4h/Library/Developer/Xcode/DerivedData/CascadeAddonRecoveryProbe/probe-hae_1plo/Build/Build/Products/Debug/CascadeAddonProbe.app (in target 'ProbeHost' from project 'AddonPlatform')
    cd /Users/c4v4h/Library/Developer/Xcode/DerivedData/CascadeAddonRecoveryProbe/probe-hae_1plo/Sources
    builtin-validationUtility /Users/c4v4h/Library/Developer/Xcode/DerivedData/CascadeAddonRecoveryProbe/probe-hae_1plo/Build/Build/Products/Debug/CascadeAddonProbe.app -no-validate-extension -infoplist-subpath Contents/Info.plist

RegisterWithLaunchServices /Users/c4v4h/Library/Developer/Xcode/DerivedData/CascadeAddonRecoveryProbe/probe-hae_1plo/Build/Build/Products/Debug/CascadeAddonProbe.app (in target 'ProbeHost' from project 'AddonPlatform')
    cd /Users/c4v4h/Library/Developer/Xcode/DerivedData/CascadeAddonRecoveryProbe/probe-hae_1plo/Sources
    builtin-lsregisterurl --record-path /Users/c4v4h/Library/Developer/Xcode/DerivedData/CascadeAddonRecoveryProbe/probe-hae_1plo/Build/Build/Intermediates.noindex/XCBuildData/registered-launchservices.txt -- /System/Library/Frameworks/CoreServices.framework/Versions/Current/Frameworks/LaunchServices.framework/Versions/Current/Support/lsregister -f -R -trusted /Users/c4v4h/Library/Developer/Xcode/DerivedData/CascadeAddonRecoveryProbe/probe-hae_1plo/Build/Build/Products/Debug/CascadeAddonProbe.app

Touch /Users/c4v4h/Library/Developer/Xcode/DerivedData/CascadeAddonRecoveryProbe/probe-hae_1plo/Build/Build/Products/Debug/CascadeAddonProbe.app (in target 'ProbeHost' from project 'AddonPlatform')
    cd /Users/c4v4h/Library/Developer/Xcode/DerivedData/CascadeAddonRecoveryProbe/probe-hae_1plo/Sources
    /usr/bin/touch -c /Users/c4v4h/Library/Developer/Xcode/DerivedData/CascadeAddonRecoveryProbe/probe-hae_1plo/Build/Build/Products/Debug/CascadeAddonProbe.app

PruneExplicitPrecompiledModules /Users/c4v4h/Library/Developer/Xcode/DerivedData/CascadeAddonRecoveryProbe/probe-hae_1plo/Build/Build/Intermediates.noindex/ExplicitPrecompiledModules

PruneExplicitPrecompiledModules /Users/c4v4h/Library/Developer/Xcode/DerivedData/CascadeAddonRecoveryProbe/probe-hae_1plo/Build/Build/Intermediates.noindex/SwiftExplicitPrecompiledModules

PruneExplicitPrecompiledModules /Users/c4v4h/Library/Developer/Xcode/DerivedData/CascadeAddonRecoveryProbe/probe-hae_1plo/Build/SDKExplicitPrecompiledModules

** BUILD SUCCEEDED **

/Users/c4v4h/Library/Developer/Xcode/DerivedData/CascadeAddonRecoveryProbe/probe-hae_1plo/Build/Build/Products/Debug/CascadeAddonProbeContainer.app/Contents/Extensions/CascadeProbeProvider.appex: replacing existing signature
Executable=/Users/c4v4h/Library/Developer/Xcode/DerivedData/CascadeAddonRecoveryProbe/probe-hae_1plo/Build/Build/Products/Debug/CascadeAddonProbeContainer.app/Contents/Extensions/CascadeProbeProvider.appex/Contents/MacOS/ProbeProvider
<?xml version="1.0" encoding="UTF-8"?><!DOCTYPE plist PUBLIC "-//Apple//DTD PLIST 1.0//EN" "https://www.apple.com/DTDs/PropertyList-1.0.dtd"><plist version="1.0"><dict><key>com.apple.security.app-sandbox</key><true/></dict></plist>
/Users/c4v4h/Library/Developer/Xcode/DerivedData/CascadeAddonRecoveryProbe/probe-hae_1plo/Build/Build/Products/Debug/CascadeAddonProbeContainer.app: replacing existing signature
Executable=/Users/c4v4h/Library/Developer/Xcode/DerivedData/CascadeAddonRecoveryProbe/probe-hae_1plo/Build/Build/Products/Debug/CascadeAddonProbeContainer.app/Contents/MacOS/ProbeContainer
/Users/c4v4h/Library/Developer/Xcode/DerivedData/CascadeAddonRecoveryProbe/probe-hae_1plo/Build/Build/Products/Debug/CascadeAddonProbe.app: replacing existing signature
Executable=/Users/c4v4h/Library/Developer/Xcode/DerivedData/CascadeAddonRecoveryProbe/probe-hae_1plo/Build/Build/Products/Debug/CascadeAddonProbe.app/Contents/MacOS/ProbeHost
ProductName:		macOS
ProductVersion:		27.0
BuildVersion:		26A5425a
27.0
