Command line invocation:
    /Applications/Xcode-beta.app/Contents/Developer/usr/bin/xcodebuild -project Prototypes/AddonPlatform/AddonPlatform.xcodeproj -scheme AddonPlatform -configuration Debug -derivedDataPath /Users/c4v4h/Library/Developer/Xcode/DerivedData/CascadeAddonPlatform build

--- xcodebuild: WARNING: Using the first of multiple matching destinations:
{ platform:macOS, arch:arm64, id:00008112-000579C23A68A01E, name:My Mac }
{ platform:macOS, arch:x86_64, id:00008112-000579C23A68A01E, name:My Mac }
{ platform:macOS, name:Any Mac }
ComputePackagePrebuildTargetDependencyGraph

Prepare packages

CreateBuildRequest

SendProjectDescription

CreateBuildOperation

ComputeTargetDependencyGraph
note: Building targets in dependency order
note: Target dependency graph (3 targets)
    Target 'ProbeHost' in project 'AddonPlatform' (no dependencies)
    Target 'ProbeContainer' in project 'AddonPlatform'
        ➜ Explicit dependency on target 'ProbeProvider' in project 'AddonPlatform'
    Target 'ProbeProvider' in project 'AddonPlatform' (no dependencies)

GatherProvisioningInputs

CreateBuildDescription

ExecuteExternalTool /Applications/Xcode-beta.app/Contents/Developer/Toolchains/XcodeDefault.xctoolchain/usr/bin/swiftc --version

ExecuteExternalTool /Applications/Xcode-beta.app/Contents/Developer/Toolchains/XcodeDefault.xctoolchain/usr/bin/clang -v -E -dM -isysroot /Applications/Xcode-beta.app/Contents/Developer/Platforms/MacOSX.platform/Developer/SDKs/MacOSX27.0.sdk -x c -c /dev/null

ExecuteExternalTool /Applications/Xcode-beta.app/Contents/Developer/Toolchains/XcodeDefault.xctoolchain/usr/bin/ld -version_details

Build description signature: 50ee4bf16ba898d12f2fc617fe5e5fee
Build description path: /Users/c4v4h/Library/Developer/Xcode/DerivedData/CascadeAddonPlatform/Build/Intermediates.noindex/XCBuildData/50ee4bf16ba898d12f2fc617fe5e5fee.xcbuilddata
CreateBuildDirectory /Users/c4v4h/Library/Developer/Xcode/DerivedData/CascadeAddonPlatform/ModuleCache.noindex
    cd /Users/c4v4h/Library/Mobile\ Documents/com\~apple\~CloudDocs/Projects/XcodeProjects/Cascade/Prototypes/AddonPlatform/AddonPlatform.xcodeproj
    builtin-create-build-directory /Users/c4v4h/Library/Developer/Xcode/DerivedData/CascadeAddonPlatform/ModuleCache.noindex

CreateBuildDirectory /Users/c4v4h/Library/Developer/Xcode/DerivedData/CascadeAddonPlatform/SDKExplicitPrecompiledModules
    cd /Users/c4v4h/Library/Mobile\ Documents/com\~apple\~CloudDocs/Projects/XcodeProjects/Cascade/Prototypes/AddonPlatform/AddonPlatform.xcodeproj
    builtin-create-build-directory /Users/c4v4h/Library/Developer/Xcode/DerivedData/CascadeAddonPlatform/SDKExplicitPrecompiledModules

CreateBuildDirectory /Users/c4v4h/Library/Developer/Xcode/DerivedData/CascadeAddonPlatform/CompilationCache.noindex
    cd /Users/c4v4h/Library/Mobile\ Documents/com\~apple\~CloudDocs/Projects/XcodeProjects/Cascade/Prototypes/AddonPlatform/AddonPlatform.xcodeproj
    builtin-create-build-directory /Users/c4v4h/Library/Developer/Xcode/DerivedData/CascadeAddonPlatform/CompilationCache.noindex

CreateBuildDirectory /Users/c4v4h/Library/Developer/Xcode/DerivedData/CascadeAddonPlatform/Build/Products
    cd /Users/c4v4h/Library/Mobile\ Documents/com\~apple\~CloudDocs/Projects/XcodeProjects/Cascade/Prototypes/AddonPlatform/AddonPlatform.xcodeproj
    builtin-create-build-directory /Users/c4v4h/Library/Developer/Xcode/DerivedData/CascadeAddonPlatform/Build/Products

CreateBuildDirectory /Users/c4v4h/Library/Developer/Xcode/DerivedData/CascadeAddonPlatform/Build/Intermediates.noindex
    cd /Users/c4v4h/Library/Mobile\ Documents/com\~apple\~CloudDocs/Projects/XcodeProjects/Cascade/Prototypes/AddonPlatform/AddonPlatform.xcodeproj
    builtin-create-build-directory /Users/c4v4h/Library/Developer/Xcode/DerivedData/CascadeAddonPlatform/Build/Intermediates.noindex

ClangStatCache /Applications/Xcode-beta.app/Contents/Developer/Toolchains/XcodeDefault.xctoolchain/usr/bin/clang-stat-cache /Applications/Xcode-beta.app/Contents/Developer/Platforms/MacOSX.platform/Developer/SDKs/MacOSX27.0.sdk /Users/c4v4h/Library/Developer/Xcode/DerivedData/CascadeAddonPlatform/SDKStatCaches.noindex/macosx27.0-26A5419a-e829b21a6f8c9b70876ba0858053c04445874285e5972fffeae925c4ab065928.sdkstatcache
    cd /Users/c4v4h/Library/Mobile\ Documents/com\~apple\~CloudDocs/Projects/XcodeProjects/Cascade/Prototypes/AddonPlatform/AddonPlatform.xcodeproj
    /Applications/Xcode-beta.app/Contents/Developer/Toolchains/XcodeDefault.xctoolchain/usr/bin/clang-stat-cache /Applications/Xcode-beta.app/Contents/Developer/Platforms/MacOSX.platform/Developer/SDKs/MacOSX27.0.sdk -o /Users/c4v4h/Library/Developer/Xcode/DerivedData/CascadeAddonPlatform/SDKStatCaches.noindex/macosx27.0-26A5419a-e829b21a6f8c9b70876ba0858053c04445874285e5972fffeae925c4ab065928.sdkstatcache

CreateBuildDirectory /Users/c4v4h/Library/Developer/Xcode/DerivedData/CascadeAddonPlatform/Build/Intermediates.noindex/SwiftExplicitPrecompiledModules
    cd /Users/c4v4h/Library/Mobile\ Documents/com\~apple\~CloudDocs/Projects/XcodeProjects/Cascade/Prototypes/AddonPlatform/AddonPlatform.xcodeproj
    builtin-create-build-directory /Users/c4v4h/Library/Developer/Xcode/DerivedData/CascadeAddonPlatform/Build/Intermediates.noindex/SwiftExplicitPrecompiledModules

CreateBuildDirectory /Users/c4v4h/Library/Developer/Xcode/DerivedData/CascadeAddonPlatform/Build/Intermediates.noindex/PrecompiledHeaders
    cd /Users/c4v4h/Library/Mobile\ Documents/com\~apple\~CloudDocs/Projects/XcodeProjects/Cascade/Prototypes/AddonPlatform/AddonPlatform.xcodeproj
    builtin-create-build-directory /Users/c4v4h/Library/Developer/Xcode/DerivedData/CascadeAddonPlatform/Build/Intermediates.noindex/PrecompiledHeaders

CreateBuildDirectory /Users/c4v4h/Library/Developer/Xcode/DerivedData/CascadeAddonPlatform/Build/Intermediates.noindex/ExplicitPrecompiledModules
    cd /Users/c4v4h/Library/Mobile\ Documents/com\~apple\~CloudDocs/Projects/XcodeProjects/Cascade/Prototypes/AddonPlatform/AddonPlatform.xcodeproj
    builtin-create-build-directory /Users/c4v4h/Library/Developer/Xcode/DerivedData/CascadeAddonPlatform/Build/Intermediates.noindex/ExplicitPrecompiledModules

CreateBuildDirectory /Users/c4v4h/Library/Developer/Xcode/DerivedData/CascadeAddonPlatform/Build/Intermediates.noindex/EagerLinkingTBDs/Debug
    cd /Users/c4v4h/Library/Mobile\ Documents/com\~apple\~CloudDocs/Projects/XcodeProjects/Cascade/Prototypes/AddonPlatform/AddonPlatform.xcodeproj
    builtin-create-build-directory /Users/c4v4h/Library/Developer/Xcode/DerivedData/CascadeAddonPlatform/Build/Intermediates.noindex/EagerLinkingTBDs/Debug

WriteAuxiliaryFile /Users/c4v4h/Library/Developer/Xcode/DerivedData/CascadeAddonPlatform/Build/Intermediates.noindex/AddonPlatform.build/Debug/AddonPlatform-bb66cefbaee03c8d596bdb713174c7c4-VFS/all-product-headers.yaml
    cd /Users/c4v4h/Library/Mobile\ Documents/com\~apple\~CloudDocs/Projects/XcodeProjects/Cascade/Prototypes/AddonPlatform/AddonPlatform.xcodeproj
    write-file /Users/c4v4h/Library/Developer/Xcode/DerivedData/CascadeAddonPlatform/Build/Intermediates.noindex/AddonPlatform.build/Debug/AddonPlatform-bb66cefbaee03c8d596bdb713174c7c4-VFS/all-product-headers.yaml

CreateBuildDirectory /Users/c4v4h/Library/Developer/Xcode/DerivedData/CascadeAddonPlatform/Build/Products/Debug
    cd /Users/c4v4h/Library/Mobile\ Documents/com\~apple\~CloudDocs/Projects/XcodeProjects/Cascade/Prototypes/AddonPlatform/AddonPlatform.xcodeproj
    builtin-create-build-directory /Users/c4v4h/Library/Developer/Xcode/DerivedData/CascadeAddonPlatform/Build/Products/Debug

WriteAuxiliaryFile /Users/c4v4h/Library/Developer/Xcode/DerivedData/CascadeAddonPlatform/Build/Intermediates.noindex/AddonPlatform.build/Debug/ProbeProvider.build/Objects-normal/x86_64/CascadeProbeProvider.SwiftFileList (in target 'ProbeProvider' from project 'AddonPlatform')
    cd /Users/c4v4h/Library/Mobile\ Documents/com\~apple\~CloudDocs/Projects/XcodeProjects/Cascade/Prototypes/AddonPlatform
    write-file /Users/c4v4h/Library/Developer/Xcode/DerivedData/CascadeAddonPlatform/Build/Intermediates.noindex/AddonPlatform.build/Debug/ProbeProvider.build/Objects-normal/x86_64/CascadeProbeProvider.SwiftFileList

WriteAuxiliaryFile /Users/c4v4h/Library/Developer/Xcode/DerivedData/CascadeAddonPlatform/Build/Intermediates.noindex/AddonPlatform.build/Debug/ProbeProvider.build/Objects-normal/x86_64/ProbeProvider_const_extract_protocols.json (in target 'ProbeProvider' from project 'AddonPlatform')
    cd /Users/c4v4h/Library/Mobile\ Documents/com\~apple\~CloudDocs/Projects/XcodeProjects/Cascade/Prototypes/AddonPlatform
    write-file /Users/c4v4h/Library/Developer/Xcode/DerivedData/CascadeAddonPlatform/Build/Intermediates.noindex/AddonPlatform.build/Debug/ProbeProvider.build/Objects-normal/x86_64/ProbeProvider_const_extract_protocols.json

WriteAuxiliaryFile /Users/c4v4h/Library/Developer/Xcode/DerivedData/CascadeAddonPlatform/Build/Intermediates.noindex/AddonPlatform.build/Debug/ProbeProvider.build/Objects-normal/x86_64/ProbeProvider-OutputFileMap.json (in target 'ProbeProvider' from project 'AddonPlatform')
    cd /Users/c4v4h/Library/Mobile\ Documents/com\~apple\~CloudDocs/Projects/XcodeProjects/Cascade/Prototypes/AddonPlatform
    write-file /Users/c4v4h/Library/Developer/Xcode/DerivedData/CascadeAddonPlatform/Build/Intermediates.noindex/AddonPlatform.build/Debug/ProbeProvider.build/Objects-normal/x86_64/ProbeProvider-OutputFileMap.json

WriteAuxiliaryFile /Users/c4v4h/Library/Developer/Xcode/DerivedData/CascadeAddonPlatform/Build/Intermediates.noindex/AddonPlatform.build/Debug/ProbeContainer.build/Objects-normal/x86_64/ProbeContainer_const_extract_protocols.json (in target 'ProbeContainer' from project 'AddonPlatform')
    cd /Users/c4v4h/Library/Mobile\ Documents/com\~apple\~CloudDocs/Projects/XcodeProjects/Cascade/Prototypes/AddonPlatform
    write-file /Users/c4v4h/Library/Developer/Xcode/DerivedData/CascadeAddonPlatform/Build/Intermediates.noindex/AddonPlatform.build/Debug/ProbeContainer.build/Objects-normal/x86_64/ProbeContainer_const_extract_protocols.json

WriteAuxiliaryFile /Users/c4v4h/Library/Developer/Xcode/DerivedData/CascadeAddonPlatform/Build/Intermediates.noindex/AddonPlatform.build/Debug/ProbeProvider.build/Objects-normal/x86_64/CascadeProbeProvider.SwiftConstValuesFileList (in target 'ProbeProvider' from project 'AddonPlatform')
    cd /Users/c4v4h/Library/Mobile\ Documents/com\~apple\~CloudDocs/Projects/XcodeProjects/Cascade/Prototypes/AddonPlatform
    write-file /Users/c4v4h/Library/Developer/Xcode/DerivedData/CascadeAddonPlatform/Build/Intermediates.noindex/AddonPlatform.build/Debug/ProbeProvider.build/Objects-normal/x86_64/CascadeProbeProvider.SwiftConstValuesFileList

WriteAuxiliaryFile /Users/c4v4h/Library/Developer/Xcode/DerivedData/CascadeAddonPlatform/Build/Intermediates.noindex/AddonPlatform.build/Debug/ProbeProvider.build/Objects-normal/x86_64/CascadeProbeProvider.LinkFileList (in target 'ProbeProvider' from project 'AddonPlatform')
    cd /Users/c4v4h/Library/Mobile\ Documents/com\~apple\~CloudDocs/Projects/XcodeProjects/Cascade/Prototypes/AddonPlatform
    write-file /Users/c4v4h/Library/Developer/Xcode/DerivedData/CascadeAddonPlatform/Build/Intermediates.noindex/AddonPlatform.build/Debug/ProbeProvider.build/Objects-normal/x86_64/CascadeProbeProvider.LinkFileList

WriteAuxiliaryFile /Users/c4v4h/Library/Developer/Xcode/DerivedData/CascadeAddonPlatform/Build/Intermediates.noindex/AddonPlatform.build/Debug/ProbeProvider.build/Objects-normal/arm64/ProbeProvider_const_extract_protocols.json (in target 'ProbeProvider' from project 'AddonPlatform')
    cd /Users/c4v4h/Library/Mobile\ Documents/com\~apple\~CloudDocs/Projects/XcodeProjects/Cascade/Prototypes/AddonPlatform
    write-file /Users/c4v4h/Library/Developer/Xcode/DerivedData/CascadeAddonPlatform/Build/Intermediates.noindex/AddonPlatform.build/Debug/ProbeProvider.build/Objects-normal/arm64/ProbeProvider_const_extract_protocols.json

WriteAuxiliaryFile /Users/c4v4h/Library/Developer/Xcode/DerivedData/CascadeAddonPlatform/Build/Intermediates.noindex/AddonPlatform.build/Debug/ProbeProvider.build/Objects-normal/arm64/ProbeProvider-OutputFileMap.json (in target 'ProbeProvider' from project 'AddonPlatform')
    cd /Users/c4v4h/Library/Mobile\ Documents/com\~apple\~CloudDocs/Projects/XcodeProjects/Cascade/Prototypes/AddonPlatform
    write-file /Users/c4v4h/Library/Developer/Xcode/DerivedData/CascadeAddonPlatform/Build/Intermediates.noindex/AddonPlatform.build/Debug/ProbeProvider.build/Objects-normal/arm64/ProbeProvider-OutputFileMap.json

WriteAuxiliaryFile /Users/c4v4h/Library/Developer/Xcode/DerivedData/CascadeAddonPlatform/Build/Intermediates.noindex/AddonPlatform.build/Debug/ProbeProvider.build/Objects-normal/arm64/CascadeProbeProvider.SwiftFileList (in target 'ProbeProvider' from project 'AddonPlatform')
    cd /Users/c4v4h/Library/Mobile\ Documents/com\~apple\~CloudDocs/Projects/XcodeProjects/Cascade/Prototypes/AddonPlatform
    write-file /Users/c4v4h/Library/Developer/Xcode/DerivedData/CascadeAddonPlatform/Build/Intermediates.noindex/AddonPlatform.build/Debug/ProbeProvider.build/Objects-normal/arm64/CascadeProbeProvider.SwiftFileList

WriteAuxiliaryFile /Users/c4v4h/Library/Developer/Xcode/DerivedData/CascadeAddonPlatform/Build/Intermediates.noindex/AddonPlatform.build/Debug/ProbeProvider.build/Objects-normal/arm64/CascadeProbeProvider.LinkFileList (in target 'ProbeProvider' from project 'AddonPlatform')
    cd /Users/c4v4h/Library/Mobile\ Documents/com\~apple\~CloudDocs/Projects/XcodeProjects/Cascade/Prototypes/AddonPlatform
    write-file /Users/c4v4h/Library/Developer/Xcode/DerivedData/CascadeAddonPlatform/Build/Intermediates.noindex/AddonPlatform.build/Debug/ProbeProvider.build/Objects-normal/arm64/CascadeProbeProvider.LinkFileList

WriteAuxiliaryFile /Users/c4v4h/Library/Developer/Xcode/DerivedData/CascadeAddonPlatform/Build/Intermediates.noindex/AddonPlatform.build/Debug/ProbeProvider.build/Objects-normal/arm64/CascadeProbeProvider.SwiftConstValuesFileList (in target 'ProbeProvider' from project 'AddonPlatform')
    cd /Users/c4v4h/Library/Mobile\ Documents/com\~apple\~CloudDocs/Projects/XcodeProjects/Cascade/Prototypes/AddonPlatform
    write-file /Users/c4v4h/Library/Developer/Xcode/DerivedData/CascadeAddonPlatform/Build/Intermediates.noindex/AddonPlatform.build/Debug/ProbeProvider.build/Objects-normal/arm64/CascadeProbeProvider.SwiftConstValuesFileList

WriteAuxiliaryFile /Users/c4v4h/Library/Developer/Xcode/DerivedData/CascadeAddonPlatform/Build/Intermediates.noindex/AddonPlatform.build/Debug/ProbeProvider.build/CascadeProbeProvider.hmap (in target 'ProbeProvider' from project 'AddonPlatform')
    cd /Users/c4v4h/Library/Mobile\ Documents/com\~apple\~CloudDocs/Projects/XcodeProjects/Cascade/Prototypes/AddonPlatform
    write-file /Users/c4v4h/Library/Developer/Xcode/DerivedData/CascadeAddonPlatform/Build/Intermediates.noindex/AddonPlatform.build/Debug/ProbeProvider.build/CascadeProbeProvider.hmap

WriteAuxiliaryFile /Users/c4v4h/Library/Developer/Xcode/DerivedData/CascadeAddonPlatform/Build/Intermediates.noindex/AddonPlatform.build/Debug/ProbeProvider.build/CascadeProbeProvider.DependencyStaticMetadataFileList (in target 'ProbeProvider' from project 'AddonPlatform')
    cd /Users/c4v4h/Library/Mobile\ Documents/com\~apple\~CloudDocs/Projects/XcodeProjects/Cascade/Prototypes/AddonPlatform
    write-file /Users/c4v4h/Library/Developer/Xcode/DerivedData/CascadeAddonPlatform/Build/Intermediates.noindex/AddonPlatform.build/Debug/ProbeProvider.build/CascadeProbeProvider.DependencyStaticMetadataFileList

WriteAuxiliaryFile /Users/c4v4h/Library/Developer/Xcode/DerivedData/CascadeAddonPlatform/Build/Intermediates.noindex/AddonPlatform.build/Debug/ProbeProvider.build/DerivedSources/Entitlements.plist (in target 'ProbeProvider' from project 'AddonPlatform')
    cd /Users/c4v4h/Library/Mobile\ Documents/com\~apple\~CloudDocs/Projects/XcodeProjects/Cascade/Prototypes/AddonPlatform
    write-file /Users/c4v4h/Library/Developer/Xcode/DerivedData/CascadeAddonPlatform/Build/Intermediates.noindex/AddonPlatform.build/Debug/ProbeProvider.build/DerivedSources/Entitlements.plist

WriteAuxiliaryFile /Users/c4v4h/Library/Developer/Xcode/DerivedData/CascadeAddonPlatform/Build/Intermediates.noindex/AddonPlatform.build/Debug/ProbeProvider.build/CascadeProbeProvider.DependencyMetadataFileList (in target 'ProbeProvider' from project 'AddonPlatform')
    cd /Users/c4v4h/Library/Mobile\ Documents/com\~apple\~CloudDocs/Projects/XcodeProjects/Cascade/Prototypes/AddonPlatform
    write-file /Users/c4v4h/Library/Developer/Xcode/DerivedData/CascadeAddonPlatform/Build/Intermediates.noindex/AddonPlatform.build/Debug/ProbeProvider.build/CascadeProbeProvider.DependencyMetadataFileList

WriteAuxiliaryFile /Users/c4v4h/Library/Developer/Xcode/DerivedData/CascadeAddonPlatform/Build/Intermediates.noindex/AddonPlatform.build/Debug/ProbeProvider.build/CascadeProbeProvider-own-target-headers.hmap (in target 'ProbeProvider' from project 'AddonPlatform')
    cd /Users/c4v4h/Library/Mobile\ Documents/com\~apple\~CloudDocs/Projects/XcodeProjects/Cascade/Prototypes/AddonPlatform
    write-file /Users/c4v4h/Library/Developer/Xcode/DerivedData/CascadeAddonPlatform/Build/Intermediates.noindex/AddonPlatform.build/Debug/ProbeProvider.build/CascadeProbeProvider-own-target-headers.hmap

WriteAuxiliaryFile /Users/c4v4h/Library/Developer/Xcode/DerivedData/CascadeAddonPlatform/Build/Intermediates.noindex/AddonPlatform.build/Debug/ProbeProvider.build/CascadeProbeProvider-project-headers.hmap (in target 'ProbeProvider' from project 'AddonPlatform')
    cd /Users/c4v4h/Library/Mobile\ Documents/com\~apple\~CloudDocs/Projects/XcodeProjects/Cascade/Prototypes/AddonPlatform
    write-file /Users/c4v4h/Library/Developer/Xcode/DerivedData/CascadeAddonPlatform/Build/Intermediates.noindex/AddonPlatform.build/Debug/ProbeProvider.build/CascadeProbeProvider-project-headers.hmap

WriteAuxiliaryFile /Users/c4v4h/Library/Developer/Xcode/DerivedData/CascadeAddonPlatform/Build/Intermediates.noindex/AddonPlatform.build/Debug/ProbeProvider.build/CascadeProbeProvider-generated-files.hmap (in target 'ProbeProvider' from project 'AddonPlatform')
    cd /Users/c4v4h/Library/Mobile\ Documents/com\~apple\~CloudDocs/Projects/XcodeProjects/Cascade/Prototypes/AddonPlatform
    write-file /Users/c4v4h/Library/Developer/Xcode/DerivedData/CascadeAddonPlatform/Build/Intermediates.noindex/AddonPlatform.build/Debug/ProbeProvider.build/CascadeProbeProvider-generated-files.hmap

WriteAuxiliaryFile /Users/c4v4h/Library/Developer/Xcode/DerivedData/CascadeAddonPlatform/Build/Intermediates.noindex/AddonPlatform.build/Debug/ProbeProvider.build/CascadeProbeProvider-all-target-headers.hmap (in target 'ProbeProvider' from project 'AddonPlatform')
    cd /Users/c4v4h/Library/Mobile\ Documents/com\~apple\~CloudDocs/Projects/XcodeProjects/Cascade/Prototypes/AddonPlatform
    write-file /Users/c4v4h/Library/Developer/Xcode/DerivedData/CascadeAddonPlatform/Build/Intermediates.noindex/AddonPlatform.build/Debug/ProbeProvider.build/CascadeProbeProvider-all-target-headers.hmap

WriteAuxiliaryFile /Users/c4v4h/Library/Developer/Xcode/DerivedData/CascadeAddonPlatform/Build/Intermediates.noindex/AddonPlatform.build/Debug/ProbeProvider.build/CascadeProbeProvider-all-non-framework-target-headers.hmap (in target 'ProbeProvider' from project 'AddonPlatform')
    cd /Users/c4v4h/Library/Mobile\ Documents/com\~apple\~CloudDocs/Projects/XcodeProjects/Cascade/Prototypes/AddonPlatform
    write-file /Users/c4v4h/Library/Developer/Xcode/DerivedData/CascadeAddonPlatform/Build/Intermediates.noindex/AddonPlatform.build/Debug/ProbeProvider.build/CascadeProbeProvider-all-non-framework-target-headers.hmap

WriteAuxiliaryFile /Users/c4v4h/Library/Developer/Xcode/DerivedData/CascadeAddonPlatform/Build/Intermediates.noindex/AddonPlatform.build/Debug/ProbeHost.build/Objects-normal/x86_64/ProbeHost_const_extract_protocols.json (in target 'ProbeHost' from project 'AddonPlatform')
    cd /Users/c4v4h/Library/Mobile\ Documents/com\~apple\~CloudDocs/Projects/XcodeProjects/Cascade/Prototypes/AddonPlatform
    write-file /Users/c4v4h/Library/Developer/Xcode/DerivedData/CascadeAddonPlatform/Build/Intermediates.noindex/AddonPlatform.build/Debug/ProbeHost.build/Objects-normal/x86_64/ProbeHost_const_extract_protocols.json

WriteAuxiliaryFile /Users/c4v4h/Library/Developer/Xcode/DerivedData/CascadeAddonPlatform/Build/Intermediates.noindex/AddonPlatform.build/Debug/ProbeHost.build/Objects-normal/x86_64/ProbeHost-OutputFileMap.json (in target 'ProbeHost' from project 'AddonPlatform')
    cd /Users/c4v4h/Library/Mobile\ Documents/com\~apple\~CloudDocs/Projects/XcodeProjects/Cascade/Prototypes/AddonPlatform
    write-file /Users/c4v4h/Library/Developer/Xcode/DerivedData/CascadeAddonPlatform/Build/Intermediates.noindex/AddonPlatform.build/Debug/ProbeHost.build/Objects-normal/x86_64/ProbeHost-OutputFileMap.json

WriteAuxiliaryFile /Users/c4v4h/Library/Developer/Xcode/DerivedData/CascadeAddonPlatform/Build/Intermediates.noindex/AddonPlatform.build/Debug/ProbeHost.build/Objects-normal/x86_64/CascadeAddonProbe.SwiftFileList (in target 'ProbeHost' from project 'AddonPlatform')
    cd /Users/c4v4h/Library/Mobile\ Documents/com\~apple\~CloudDocs/Projects/XcodeProjects/Cascade/Prototypes/AddonPlatform
    write-file /Users/c4v4h/Library/Developer/Xcode/DerivedData/CascadeAddonPlatform/Build/Intermediates.noindex/AddonPlatform.build/Debug/ProbeHost.build/Objects-normal/x86_64/CascadeAddonProbe.SwiftFileList

WriteAuxiliaryFile /Users/c4v4h/Library/Developer/Xcode/DerivedData/CascadeAddonPlatform/Build/Intermediates.noindex/AddonPlatform.build/Debug/ProbeHost.build/Objects-normal/x86_64/CascadeAddonProbe.SwiftConstValuesFileList (in target 'ProbeHost' from project 'AddonPlatform')
    cd /Users/c4v4h/Library/Mobile\ Documents/com\~apple\~CloudDocs/Projects/XcodeProjects/Cascade/Prototypes/AddonPlatform
    write-file /Users/c4v4h/Library/Developer/Xcode/DerivedData/CascadeAddonPlatform/Build/Intermediates.noindex/AddonPlatform.build/Debug/ProbeHost.build/Objects-normal/x86_64/CascadeAddonProbe.SwiftConstValuesFileList

WriteAuxiliaryFile /Users/c4v4h/Library/Developer/Xcode/DerivedData/CascadeAddonPlatform/Build/Intermediates.noindex/AddonPlatform.build/Debug/ProbeHost.build/Objects-normal/x86_64/CascadeAddonProbe.LinkFileList (in target 'ProbeHost' from project 'AddonPlatform')
    cd /Users/c4v4h/Library/Mobile\ Documents/com\~apple\~CloudDocs/Projects/XcodeProjects/Cascade/Prototypes/AddonPlatform
    write-file /Users/c4v4h/Library/Developer/Xcode/DerivedData/CascadeAddonPlatform/Build/Intermediates.noindex/AddonPlatform.build/Debug/ProbeHost.build/Objects-normal/x86_64/CascadeAddonProbe.LinkFileList

WriteAuxiliaryFile /Users/c4v4h/Library/Developer/Xcode/DerivedData/CascadeAddonPlatform/Build/Intermediates.noindex/AddonPlatform.build/Debug/ProbeHost.build/Objects-normal/arm64/ProbeHost_const_extract_protocols.json (in target 'ProbeHost' from project 'AddonPlatform')
    cd /Users/c4v4h/Library/Mobile\ Documents/com\~apple\~CloudDocs/Projects/XcodeProjects/Cascade/Prototypes/AddonPlatform
    write-file /Users/c4v4h/Library/Developer/Xcode/DerivedData/CascadeAddonPlatform/Build/Intermediates.noindex/AddonPlatform.build/Debug/ProbeHost.build/Objects-normal/arm64/ProbeHost_const_extract_protocols.json

WriteAuxiliaryFile /Users/c4v4h/Library/Developer/Xcode/DerivedData/CascadeAddonPlatform/Build/Intermediates.noindex/AddonPlatform.build/Debug/ProbeHost.build/Objects-normal/arm64/ProbeHost-OutputFileMap.json (in target 'ProbeHost' from project 'AddonPlatform')
    cd /Users/c4v4h/Library/Mobile\ Documents/com\~apple\~CloudDocs/Projects/XcodeProjects/Cascade/Prototypes/AddonPlatform
    write-file /Users/c4v4h/Library/Developer/Xcode/DerivedData/CascadeAddonPlatform/Build/Intermediates.noindex/AddonPlatform.build/Debug/ProbeHost.build/Objects-normal/arm64/ProbeHost-OutputFileMap.json

WriteAuxiliaryFile /Users/c4v4h/Library/Developer/Xcode/DerivedData/CascadeAddonPlatform/Build/Intermediates.noindex/AddonPlatform.build/Debug/ProbeHost.build/Objects-normal/arm64/CascadeAddonProbe.SwiftFileList (in target 'ProbeHost' from project 'AddonPlatform')
    cd /Users/c4v4h/Library/Mobile\ Documents/com\~apple\~CloudDocs/Projects/XcodeProjects/Cascade/Prototypes/AddonPlatform
    write-file /Users/c4v4h/Library/Developer/Xcode/DerivedData/CascadeAddonPlatform/Build/Intermediates.noindex/AddonPlatform.build/Debug/ProbeHost.build/Objects-normal/arm64/CascadeAddonProbe.SwiftFileList

WriteAuxiliaryFile /Users/c4v4h/Library/Developer/Xcode/DerivedData/CascadeAddonPlatform/Build/Intermediates.noindex/AddonPlatform.build/Debug/ProbeHost.build/Objects-normal/arm64/CascadeAddonProbe.SwiftConstValuesFileList (in target 'ProbeHost' from project 'AddonPlatform')
    cd /Users/c4v4h/Library/Mobile\ Documents/com\~apple\~CloudDocs/Projects/XcodeProjects/Cascade/Prototypes/AddonPlatform
    write-file /Users/c4v4h/Library/Developer/Xcode/DerivedData/CascadeAddonPlatform/Build/Intermediates.noindex/AddonPlatform.build/Debug/ProbeHost.build/Objects-normal/arm64/CascadeAddonProbe.SwiftConstValuesFileList

WriteAuxiliaryFile /Users/c4v4h/Library/Developer/Xcode/DerivedData/CascadeAddonPlatform/Build/Intermediates.noindex/AddonPlatform.build/Debug/ProbeHost.build/Objects-normal/arm64/CascadeAddonProbe.LinkFileList (in target 'ProbeHost' from project 'AddonPlatform')
    cd /Users/c4v4h/Library/Mobile\ Documents/com\~apple\~CloudDocs/Projects/XcodeProjects/Cascade/Prototypes/AddonPlatform
    write-file /Users/c4v4h/Library/Developer/Xcode/DerivedData/CascadeAddonPlatform/Build/Intermediates.noindex/AddonPlatform.build/Debug/ProbeHost.build/Objects-normal/arm64/CascadeAddonProbe.LinkFileList

WriteAuxiliaryFile /Users/c4v4h/Library/Developer/Xcode/DerivedData/CascadeAddonPlatform/Build/Intermediates.noindex/AddonPlatform.build/Debug/ProbeHost.build/CascadeAddonProbe.hmap (in target 'ProbeHost' from project 'AddonPlatform')
    cd /Users/c4v4h/Library/Mobile\ Documents/com\~apple\~CloudDocs/Projects/XcodeProjects/Cascade/Prototypes/AddonPlatform
    write-file /Users/c4v4h/Library/Developer/Xcode/DerivedData/CascadeAddonPlatform/Build/Intermediates.noindex/AddonPlatform.build/Debug/ProbeHost.build/CascadeAddonProbe.hmap

WriteAuxiliaryFile /Users/c4v4h/Library/Developer/Xcode/DerivedData/CascadeAddonPlatform/Build/Intermediates.noindex/AddonPlatform.build/Debug/ProbeHost.build/DerivedSources/Entitlements.plist (in target 'ProbeHost' from project 'AddonPlatform')
    cd /Users/c4v4h/Library/Mobile\ Documents/com\~apple\~CloudDocs/Projects/XcodeProjects/Cascade/Prototypes/AddonPlatform
    write-file /Users/c4v4h/Library/Developer/Xcode/DerivedData/CascadeAddonPlatform/Build/Intermediates.noindex/AddonPlatform.build/Debug/ProbeHost.build/DerivedSources/Entitlements.plist

WriteAuxiliaryFile /Users/c4v4h/Library/Developer/Xcode/DerivedData/CascadeAddonPlatform/Build/Intermediates.noindex/AddonPlatform.build/Debug/ProbeHost.build/CascadeAddonProbe.DependencyStaticMetadataFileList (in target 'ProbeHost' from project 'AddonPlatform')
    cd /Users/c4v4h/Library/Mobile\ Documents/com\~apple\~CloudDocs/Projects/XcodeProjects/Cascade/Prototypes/AddonPlatform
    write-file /Users/c4v4h/Library/Developer/Xcode/DerivedData/CascadeAddonPlatform/Build/Intermediates.noindex/AddonPlatform.build/Debug/ProbeHost.build/CascadeAddonProbe.DependencyStaticMetadataFileList

WriteAuxiliaryFile /Users/c4v4h/Library/Developer/Xcode/DerivedData/CascadeAddonPlatform/Build/Intermediates.noindex/AddonPlatform.build/Debug/ProbeHost.build/CascadeAddonProbe.DependencyMetadataFileList (in target 'ProbeHost' from project 'AddonPlatform')
    cd /Users/c4v4h/Library/Mobile\ Documents/com\~apple\~CloudDocs/Projects/XcodeProjects/Cascade/Prototypes/AddonPlatform
    write-file /Users/c4v4h/Library/Developer/Xcode/DerivedData/CascadeAddonPlatform/Build/Intermediates.noindex/AddonPlatform.build/Debug/ProbeHost.build/CascadeAddonProbe.DependencyMetadataFileList

WriteAuxiliaryFile /Users/c4v4h/Library/Developer/Xcode/DerivedData/CascadeAddonPlatform/Build/Intermediates.noindex/AddonPlatform.build/Debug/ProbeHost.build/CascadeAddonProbe-project-headers.hmap (in target 'ProbeHost' from project 'AddonPlatform')
    cd /Users/c4v4h/Library/Mobile\ Documents/com\~apple\~CloudDocs/Projects/XcodeProjects/Cascade/Prototypes/AddonPlatform
    write-file /Users/c4v4h/Library/Developer/Xcode/DerivedData/CascadeAddonPlatform/Build/Intermediates.noindex/AddonPlatform.build/Debug/ProbeHost.build/CascadeAddonProbe-project-headers.hmap

WriteAuxiliaryFile /Users/c4v4h/Library/Developer/Xcode/DerivedData/CascadeAddonPlatform/Build/Intermediates.noindex/AddonPlatform.build/Debug/ProbeHost.build/CascadeAddonProbe-own-target-headers.hmap (in target 'ProbeHost' from project 'AddonPlatform')
    cd /Users/c4v4h/Library/Mobile\ Documents/com\~apple\~CloudDocs/Projects/XcodeProjects/Cascade/Prototypes/AddonPlatform
    write-file /Users/c4v4h/Library/Developer/Xcode/DerivedData/CascadeAddonPlatform/Build/Intermediates.noindex/AddonPlatform.build/Debug/ProbeHost.build/CascadeAddonProbe-own-target-headers.hmap

WriteAuxiliaryFile /Users/c4v4h/Library/Developer/Xcode/DerivedData/CascadeAddonPlatform/Build/Intermediates.noindex/AddonPlatform.build/Debug/ProbeHost.build/CascadeAddonProbe-generated-files.hmap (in target 'ProbeHost' from project 'AddonPlatform')
    cd /Users/c4v4h/Library/Mobile\ Documents/com\~apple\~CloudDocs/Projects/XcodeProjects/Cascade/Prototypes/AddonPlatform
    write-file /Users/c4v4h/Library/Developer/Xcode/DerivedData/CascadeAddonPlatform/Build/Intermediates.noindex/AddonPlatform.build/Debug/ProbeHost.build/CascadeAddonProbe-generated-files.hmap

WriteAuxiliaryFile /Users/c4v4h/Library/Developer/Xcode/DerivedData/CascadeAddonPlatform/Build/Intermediates.noindex/AddonPlatform.build/Debug/ProbeHost.build/CascadeAddonProbe-all-target-headers.hmap (in target 'ProbeHost' from project 'AddonPlatform')
    cd /Users/c4v4h/Library/Mobile\ Documents/com\~apple\~CloudDocs/Projects/XcodeProjects/Cascade/Prototypes/AddonPlatform
    write-file /Users/c4v4h/Library/Developer/Xcode/DerivedData/CascadeAddonPlatform/Build/Intermediates.noindex/AddonPlatform.build/Debug/ProbeHost.build/CascadeAddonProbe-all-target-headers.hmap

WriteAuxiliaryFile /Users/c4v4h/Library/Developer/Xcode/DerivedData/CascadeAddonPlatform/Build/Intermediates.noindex/AddonPlatform.build/Debug/ProbeHost.build/CascadeAddonProbe-all-non-framework-target-headers.hmap (in target 'ProbeHost' from project 'AddonPlatform')
    cd /Users/c4v4h/Library/Mobile\ Documents/com\~apple\~CloudDocs/Projects/XcodeProjects/Cascade/Prototypes/AddonPlatform
    write-file /Users/c4v4h/Library/Developer/Xcode/DerivedData/CascadeAddonPlatform/Build/Intermediates.noindex/AddonPlatform.build/Debug/ProbeHost.build/CascadeAddonProbe-all-non-framework-target-headers.hmap

WriteAuxiliaryFile /Users/c4v4h/Library/Developer/Xcode/DerivedData/CascadeAddonPlatform/Build/Intermediates.noindex/AddonPlatform.build/Debug/ProbeContainer.build/Objects-normal/x86_64/ProbeContainer-OutputFileMap.json (in target 'ProbeContainer' from project 'AddonPlatform')
    cd /Users/c4v4h/Library/Mobile\ Documents/com\~apple\~CloudDocs/Projects/XcodeProjects/Cascade/Prototypes/AddonPlatform
    write-file /Users/c4v4h/Library/Developer/Xcode/DerivedData/CascadeAddonPlatform/Build/Intermediates.noindex/AddonPlatform.build/Debug/ProbeContainer.build/Objects-normal/x86_64/ProbeContainer-OutputFileMap.json

WriteAuxiliaryFile /Users/c4v4h/Library/Developer/Xcode/DerivedData/CascadeAddonPlatform/Build/Intermediates.noindex/AddonPlatform.build/Debug/ProbeContainer.build/Objects-normal/x86_64/CascadeAddonProbeContainer.SwiftFileList (in target 'ProbeContainer' from project 'AddonPlatform')
    cd /Users/c4v4h/Library/Mobile\ Documents/com\~apple\~CloudDocs/Projects/XcodeProjects/Cascade/Prototypes/AddonPlatform
    write-file /Users/c4v4h/Library/Developer/Xcode/DerivedData/CascadeAddonPlatform/Build/Intermediates.noindex/AddonPlatform.build/Debug/ProbeContainer.build/Objects-normal/x86_64/CascadeAddonProbeContainer.SwiftFileList

WriteAuxiliaryFile /Users/c4v4h/Library/Developer/Xcode/DerivedData/CascadeAddonPlatform/Build/Intermediates.noindex/AddonPlatform.build/Debug/ProbeContainer.build/Objects-normal/x86_64/CascadeAddonProbeContainer.SwiftConstValuesFileList (in target 'ProbeContainer' from project 'AddonPlatform')
    cd /Users/c4v4h/Library/Mobile\ Documents/com\~apple\~CloudDocs/Projects/XcodeProjects/Cascade/Prototypes/AddonPlatform
    write-file /Users/c4v4h/Library/Developer/Xcode/DerivedData/CascadeAddonPlatform/Build/Intermediates.noindex/AddonPlatform.build/Debug/ProbeContainer.build/Objects-normal/x86_64/CascadeAddonProbeContainer.SwiftConstValuesFileList

WriteAuxiliaryFile /Users/c4v4h/Library/Developer/Xcode/DerivedData/CascadeAddonPlatform/Build/Intermediates.noindex/AddonPlatform.build/Debug/ProbeContainer.build/Objects-normal/x86_64/CascadeAddonProbeContainer.LinkFileList (in target 'ProbeContainer' from project 'AddonPlatform')
    cd /Users/c4v4h/Library/Mobile\ Documents/com\~apple\~CloudDocs/Projects/XcodeProjects/Cascade/Prototypes/AddonPlatform
    write-file /Users/c4v4h/Library/Developer/Xcode/DerivedData/CascadeAddonPlatform/Build/Intermediates.noindex/AddonPlatform.build/Debug/ProbeContainer.build/Objects-normal/x86_64/CascadeAddonProbeContainer.LinkFileList

WriteAuxiliaryFile /Users/c4v4h/Library/Developer/Xcode/DerivedData/CascadeAddonPlatform/Build/Intermediates.noindex/AddonPlatform.build/Debug/ProbeContainer.build/Objects-normal/arm64/CascadeAddonProbeContainer.SwiftFileList (in target 'ProbeContainer' from project 'AddonPlatform')
    cd /Users/c4v4h/Library/Mobile\ Documents/com\~apple\~CloudDocs/Projects/XcodeProjects/Cascade/Prototypes/AddonPlatform
    write-file /Users/c4v4h/Library/Developer/Xcode/DerivedData/CascadeAddonPlatform/Build/Intermediates.noindex/AddonPlatform.build/Debug/ProbeContainer.build/Objects-normal/arm64/CascadeAddonProbeContainer.SwiftFileList

WriteAuxiliaryFile /Users/c4v4h/Library/Developer/Xcode/DerivedData/CascadeAddonPlatform/Build/Intermediates.noindex/AddonPlatform.build/Debug/ProbeContainer.build/Objects-normal/arm64/ProbeContainer-OutputFileMap.json (in target 'ProbeContainer' from project 'AddonPlatform')
    cd /Users/c4v4h/Library/Mobile\ Documents/com\~apple\~CloudDocs/Projects/XcodeProjects/Cascade/Prototypes/AddonPlatform
    write-file /Users/c4v4h/Library/Developer/Xcode/DerivedData/CascadeAddonPlatform/Build/Intermediates.noindex/AddonPlatform.build/Debug/ProbeContainer.build/Objects-normal/arm64/ProbeContainer-OutputFileMap.json

WriteAuxiliaryFile /Users/c4v4h/Library/Developer/Xcode/DerivedData/CascadeAddonPlatform/Build/Intermediates.noindex/AddonPlatform.build/Debug/ProbeContainer.build/Objects-normal/arm64/CascadeAddonProbeContainer.SwiftConstValuesFileList (in target 'ProbeContainer' from project 'AddonPlatform')
    cd /Users/c4v4h/Library/Mobile\ Documents/com\~apple\~CloudDocs/Projects/XcodeProjects/Cascade/Prototypes/AddonPlatform
    write-file /Users/c4v4h/Library/Developer/Xcode/DerivedData/CascadeAddonPlatform/Build/Intermediates.noindex/AddonPlatform.build/Debug/ProbeContainer.build/Objects-normal/arm64/CascadeAddonProbeContainer.SwiftConstValuesFileList

WriteAuxiliaryFile /Users/c4v4h/Library/Developer/Xcode/DerivedData/CascadeAddonPlatform/Build/Intermediates.noindex/AddonPlatform.build/Debug/ProbeContainer.build/Objects-normal/arm64/ProbeContainer_const_extract_protocols.json (in target 'ProbeContainer' from project 'AddonPlatform')
    cd /Users/c4v4h/Library/Mobile\ Documents/com\~apple\~CloudDocs/Projects/XcodeProjects/Cascade/Prototypes/AddonPlatform
    write-file /Users/c4v4h/Library/Developer/Xcode/DerivedData/CascadeAddonPlatform/Build/Intermediates.noindex/AddonPlatform.build/Debug/ProbeContainer.build/Objects-normal/arm64/ProbeContainer_const_extract_protocols.json

WriteAuxiliaryFile /Users/c4v4h/Library/Developer/Xcode/DerivedData/CascadeAddonPlatform/Build/Intermediates.noindex/AddonPlatform.build/Debug/ProbeContainer.build/Objects-normal/arm64/CascadeAddonProbeContainer.LinkFileList (in target 'ProbeContainer' from project 'AddonPlatform')
    cd /Users/c4v4h/Library/Mobile\ Documents/com\~apple\~CloudDocs/Projects/XcodeProjects/Cascade/Prototypes/AddonPlatform
    write-file /Users/c4v4h/Library/Developer/Xcode/DerivedData/CascadeAddonPlatform/Build/Intermediates.noindex/AddonPlatform.build/Debug/ProbeContainer.build/Objects-normal/arm64/CascadeAddonProbeContainer.LinkFileList

WriteAuxiliaryFile /Users/c4v4h/Library/Developer/Xcode/DerivedData/CascadeAddonPlatform/Build/Intermediates.noindex/AddonPlatform.build/Debug/ProbeContainer.build/DerivedSources/Entitlements.plist (in target 'ProbeContainer' from project 'AddonPlatform')
    cd /Users/c4v4h/Library/Mobile\ Documents/com\~apple\~CloudDocs/Projects/XcodeProjects/Cascade/Prototypes/AddonPlatform
    write-file /Users/c4v4h/Library/Developer/Xcode/DerivedData/CascadeAddonPlatform/Build/Intermediates.noindex/AddonPlatform.build/Debug/ProbeContainer.build/DerivedSources/Entitlements.plist

WriteAuxiliaryFile /Users/c4v4h/Library/Developer/Xcode/DerivedData/CascadeAddonPlatform/Build/Intermediates.noindex/AddonPlatform.build/Debug/ProbeContainer.build/CascadeAddonProbeContainer.hmap (in target 'ProbeContainer' from project 'AddonPlatform')
    cd /Users/c4v4h/Library/Mobile\ Documents/com\~apple\~CloudDocs/Projects/XcodeProjects/Cascade/Prototypes/AddonPlatform
    write-file /Users/c4v4h/Library/Developer/Xcode/DerivedData/CascadeAddonPlatform/Build/Intermediates.noindex/AddonPlatform.build/Debug/ProbeContainer.build/CascadeAddonProbeContainer.hmap

WriteAuxiliaryFile /Users/c4v4h/Library/Developer/Xcode/DerivedData/CascadeAddonPlatform/Build/Intermediates.noindex/AddonPlatform.build/Debug/ProbeContainer.build/CascadeAddonProbeContainer.DependencyStaticMetadataFileList (in target 'ProbeContainer' from project 'AddonPlatform')
    cd /Users/c4v4h/Library/Mobile\ Documents/com\~apple\~CloudDocs/Projects/XcodeProjects/Cascade/Prototypes/AddonPlatform
    write-file /Users/c4v4h/Library/Developer/Xcode/DerivedData/CascadeAddonPlatform/Build/Intermediates.noindex/AddonPlatform.build/Debug/ProbeContainer.build/CascadeAddonProbeContainer.DependencyStaticMetadataFileList

WriteAuxiliaryFile /Users/c4v4h/Library/Developer/Xcode/DerivedData/CascadeAddonPlatform/Build/Intermediates.noindex/AddonPlatform.build/Debug/ProbeContainer.build/CascadeAddonProbeContainer.DependencyMetadataFileList (in target 'ProbeContainer' from project 'AddonPlatform')
    cd /Users/c4v4h/Library/Mobile\ Documents/com\~apple\~CloudDocs/Projects/XcodeProjects/Cascade/Prototypes/AddonPlatform
    write-file /Users/c4v4h/Library/Developer/Xcode/DerivedData/CascadeAddonPlatform/Build/Intermediates.noindex/AddonPlatform.build/Debug/ProbeContainer.build/CascadeAddonProbeContainer.DependencyMetadataFileList

WriteAuxiliaryFile /Users/c4v4h/Library/Developer/Xcode/DerivedData/CascadeAddonPlatform/Build/Intermediates.noindex/AddonPlatform.build/Debug/ProbeContainer.build/CascadeAddonProbeContainer-project-headers.hmap (in target 'ProbeContainer' from project 'AddonPlatform')
    cd /Users/c4v4h/Library/Mobile\ Documents/com\~apple\~CloudDocs/Projects/XcodeProjects/Cascade/Prototypes/AddonPlatform
    write-file /Users/c4v4h/Library/Developer/Xcode/DerivedData/CascadeAddonPlatform/Build/Intermediates.noindex/AddonPlatform.build/Debug/ProbeContainer.build/CascadeAddonProbeContainer-project-headers.hmap

WriteAuxiliaryFile /Users/c4v4h/Library/Developer/Xcode/DerivedData/CascadeAddonPlatform/Build/Intermediates.noindex/AddonPlatform.build/Debug/ProbeContainer.build/CascadeAddonProbeContainer-own-target-headers.hmap (in target 'ProbeContainer' from project 'AddonPlatform')
    cd /Users/c4v4h/Library/Mobile\ Documents/com\~apple\~CloudDocs/Projects/XcodeProjects/Cascade/Prototypes/AddonPlatform
    write-file /Users/c4v4h/Library/Developer/Xcode/DerivedData/CascadeAddonPlatform/Build/Intermediates.noindex/AddonPlatform.build/Debug/ProbeContainer.build/CascadeAddonProbeContainer-own-target-headers.hmap

WriteAuxiliaryFile /Users/c4v4h/Library/Developer/Xcode/DerivedData/CascadeAddonPlatform/Build/Intermediates.noindex/AddonPlatform.build/Debug/ProbeContainer.build/CascadeAddonProbeContainer-all-target-headers.hmap (in target 'ProbeContainer' from project 'AddonPlatform')
    cd /Users/c4v4h/Library/Mobile\ Documents/com\~apple\~CloudDocs/Projects/XcodeProjects/Cascade/Prototypes/AddonPlatform
    write-file /Users/c4v4h/Library/Developer/Xcode/DerivedData/CascadeAddonPlatform/Build/Intermediates.noindex/AddonPlatform.build/Debug/ProbeContainer.build/CascadeAddonProbeContainer-all-target-headers.hmap

WriteAuxiliaryFile /Users/c4v4h/Library/Developer/Xcode/DerivedData/CascadeAddonPlatform/Build/Intermediates.noindex/AddonPlatform.build/Debug/ProbeContainer.build/CascadeAddonProbeContainer-generated-files.hmap (in target 'ProbeContainer' from project 'AddonPlatform')
    cd /Users/c4v4h/Library/Mobile\ Documents/com\~apple\~CloudDocs/Projects/XcodeProjects/Cascade/Prototypes/AddonPlatform
    write-file /Users/c4v4h/Library/Developer/Xcode/DerivedData/CascadeAddonPlatform/Build/Intermediates.noindex/AddonPlatform.build/Debug/ProbeContainer.build/CascadeAddonProbeContainer-generated-files.hmap

WriteAuxiliaryFile /Users/c4v4h/Library/Developer/Xcode/DerivedData/CascadeAddonPlatform/Build/Intermediates.noindex/AddonPlatform.build/Debug/ProbeContainer.build/CascadeAddonProbeContainer-all-non-framework-target-headers.hmap (in target 'ProbeContainer' from project 'AddonPlatform')
    cd /Users/c4v4h/Library/Mobile\ Documents/com\~apple\~CloudDocs/Projects/XcodeProjects/Cascade/Prototypes/AddonPlatform
    write-file /Users/c4v4h/Library/Developer/Xcode/DerivedData/CascadeAddonPlatform/Build/Intermediates.noindex/AddonPlatform.build/Debug/ProbeContainer.build/CascadeAddonProbeContainer-all-non-framework-target-headers.hmap

MkDir /Users/c4v4h/Library/Developer/Xcode/DerivedData/CascadeAddonPlatform/Build/Products/Debug/CascadeProbeProvider.appex/Contents (in target 'ProbeProvider' from project 'AddonPlatform')
    cd /Users/c4v4h/Library/Mobile\ Documents/com\~apple\~CloudDocs/Projects/XcodeProjects/Cascade/Prototypes/AddonPlatform
    /bin/mkdir -p /Users/c4v4h/Library/Developer/Xcode/DerivedData/CascadeAddonPlatform/Build/Products/Debug/CascadeProbeProvider.appex/Contents

MkDir /Users/c4v4h/Library/Developer/Xcode/DerivedData/CascadeAddonPlatform/Build/Products/Debug/CascadeProbeProvider.appex/Contents/MacOS (in target 'ProbeProvider' from project 'AddonPlatform')
    cd /Users/c4v4h/Library/Mobile\ Documents/com\~apple\~CloudDocs/Projects/XcodeProjects/Cascade/Prototypes/AddonPlatform
    /bin/mkdir -p /Users/c4v4h/Library/Developer/Xcode/DerivedData/CascadeAddonPlatform/Build/Products/Debug/CascadeProbeProvider.appex/Contents/MacOS

MkDir /Users/c4v4h/Library/Developer/Xcode/DerivedData/CascadeAddonPlatform/Build/Products/Debug/CascadeProbeProvider.appex (in target 'ProbeProvider' from project 'AddonPlatform')
    cd /Users/c4v4h/Library/Mobile\ Documents/com\~apple\~CloudDocs/Projects/XcodeProjects/Cascade/Prototypes/AddonPlatform
    /bin/mkdir -p /Users/c4v4h/Library/Developer/Xcode/DerivedData/CascadeAddonPlatform/Build/Products/Debug/CascadeProbeProvider.appex

MkDir /Users/c4v4h/Library/Developer/Xcode/DerivedData/CascadeAddonPlatform/Build/Products/Debug/CascadeAddonProbe.app/Contents/MacOS (in target 'ProbeHost' from project 'AddonPlatform')
    cd /Users/c4v4h/Library/Mobile\ Documents/com\~apple\~CloudDocs/Projects/XcodeProjects/Cascade/Prototypes/AddonPlatform
    /bin/mkdir -p /Users/c4v4h/Library/Developer/Xcode/DerivedData/CascadeAddonPlatform/Build/Products/Debug/CascadeAddonProbe.app/Contents/MacOS

MkDir /Users/c4v4h/Library/Developer/Xcode/DerivedData/CascadeAddonPlatform/Build/Products/Debug/CascadeAddonProbe.app/Contents/Extensions (in target 'ProbeHost' from project 'AddonPlatform')
    cd /Users/c4v4h/Library/Mobile\ Documents/com\~apple\~CloudDocs/Projects/XcodeProjects/Cascade/Prototypes/AddonPlatform
    /bin/mkdir -p /Users/c4v4h/Library/Developer/Xcode/DerivedData/CascadeAddonPlatform/Build/Products/Debug/CascadeAddonProbe.app/Contents/Extensions

MkDir /Users/c4v4h/Library/Developer/Xcode/DerivedData/CascadeAddonPlatform/Build/Products/Debug/CascadeAddonProbe.app/Contents (in target 'ProbeHost' from project 'AddonPlatform')
    cd /Users/c4v4h/Library/Mobile\ Documents/com\~apple\~CloudDocs/Projects/XcodeProjects/Cascade/Prototypes/AddonPlatform
    /bin/mkdir -p /Users/c4v4h/Library/Developer/Xcode/DerivedData/CascadeAddonPlatform/Build/Products/Debug/CascadeAddonProbe.app/Contents

MkDir /Users/c4v4h/Library/Developer/Xcode/DerivedData/CascadeAddonPlatform/Build/Products/Debug/CascadeAddonProbe.app (in target 'ProbeHost' from project 'AddonPlatform')
    cd /Users/c4v4h/Library/Mobile\ Documents/com\~apple\~CloudDocs/Projects/XcodeProjects/Cascade/Prototypes/AddonPlatform
    /bin/mkdir -p /Users/c4v4h/Library/Developer/Xcode/DerivedData/CascadeAddonPlatform/Build/Products/Debug/CascadeAddonProbe.app

MkDir /Users/c4v4h/Library/Developer/Xcode/DerivedData/CascadeAddonPlatform/Build/Products/Debug/CascadeAddonProbeContainer.app/Contents/MacOS (in target 'ProbeContainer' from project 'AddonPlatform')
    cd /Users/c4v4h/Library/Mobile\ Documents/com\~apple\~CloudDocs/Projects/XcodeProjects/Cascade/Prototypes/AddonPlatform
    /bin/mkdir -p /Users/c4v4h/Library/Developer/Xcode/DerivedData/CascadeAddonPlatform/Build/Products/Debug/CascadeAddonProbeContainer.app/Contents/MacOS

MkDir /Users/c4v4h/Library/Developer/Xcode/DerivedData/CascadeAddonPlatform/Build/Products/Debug/CascadeAddonProbeContainer.app/Contents/Extensions (in target 'ProbeContainer' from project 'AddonPlatform')
    cd /Users/c4v4h/Library/Mobile\ Documents/com\~apple\~CloudDocs/Projects/XcodeProjects/Cascade/Prototypes/AddonPlatform
    /bin/mkdir -p /Users/c4v4h/Library/Developer/Xcode/DerivedData/CascadeAddonPlatform/Build/Products/Debug/CascadeAddonProbeContainer.app/Contents/Extensions

MkDir /Users/c4v4h/Library/Developer/Xcode/DerivedData/CascadeAddonPlatform/Build/Products/Debug/CascadeAddonProbeContainer.app/Contents (in target 'ProbeContainer' from project 'AddonPlatform')
    cd /Users/c4v4h/Library/Mobile\ Documents/com\~apple\~CloudDocs/Projects/XcodeProjects/Cascade/Prototypes/AddonPlatform
    /bin/mkdir -p /Users/c4v4h/Library/Developer/Xcode/DerivedData/CascadeAddonPlatform/Build/Products/Debug/CascadeAddonProbeContainer.app/Contents

MkDir /Users/c4v4h/Library/Developer/Xcode/DerivedData/CascadeAddonPlatform/Build/Products/Debug/CascadeAddonProbeContainer.app (in target 'ProbeContainer' from project 'AddonPlatform')
    cd /Users/c4v4h/Library/Mobile\ Documents/com\~apple\~CloudDocs/Projects/XcodeProjects/Cascade/Prototypes/AddonPlatform
    /bin/mkdir -p /Users/c4v4h/Library/Developer/Xcode/DerivedData/CascadeAddonPlatform/Build/Products/Debug/CascadeAddonProbeContainer.app

ProcessProductPackaging /Users/c4v4h/Library/Mobile\ Documents/com~apple~CloudDocs/Projects/XcodeProjects/Cascade/Prototypes/AddonPlatform/Provider/Provider.entitlements /Users/c4v4h/Library/Developer/Xcode/DerivedData/CascadeAddonPlatform/Build/Intermediates.noindex/AddonPlatform.build/Debug/ProbeProvider.build/CascadeProbeProvider.appex.xcent (in target 'ProbeProvider' from project 'AddonPlatform')
    cd /Users/c4v4h/Library/Mobile\ Documents/com\~apple\~CloudDocs/Projects/XcodeProjects/Cascade/Prototypes/AddonPlatform
    
    Entitlements:
    
    {
    "com.apple.security.app-sandbox" = 1;
    "com.apple.security.get-task-allow" = 1;
}
    
    builtin-productPackagingUtility /Users/c4v4h/Library/Mobile\ Documents/com\~apple\~CloudDocs/Projects/XcodeProjects/Cascade/Prototypes/AddonPlatform/Provider/Provider.entitlements -entitlements -format xml -o /Users/c4v4h/Library/Developer/Xcode/DerivedData/CascadeAddonPlatform/Build/Intermediates.noindex/AddonPlatform.build/Debug/ProbeProvider.build/CascadeProbeProvider.appex.xcent

ProcessProductPackaging "" /Users/c4v4h/Library/Developer/Xcode/DerivedData/CascadeAddonPlatform/Build/Intermediates.noindex/AddonPlatform.build/Debug/ProbeHost.build/CascadeAddonProbe.app.xcent (in target 'ProbeHost' from project 'AddonPlatform')
    cd /Users/c4v4h/Library/Mobile\ Documents/com\~apple\~CloudDocs/Projects/XcodeProjects/Cascade/Prototypes/AddonPlatform
    
    Entitlements:
    
    {
    "com.apple.security.get-task-allow" = 1;
}
    
    builtin-productPackagingUtility -entitlements -format xml -o /Users/c4v4h/Library/Developer/Xcode/DerivedData/CascadeAddonPlatform/Build/Intermediates.noindex/AddonPlatform.build/Debug/ProbeHost.build/CascadeAddonProbe.app.xcent

ProcessProductPackagingDER /Users/c4v4h/Library/Developer/Xcode/DerivedData/CascadeAddonPlatform/Build/Intermediates.noindex/AddonPlatform.build/Debug/ProbeProvider.build/CascadeProbeProvider.appex.xcent /Users/c4v4h/Library/Developer/Xcode/DerivedData/CascadeAddonPlatform/Build/Intermediates.noindex/AddonPlatform.build/Debug/ProbeProvider.build/CascadeProbeProvider.appex.xcent.der (in target 'ProbeProvider' from project 'AddonPlatform')
    cd /Users/c4v4h/Library/Mobile\ Documents/com\~apple\~CloudDocs/Projects/XcodeProjects/Cascade/Prototypes/AddonPlatform
    /usr/bin/derq query -f xml -i /Users/c4v4h/Library/Developer/Xcode/DerivedData/CascadeAddonPlatform/Build/Intermediates.noindex/AddonPlatform.build/Debug/ProbeProvider.build/CascadeProbeProvider.appex.xcent -o /Users/c4v4h/Library/Developer/Xcode/DerivedData/CascadeAddonPlatform/Build/Intermediates.noindex/AddonPlatform.build/Debug/ProbeProvider.build/CascadeProbeProvider.appex.xcent.der --raw

ProcessProductPackagingDER /Users/c4v4h/Library/Developer/Xcode/DerivedData/CascadeAddonPlatform/Build/Intermediates.noindex/AddonPlatform.build/Debug/ProbeHost.build/CascadeAddonProbe.app.xcent /Users/c4v4h/Library/Developer/Xcode/DerivedData/CascadeAddonPlatform/Build/Intermediates.noindex/AddonPlatform.build/Debug/ProbeHost.build/CascadeAddonProbe.app.xcent.der (in target 'ProbeHost' from project 'AddonPlatform')
    cd /Users/c4v4h/Library/Mobile\ Documents/com\~apple\~CloudDocs/Projects/XcodeProjects/Cascade/Prototypes/AddonPlatform
    /usr/bin/derq query -f xml -i /Users/c4v4h/Library/Developer/Xcode/DerivedData/CascadeAddonPlatform/Build/Intermediates.noindex/AddonPlatform.build/Debug/ProbeHost.build/CascadeAddonProbe.app.xcent -o /Users/c4v4h/Library/Developer/Xcode/DerivedData/CascadeAddonPlatform/Build/Intermediates.noindex/AddonPlatform.build/Debug/ProbeHost.build/CascadeAddonProbe.app.xcent.der --raw

ProcessInfoPlistFile /Users/c4v4h/Library/Developer/Xcode/DerivedData/CascadeAddonPlatform/Build/Products/Debug/CascadeAddonProbe.app/Contents/Info.plist /Users/c4v4h/Library/Mobile\ Documents/com~apple~CloudDocs/Projects/XcodeProjects/Cascade/Prototypes/AddonPlatform/Host/Info.plist (in target 'ProbeHost' from project 'AddonPlatform')
    cd /Users/c4v4h/Library/Mobile\ Documents/com\~apple\~CloudDocs/Projects/XcodeProjects/Cascade/Prototypes/AddonPlatform
    builtin-infoPlistUtility /Users/c4v4h/Library/Mobile\ Documents/com\~apple\~CloudDocs/Projects/XcodeProjects/Cascade/Prototypes/AddonPlatform/Host/Info.plist -producttype com.apple.product-type.application -genpkginfo /Users/c4v4h/Library/Developer/Xcode/DerivedData/CascadeAddonPlatform/Build/Products/Debug/CascadeAddonProbe.app/Contents/PkgInfo -expandbuildsettings -platform macosx -o /Users/c4v4h/Library/Developer/Xcode/DerivedData/CascadeAddonPlatform/Build/Products/Debug/CascadeAddonProbe.app/Contents/Info.plist

SwiftDriver ProbeProvider normal arm64 com.apple.xcode.tools.swift.compiler (in target 'ProbeProvider' from project 'AddonPlatform')
    cd /Users/c4v4h/Library/Mobile\ Documents/com\~apple\~CloudDocs/Projects/XcodeProjects/Cascade/Prototypes/AddonPlatform
    builtin-SwiftDriver -- /Applications/Xcode-beta.app/Contents/Developer/Toolchains/XcodeDefault.xctoolchain/usr/bin/swiftc -module-name CascadeProbeProvider -Onone @/Users/c4v4h/Library/Developer/Xcode/DerivedData/CascadeAddonPlatform/Build/Intermediates.noindex/AddonPlatform.build/Debug/ProbeProvider.build/Objects-normal/arm64/CascadeProbeProvider.SwiftFileList -DDEBUG -enable-bare-slash-regex -enable-experimental-feature DebugDescriptionMacro -sdk /Applications/Xcode-beta.app/Contents/Developer/Platforms/MacOSX.platform/Developer/SDKs/MacOSX27.0.sdk -target arm64-apple-macos14.0 -g -module-cache-path /Users/c4v4h/Library/Developer/Xcode/DerivedData/CascadeAddonPlatform/ModuleCache.noindex -Xfrontend -serialize-debugging-options -application-extension -index-store-path /Users/c4v4h/Library/Developer/Xcode/DerivedData/CascadeAddonPlatform/Index.noindex/DataStore -swift-version 5 -I /Users/c4v4h/Library/Developer/Xcode/DerivedData/CascadeAddonPlatform/Build/Products/Debug -F /Users/c4v4h/Library/Developer/Xcode/DerivedData/CascadeAddonPlatform/Build/Products/Debug -c -j8 -enable-batch-mode -incremental -Xcc -ivfsstatcache -Xcc /Users/c4v4h/Library/Developer/Xcode/DerivedData/CascadeAddonPlatform/SDKStatCaches.noindex/macosx27.0-26A5419a-e829b21a6f8c9b70876ba0858053c04445874285e5972fffeae925c4ab065928.sdkstatcache -output-file-map /Users/c4v4h/Library/Developer/Xcode/DerivedData/CascadeAddonPlatform/Build/Intermediates.noindex/AddonPlatform.build/Debug/ProbeProvider.build/Objects-normal/arm64/ProbeProvider-OutputFileMap.json -save-temps -no-color-diagnostics -explicit-module-build -module-cache-path /Users/c4v4h/Library/Developer/Xcode/DerivedData/CascadeAddonPlatform/Build/Intermediates.noindex/SwiftExplicitPrecompiledModules -clang-scanner-module-cache-path /Users/c4v4h/Library/Developer/Xcode/DerivedData/CascadeAddonPlatform/ModuleCache.noindex -sdk-module-cache-path /Users/c4v4h/Library/Developer/Xcode/DerivedData/CascadeAddonPlatform/SDKExplicitPrecompiledModules -emit-dependencies -emit-module -emit-module-path /Users/c4v4h/Library/Developer/Xcode/DerivedData/CascadeAddonPlatform/Build/Intermediates.noindex/AddonPlatform.build/Debug/ProbeProvider.build/Objects-normal/arm64/CascadeProbeProvider.swiftmodule -serialize-diagnostics -dependency-scan-serialize-diagnostics-path /Users/c4v4h/Library/Developer/Xcode/DerivedData/CascadeAddonPlatform/Build/Intermediates.noindex/AddonPlatform.build/Debug/ProbeProvider.build/Objects-normal/arm64/CascadeProbeProvider-dependency-scan.dia -validate-clang-modules-once -clang-build-session-file /Users/c4v4h/Library/Developer/Xcode/DerivedData/CascadeAddonPlatform/ModuleCache.noindex/Session.modulevalidation -Xcc -fmodules-prune-interval\=86400 -Xcc -fmodules-prune-after\=345600 -emit-const-values -const-gather-protocols-list /Users/c4v4h/Library/Developer/Xcode/DerivedData/CascadeAddonPlatform/Build/Intermediates.noindex/AddonPlatform.build/Debug/ProbeProvider.build/Objects-normal/arm64/ProbeProvider_const_extract_protocols.json -Xcc -iquote -Xcc /Users/c4v4h/Library/Developer/Xcode/DerivedData/CascadeAddonPlatform/Build/Intermediates.noindex/AddonPlatform.build/Debug/ProbeProvider.build/CascadeProbeProvider-generated-files.hmap -Xcc -I/Users/c4v4h/Library/Developer/Xcode/DerivedData/CascadeAddonPlatform/Build/Intermediates.noindex/AddonPlatform.build/Debug/ProbeProvider.build/CascadeProbeProvider-own-target-headers.hmap -Xcc -I/Users/c4v4h/Library/Developer/Xcode/DerivedData/CascadeAddonPlatform/Build/Intermediates.noindex/AddonPlatform.build/Debug/ProbeProvider.build/CascadeProbeProvider-all-target-headers.hmap -Xcc -iquote -Xcc /Users/c4v4h/Library/Developer/Xcode/DerivedData/CascadeAddonPlatform/Build/Intermediates.noindex/AddonPlatform.build/Debug/ProbeProvider.build/CascadeProbeProvider-project-headers.hmap -Xcc -I/Users/c4v4h/Library/Developer/Xcode/DerivedData/CascadeAddonPlatform/Build/Products/Debug/include -Xcc -I/Users/c4v4h/Library/Developer/Xcode/DerivedData/CascadeAddonPlatform/Build/Intermediates.noindex/AddonPlatform.build/Debug/ProbeProvider.build/DerivedSources-normal/arm64 -Xcc -I/Users/c4v4h/Library/Developer/Xcode/DerivedData/CascadeAddonPlatform/Build/Intermediates.noindex/AddonPlatform.build/Debug/ProbeProvider.build/DerivedSources/arm64 -Xcc -I/Users/c4v4h/Library/Developer/Xcode/DerivedData/CascadeAddonPlatform/Build/Intermediates.noindex/AddonPlatform.build/Debug/ProbeProvider.build/DerivedSources -emit-objc-header -emit-objc-header-path /Users/c4v4h/Library/Developer/Xcode/DerivedData/CascadeAddonPlatform/Build/Intermediates.noindex/AddonPlatform.build/Debug/ProbeProvider.build/Objects-normal/arm64/CascadeProbeProvider-Swift.h -working-directory /Users/c4v4h/Library/Mobile\ Documents/com\~apple\~CloudDocs/Projects/XcodeProjects/Cascade/Prototypes/AddonPlatform -experimental-emit-module-separately -disable-cmo

SwiftDriver ProbeProvider normal x86_64 com.apple.xcode.tools.swift.compiler (in target 'ProbeProvider' from project 'AddonPlatform')
    cd /Users/c4v4h/Library/Mobile\ Documents/com\~apple\~CloudDocs/Projects/XcodeProjects/Cascade/Prototypes/AddonPlatform
    builtin-SwiftDriver -- /Applications/Xcode-beta.app/Contents/Developer/Toolchains/XcodeDefault.xctoolchain/usr/bin/swiftc -module-name CascadeProbeProvider -Onone @/Users/c4v4h/Library/Developer/Xcode/DerivedData/CascadeAddonPlatform/Build/Intermediates.noindex/AddonPlatform.build/Debug/ProbeProvider.build/Objects-normal/x86_64/CascadeProbeProvider.SwiftFileList -DDEBUG -enable-bare-slash-regex -enable-experimental-feature DebugDescriptionMacro -sdk /Applications/Xcode-beta.app/Contents/Developer/Platforms/MacOSX.platform/Developer/SDKs/MacOSX27.0.sdk -target x86_64-apple-macos14.0 -g -module-cache-path /Users/c4v4h/Library/Developer/Xcode/DerivedData/CascadeAddonPlatform/ModuleCache.noindex -Xfrontend -serialize-debugging-options -application-extension -index-store-path /Users/c4v4h/Library/Developer/Xcode/DerivedData/CascadeAddonPlatform/Index.noindex/DataStore -swift-version 5 -I /Users/c4v4h/Library/Developer/Xcode/DerivedData/CascadeAddonPlatform/Build/Products/Debug -F /Users/c4v4h/Library/Developer/Xcode/DerivedData/CascadeAddonPlatform/Build/Products/Debug -c -j8 -enable-batch-mode -incremental -Xcc -ivfsstatcache -Xcc /Users/c4v4h/Library/Developer/Xcode/DerivedData/CascadeAddonPlatform/SDKStatCaches.noindex/macosx27.0-26A5419a-e829b21a6f8c9b70876ba0858053c04445874285e5972fffeae925c4ab065928.sdkstatcache -output-file-map /Users/c4v4h/Library/Developer/Xcode/DerivedData/CascadeAddonPlatform/Build/Intermediates.noindex/AddonPlatform.build/Debug/ProbeProvider.build/Objects-normal/x86_64/ProbeProvider-OutputFileMap.json -save-temps -no-color-diagnostics -explicit-module-build -module-cache-path /Users/c4v4h/Library/Developer/Xcode/DerivedData/CascadeAddonPlatform/Build/Intermediates.noindex/SwiftExplicitPrecompiledModules -clang-scanner-module-cache-path /Users/c4v4h/Library/Developer/Xcode/DerivedData/CascadeAddonPlatform/ModuleCache.noindex -sdk-module-cache-path /Users/c4v4h/Library/Developer/Xcode/DerivedData/CascadeAddonPlatform/SDKExplicitPrecompiledModules -emit-dependencies -emit-module -emit-module-path /Users/c4v4h/Library/Developer/Xcode/DerivedData/CascadeAddonPlatform/Build/Intermediates.noindex/AddonPlatform.build/Debug/ProbeProvider.build/Objects-normal/x86_64/CascadeProbeProvider.swiftmodule -serialize-diagnostics -dependency-scan-serialize-diagnostics-path /Users/c4v4h/Library/Developer/Xcode/DerivedData/CascadeAddonPlatform/Build/Intermediates.noindex/AddonPlatform.build/Debug/ProbeProvider.build/Objects-normal/x86_64/CascadeProbeProvider-dependency-scan.dia -validate-clang-modules-once -clang-build-session-file /Users/c4v4h/Library/Developer/Xcode/DerivedData/CascadeAddonPlatform/ModuleCache.noindex/Session.modulevalidation -Xcc -fmodules-prune-interval\=86400 -Xcc -fmodules-prune-after\=345600 -emit-const-values -const-gather-protocols-list /Users/c4v4h/Library/Developer/Xcode/DerivedData/CascadeAddonPlatform/Build/Intermediates.noindex/AddonPlatform.build/Debug/ProbeProvider.build/Objects-normal/x86_64/ProbeProvider_const_extract_protocols.json -Xcc -iquote -Xcc /Users/c4v4h/Library/Developer/Xcode/DerivedData/CascadeAddonPlatform/Build/Intermediates.noindex/AddonPlatform.build/Debug/ProbeProvider.build/CascadeProbeProvider-generated-files.hmap -Xcc -I/Users/c4v4h/Library/Developer/Xcode/DerivedData/CascadeAddonPlatform/Build/Intermediates.noindex/AddonPlatform.build/Debug/ProbeProvider.build/CascadeProbeProvider-own-target-headers.hmap -Xcc -I/Users/c4v4h/Library/Developer/Xcode/DerivedData/CascadeAddonPlatform/Build/Intermediates.noindex/AddonPlatform.build/Debug/ProbeProvider.build/CascadeProbeProvider-all-target-headers.hmap -Xcc -iquote -Xcc /Users/c4v4h/Library/Developer/Xcode/DerivedData/CascadeAddonPlatform/Build/Intermediates.noindex/AddonPlatform.build/Debug/ProbeProvider.build/CascadeProbeProvider-project-headers.hmap -Xcc -I/Users/c4v4h/Library/Developer/Xcode/DerivedData/CascadeAddonPlatform/Build/Products/Debug/include -Xcc -I/Users/c4v4h/Library/Developer/Xcode/DerivedData/CascadeAddonPlatform/Build/Intermediates.noindex/AddonPlatform.build/Debug/ProbeProvider.build/DerivedSources-normal/x86_64 -Xcc -I/Users/c4v4h/Library/Developer/Xcode/DerivedData/CascadeAddonPlatform/Build/Intermediates.noindex/AddonPlatform.build/Debug/ProbeProvider.build/DerivedSources/x86_64 -Xcc -I/Users/c4v4h/Library/Developer/Xcode/DerivedData/CascadeAddonPlatform/Build/Intermediates.noindex/AddonPlatform.build/Debug/ProbeProvider.build/DerivedSources -emit-objc-header -emit-objc-header-path /Users/c4v4h/Library/Developer/Xcode/DerivedData/CascadeAddonPlatform/Build/Intermediates.noindex/AddonPlatform.build/Debug/ProbeProvider.build/Objects-normal/x86_64/CascadeProbeProvider-Swift.h -working-directory /Users/c4v4h/Library/Mobile\ Documents/com\~apple\~CloudDocs/Projects/XcodeProjects/Cascade/Prototypes/AddonPlatform -experimental-emit-module-separately -disable-cmo

SwiftDriver ProbeHost normal arm64 com.apple.xcode.tools.swift.compiler (in target 'ProbeHost' from project 'AddonPlatform')
    cd /Users/c4v4h/Library/Mobile\ Documents/com\~apple\~CloudDocs/Projects/XcodeProjects/Cascade/Prototypes/AddonPlatform
    builtin-SwiftDriver -- /Applications/Xcode-beta.app/Contents/Developer/Toolchains/XcodeDefault.xctoolchain/usr/bin/swiftc -module-name CascadeAddonProbe -Onone @/Users/c4v4h/Library/Developer/Xcode/DerivedData/CascadeAddonPlatform/Build/Intermediates.noindex/AddonPlatform.build/Debug/ProbeHost.build/Objects-normal/arm64/CascadeAddonProbe.SwiftFileList -DDEBUG -enable-bare-slash-regex -enable-experimental-feature DebugDescriptionMacro -sdk /Applications/Xcode-beta.app/Contents/Developer/Platforms/MacOSX.platform/Developer/SDKs/MacOSX27.0.sdk -target arm64-apple-macos14.0 -g -module-cache-path /Users/c4v4h/Library/Developer/Xcode/DerivedData/CascadeAddonPlatform/ModuleCache.noindex -Xfrontend -serialize-debugging-options -index-store-path /Users/c4v4h/Library/Developer/Xcode/DerivedData/CascadeAddonPlatform/Index.noindex/DataStore -swift-version 5 -I /Users/c4v4h/Library/Developer/Xcode/DerivedData/CascadeAddonPlatform/Build/Products/Debug -F /Users/c4v4h/Library/Developer/Xcode/DerivedData/CascadeAddonPlatform/Build/Products/Debug -c -j8 -enable-batch-mode -incremental -Xcc -ivfsstatcache -Xcc /Users/c4v4h/Library/Developer/Xcode/DerivedData/CascadeAddonPlatform/SDKStatCaches.noindex/macosx27.0-26A5419a-e829b21a6f8c9b70876ba0858053c04445874285e5972fffeae925c4ab065928.sdkstatcache -output-file-map /Users/c4v4h/Library/Developer/Xcode/DerivedData/CascadeAddonPlatform/Build/Intermediates.noindex/AddonPlatform.build/Debug/ProbeHost.build/Objects-normal/arm64/ProbeHost-OutputFileMap.json -save-temps -no-color-diagnostics -explicit-module-build -module-cache-path /Users/c4v4h/Library/Developer/Xcode/DerivedData/CascadeAddonPlatform/Build/Intermediates.noindex/SwiftExplicitPrecompiledModules -clang-scanner-module-cache-path /Users/c4v4h/Library/Developer/Xcode/DerivedData/CascadeAddonPlatform/ModuleCache.noindex -sdk-module-cache-path /Users/c4v4h/Library/Developer/Xcode/DerivedData/CascadeAddonPlatform/SDKExplicitPrecompiledModules -emit-dependencies -emit-module -emit-module-path /Users/c4v4h/Library/Developer/Xcode/DerivedData/CascadeAddonPlatform/Build/Intermediates.noindex/AddonPlatform.build/Debug/ProbeHost.build/Objects-normal/arm64/CascadeAddonProbe.swiftmodule -serialize-diagnostics -dependency-scan-serialize-diagnostics-path /Users/c4v4h/Library/Developer/Xcode/DerivedData/CascadeAddonPlatform/Build/Intermediates.noindex/AddonPlatform.build/Debug/ProbeHost.build/Objects-normal/arm64/CascadeAddonProbe-dependency-scan.dia -validate-clang-modules-once -clang-build-session-file /Users/c4v4h/Library/Developer/Xcode/DerivedData/CascadeAddonPlatform/ModuleCache.noindex/Session.modulevalidation -Xcc -fmodules-prune-interval\=86400 -Xcc -fmodules-prune-after\=345600 -emit-const-values -const-gather-protocols-list /Users/c4v4h/Library/Developer/Xcode/DerivedData/CascadeAddonPlatform/Build/Intermediates.noindex/AddonPlatform.build/Debug/ProbeHost.build/Objects-normal/arm64/ProbeHost_const_extract_protocols.json -Xcc -iquote -Xcc /Users/c4v4h/Library/Developer/Xcode/DerivedData/CascadeAddonPlatform/Build/Intermediates.noindex/AddonPlatform.build/Debug/ProbeHost.build/CascadeAddonProbe-generated-files.hmap -Xcc -I/Users/c4v4h/Library/Developer/Xcode/DerivedData/CascadeAddonPlatform/Build/Intermediates.noindex/AddonPlatform.build/Debug/ProbeHost.build/CascadeAddonProbe-own-target-headers.hmap -Xcc -I/Users/c4v4h/Library/Developer/Xcode/DerivedData/CascadeAddonPlatform/Build/Intermediates.noindex/AddonPlatform.build/Debug/ProbeHost.build/CascadeAddonProbe-all-target-headers.hmap -Xcc -iquote -Xcc /Users/c4v4h/Library/Developer/Xcode/DerivedData/CascadeAddonPlatform/Build/Intermediates.noindex/AddonPlatform.build/Debug/ProbeHost.build/CascadeAddonProbe-project-headers.hmap -Xcc -I/Users/c4v4h/Library/Developer/Xcode/DerivedData/CascadeAddonPlatform/Build/Products/Debug/include -Xcc -I/Users/c4v4h/Library/Developer/Xcode/DerivedData/CascadeAddonPlatform/Build/Intermediates.noindex/AddonPlatform.build/Debug/ProbeHost.build/DerivedSources-normal/arm64 -Xcc -I/Users/c4v4h/Library/Developer/Xcode/DerivedData/CascadeAddonPlatform/Build/Intermediates.noindex/AddonPlatform.build/Debug/ProbeHost.build/DerivedSources/arm64 -Xcc -I/Users/c4v4h/Library/Developer/Xcode/DerivedData/CascadeAddonPlatform/Build/Intermediates.noindex/AddonPlatform.build/Debug/ProbeHost.build/DerivedSources -emit-objc-header -emit-objc-header-path /Users/c4v4h/Library/Developer/Xcode/DerivedData/CascadeAddonPlatform/Build/Intermediates.noindex/AddonPlatform.build/Debug/ProbeHost.build/Objects-normal/arm64/CascadeAddonProbe-Swift.h -working-directory /Users/c4v4h/Library/Mobile\ Documents/com\~apple\~CloudDocs/Projects/XcodeProjects/Cascade/Prototypes/AddonPlatform -experimental-emit-module-separately -disable-cmo

SwiftDriver ProbeHost normal x86_64 com.apple.xcode.tools.swift.compiler (in target 'ProbeHost' from project 'AddonPlatform')
    cd /Users/c4v4h/Library/Mobile\ Documents/com\~apple\~CloudDocs/Projects/XcodeProjects/Cascade/Prototypes/AddonPlatform
    builtin-SwiftDriver -- /Applications/Xcode-beta.app/Contents/Developer/Toolchains/XcodeDefault.xctoolchain/usr/bin/swiftc -module-name CascadeAddonProbe -Onone @/Users/c4v4h/Library/Developer/Xcode/DerivedData/CascadeAddonPlatform/Build/Intermediates.noindex/AddonPlatform.build/Debug/ProbeHost.build/Objects-normal/x86_64/CascadeAddonProbe.SwiftFileList -DDEBUG -enable-bare-slash-regex -enable-experimental-feature DebugDescriptionMacro -sdk /Applications/Xcode-beta.app/Contents/Developer/Platforms/MacOSX.platform/Developer/SDKs/MacOSX27.0.sdk -target x86_64-apple-macos14.0 -g -module-cache-path /Users/c4v4h/Library/Developer/Xcode/DerivedData/CascadeAddonPlatform/ModuleCache.noindex -Xfrontend -serialize-debugging-options -index-store-path /Users/c4v4h/Library/Developer/Xcode/DerivedData/CascadeAddonPlatform/Index.noindex/DataStore -swift-version 5 -I /Users/c4v4h/Library/Developer/Xcode/DerivedData/CascadeAddonPlatform/Build/Products/Debug -F /Users/c4v4h/Library/Developer/Xcode/DerivedData/CascadeAddonPlatform/Build/Products/Debug -c -j8 -enable-batch-mode -incremental -Xcc -ivfsstatcache -Xcc /Users/c4v4h/Library/Developer/Xcode/DerivedData/CascadeAddonPlatform/SDKStatCaches.noindex/macosx27.0-26A5419a-e829b21a6f8c9b70876ba0858053c04445874285e5972fffeae925c4ab065928.sdkstatcache -output-file-map /Users/c4v4h/Library/Developer/Xcode/DerivedData/CascadeAddonPlatform/Build/Intermediates.noindex/AddonPlatform.build/Debug/ProbeHost.build/Objects-normal/x86_64/ProbeHost-OutputFileMap.json -save-temps -no-color-diagnostics -explicit-module-build -module-cache-path /Users/c4v4h/Library/Developer/Xcode/DerivedData/CascadeAddonPlatform/Build/Intermediates.noindex/SwiftExplicitPrecompiledModules -clang-scanner-module-cache-path /Users/c4v4h/Library/Developer/Xcode/DerivedData/CascadeAddonPlatform/ModuleCache.noindex -sdk-module-cache-path /Users/c4v4h/Library/Developer/Xcode/DerivedData/CascadeAddonPlatform/SDKExplicitPrecompiledModules -emit-dependencies -emit-module -emit-module-path /Users/c4v4h/Library/Developer/Xcode/DerivedData/CascadeAddonPlatform/Build/Intermediates.noindex/AddonPlatform.build/Debug/ProbeHost.build/Objects-normal/x86_64/CascadeAddonProbe.swiftmodule -serialize-diagnostics -dependency-scan-serialize-diagnostics-path /Users/c4v4h/Library/Developer/Xcode/DerivedData/CascadeAddonPlatform/Build/Intermediates.noindex/AddonPlatform.build/Debug/ProbeHost.build/Objects-normal/x86_64/CascadeAddonProbe-dependency-scan.dia -validate-clang-modules-once -clang-build-session-file /Users/c4v4h/Library/Developer/Xcode/DerivedData/CascadeAddonPlatform/ModuleCache.noindex/Session.modulevalidation -Xcc -fmodules-prune-interval\=86400 -Xcc -fmodules-prune-after\=345600 -emit-const-values -const-gather-protocols-list /Users/c4v4h/Library/Developer/Xcode/DerivedData/CascadeAddonPlatform/Build/Intermediates.noindex/AddonPlatform.build/Debug/ProbeHost.build/Objects-normal/x86_64/ProbeHost_const_extract_protocols.json -Xcc -iquote -Xcc /Users/c4v4h/Library/Developer/Xcode/DerivedData/CascadeAddonPlatform/Build/Intermediates.noindex/AddonPlatform.build/Debug/ProbeHost.build/CascadeAddonProbe-generated-files.hmap -Xcc -I/Users/c4v4h/Library/Developer/Xcode/DerivedData/CascadeAddonPlatform/Build/Intermediates.noindex/AddonPlatform.build/Debug/ProbeHost.build/CascadeAddonProbe-own-target-headers.hmap -Xcc -I/Users/c4v4h/Library/Developer/Xcode/DerivedData/CascadeAddonPlatform/Build/Intermediates.noindex/AddonPlatform.build/Debug/ProbeHost.build/CascadeAddonProbe-all-target-headers.hmap -Xcc -iquote -Xcc /Users/c4v4h/Library/Developer/Xcode/DerivedData/CascadeAddonPlatform/Build/Intermediates.noindex/AddonPlatform.build/Debug/ProbeHost.build/CascadeAddonProbe-project-headers.hmap -Xcc -I/Users/c4v4h/Library/Developer/Xcode/DerivedData/CascadeAddonPlatform/Build/Products/Debug/include -Xcc -I/Users/c4v4h/Library/Developer/Xcode/DerivedData/CascadeAddonPlatform/Build/Intermediates.noindex/AddonPlatform.build/Debug/ProbeHost.build/DerivedSources-normal/x86_64 -Xcc -I/Users/c4v4h/Library/Developer/Xcode/DerivedData/CascadeAddonPlatform/Build/Intermediates.noindex/AddonPlatform.build/Debug/ProbeHost.build/DerivedSources/x86_64 -Xcc -I/Users/c4v4h/Library/Developer/Xcode/DerivedData/CascadeAddonPlatform/Build/Intermediates.noindex/AddonPlatform.build/Debug/ProbeHost.build/DerivedSources -emit-objc-header -emit-objc-header-path /Users/c4v4h/Library/Developer/Xcode/DerivedData/CascadeAddonPlatform/Build/Intermediates.noindex/AddonPlatform.build/Debug/ProbeHost.build/Objects-normal/x86_64/CascadeAddonProbe-Swift.h -working-directory /Users/c4v4h/Library/Mobile\ Documents/com\~apple\~CloudDocs/Projects/XcodeProjects/Cascade/Prototypes/AddonPlatform -experimental-emit-module-separately -disable-cmo

SwiftExplicitDependencyGeneratePcm x86_64 /Users/c4v4h/Library/Developer/Xcode/DerivedData/CascadeAddonPlatform/SDKExplicitPrecompiledModules/_SwiftConcurrencyShims-AG68DD3T7L12KWRAXY54YGJ41.pcm

SwiftExplicitDependencyGeneratePcm x86_64 /Users/c4v4h/Library/Developer/Xcode/DerivedData/CascadeAddonPlatform/SDKExplicitPrecompiledModules/_Builtin_stdbool-72JJ671ZX5YWDCB18H863UUCY.pcm

SwiftExplicitDependencyGeneratePcm x86_64 /Users/c4v4h/Library/Developer/Xcode/DerivedData/CascadeAddonPlatform/SDKExplicitPrecompiledModules/_Builtin_stddef-CBHTSIHBE7JGMEU1YM27B2QHX.pcm

SwiftExplicitDependencyGeneratePcm x86_64 /Users/c4v4h/Library/Developer/Xcode/DerivedData/CascadeAddonPlatform/SDKExplicitPrecompiledModules/ptrauth-7G833CJX6KRPBZF0CETCX8RFZ.pcm

SwiftExplicitDependencyGeneratePcm x86_64 /Users/c4v4h/Library/Developer/Xcode/DerivedData/CascadeAddonPlatform/SDKExplicitPrecompiledModules/_AvailabilityInternal-AKRMV20D0N6GBCXWVJJWT4GBN.pcm

SwiftExplicitDependencyGeneratePcm x86_64 /Users/c4v4h/Library/Developer/Xcode/DerivedData/CascadeAddonPlatform/SDKExplicitPrecompiledModules/_Builtin_float-CZ3D1J81P4PHGMU56YO3BI81F.pcm

SwiftExplicitDependencyGeneratePcm x86_64 /Users/c4v4h/Library/Developer/Xcode/DerivedData/CascadeAddonPlatform/SDKExplicitPrecompiledModules/SwiftShims-3RAKZJ8CMXK39YY6UTANRIBAE.pcm

SwiftExplicitDependencyGeneratePcm x86_64 /Users/c4v4h/Library/Developer/Xcode/DerivedData/CascadeAddonPlatform/SDKExplicitPrecompiledModules/_Builtin_stdarg-560VIK85C2ZR81F6Z6M8VX6DL.pcm

SwiftExplicitDependencyGeneratePcm x86_64 /Users/c4v4h/Library/Developer/Xcode/DerivedData/CascadeAddonPlatform/SDKExplicitPrecompiledModules/ptrcheck-EIHUMZD7QQUDT4RAWCYTQ17VS.pcm

SwiftExplicitDependencyGeneratePcm arm64 /Users/c4v4h/Library/Developer/Xcode/DerivedData/CascadeAddonPlatform/SDKExplicitPrecompiledModules/ptrauth-56YGJ0IISY24MJKE2KX9BBQUY.pcm

SwiftExplicitDependencyGeneratePcm arm64 /Users/c4v4h/Library/Developer/Xcode/DerivedData/CascadeAddonPlatform/SDKExplicitPrecompiledModules/ptrcheck-2REL8THA8BM4Z9ANLJVSBDEW6.pcm

SwiftExplicitDependencyGeneratePcm arm64 /Users/c4v4h/Library/Developer/Xcode/DerivedData/CascadeAddonPlatform/SDKExplicitPrecompiledModules/_Builtin_stdbool-3LV76X7GAG49AEARDGY0SY4VT.pcm

SwiftExplicitDependencyGeneratePcm arm64 /Users/c4v4h/Library/Developer/Xcode/DerivedData/CascadeAddonPlatform/SDKExplicitPrecompiledModules/_SwiftConcurrencyShims-AZX2GN8H9RG172K4FN24GT5NL.pcm

SwiftExplicitDependencyGeneratePcm arm64 /Users/c4v4h/Library/Developer/Xcode/DerivedData/CascadeAddonPlatform/SDKExplicitPrecompiledModules/_Builtin_float-F0I83AMK5BX8HEVCSZ2LY1YKU.pcm

SwiftExplicitDependencyGeneratePcm arm64 /Users/c4v4h/Library/Developer/Xcode/DerivedData/CascadeAddonPlatform/SDKExplicitPrecompiledModules/_Builtin_stdarg-18P6C432G6M44373VKWV5MIR6.pcm

SwiftExplicitDependencyGeneratePcm x86_64 /Users/c4v4h/Library/Developer/Xcode/DerivedData/CascadeAddonPlatform/SDKExplicitPrecompiledModules/_DarwinFoundation1-4XSYWM18J1SDI8HAPGQB1O6RL.pcm

SwiftExplicitDependencyGeneratePcm arm64 /Users/c4v4h/Library/Developer/Xcode/DerivedData/CascadeAddonPlatform/SDKExplicitPrecompiledModules/SwiftShims-4KYA5PTBZMYL0YDB4MITD29BA.pcm

SwiftExplicitDependencyGeneratePcm arm64 /Users/c4v4h/Library/Developer/Xcode/DerivedData/CascadeAddonPlatform/SDKExplicitPrecompiledModules/_Builtin_stddef-AWL8Y0HSN6NHQJVDO02ZLQ5UP.pcm

SwiftExplicitDependencyGeneratePcm arm64 /Users/c4v4h/Library/Developer/Xcode/DerivedData/CascadeAddonPlatform/SDKExplicitPrecompiledModules/_AvailabilityInternal-DQ0PZNEM9EDBCDE8UN5Y9OX3L.pcm

SwiftExplicitDependencyGeneratePcm x86_64 /Users/c4v4h/Library/Developer/Xcode/DerivedData/CascadeAddonPlatform/SDKExplicitPrecompiledModules/DeveloperToolsSupport-6RE41WJNX9AGWS16GZ1Z2KTBF.pcm

SwiftExplicitDependencyGeneratePcm x86_64 /Users/c4v4h/Library/Developer/Xcode/DerivedData/CascadeAddonPlatform/SDKExplicitPrecompiledModules/_AvailabilityInternal-CWAU3GVXVEKNAKX06O9WMBJ0J.pcm

SwiftExplicitDependencyGeneratePcm x86_64 /Users/c4v4h/Library/Developer/Xcode/DerivedData/CascadeAddonPlatform/SDKExplicitPrecompiledModules/ptrauth-X4YM9EAQKQRS8XGQ5I0LE41V.pcm

SwiftExplicitDependencyGeneratePcm x86_64 /Users/c4v4h/Library/Developer/Xcode/DerivedData/CascadeAddonPlatform/SDKExplicitPrecompiledModules/SwiftShims-6KFJC8H8I481YIO0EF7MXAS2I.pcm

SwiftExplicitDependencyGeneratePcm x86_64 /Users/c4v4h/Library/Developer/Xcode/DerivedData/CascadeAddonPlatform/SDKExplicitPrecompiledModules/_Builtin_stddef-3WDCR82I7JIRL674O9SALWCIU.pcm

SwiftExplicitDependencyGeneratePcm x86_64 /Users/c4v4h/Library/Developer/Xcode/DerivedData/CascadeAddonPlatform/SDKExplicitPrecompiledModules/_Builtin_stdbool-8O1N8BBUCGNS2W9PBCPKW47V3.pcm

SwiftExplicitDependencyGeneratePcm x86_64 /Users/c4v4h/Library/Developer/Xcode/DerivedData/CascadeAddonPlatform/SDKExplicitPrecompiledModules/ptrcheck-EJFC0ZXV7M9JKMABPA9VKA57I.pcm

SwiftExplicitDependencyGeneratePcm arm64 /Users/c4v4h/Library/Developer/Xcode/DerivedData/CascadeAddonPlatform/SDKExplicitPrecompiledModules/DeveloperToolsSupport-DKWU6K1NK8RGXJ7TQV4AVZO8T.pcm

SwiftExplicitDependencyGeneratePcm arm64 /Users/c4v4h/Library/Developer/Xcode/DerivedData/CascadeAddonPlatform/SDKExplicitPrecompiledModules/ptrauth-CZV6HSKKQVIRHRLU45HU331Z0.pcm

SwiftExplicitDependencyGeneratePcm arm64 /Users/c4v4h/Library/Developer/Xcode/DerivedData/CascadeAddonPlatform/SDKExplicitPrecompiledModules/_SwiftConcurrencyShims-2EIGBCEZO2VYCBJ9KE4C8IRA2.pcm

SwiftExplicitDependencyGeneratePcm x86_64 /Users/c4v4h/Library/Developer/Xcode/DerivedData/CascadeAddonPlatform/SDKExplicitPrecompiledModules/_Builtin_limits-8FATHQAH9TTECNYAGU7JT2W2R.pcm

SwiftExplicitDependencyGeneratePcm arm64 /Users/c4v4h/Library/Developer/Xcode/DerivedData/CascadeAddonPlatform/SDKExplicitPrecompiledModules/_Builtin_float-8K5VTBFFTA62YLS5MRSJN0K0F.pcm

SwiftExplicitDependencyGeneratePcm x86_64 /Users/c4v4h/Library/Developer/Xcode/DerivedData/CascadeAddonPlatform/SDKExplicitPrecompiledModules/_Builtin_stdarg-10DB8AO2KQRW2LR0Z4E35VR2Z.pcm

SwiftExplicitDependencyGeneratePcm arm64 /Users/c4v4h/Library/Developer/Xcode/DerivedData/CascadeAddonPlatform/SDKExplicitPrecompiledModules/SwiftShims-BW8SX5DHS9JPXZIZ5M114OLHP.pcm

SwiftExplicitDependencyGeneratePcm arm64 /Users/c4v4h/Library/Developer/Xcode/DerivedData/CascadeAddonPlatform/SDKExplicitPrecompiledModules/_Builtin_stddef-6ZUNIRI4DMXETSMDIRG2TY8OQ.pcm

SwiftExplicitDependencyGeneratePcm x86_64 /Users/c4v4h/Library/Developer/Xcode/DerivedData/CascadeAddonPlatform/SDKExplicitPrecompiledModules/_SwiftConcurrencyShims-836WC16H1OZZY8T61SK328H4F.pcm

SwiftExplicitDependencyGeneratePcm x86_64 /Users/c4v4h/Library/Developer/Xcode/DerivedData/CascadeAddonPlatform/SDKExplicitPrecompiledModules/_DarwinFoundation2-6XVIBW1SIB411ID6ASRN19O25.pcm

SwiftExplicitDependencyGeneratePcm arm64 /Users/c4v4h/Library/Developer/Xcode/DerivedData/CascadeAddonPlatform/SDKExplicitPrecompiledModules/_AvailabilityInternal-24A7MR832BRBHUKID4MQ549Y6.pcm

SwiftExplicitDependencyGeneratePcm arm64 /Users/c4v4h/Library/Developer/Xcode/DerivedData/CascadeAddonPlatform/SDKExplicitPrecompiledModules/_DarwinFoundation1-1M37MGEMCYDVNKHEYH66D0SZF.pcm

SwiftExplicitDependencyGeneratePcm x86_64 /Users/c4v4h/Library/Developer/Xcode/DerivedData/CascadeAddonPlatform/SDKExplicitPrecompiledModules/_Builtin_float-EH5WVDXGBNLV2375XPDB4ZDKY.pcm

SwiftExplicitDependencyGeneratePcm arm64 /Users/c4v4h/Library/Developer/Xcode/DerivedData/CascadeAddonPlatform/SDKExplicitPrecompiledModules/_Builtin_stdarg-2BHT2AQNXMRRDFEHEUI16E3GG.pcm

SwiftExplicitDependencyGeneratePcm arm64 /Users/c4v4h/Library/Developer/Xcode/DerivedData/CascadeAddonPlatform/SDKExplicitPrecompiledModules/_Builtin_stdbool-942476PP8N0JHOSJB9BDQX1UQ.pcm

SwiftExplicitDependencyGeneratePcm x86_64 /Users/c4v4h/Library/Developer/Xcode/DerivedData/CascadeAddonPlatform/SDKExplicitPrecompiledModules/ExtensionFoundation-9W2XKMJ2CU6T58Q2RU6YJGA1N.pcm

SwiftExplicitDependencyGeneratePcm arm64 /Users/c4v4h/Library/Developer/Xcode/DerivedData/CascadeAddonPlatform/SDKExplicitPrecompiledModules/ptrcheck-6S8SH8SNGFYIEH27Z8IS5B2RV.pcm

SwiftExplicitDependencyGeneratePcm x86_64 /Users/c4v4h/Library/Developer/Xcode/DerivedData/CascadeAddonPlatform/SDKExplicitPrecompiledModules/_DarwinFoundation1-10IL2HKJPRWYA1CRMRUO499R8.pcm

SwiftExplicitDependencyGeneratePcm arm64 /Users/c4v4h/Library/Developer/Xcode/DerivedData/CascadeAddonPlatform/SDKExplicitPrecompiledModules/_Builtin_limits-1QJG0Z05FQD2IJGSDK2NHEKSD.pcm

SwiftExplicitDependencyGeneratePcm arm64 /Users/c4v4h/Library/Developer/Xcode/DerivedData/CascadeAddonPlatform/SDKExplicitPrecompiledModules/_DarwinFoundation2-5SSUEGDA1HECO7I581H8DQ1YT.pcm

SwiftExplicitDependencyGeneratePcm arm64 /Users/c4v4h/Library/Developer/Xcode/DerivedData/CascadeAddonPlatform/SDKExplicitPrecompiledModules/ExtensionFoundation-9A77X356YUQ2H5TGGU0PNRZKH.pcm

SwiftExplicitDependencyGeneratePcm arm64 /Users/c4v4h/Library/Developer/Xcode/DerivedData/CascadeAddonPlatform/SDKExplicitPrecompiledModules/_DarwinFoundation1-5RHRY5OTKXH3TLYK7GN9ID0YB.pcm

SwiftExplicitDependencyGeneratePcm x86_64 /Users/c4v4h/Library/Developer/Xcode/DerivedData/CascadeAddonPlatform/SDKExplicitPrecompiledModules/_Builtin_stdint-3TBNSRTP03OQGXXG41RGCM1XL.pcm

SwiftExplicitDependencyGeneratePcm x86_64 /Users/c4v4h/Library/Developer/Xcode/DerivedData/CascadeAddonPlatform/SDKExplicitPrecompiledModules/string_h-BX9UVRXUEACM6D2LTHF5TKGKP.pcm

SwiftExplicitDependencyGeneratePcm x86_64 /Users/c4v4h/Library/Developer/Xcode/DerivedData/CascadeAddonPlatform/SDKExplicitPrecompiledModules/sys_types-2BHR342QZ4UQ12A3T6FB01HRJ.pcm

SwiftExplicitDependencyGeneratePcm x86_64 /Users/c4v4h/Library/Developer/Xcode/DerivedData/CascadeAddonPlatform/SDKExplicitPrecompiledModules/_DarwinFoundation2-1IARP3VHMVWJS8EBVQ4PWAT4Z.pcm

SwiftExplicitDependencyGeneratePcm x86_64 /Users/c4v4h/Library/Developer/Xcode/DerivedData/CascadeAddonPlatform/SDKExplicitPrecompiledModules/_Builtin_limits-2KAXXJXNHQCOY6QMOSBP8FZN.pcm

SwiftExplicitDependencyGeneratePcm x86_64 /Users/c4v4h/Library/Developer/Xcode/DerivedData/CascadeAddonPlatform/SDKExplicitPrecompiledModules/ExtensionFoundation-6GIWFWKLG0MWSIQDBT7OGMY9.pcm

SwiftExplicitDependencyGeneratePcm x86_64 /Users/c4v4h/Library/Developer/Xcode/DerivedData/CascadeAddonPlatform/SDKExplicitPrecompiledModules/_Builtin_stdatomic-3RXC9OIFMOSPA1GHZWGB03UCT.pcm

SwiftExplicitDependencyGeneratePcm x86_64 /Users/c4v4h/Library/Developer/Xcode/DerivedData/CascadeAddonPlatform/SDKExplicitPrecompiledModules/libDER-275QPISSAP5ZPDPCYDYWE6HZD.pcm

SwiftExplicitDependencyGeneratePcm x86_64 /Users/c4v4h/Library/Developer/Xcode/DerivedData/CascadeAddonPlatform/SDKExplicitPrecompiledModules/_DarwinFoundation3-1I81EB0TSH5O9CUX1CO1MDD22.pcm

SwiftExplicitDependencyGeneratePcm arm64 /Users/c4v4h/Library/Developer/Xcode/DerivedData/CascadeAddonPlatform/SDKExplicitPrecompiledModules/ExtensionFoundation-2OD2SW2WU4LNGOGI2AJMTH92P.pcm

SwiftExplicitDependencyGeneratePcm arm64 /Users/c4v4h/Library/Developer/Xcode/DerivedData/CascadeAddonPlatform/SDKExplicitPrecompiledModules/_DarwinFoundation2-4D4PIADRIELPRKENQWCV6U5L1.pcm

SwiftExplicitDependencyGeneratePcm arm64 /Users/c4v4h/Library/Developer/Xcode/DerivedData/CascadeAddonPlatform/SDKExplicitPrecompiledModules/_Builtin_limits-ELJBBCMCMJO03HK8D60Y14098.pcm

SwiftExplicitDependencyGeneratePcm arm64 /Users/c4v4h/Library/Developer/Xcode/DerivedData/CascadeAddonPlatform/SDKExplicitPrecompiledModules/string_h-9MU6GGRCNPE3SLX416Y1KRNKJ.pcm

SwiftExplicitDependencyGeneratePcm arm64 /Users/c4v4h/Library/Developer/Xcode/DerivedData/CascadeAddonPlatform/SDKExplicitPrecompiledModules/_Builtin_stdint-BDX1W1AXIBDMIJO5OTTOCTVGJ.pcm

SwiftExplicitDependencyGeneratePcm arm64 /Users/c4v4h/Library/Developer/Xcode/DerivedData/CascadeAddonPlatform/SDKExplicitPrecompiledModules/sys_types-X4ZCW6FSFZ7IRJYQWB5UF3M7.pcm

SwiftExplicitDependencyGeneratePcm x86_64 /Users/c4v4h/Library/Developer/Xcode/DerivedData/CascadeAddonPlatform/SDKExplicitPrecompiledModules/sys_types-AWQ7UPSK8CK6Q0WYWFAYSSCM4.pcm

SwiftExplicitDependencyGeneratePcm x86_64 /Users/c4v4h/Library/Developer/Xcode/DerivedData/CascadeAddonPlatform/SDKExplicitPrecompiledModules/_Builtin_tgmath-EENMF3V4ST34D4UEZJ1LIR2B3.pcm

SwiftExplicitDependencyGeneratePcm x86_64 /Users/c4v4h/Library/Developer/Xcode/DerivedData/CascadeAddonPlatform/SDKExplicitPrecompiledModules/string_h-54FBK4IVH1OZ3HPV5AIWZPYT5.pcm

SwiftExplicitDependencyGeneratePcm x86_64 /Users/c4v4h/Library/Developer/Xcode/DerivedData/CascadeAddonPlatform/SDKExplicitPrecompiledModules/_Builtin_inttypes-DZSJWR3ZTEHWWY9WYTXDBK4I6.pcm

SwiftExplicitDependencyGeneratePcm x86_64 /Users/c4v4h/Library/Developer/Xcode/DerivedData/CascadeAddonPlatform/SDKExplicitPrecompiledModules/_Builtin_intrinsics-1JJB11VFX7DO177F7DQ53M0P3.pcm

SwiftExplicitDependencyGeneratePcm x86_64 /Users/c4v4h/Library/Developer/Xcode/DerivedData/CascadeAddonPlatform/SDKExplicitPrecompiledModules/_Builtin_stdint-B58R1MYVRDDE4E66911YYUDXK.pcm

SwiftExplicitDependencyGeneratePcm arm64 /Users/c4v4h/Library/Developer/Xcode/DerivedData/CascadeAddonPlatform/SDKExplicitPrecompiledModules/_Builtin_tgmath-2IHHJ1QOBRGC0EIP1DOT93W1P.pcm

SwiftExplicitDependencyGeneratePcm arm64 /Users/c4v4h/Library/Developer/Xcode/DerivedData/CascadeAddonPlatform/SDKExplicitPrecompiledModules/_Builtin_stdint-CLQ2MIXNCPOXR72HNFGI0PTQA.pcm

SwiftExplicitDependencyGeneratePcm arm64 /Users/c4v4h/Library/Developer/Xcode/DerivedData/CascadeAddonPlatform/SDKExplicitPrecompiledModules/sys_types-BCHTMMGOPEQPGHIDW0A0T3ST7.pcm

SwiftExplicitDependencyGeneratePcm arm64 /Users/c4v4h/Library/Developer/Xcode/DerivedData/CascadeAddonPlatform/SDKExplicitPrecompiledModules/string_h-33KYGNV47AMY9UPRWBXCXBCZT.pcm

SwiftExplicitDependencyGeneratePcm arm64 /Users/c4v4h/Library/Developer/Xcode/DerivedData/CascadeAddonPlatform/SDKExplicitPrecompiledModules/_DarwinFoundation3-C5TIYRKVVL9Z5TGSHIDI9ZAYJ.pcm

SwiftExplicitDependencyGeneratePcm arm64 /Users/c4v4h/Library/Developer/Xcode/DerivedData/CascadeAddonPlatform/SDKExplicitPrecompiledModules/libDER-APJBN3B29HD6B2L2A7B977443.pcm

SwiftExplicitDependencyGeneratePcm x86_64 /Users/c4v4h/Library/Developer/Xcode/DerivedData/CascadeAddonPlatform/SDKExplicitPrecompiledModules/Darwin-83W9EONT9FURR4RJOR0RP2RDV.pcm

SwiftExplicitDependencyGeneratePcm x86_64 /Users/c4v4h/Library/Developer/Xcode/DerivedData/CascadeAddonPlatform/SDKExplicitPrecompiledModules/_DarwinFoundation3-D48A7H8O1MWFZHQNSQC28NXCF.pcm

SwiftExplicitDependencyGeneratePcm x86_64 /Users/c4v4h/Library/Developer/Xcode/DerivedData/CascadeAddonPlatform/SDKExplicitPrecompiledModules/_Builtin_stdatomic-2GCLWXIPFF7BYN4KRDS8KBMYS.pcm

SwiftExplicitDependencyGeneratePcm arm64 /Users/c4v4h/Library/Developer/Xcode/DerivedData/CascadeAddonPlatform/SDKExplicitPrecompiledModules/_DarwinFoundation3-3AGB7FMRIL4HEXKGPYYUFIA4H.pcm

SwiftExplicitDependencyGeneratePcm arm64 /Users/c4v4h/Library/Developer/Xcode/DerivedData/CascadeAddonPlatform/SDKExplicitPrecompiledModules/_Builtin_stdatomic-BLRA29APB6S726EE3MYZ08IYF.pcm

SwiftExplicitDependencyGeneratePcm x86_64 /Users/c4v4h/Library/Developer/Xcode/DerivedData/CascadeAddonPlatform/SDKExplicitPrecompiledModules/libDER-60KTG2I9BRHGPD1370I96H9CM.pcm

SwiftExplicitDependencyGeneratePcm arm64 /Users/c4v4h/Library/Developer/Xcode/DerivedData/CascadeAddonPlatform/SDKExplicitPrecompiledModules/libDER-2EOGJGMM8CUOXWY0B0WNI8LMN.pcm

SwiftExplicitDependencyGeneratePcm arm64 /Users/c4v4h/Library/Developer/Xcode/DerivedData/CascadeAddonPlatform/SDKExplicitPrecompiledModules/_Builtin_inttypes-EX9NIHGSFWW6LX1SEVLAKWDGR.pcm

SwiftExplicitDependencyGeneratePcm arm64 /Users/c4v4h/Library/Developer/Xcode/DerivedData/CascadeAddonPlatform/SDKExplicitPrecompiledModules/_Builtin_intrinsics-8L2PCGGXSUP82ENLG0K7RPD7Y.pcm

SwiftExplicitDependencyGeneratePcm x86_64 /Users/c4v4h/Library/Developer/Xcode/DerivedData/CascadeAddonPlatform/SDKExplicitPrecompiledModules/_Builtin_inttypes-5J4ZWWWKB3T71MWA5FGXZKEOA.pcm

SwiftExplicitDependencyGeneratePcm x86_64 /Users/c4v4h/Library/Developer/Xcode/DerivedData/CascadeAddonPlatform/SDKExplicitPrecompiledModules/_Builtin_intrinsics-ES1HP9GJMJKWYP3IY51FKLC1W.pcm

SwiftExplicitDependencyGeneratePcm arm64 /Users/c4v4h/Library/Developer/Xcode/DerivedData/CascadeAddonPlatform/SDKExplicitPrecompiledModules/_Builtin_stdatomic-3PFZ4P0CGT08W2P82YDSVR4G7.pcm

SwiftExplicitDependencyGeneratePcm arm64 /Users/c4v4h/Library/Developer/Xcode/DerivedData/CascadeAddonPlatform/SDKExplicitPrecompiledModules/_Builtin_inttypes-DYO3WH4MDTJLGPVU2TVUMX6D0.pcm

SwiftExplicitDependencyGeneratePcm arm64 /Users/c4v4h/Library/Developer/Xcode/DerivedData/CascadeAddonPlatform/SDKExplicitPrecompiledModules/Darwin-90IL3A03SUX7I612TDV0P6FJW.pcm

SwiftExplicitDependencyGeneratePcm x86_64 /Users/c4v4h/Library/Developer/Xcode/DerivedData/CascadeAddonPlatform/SDKExplicitPrecompiledModules/Darwin-CR18QDD5AHNEQJEP3C58SPG2H.pcm

SwiftExplicitDependencyGeneratePcm arm64 /Users/c4v4h/Library/Developer/Xcode/DerivedData/CascadeAddonPlatform/SDKExplicitPrecompiledModules/Darwin-5KTJC0PKZD47JZVBJWYXTZYU5.pcm

SwiftExplicitDependencyGeneratePcm arm64 /Users/c4v4h/Library/Developer/Xcode/DerivedData/CascadeAddonPlatform/SDKExplicitPrecompiledModules/simd-32AXZXWQTACNXY6WYLCSG8OP2.pcm

SwiftExplicitDependencyGeneratePcm x86_64 /Users/c4v4h/Library/Developer/Xcode/DerivedData/CascadeAddonPlatform/SDKExplicitPrecompiledModules/libkern-1J2S92HOV04FMDPPJ1SCLTZQN.pcm

SwiftExplicitDependencyGeneratePcm x86_64 /Users/c4v4h/Library/Developer/Xcode/DerivedData/CascadeAddonPlatform/SDKExplicitPrecompiledModules/launch-5BDUGXIN70TBOX07UHQMPJEBC.pcm

SwiftExplicitDependencyGeneratePcm x86_64 /Users/c4v4h/Library/Developer/Xcode/DerivedData/CascadeAddonPlatform/SDKExplicitPrecompiledModules/MachO-1FBDZE17SIDAB43C2KZC2NCD2.pcm

SwiftExplicitDependencyGeneratePcm x86_64 /Users/c4v4h/Library/Developer/Xcode/DerivedData/CascadeAddonPlatform/SDKExplicitPrecompiledModules/ObjectiveC-BYZP3KZ6JWBQJ3QLNNCTQ4553.pcm

SwiftExplicitDependencyGeneratePcm x86_64 /Users/c4v4h/Library/Developer/Xcode/DerivedData/CascadeAddonPlatform/SDKExplicitPrecompiledModules/simd-3UIBVQR8O2BZZLWEV9I8DG3DT.pcm

SwiftExplicitDependencyGeneratePcm arm64 /Users/c4v4h/Library/Developer/Xcode/DerivedData/CascadeAddonPlatform/SDKExplicitPrecompiledModules/launch-1VZKMDMF272DRO2DKHIV24EV5.pcm

SwiftExplicitDependencyGeneratePcm arm64 /Users/c4v4h/Library/Developer/Xcode/DerivedData/CascadeAddonPlatform/SDKExplicitPrecompiledModules/MachO-6AKFWMA6RPGJF1DAOCIAMG3W8.pcm

SwiftExplicitDependencyGeneratePcm arm64 /Users/c4v4h/Library/Developer/Xcode/DerivedData/CascadeAddonPlatform/SDKExplicitPrecompiledModules/libkern-62209KUWEVPD7IJPL178RY15I.pcm

SwiftExplicitDependencyGeneratePcm x86_64 /Users/c4v4h/Library/Developer/Xcode/DerivedData/CascadeAddonPlatform/SDKExplicitPrecompiledModules/os_object-3ETY5GRPRDAYNF9T4QQXLEJF4.pcm

SwiftExplicitDependencyGeneratePcm x86_64 /Users/c4v4h/Library/Developer/Xcode/DerivedData/CascadeAddonPlatform/SDKExplicitPrecompiledModules/MachO-4GW6J1F51Y1U6UTBLZM9FI5XE.pcm

SwiftExplicitDependencyGeneratePcm x86_64 /Users/c4v4h/Library/Developer/Xcode/DerivedData/CascadeAddonPlatform/SDKExplicitPrecompiledModules/libkern-CB0UZ2K0FM3LIBFH4F126UX71.pcm

SwiftExplicitDependencyGeneratePcm arm64 /Users/c4v4h/Library/Developer/Xcode/DerivedData/CascadeAddonPlatform/SDKExplicitPrecompiledModules/launch-8CF5UNJFU1ZEZJRI81PBFUDG9.pcm

SwiftExplicitDependencyGeneratePcm arm64 /Users/c4v4h/Library/Developer/Xcode/DerivedData/CascadeAddonPlatform/SDKExplicitPrecompiledModules/libkern-A5TDDEISO6FT1TC1XOF5ABSDI.pcm

SwiftExplicitDependencyGeneratePcm arm64 /Users/c4v4h/Library/Developer/Xcode/DerivedData/CascadeAddonPlatform/SDKExplicitPrecompiledModules/CUPS-6JYKXC1Y37QC0VADM3LCDU933.pcm

SwiftExplicitDependencyGeneratePcm x86_64 /Users/c4v4h/Library/Developer/Xcode/DerivedData/CascadeAddonPlatform/SDKExplicitPrecompiledModules/CUPS-7TAKW126NDZE71P63FGO80KN9.pcm

SwiftExplicitDependencyGeneratePcm arm64 /Users/c4v4h/Library/Developer/Xcode/DerivedData/CascadeAddonPlatform/SDKExplicitPrecompiledModules/ObjectiveC-DWO8IP70751LASP16537WNRA0.pcm

SwiftExplicitDependencyGeneratePcm x86_64 /Users/c4v4h/Library/Developer/Xcode/DerivedData/CascadeAddonPlatform/SDKExplicitPrecompiledModules/launch-4CF4CQ55NG7EM9DU7FB3M0L7G.pcm

SwiftExplicitDependencyGeneratePcm x86_64 /Users/c4v4h/Library/Developer/Xcode/DerivedData/CascadeAddonPlatform/SDKExplicitPrecompiledModules/os_workgroup-8MLEZ4PX8I37VX3PW3VCDD57A.pcm

SwiftExplicitDependencyGeneratePcm x86_64 /Users/c4v4h/Library/Developer/Xcode/DerivedData/CascadeAddonPlatform/SDKExplicitPrecompiledModules/ObjectiveC-AL0BQUOXGYQDOD340LJ3K5O3S.pcm

SwiftExplicitDependencyGeneratePcm arm64 /Users/c4v4h/Library/Developer/Xcode/DerivedData/CascadeAddonPlatform/SDKExplicitPrecompiledModules/MachO-2EA6USV351EFNGGFFETMVNBDX.pcm

SwiftExplicitDependencyGeneratePcm x86_64 /Users/c4v4h/Library/Developer/Xcode/DerivedData/CascadeAddonPlatform/SDKExplicitPrecompiledModules/Dispatch-DTJ2ZGJSJCXTXBTDG9TYCUV0P.pcm

SwiftExplicitDependencyGeneratePcm arm64 /Users/c4v4h/Library/Developer/Xcode/DerivedData/CascadeAddonPlatform/SDKExplicitPrecompiledModules/os_object-C7ETGHF64SO4HZQVXZCFTE6VE.pcm

SwiftExplicitDependencyGeneratePcm arm64 /Users/c4v4h/Library/Developer/Xcode/DerivedData/CascadeAddonPlatform/SDKExplicitPrecompiledModules/Spatial-ET5L4CGEEH50PER7X6KKJ1NK.pcm

SwiftExplicitDependencyGeneratePcm x86_64 /Users/c4v4h/Library/Developer/Xcode/DerivedData/CascadeAddonPlatform/SDKExplicitPrecompiledModules/os_object-2OEDEOQ87RIXEA4ZPWAY5N2WL.pcm

SwiftExplicitDependencyGeneratePcm arm64 /Users/c4v4h/Library/Developer/Xcode/DerivedData/CascadeAddonPlatform/SDKExplicitPrecompiledModules/ObjectiveC-14DNY2X65I5S7IY8622TFBUAL.pcm

SwiftExplicitDependencyGeneratePcm arm64 /Users/c4v4h/Library/Developer/Xcode/DerivedData/CascadeAddonPlatform/SDKExplicitPrecompiledModules/os_workgroup-U4DHDNWZ2EVP9UK1P03B0Z8O.pcm

SwiftExplicitDependencyGeneratePcm x86_64 /Users/c4v4h/Library/Developer/Xcode/DerivedData/CascadeAddonPlatform/SDKExplicitPrecompiledModules/CoreFoundation-IA9Y5O1QXIQ38G4LIYSF1808.pcm

SwiftExplicitDependencyGeneratePcm x86_64 /Users/c4v4h/Library/Developer/Xcode/DerivedData/CascadeAddonPlatform/SDKExplicitPrecompiledModules/dnssd-C9CKQ32BNBOUZ5EEDQ0E07K75.pcm

SwiftExplicitDependencyGeneratePcm x86_64 /Users/c4v4h/Library/Developer/Xcode/DerivedData/CascadeAddonPlatform/SDKExplicitPrecompiledModules/XPC-1IQO084T3VAOJW1IOLU9IS0T8.pcm

SwiftExplicitDependencyGeneratePcm x86_64 /Users/c4v4h/Library/Developer/Xcode/DerivedData/CascadeAddonPlatform/SDKExplicitPrecompiledModules/os_workgroup-ERLLAAZ5CSLFLFIAPR6V2YGFE.pcm

SwiftExplicitDependencyGeneratePcm arm64 /Users/c4v4h/Library/Developer/Xcode/DerivedData/CascadeAddonPlatform/SDKExplicitPrecompiledModules/Dispatch-DRA4E79RKU5C071X3WTZGKB0M.pcm

SwiftExplicitDependencyGeneratePcm x86_64 /Users/c4v4h/Library/Developer/Xcode/DerivedData/CascadeAddonPlatform/SDKExplicitPrecompiledModules/Dispatch-9QYRBQF6ZDVE7M8BXWFBQRRMX.pcm

SwiftExplicitDependencyGeneratePcm arm64 /Users/c4v4h/Library/Developer/Xcode/DerivedData/CascadeAddonPlatform/SDKExplicitPrecompiledModules/os_object-819FREZDF023MQ5IVD14TT7PA.pcm

SwiftExplicitDependencyGeneratePcm x86_64 /Users/c4v4h/Library/Developer/Xcode/DerivedData/CascadeAddonPlatform/SDKExplicitPrecompiledModules/os-3T9EONVVKOIQSXYZ43SUAC21J.pcm

SwiftExplicitDependencyGeneratePcm x86_64 /Users/c4v4h/Library/Developer/Xcode/DerivedData/CascadeAddonPlatform/SDKExplicitPrecompiledModules/CFNetwork-1Z7Z1Z2XXBH6QVT38A9094RDT.pcm

SwiftExplicitDependencyGeneratePcm x86_64 /Users/c4v4h/Library/Developer/Xcode/DerivedData/CascadeAddonPlatform/SDKExplicitPrecompiledModules/IOKit-11SDE97O91XLC4MRX5PXOPT9Q.pcm

SwiftExplicitDependencyGeneratePcm x86_64 /Users/c4v4h/Library/Developer/Xcode/DerivedData/CascadeAddonPlatform/SDKExplicitPrecompiledModules/Security-7DT288KHF981H1Y89JWTWNEN1.pcm

SwiftExplicitDependencyGeneratePcm arm64 /Users/c4v4h/Library/Developer/Xcode/DerivedData/CascadeAddonPlatform/SDKExplicitPrecompiledModules/os_workgroup-E703HGC3TF41H6HSG4A1AGC6A.pcm

SwiftExplicitDependencyGeneratePcm arm64 /Users/c4v4h/Library/Developer/Xcode/DerivedData/CascadeAddonPlatform/SDKExplicitPrecompiledModules/dnssd-Q4JZKTI2QW1B1QXR1HI8PMK0.pcm

SwiftExplicitDependencyGeneratePcm x86_64 /Users/c4v4h/Library/Developer/Xcode/DerivedData/CascadeAddonPlatform/SDKExplicitPrecompiledModules/XPC-A8X386F4RNVJP1HRIHFC9RT9O.pcm

SwiftExplicitDependencyGeneratePcm arm64 /Users/c4v4h/Library/Developer/Xcode/DerivedData/CascadeAddonPlatform/SDKExplicitPrecompiledModules/CoreFoundation-3TLBJJ97C0TUQIYOIF3GC3HVF.pcm

SwiftExplicitDependencyGeneratePcm arm64 /Users/c4v4h/Library/Developer/Xcode/DerivedData/CascadeAddonPlatform/SDKExplicitPrecompiledModules/XPC-DY8IU6CJG00113T6S2C9DDDJE.pcm

SwiftExplicitDependencyGeneratePcm x86_64 /Users/c4v4h/Library/Developer/Xcode/DerivedData/CascadeAddonPlatform/SDKExplicitPrecompiledModules/dnssd-9NYDCSN0TPBEJ26DHI21UXBVB.pcm

SwiftExplicitDependencyGeneratePcm x86_64 /Users/c4v4h/Library/Developer/Xcode/DerivedData/CascadeAddonPlatform/SDKExplicitPrecompiledModules/Spatial-1A4P44405KLTHPWAK2LI3UBJ3.pcm

SwiftExplicitDependencyGeneratePcm x86_64 /Users/c4v4h/Library/Developer/Xcode/DerivedData/CascadeAddonPlatform/SDKExplicitPrecompiledModules/CoreFoundation-4P0ZX2FMWGR13GF2YI3ZQCC9N.pcm

SwiftExplicitDependencyGeneratePcm arm64 /Users/c4v4h/Library/Developer/Xcode/DerivedData/CascadeAddonPlatform/SDKExplicitPrecompiledModules/Dispatch-D5Y7BH4HAEGTRN95WJ1A40O5L.pcm

SwiftExplicitDependencyGeneratePcm x86_64 /Users/c4v4h/Library/Developer/Xcode/DerivedData/CascadeAddonPlatform/SDKExplicitPrecompiledModules/os-22B986SN8ZVZ1GI6BMCDT7VS9.pcm

SwiftExplicitDependencyGeneratePcm arm64 /Users/c4v4h/Library/Developer/Xcode/DerivedData/CascadeAddonPlatform/SDKExplicitPrecompiledModules/os-8V4CSGQNUSTV741ION1T0NW4O.pcm

SwiftExplicitDependencyGeneratePcm arm64 /Users/c4v4h/Library/Developer/Xcode/DerivedData/CascadeAddonPlatform/SDKExplicitPrecompiledModules/dnssd-D3QMJD050W4ME4ZQBR86TSBKD.pcm

SwiftExplicitDependencyGeneratePcm arm64 /Users/c4v4h/Library/Developer/Xcode/DerivedData/CascadeAddonPlatform/SDKExplicitPrecompiledModules/XPC-GP1EKW4NFU4YKQOXB856L6C3.pcm

SwiftExplicitDependencyGeneratePcm arm64 /Users/c4v4h/Library/Developer/Xcode/DerivedData/CascadeAddonPlatform/SDKExplicitPrecompiledModules/CFNetwork-CSYJ2O1QEDH6NE5XOIVL2Q4BU.pcm

SwiftExplicitDependencyGeneratePcm x86_64 /Users/c4v4h/Library/Developer/Xcode/DerivedData/CascadeAddonPlatform/SDKExplicitPrecompiledModules/Security-A87VEDJRCD06ZQ9H1XRQB7Q8Q.pcm

SwiftExplicitDependencyGeneratePcm x86_64 /Users/c4v4h/Library/Developer/Xcode/DerivedData/CascadeAddonPlatform/SDKExplicitPrecompiledModules/IOKit-7VIK65HLE6YNZUXNDMDQLNCH0.pcm

SwiftExplicitDependencyGeneratePcm x86_64 /Users/c4v4h/Library/Developer/Xcode/DerivedData/CascadeAddonPlatform/SDKExplicitPrecompiledModules/CFNetwork-5M6IYCLP4L5O44UN5R8XXQD6Z.pcm

SwiftExplicitDependencyGeneratePcm arm64 /Users/c4v4h/Library/Developer/Xcode/DerivedData/CascadeAddonPlatform/SDKExplicitPrecompiledModules/IOKit-82YLCLNKHSW5S44OVM3ZRNKR.pcm

SwiftExplicitDependencyGeneratePcm x86_64 /Users/c4v4h/Library/Developer/Xcode/DerivedData/CascadeAddonPlatform/SDKExplicitPrecompiledModules/CoreAudioTypes-ALV3FWIYZJNOH7F2X4UOVIAYR.pcm

SwiftExplicitDependencyGeneratePcm arm64 /Users/c4v4h/Library/Developer/Xcode/DerivedData/CascadeAddonPlatform/SDKExplicitPrecompiledModules/Security-24QRDWBWEW3HRSL9DWRZBJEP2.pcm

SwiftExplicitDependencyGeneratePcm x86_64 /Users/c4v4h/Library/Developer/Xcode/DerivedData/CascadeAddonPlatform/SDKExplicitPrecompiledModules/ColorSync-BDM3KYDVCKVMZHPWIIOUXJVVW.pcm

SwiftExplicitDependencyGeneratePcm x86_64 /Users/c4v4h/Library/Developer/Xcode/DerivedData/CascadeAddonPlatform/SDKExplicitPrecompiledModules/DiskArbitration-7DEG0YD069X3DJL1EL7P5XZ79.pcm

SwiftExplicitDependencyGeneratePcm arm64 /Users/c4v4h/Library/Developer/Xcode/DerivedData/CascadeAddonPlatform/SDKExplicitPrecompiledModules/os-EORX14GMVVAZ8NIUPOCYU4EB2.pcm

SwiftExplicitDependencyGeneratePcm arm64 /Users/c4v4h/Library/Developer/Xcode/DerivedData/CascadeAddonPlatform/SDKExplicitPrecompiledModules/CoreFoundation-40X8T2OEVYSCQHLCIK1FPK6X2.pcm

SwiftExplicitDependencyGeneratePcm x86_64 /Users/c4v4h/Library/Developer/Xcode/DerivedData/CascadeAddonPlatform/SDKExplicitPrecompiledModules/CoreServices-495J9T2QFIM8U1RFE8LRDZK19.pcm

SwiftExplicitDependencyGeneratePcm x86_64 /Users/c4v4h/Library/Developer/Xcode/DerivedData/CascadeAddonPlatform/SDKExplicitPrecompiledModules/CoreGraphics-2QRZPQWQPUQXWSDCK8DTRJFRE.pcm

SwiftExplicitDependencyGeneratePcm x86_64 /Users/c4v4h/Library/Developer/Xcode/DerivedData/CascadeAddonPlatform/SDKExplicitPrecompiledModules/DiskArbitration-EAJR3VZOBOL740490CGKNN5WT.pcm

SwiftExplicitDependencyGeneratePcm arm64 /Users/c4v4h/Library/Developer/Xcode/DerivedData/CascadeAddonPlatform/SDKExplicitPrecompiledModules/Security-41QASA82Z52PAS6I23TV8C6WF.pcm

SwiftExplicitDependencyGeneratePcm arm64 /Users/c4v4h/Library/Developer/Xcode/DerivedData/CascadeAddonPlatform/SDKExplicitPrecompiledModules/ColorSync-BNM00C60J7KZKQA6S6G6N4SKA.pcm

SwiftExplicitDependencyGeneratePcm arm64 /Users/c4v4h/Library/Developer/Xcode/DerivedData/CascadeAddonPlatform/SDKExplicitPrecompiledModules/IOKit-1SHRVEJ73PH1R7OOX14RX22Q9.pcm

SwiftExplicitDependencyGeneratePcm arm64 /Users/c4v4h/Library/Developer/Xcode/DerivedData/CascadeAddonPlatform/SDKExplicitPrecompiledModules/CoreAudioTypes-DJ1DAB5MFCQXMF76L2MNU1PZW.pcm

SwiftExplicitDependencyGeneratePcm arm64 /Users/c4v4h/Library/Developer/Xcode/DerivedData/CascadeAddonPlatform/SDKExplicitPrecompiledModules/CFNetwork-87ST1HM1BMHLYU4RDJDRK4CJN.pcm

SwiftExplicitDependencyGeneratePcm arm64 /Users/c4v4h/Library/Developer/Xcode/DerivedData/CascadeAddonPlatform/SDKExplicitPrecompiledModules/DiskArbitration-AT0MO6KYV8AZSY0I969GQSUS6.pcm

SwiftExplicitDependencyGeneratePcm x86_64 /Users/c4v4h/Library/Developer/Xcode/DerivedData/CascadeAddonPlatform/SDKExplicitPrecompiledModules/CoreServices-CKYKL8AV4P6JIL3E748WLU9NV.pcm

SwiftExplicitDependencyGeneratePcm x86_64 /Users/c4v4h/Library/Developer/Xcode/DerivedData/CascadeAddonPlatform/SDKExplicitPrecompiledModules/CoreText-A37C4XP01PMVGE8AJDEEDXM05.pcm

SwiftExplicitDependencyGeneratePcm x86_64 /Users/c4v4h/Library/Developer/Xcode/DerivedData/CascadeAddonPlatform/SDKExplicitPrecompiledModules/ImageIO-DB43Z6RDDDW60CJI08AVEL943.pcm

SwiftExplicitDependencyGeneratePcm x86_64 /Users/c4v4h/Library/Developer/Xcode/DerivedData/CascadeAddonPlatform/SDKExplicitPrecompiledModules/Foundation-DF4TVOMCX9WD7R16JI387LGWL.pcm

SwiftExplicitDependencyGeneratePcm arm64 /Users/c4v4h/Library/Developer/Xcode/DerivedData/CascadeAddonPlatform/SDKExplicitPrecompiledModules/CoreServices-9IW1QHPKPQ5HH00OK4TA3JI0N.pcm

SwiftExplicitDependencyGeneratePcm arm64 /Users/c4v4h/Library/Developer/Xcode/DerivedData/CascadeAddonPlatform/SDKExplicitPrecompiledModules/CoreGraphics-BEVSMG4L0LKNNY3IYZVICQUS7.pcm

SwiftExplicitDependencyGeneratePcm arm64 /Users/c4v4h/Library/Developer/Xcode/DerivedData/CascadeAddonPlatform/SDKExplicitPrecompiledModules/DiskArbitration-F2RHN9YWL4X24Q4R9VFE10TMP.pcm

SwiftExplicitDependencyGeneratePcm arm64 /Users/c4v4h/Library/Developer/Xcode/DerivedData/CascadeAddonPlatform/SDKExplicitPrecompiledModules/CoreServices-AM59F8GFT0BUGZLGMN7K70LM2.pcm

SwiftExplicitDependencyGeneratePcm x86_64 /Users/c4v4h/Library/Developer/Xcode/DerivedData/CascadeAddonPlatform/SDKExplicitPrecompiledModules/Foundation-39QROUJRBXYRFQ9WS259M7M3E.pcm

SwiftExplicitDependencyGeneratePcm arm64 /Users/c4v4h/Library/Developer/Xcode/DerivedData/CascadeAddonPlatform/SDKExplicitPrecompiledModules/ImageIO-AOQD3DMK8XNVUHKRZZ3LD9951.pcm

SwiftExplicitDependencyGeneratePcm arm64 /Users/c4v4h/Library/Developer/Xcode/DerivedData/CascadeAddonPlatform/SDKExplicitPrecompiledModules/CoreText-EVJUTFO6V8VRN2PSCM4MTX18W.pcm

SwiftExplicitDependencyGeneratePcm arm64 /Users/c4v4h/Library/Developer/Xcode/DerivedData/CascadeAddonPlatform/SDKExplicitPrecompiledModules/Foundation-5Y1YK1TX1AHMI3CZ4IPW43PBU.pcm

SwiftExplicitDependencyGeneratePcm x86_64 /Users/c4v4h/Library/Developer/Xcode/DerivedData/CascadeAddonPlatform/SDKExplicitPrecompiledModules/UniformTypeIdentifiers-9ICJOYG290SXOSYDEN68UDP9R.pcm

SwiftExplicitDependencyGeneratePcm x86_64 /Users/c4v4h/Library/Developer/Xcode/DerivedData/CascadeAddonPlatform/SDKExplicitPrecompiledModules/OSLog-E64UMD83HCHQTRZRE9HC5WF6Q.pcm

SwiftExplicitDependencyGeneratePcm x86_64 /Users/c4v4h/Library/Developer/Xcode/DerivedData/CascadeAddonPlatform/SDKExplicitPrecompiledModules/Network-6PYF264VTYRIUAGR64QBFBMLF.pcm

SwiftEmitModule normal x86_64 Emitting\ module\ for\ CascadeProbeProvider (in target 'ProbeProvider' from project 'AddonPlatform')

SwiftCompile normal x86_64 (in target 'ProbeProvider' from project 'AddonPlatform')
    cd /Users/c4v4h/Library/Mobile\ Documents/com\~apple\~CloudDocs/Projects/XcodeProjects/Cascade/Prototypes/AddonPlatform
    

SwiftCompile normal x86_64 Compiling\ ProbeMessage.swift /Users/c4v4h/Library/Mobile\ Documents/com~apple~CloudDocs/Projects/XcodeProjects/Cascade/Prototypes/AddonPlatform/Shared/ProbeMessage.swift (in target 'ProbeProvider' from project 'AddonPlatform')

SwiftCompile normal x86_64 /Users/c4v4h/Library/Mobile\ Documents/com~apple~CloudDocs/Projects/XcodeProjects/Cascade/Prototypes/AddonPlatform/Shared/ProbeMessage.swift (in target 'ProbeProvider' from project 'AddonPlatform')
    cd /Users/c4v4h/Library/Mobile\ Documents/com\~apple\~CloudDocs/Projects/XcodeProjects/Cascade/Prototypes/AddonPlatform
    builtin-SwiftPerFileCompile ProbeMessage.swift

SwiftCompile normal x86_64 Compiling\ ProbeProvider.swift /Users/c4v4h/Library/Mobile\ Documents/com~apple~CloudDocs/Projects/XcodeProjects/Cascade/Prototypes/AddonPlatform/Provider/ProbeProvider.swift (in target 'ProbeProvider' from project 'AddonPlatform')

SwiftCompile normal x86_64 /Users/c4v4h/Library/Mobile\ Documents/com~apple~CloudDocs/Projects/XcodeProjects/Cascade/Prototypes/AddonPlatform/Provider/ProbeProvider.swift (in target 'ProbeProvider' from project 'AddonPlatform')
    cd /Users/c4v4h/Library/Mobile\ Documents/com\~apple\~CloudDocs/Projects/XcodeProjects/Cascade/Prototypes/AddonPlatform
    builtin-SwiftPerFileCompile ProbeProvider.swift

SwiftExplicitDependencyGeneratePcm arm64 /Users/c4v4h/Library/Developer/Xcode/DerivedData/CascadeAddonPlatform/SDKExplicitPrecompiledModules/Foundation-7QL2DGJ9D4B58VIN07MP52OCL.pcm

SwiftExplicitDependencyGeneratePcm x86_64 /Users/c4v4h/Library/Developer/Xcode/DerivedData/CascadeAddonPlatform/SDKExplicitPrecompiledModules/Accessibility-C2EX6NS0CPMCOC4MSG0O1VM0X.pcm

SwiftExplicitDependencyGeneratePcm x86_64 /Users/c4v4h/Library/Developer/Xcode/DerivedData/CascadeAddonPlatform/SDKExplicitPrecompiledModules/OSLog-DPEOG03AQ9DI0LW9E8YV2ARQ6.pcm

SwiftExplicitDependencyGeneratePcm x86_64 /Users/c4v4h/Library/Developer/Xcode/DerivedData/CascadeAddonPlatform/SDKExplicitPrecompiledModules/IOSurface-BLQ3LR0Q3FNJKI3JVGG7CT2VT.pcm

SwiftExplicitDependencyGeneratePcm x86_64 /Users/c4v4h/Library/Developer/Xcode/DerivedData/CascadeAddonPlatform/SDKExplicitPrecompiledModules/Symbols-9F0B8ZKF3F5GUS61JNKW614YB.pcm

SwiftDriverJobDiscovery normal x86_64 Emitting module for CascadeProbeProvider (in target 'ProbeProvider' from project 'AddonPlatform')

SwiftDriver\ Compilation\ Requirements ProbeProvider normal x86_64 com.apple.xcode.tools.swift.compiler (in target 'ProbeProvider' from project 'AddonPlatform')
    cd /Users/c4v4h/Library/Mobile\ Documents/com\~apple\~CloudDocs/Projects/XcodeProjects/Cascade/Prototypes/AddonPlatform
    builtin-Swift-Compilation-Requirements -- /Applications/Xcode-beta.app/Contents/Developer/Toolchains/XcodeDefault.xctoolchain/usr/bin/swiftc -module-name CascadeProbeProvider -Onone @/Users/c4v4h/Library/Developer/Xcode/DerivedData/CascadeAddonPlatform/Build/Intermediates.noindex/AddonPlatform.build/Debug/ProbeProvider.build/Objects-normal/x86_64/CascadeProbeProvider.SwiftFileList -DDEBUG -enable-bare-slash-regex -enable-experimental-feature DebugDescriptionMacro -sdk /Applications/Xcode-beta.app/Contents/Developer/Platforms/MacOSX.platform/Developer/SDKs/MacOSX27.0.sdk -target x86_64-apple-macos14.0 -g -module-cache-path /Users/c4v4h/Library/Developer/Xcode/DerivedData/CascadeAddonPlatform/ModuleCache.noindex -Xfrontend -serialize-debugging-options -application-extension -index-store-path /Users/c4v4h/Library/Developer/Xcode/DerivedData/CascadeAddonPlatform/Index.noindex/DataStore -swift-version 5 -I /Users/c4v4h/Library/Developer/Xcode/DerivedData/CascadeAddonPlatform/Build/Products/Debug -F /Users/c4v4h/Library/Developer/Xcode/DerivedData/CascadeAddonPlatform/Build/Products/Debug -c -j8 -enable-batch-mode -incremental -Xcc -ivfsstatcache -Xcc /Users/c4v4h/Library/Developer/Xcode/DerivedData/CascadeAddonPlatform/SDKStatCaches.noindex/macosx27.0-26A5419a-e829b21a6f8c9b70876ba0858053c04445874285e5972fffeae925c4ab065928.sdkstatcache -output-file-map /Users/c4v4h/Library/Developer/Xcode/DerivedData/CascadeAddonPlatform/Build/Intermediates.noindex/AddonPlatform.build/Debug/ProbeProvider.build/Objects-normal/x86_64/ProbeProvider-OutputFileMap.json -save-temps -no-color-diagnostics -explicit-module-build -module-cache-path /Users/c4v4h/Library/Developer/Xcode/DerivedData/CascadeAddonPlatform/Build/Intermediates.noindex/SwiftExplicitPrecompiledModules -clang-scanner-module-cache-path /Users/c4v4h/Library/Developer/Xcode/DerivedData/CascadeAddonPlatform/ModuleCache.noindex -sdk-module-cache-path /Users/c4v4h/Library/Developer/Xcode/DerivedData/CascadeAddonPlatform/SDKExplicitPrecompiledModules -emit-dependencies -emit-module -emit-module-path /Users/c4v4h/Library/Developer/Xcode/DerivedData/CascadeAddonPlatform/Build/Intermediates.noindex/AddonPlatform.build/Debug/ProbeProvider.build/Objects-normal/x86_64/CascadeProbeProvider.swiftmodule -serialize-diagnostics -dependency-scan-serialize-diagnostics-path /Users/c4v4h/Library/Developer/Xcode/DerivedData/CascadeAddonPlatform/Build/Intermediates.noindex/AddonPlatform.build/Debug/ProbeProvider.build/Objects-normal/x86_64/CascadeProbeProvider-dependency-scan.dia -validate-clang-modules-once -clang-build-session-file /Users/c4v4h/Library/Developer/Xcode/DerivedData/CascadeAddonPlatform/ModuleCache.noindex/Session.modulevalidation -Xcc -fmodules-prune-interval\=86400 -Xcc -fmodules-prune-after\=345600 -emit-const-values -const-gather-protocols-list /Users/c4v4h/Library/Developer/Xcode/DerivedData/CascadeAddonPlatform/Build/Intermediates.noindex/AddonPlatform.build/Debug/ProbeProvider.build/Objects-normal/x86_64/ProbeProvider_const_extract_protocols.json -Xcc -iquote -Xcc /Users/c4v4h/Library/Developer/Xcode/DerivedData/CascadeAddonPlatform/Build/Intermediates.noindex/AddonPlatform.build/Debug/ProbeProvider.build/CascadeProbeProvider-generated-files.hmap -Xcc -I/Users/c4v4h/Library/Developer/Xcode/DerivedData/CascadeAddonPlatform/Build/Intermediates.noindex/AddonPlatform.build/Debug/ProbeProvider.build/CascadeProbeProvider-own-target-headers.hmap -Xcc -I/Users/c4v4h/Library/Developer/Xcode/DerivedData/CascadeAddonPlatform/Build/Intermediates.noindex/AddonPlatform.build/Debug/ProbeProvider.build/CascadeProbeProvider-all-target-headers.hmap -Xcc -iquote -Xcc /Users/c4v4h/Library/Developer/Xcode/DerivedData/CascadeAddonPlatform/Build/Intermediates.noindex/AddonPlatform.build/Debug/ProbeProvider.build/CascadeProbeProvider-project-headers.hmap -Xcc -I/Users/c4v4h/Library/Developer/Xcode/DerivedData/CascadeAddonPlatform/Build/Products/Debug/include -Xcc -I/Users/c4v4h/Library/Developer/Xcode/DerivedData/CascadeAddonPlatform/Build/Intermediates.noindex/AddonPlatform.build/Debug/ProbeProvider.build/DerivedSources-normal/x86_64 -Xcc -I/Users/c4v4h/Library/Developer/Xcode/DerivedData/CascadeAddonPlatform/Build/Intermediates.noindex/AddonPlatform.build/Debug/ProbeProvider.build/DerivedSources/x86_64 -Xcc -I/Users/c4v4h/Library/Developer/Xcode/DerivedData/CascadeAddonPlatform/Build/Intermediates.noindex/AddonPlatform.build/Debug/ProbeProvider.build/DerivedSources -emit-objc-header -emit-objc-header-path /Users/c4v4h/Library/Developer/Xcode/DerivedData/CascadeAddonPlatform/Build/Intermediates.noindex/AddonPlatform.build/Debug/ProbeProvider.build/Objects-normal/x86_64/CascadeProbeProvider-Swift.h -working-directory /Users/c4v4h/Library/Mobile\ Documents/com\~apple\~CloudDocs/Projects/XcodeProjects/Cascade/Prototypes/AddonPlatform -experimental-emit-module-separately -disable-cmo

SwiftExplicitDependencyGeneratePcm x86_64 /Users/c4v4h/Library/Developer/Xcode/DerivedData/CascadeAddonPlatform/SDKExplicitPrecompiledModules/CoreAudio-4I6N7FN2S69S04XCVZP7U8ZAX.pcm

SwiftExplicitDependencyGeneratePcm x86_64 /Users/c4v4h/Library/Developer/Xcode/DerivedData/CascadeAddonPlatform/SDKExplicitPrecompiledModules/CoreData-1UR0UJKYWF85R32VLH8P9YOP6.pcm

Copy /Users/c4v4h/Library/Developer/Xcode/DerivedData/CascadeAddonPlatform/Build/Products/Debug/CascadeProbeProvider.swiftmodule/x86_64-apple-macos.swiftmodule /Users/c4v4h/Library/Developer/Xcode/DerivedData/CascadeAddonPlatform/Build/Intermediates.noindex/AddonPlatform.build/Debug/ProbeProvider.build/Objects-normal/x86_64/CascadeProbeProvider.swiftmodule (in target 'ProbeProvider' from project 'AddonPlatform')
    cd /Users/c4v4h/Library/Mobile\ Documents/com\~apple\~CloudDocs/Projects/XcodeProjects/Cascade/Prototypes/AddonPlatform
    builtin-copy -exclude .DS_Store -exclude CVS -exclude .svn -exclude .git -exclude .hg -strip-unsigned-binaries -strip-deterministic -strip-tool /Applications/Xcode-beta.app/Contents/Developer/Toolchains/XcodeDefault.xctoolchain/usr/bin/strip -resolve-src-symlinks -rename /Users/c4v4h/Library/Developer/Xcode/DerivedData/CascadeAddonPlatform/Build/Intermediates.noindex/AddonPlatform.build/Debug/ProbeProvider.build/Objects-normal/x86_64/CascadeProbeProvider.swiftmodule /Users/c4v4h/Library/Developer/Xcode/DerivedData/CascadeAddonPlatform/Build/Products/Debug/CascadeProbeProvider.swiftmodule/x86_64-apple-macos.swiftmodule

Copy /Users/c4v4h/Library/Developer/Xcode/DerivedData/CascadeAddonPlatform/Build/Products/Debug/CascadeProbeProvider.swiftmodule/x86_64-apple-macos.swiftdoc /Users/c4v4h/Library/Developer/Xcode/DerivedData/CascadeAddonPlatform/Build/Intermediates.noindex/AddonPlatform.build/Debug/ProbeProvider.build/Objects-normal/x86_64/CascadeProbeProvider.swiftdoc (in target 'ProbeProvider' from project 'AddonPlatform')
    cd /Users/c4v4h/Library/Mobile\ Documents/com\~apple\~CloudDocs/Projects/XcodeProjects/Cascade/Prototypes/AddonPlatform
    builtin-copy -exclude .DS_Store -exclude CVS -exclude .svn -exclude .git -exclude .hg -strip-unsigned-binaries -strip-deterministic -strip-tool /Applications/Xcode-beta.app/Contents/Developer/Toolchains/XcodeDefault.xctoolchain/usr/bin/strip -resolve-src-symlinks -rename /Users/c4v4h/Library/Developer/Xcode/DerivedData/CascadeAddonPlatform/Build/Intermediates.noindex/AddonPlatform.build/Debug/ProbeProvider.build/Objects-normal/x86_64/CascadeProbeProvider.swiftdoc /Users/c4v4h/Library/Developer/Xcode/DerivedData/CascadeAddonPlatform/Build/Products/Debug/CascadeProbeProvider.swiftmodule/x86_64-apple-macos.swiftdoc

Copy /Users/c4v4h/Library/Developer/Xcode/DerivedData/CascadeAddonPlatform/Build/Products/Debug/CascadeProbeProvider.swiftmodule/x86_64-apple-macos.abi.json /Users/c4v4h/Library/Developer/Xcode/DerivedData/CascadeAddonPlatform/Build/Intermediates.noindex/AddonPlatform.build/Debug/ProbeProvider.build/Objects-normal/x86_64/CascadeProbeProvider.abi.json (in target 'ProbeProvider' from project 'AddonPlatform')
    cd /Users/c4v4h/Library/Mobile\ Documents/com\~apple\~CloudDocs/Projects/XcodeProjects/Cascade/Prototypes/AddonPlatform
    builtin-copy -exclude .DS_Store -exclude CVS -exclude .svn -exclude .git -exclude .hg -strip-unsigned-binaries -strip-deterministic -strip-tool /Applications/Xcode-beta.app/Contents/Developer/Toolchains/XcodeDefault.xctoolchain/usr/bin/strip -resolve-src-symlinks -rename /Users/c4v4h/Library/Developer/Xcode/DerivedData/CascadeAddonPlatform/Build/Intermediates.noindex/AddonPlatform.build/Debug/ProbeProvider.build/Objects-normal/x86_64/CascadeProbeProvider.abi.json /Users/c4v4h/Library/Developer/Xcode/DerivedData/CascadeAddonPlatform/Build/Products/Debug/CascadeProbeProvider.swiftmodule/x86_64-apple-macos.abi.json

Copy /Users/c4v4h/Library/Developer/Xcode/DerivedData/CascadeAddonPlatform/Build/Products/Debug/CascadeProbeProvider.swiftmodule/Project/x86_64-apple-macos.swiftsourceinfo /Users/c4v4h/Library/Developer/Xcode/DerivedData/CascadeAddonPlatform/Build/Intermediates.noindex/AddonPlatform.build/Debug/ProbeProvider.build/Objects-normal/x86_64/CascadeProbeProvider.swiftsourceinfo (in target 'ProbeProvider' from project 'AddonPlatform')
    cd /Users/c4v4h/Library/Mobile\ Documents/com\~apple\~CloudDocs/Projects/XcodeProjects/Cascade/Prototypes/AddonPlatform
    builtin-copy -exclude .DS_Store -exclude CVS -exclude .svn -exclude .git -exclude .hg -strip-unsigned-binaries -strip-deterministic -strip-tool /Applications/Xcode-beta.app/Contents/Developer/Toolchains/XcodeDefault.xctoolchain/usr/bin/strip -resolve-src-symlinks -rename /Users/c4v4h/Library/Developer/Xcode/DerivedData/CascadeAddonPlatform/Build/Intermediates.noindex/AddonPlatform.build/Debug/ProbeProvider.build/Objects-normal/x86_64/CascadeProbeProvider.swiftsourceinfo /Users/c4v4h/Library/Developer/Xcode/DerivedData/CascadeAddonPlatform/Build/Products/Debug/CascadeProbeProvider.swiftmodule/Project/x86_64-apple-macos.swiftsourceinfo

SwiftExplicitDependencyGeneratePcm x86_64 /Users/c4v4h/Library/Developer/Xcode/DerivedData/CascadeAddonPlatform/SDKExplicitPrecompiledModules/OpenGL-51HIS0B887G7XI383ZF3ZEDLK.pcm

SwiftExplicitDependencyGeneratePcm x86_64 /Users/c4v4h/Library/Developer/Xcode/DerivedData/CascadeAddonPlatform/SDKExplicitPrecompiledModules/Metal-3CTISTFB3HLP9CQH0Z55BOMTD.pcm

SwiftExplicitDependencyGeneratePcm x86_64 /Users/c4v4h/Library/Developer/Xcode/DerivedData/CascadeAddonPlatform/SDKExplicitPrecompiledModules/ApplicationServices-63G9RCCQCNQMOVAE6S8TMC84G.pcm

SwiftExplicitDependencyGeneratePcm arm64 /Users/c4v4h/Library/Developer/Xcode/DerivedData/CascadeAddonPlatform/SDKExplicitPrecompiledModules/Network-30UIH4Z5D5CEMPMPKYXJ2VN0G.pcm

SwiftExplicitDependencyGeneratePcm x86_64 /Users/c4v4h/Library/Developer/Xcode/DerivedData/CascadeAddonPlatform/SDKExplicitPrecompiledModules/CoreTransferable-8MXW8WVV46A2HUNHQQGT47AFF.pcm

SwiftExplicitDependencyGeneratePcm x86_64 /Users/c4v4h/Library/Developer/Xcode/DerivedData/CascadeAddonPlatform/SDKExplicitPrecompiledModules/Network-5J6HN2P1E46XSZ114OBNG019D.pcm

SwiftExplicitDependencyGeneratePcm x86_64 /Users/c4v4h/Library/Developer/Xcode/DerivedData/CascadeAddonPlatform/SDKExplicitPrecompiledModules/DataDetection-WY8VS3ROL8CDK7DLSCGQH6ZS.pcm

SwiftExplicitDependencyGeneratePcm x86_64 /Users/c4v4h/Library/Developer/Xcode/DerivedData/CascadeAddonPlatform/SDKExplicitPrecompiledModules/UniformTypeIdentifiers-8L2CKDRE7FBOYHR02X7A3BA71.pcm

SwiftExplicitDependencyGeneratePcm arm64 /Users/c4v4h/Library/Developer/Xcode/DerivedData/CascadeAddonPlatform/SDKExplicitPrecompiledModules/UniformTypeIdentifiers-5475DII9CRRRCWCO9K6DF78ZH.pcm

SwiftExplicitDependencyGeneratePcm arm64 /Users/c4v4h/Library/Developer/Xcode/DerivedData/CascadeAddonPlatform/SDKExplicitPrecompiledModules/OSLog-EVQ0FWWVSLZMIA58RKS3AEO1M.pcm

SwiftExplicitDependencyGeneratePcm x86_64 /Users/c4v4h/Library/Developer/Xcode/DerivedData/CascadeAddonPlatform/SDKExplicitPrecompiledModules/CoreVideo-1I0DZGVEY8K9BOD5WNHEJFJK8.pcm

SwiftExplicitDependencyGeneratePcm arm64 /Users/c4v4h/Library/Developer/Xcode/DerivedData/CascadeAddonPlatform/SDKExplicitPrecompiledModules/IOSurface-DRTMLDH3IKRYFIF25Y3A3LDHN.pcm

SwiftExplicitDependencyGeneratePcm arm64 /Users/c4v4h/Library/Developer/Xcode/DerivedData/CascadeAddonPlatform/SDKExplicitPrecompiledModules/DataDetection-C2QDAAK0C4MTE57FZ76I513YO.pcm

SwiftExplicitDependencyGeneratePcm arm64 /Users/c4v4h/Library/Developer/Xcode/DerivedData/CascadeAddonPlatform/SDKExplicitPrecompiledModules/OSLog-E1CIMXNKR270D64APKUMBT0RH.pcm

SwiftExplicitDependencyGeneratePcm arm64 /Users/c4v4h/Library/Developer/Xcode/DerivedData/CascadeAddonPlatform/SDKExplicitPrecompiledModules/ApplicationServices-DXGMQ1BQ06BLF6CYBGT89Q3W2.pcm

SwiftExplicitDependencyGeneratePcm arm64 /Users/c4v4h/Library/Developer/Xcode/DerivedData/CascadeAddonPlatform/SDKExplicitPrecompiledModules/Network-3LCPSMXU8894XUCUHZO73G0E5.pcm

SwiftEmitModule normal arm64 Emitting\ module\ for\ CascadeProbeProvider (in target 'ProbeProvider' from project 'AddonPlatform')

SwiftCompile normal arm64 (in target 'ProbeProvider' from project 'AddonPlatform')
    cd /Users/c4v4h/Library/Mobile\ Documents/com\~apple\~CloudDocs/Projects/XcodeProjects/Cascade/Prototypes/AddonPlatform
    

SwiftExplicitDependencyGeneratePcm arm64 /Users/c4v4h/Library/Developer/Xcode/DerivedData/CascadeAddonPlatform/SDKExplicitPrecompiledModules/Symbols-D3DL9Y306UAN0DWZYI8EVITNH.pcm

SwiftExplicitDependencyGeneratePcm x86_64 /Users/c4v4h/Library/Developer/Xcode/DerivedData/CascadeAddonPlatform/SDKExplicitPrecompiledModules/CoreImage-76DQ0NG4ZG7DHXRXT93L2EWTH.pcm

SwiftExplicitDependencyGeneratePcm arm64 /Users/c4v4h/Library/Developer/Xcode/DerivedData/CascadeAddonPlatform/SDKExplicitPrecompiledModules/OpenGL-ABYREWATCCNZWY6G6KVUYD2E4.pcm

SwiftExplicitDependencyGeneratePcm x86_64 /Users/c4v4h/Library/Developer/Xcode/DerivedData/CascadeAddonPlatform/SDKExplicitPrecompiledModules/CoreMedia-59PIELVKDMS2S9MZ5NSKT5OFM.pcm

SwiftExplicitDependencyGeneratePcm x86_64 /Users/c4v4h/Library/Developer/Xcode/DerivedData/CascadeAddonPlatform/SDKExplicitPrecompiledModules/QuartzCore-90CV3UBD89HFCNB7ODVL9T8CX.pcm

SwiftExplicitDependencyGeneratePcm arm64 /Users/c4v4h/Library/Developer/Xcode/DerivedData/CascadeAddonPlatform/SDKExplicitPrecompiledModules/CoreAudio-E6XQT3I28NM1O1WY23YS3AYLR.pcm

SwiftExplicitDependencyGeneratePcm arm64 /Users/c4v4h/Library/Developer/Xcode/DerivedData/CascadeAddonPlatform/SDKExplicitPrecompiledModules/CoreTransferable-B41PA3MS81LKA0U1XD33RFYS8.pcm

SwiftDriverJobDiscovery normal arm64 Emitting module for CascadeProbeProvider (in target 'ProbeProvider' from project 'AddonPlatform')

SwiftDriver\ Compilation\ Requirements ProbeProvider normal arm64 com.apple.xcode.tools.swift.compiler (in target 'ProbeProvider' from project 'AddonPlatform')
    cd /Users/c4v4h/Library/Mobile\ Documents/com\~apple\~CloudDocs/Projects/XcodeProjects/Cascade/Prototypes/AddonPlatform
    builtin-Swift-Compilation-Requirements -- /Applications/Xcode-beta.app/Contents/Developer/Toolchains/XcodeDefault.xctoolchain/usr/bin/swiftc -module-name CascadeProbeProvider -Onone @/Users/c4v4h/Library/Developer/Xcode/DerivedData/CascadeAddonPlatform/Build/Intermediates.noindex/AddonPlatform.build/Debug/ProbeProvider.build/Objects-normal/arm64/CascadeProbeProvider.SwiftFileList -DDEBUG -enable-bare-slash-regex -enable-experimental-feature DebugDescriptionMacro -sdk /Applications/Xcode-beta.app/Contents/Developer/Platforms/MacOSX.platform/Developer/SDKs/MacOSX27.0.sdk -target arm64-apple-macos14.0 -g -module-cache-path /Users/c4v4h/Library/Developer/Xcode/DerivedData/CascadeAddonPlatform/ModuleCache.noindex -Xfrontend -serialize-debugging-options -application-extension -index-store-path /Users/c4v4h/Library/Developer/Xcode/DerivedData/CascadeAddonPlatform/Index.noindex/DataStore -swift-version 5 -I /Users/c4v4h/Library/Developer/Xcode/DerivedData/CascadeAddonPlatform/Build/Products/Debug -F /Users/c4v4h/Library/Developer/Xcode/DerivedData/CascadeAddonPlatform/Build/Products/Debug -c -j8 -enable-batch-mode -incremental -Xcc -ivfsstatcache -Xcc /Users/c4v4h/Library/Developer/Xcode/DerivedData/CascadeAddonPlatform/SDKStatCaches.noindex/macosx27.0-26A5419a-e829b21a6f8c9b70876ba0858053c04445874285e5972fffeae925c4ab065928.sdkstatcache -output-file-map /Users/c4v4h/Library/Developer/Xcode/DerivedData/CascadeAddonPlatform/Build/Intermediates.noindex/AddonPlatform.build/Debug/ProbeProvider.build/Objects-normal/arm64/ProbeProvider-OutputFileMap.json -save-temps -no-color-diagnostics -explicit-module-build -module-cache-path /Users/c4v4h/Library/Developer/Xcode/DerivedData/CascadeAddonPlatform/Build/Intermediates.noindex/SwiftExplicitPrecompiledModules -clang-scanner-module-cache-path /Users/c4v4h/Library/Developer/Xcode/DerivedData/CascadeAddonPlatform/ModuleCache.noindex -sdk-module-cache-path /Users/c4v4h/Library/Developer/Xcode/DerivedData/CascadeAddonPlatform/SDKExplicitPrecompiledModules -emit-dependencies -emit-module -emit-module-path /Users/c4v4h/Library/Developer/Xcode/DerivedData/CascadeAddonPlatform/Build/Intermediates.noindex/AddonPlatform.build/Debug/ProbeProvider.build/Objects-normal/arm64/CascadeProbeProvider.swiftmodule -serialize-diagnostics -dependency-scan-serialize-diagnostics-path /Users/c4v4h/Library/Developer/Xcode/DerivedData/CascadeAddonPlatform/Build/Intermediates.noindex/AddonPlatform.build/Debug/ProbeProvider.build/Objects-normal/arm64/CascadeProbeProvider-dependency-scan.dia -validate-clang-modules-once -clang-build-session-file /Users/c4v4h/Library/Developer/Xcode/DerivedData/CascadeAddonPlatform/ModuleCache.noindex/Session.modulevalidation -Xcc -fmodules-prune-interval\=86400 -Xcc -fmodules-prune-after\=345600 -emit-const-values -const-gather-protocols-list /Users/c4v4h/Library/Developer/Xcode/DerivedData/CascadeAddonPlatform/Build/Intermediates.noindex/AddonPlatform.build/Debug/ProbeProvider.build/Objects-normal/arm64/ProbeProvider_const_extract_protocols.json -Xcc -iquote -Xcc /Users/c4v4h/Library/Developer/Xcode/DerivedData/CascadeAddonPlatform/Build/Intermediates.noindex/AddonPlatform.build/Debug/ProbeProvider.build/CascadeProbeProvider-generated-files.hmap -Xcc -I/Users/c4v4h/Library/Developer/Xcode/DerivedData/CascadeAddonPlatform/Build/Intermediates.noindex/AddonPlatform.build/Debug/ProbeProvider.build/CascadeProbeProvider-own-target-headers.hmap -Xcc -I/Users/c4v4h/Library/Developer/Xcode/DerivedData/CascadeAddonPlatform/Build/Intermediates.noindex/AddonPlatform.build/Debug/ProbeProvider.build/CascadeProbeProvider-all-target-headers.hmap -Xcc -iquote -Xcc /Users/c4v4h/Library/Developer/Xcode/DerivedData/CascadeAddonPlatform/Build/Intermediates.noindex/AddonPlatform.build/Debug/ProbeProvider.build/CascadeProbeProvider-project-headers.hmap -Xcc -I/Users/c4v4h/Library/Developer/Xcode/DerivedData/CascadeAddonPlatform/Build/Products/Debug/include -Xcc -I/Users/c4v4h/Library/Developer/Xcode/DerivedData/CascadeAddonPlatform/Build/Intermediates.noindex/AddonPlatform.build/Debug/ProbeProvider.build/DerivedSources-normal/arm64 -Xcc -I/Users/c4v4h/Library/Developer/Xcode/DerivedData/CascadeAddonPlatform/Build/Intermediates.noindex/AddonPlatform.build/Debug/ProbeProvider.build/DerivedSources/arm64 -Xcc -I/Users/c4v4h/Library/Developer/Xcode/DerivedData/CascadeAddonPlatform/Build/Intermediates.noindex/AddonPlatform.build/Debug/ProbeProvider.build/DerivedSources -emit-objc-header -emit-objc-header-path /Users/c4v4h/Library/Developer/Xcode/DerivedData/CascadeAddonPlatform/Build/Intermediates.noindex/AddonPlatform.build/Debug/ProbeProvider.build/Objects-normal/arm64/CascadeProbeProvider-Swift.h -working-directory /Users/c4v4h/Library/Mobile\ Documents/com\~apple\~CloudDocs/Projects/XcodeProjects/Cascade/Prototypes/AddonPlatform -experimental-emit-module-separately -disable-cmo

SwiftExplicitDependencyGeneratePcm arm64 /Users/c4v4h/Library/Developer/Xcode/DerivedData/CascadeAddonPlatform/SDKExplicitPrecompiledModules/CoreData-A99NDFNPORFURHZU5YDIEY5TT.pcm

SwiftMergeGeneratedHeaders /Users/c4v4h/Library/Developer/Xcode/DerivedData/CascadeAddonPlatform/Build/Intermediates.noindex/AddonPlatform.build/Debug/ProbeProvider.build/DerivedSources/CascadeProbeProvider-Swift.h /Users/c4v4h/Library/Developer/Xcode/DerivedData/CascadeAddonPlatform/Build/Intermediates.noindex/AddonPlatform.build/Debug/ProbeProvider.build/Objects-normal/arm64/CascadeProbeProvider-Swift.h /Users/c4v4h/Library/Developer/Xcode/DerivedData/CascadeAddonPlatform/Build/Intermediates.noindex/AddonPlatform.build/Debug/ProbeProvider.build/Objects-normal/x86_64/CascadeProbeProvider-Swift.h (in target 'ProbeProvider' from project 'AddonPlatform')
    cd /Users/c4v4h/Library/Mobile\ Documents/com\~apple\~CloudDocs/Projects/XcodeProjects/Cascade/Prototypes/AddonPlatform
    builtin-swiftHeaderTool -arch arm64 /Users/c4v4h/Library/Developer/Xcode/DerivedData/CascadeAddonPlatform/Build/Intermediates.noindex/AddonPlatform.build/Debug/ProbeProvider.build/Objects-normal/arm64/CascadeProbeProvider-Swift.h -arch x86_64 /Users/c4v4h/Library/Developer/Xcode/DerivedData/CascadeAddonPlatform/Build/Intermediates.noindex/AddonPlatform.build/Debug/ProbeProvider.build/Objects-normal/x86_64/CascadeProbeProvider-Swift.h -o /Users/c4v4h/Library/Developer/Xcode/DerivedData/CascadeAddonPlatform/Build/Intermediates.noindex/AddonPlatform.build/Debug/ProbeProvider.build/DerivedSources/CascadeProbeProvider-Swift.h

Copy /Users/c4v4h/Library/Developer/Xcode/DerivedData/CascadeAddonPlatform/Build/Products/Debug/CascadeProbeProvider.swiftmodule/arm64-apple-macos.swiftmodule /Users/c4v4h/Library/Developer/Xcode/DerivedData/CascadeAddonPlatform/Build/Intermediates.noindex/AddonPlatform.build/Debug/ProbeProvider.build/Objects-normal/arm64/CascadeProbeProvider.swiftmodule (in target 'ProbeProvider' from project 'AddonPlatform')
    cd /Users/c4v4h/Library/Mobile\ Documents/com\~apple\~CloudDocs/Projects/XcodeProjects/Cascade/Prototypes/AddonPlatform
    builtin-copy -exclude .DS_Store -exclude CVS -exclude .svn -exclude .git -exclude .hg -strip-unsigned-binaries -strip-deterministic -strip-tool /Applications/Xcode-beta.app/Contents/Developer/Toolchains/XcodeDefault.xctoolchain/usr/bin/strip -resolve-src-symlinks -rename /Users/c4v4h/Library/Developer/Xcode/DerivedData/CascadeAddonPlatform/Build/Intermediates.noindex/AddonPlatform.build/Debug/ProbeProvider.build/Objects-normal/arm64/CascadeProbeProvider.swiftmodule /Users/c4v4h/Library/Developer/Xcode/DerivedData/CascadeAddonPlatform/Build/Products/Debug/CascadeProbeProvider.swiftmodule/arm64-apple-macos.swiftmodule

Copy /Users/c4v4h/Library/Developer/Xcode/DerivedData/CascadeAddonPlatform/Build/Products/Debug/CascadeProbeProvider.swiftmodule/arm64-apple-macos.swiftdoc /Users/c4v4h/Library/Developer/Xcode/DerivedData/CascadeAddonPlatform/Build/Intermediates.noindex/AddonPlatform.build/Debug/ProbeProvider.build/Objects-normal/arm64/CascadeProbeProvider.swiftdoc (in target 'ProbeProvider' from project 'AddonPlatform')
    cd /Users/c4v4h/Library/Mobile\ Documents/com\~apple\~CloudDocs/Projects/XcodeProjects/Cascade/Prototypes/AddonPlatform
    builtin-copy -exclude .DS_Store -exclude CVS -exclude .svn -exclude .git -exclude .hg -strip-unsigned-binaries -strip-deterministic -strip-tool /Applications/Xcode-beta.app/Contents/Developer/Toolchains/XcodeDefault.xctoolchain/usr/bin/strip -resolve-src-symlinks -rename /Users/c4v4h/Library/Developer/Xcode/DerivedData/CascadeAddonPlatform/Build/Intermediates.noindex/AddonPlatform.build/Debug/ProbeProvider.build/Objects-normal/arm64/CascadeProbeProvider.swiftdoc /Users/c4v4h/Library/Developer/Xcode/DerivedData/CascadeAddonPlatform/Build/Products/Debug/CascadeProbeProvider.swiftmodule/arm64-apple-macos.swiftdoc

Copy /Users/c4v4h/Library/Developer/Xcode/DerivedData/CascadeAddonPlatform/Build/Products/Debug/CascadeProbeProvider.swiftmodule/arm64-apple-macos.abi.json /Users/c4v4h/Library/Developer/Xcode/DerivedData/CascadeAddonPlatform/Build/Intermediates.noindex/AddonPlatform.build/Debug/ProbeProvider.build/Objects-normal/arm64/CascadeProbeProvider.abi.json (in target 'ProbeProvider' from project 'AddonPlatform')
    cd /Users/c4v4h/Library/Mobile\ Documents/com\~apple\~CloudDocs/Projects/XcodeProjects/Cascade/Prototypes/AddonPlatform
    builtin-copy -exclude .DS_Store -exclude CVS -exclude .svn -exclude .git -exclude .hg -strip-unsigned-binaries -strip-deterministic -strip-tool /Applications/Xcode-beta.app/Contents/Developer/Toolchains/XcodeDefault.xctoolchain/usr/bin/strip -resolve-src-symlinks -rename /Users/c4v4h/Library/Developer/Xcode/DerivedData/CascadeAddonPlatform/Build/Intermediates.noindex/AddonPlatform.build/Debug/ProbeProvider.build/Objects-normal/arm64/CascadeProbeProvider.abi.json /Users/c4v4h/Library/Developer/Xcode/DerivedData/CascadeAddonPlatform/Build/Products/Debug/CascadeProbeProvider.swiftmodule/arm64-apple-macos.abi.json

Copy /Users/c4v4h/Library/Developer/Xcode/DerivedData/CascadeAddonPlatform/Build/Products/Debug/CascadeProbeProvider.swiftmodule/Project/arm64-apple-macos.swiftsourceinfo /Users/c4v4h/Library/Developer/Xcode/DerivedData/CascadeAddonPlatform/Build/Intermediates.noindex/AddonPlatform.build/Debug/ProbeProvider.build/Objects-normal/arm64/CascadeProbeProvider.swiftsourceinfo (in target 'ProbeProvider' from project 'AddonPlatform')
    cd /Users/c4v4h/Library/Mobile\ Documents/com\~apple\~CloudDocs/Projects/XcodeProjects/Cascade/Prototypes/AddonPlatform
    builtin-copy -exclude .DS_Store -exclude CVS -exclude .svn -exclude .git -exclude .hg -strip-unsigned-binaries -strip-deterministic -strip-tool /Applications/Xcode-beta.app/Contents/Developer/Toolchains/XcodeDefault.xctoolchain/usr/bin/strip -resolve-src-symlinks -rename /Users/c4v4h/Library/Developer/Xcode/DerivedData/CascadeAddonPlatform/Build/Intermediates.noindex/AddonPlatform.build/Debug/ProbeProvider.build/Objects-normal/arm64/CascadeProbeProvider.swiftsourceinfo /Users/c4v4h/Library/Developer/Xcode/DerivedData/CascadeAddonPlatform/Build/Products/Debug/CascadeProbeProvider.swiftmodule/Project/arm64-apple-macos.swiftsourceinfo

SwiftExplicitDependencyGeneratePcm arm64 /Users/c4v4h/Library/Developer/Xcode/DerivedData/CascadeAddonPlatform/SDKExplicitPrecompiledModules/Metal-E8HW580MKNNZTPT2S42ERNKR.pcm

SwiftExplicitDependencyGeneratePcm arm64 /Users/c4v4h/Library/Developer/Xcode/DerivedData/CascadeAddonPlatform/SDKExplicitPrecompiledModules/Accessibility-7FQGFVJHQG4TJ1LFI4SLKHE51.pcm

SwiftExplicitDependencyGeneratePcm arm64 /Users/c4v4h/Library/Developer/Xcode/DerivedData/CascadeAddonPlatform/SDKExplicitPrecompiledModules/UniformTypeIdentifiers-1O5QNGG352QY53FAX4BGE4YX2.pcm

SwiftExplicitDependencyGeneratePcm x86_64 /Users/c4v4h/Library/Developer/Xcode/DerivedData/CascadeAddonPlatform/SDKExplicitPrecompiledModules/AppKit-AG3S3LWECQAPTL2H2SZ9DLECF.pcm

SwiftExplicitDependencyGeneratePcm x86_64 /Users/c4v4h/Library/Developer/Xcode/DerivedData/CascadeAddonPlatform/SDKExplicitPrecompiledModules/SwiftUICore-CKDKJI2RF17A16DEZP6VTJS09.pcm

SwiftCompile normal arm64 Compiling\ ProbeProvider.swift /Users/c4v4h/Library/Mobile\ Documents/com~apple~CloudDocs/Projects/XcodeProjects/Cascade/Prototypes/AddonPlatform/Provider/ProbeProvider.swift (in target 'ProbeProvider' from project 'AddonPlatform')

SwiftCompile normal arm64 /Users/c4v4h/Library/Mobile\ Documents/com~apple~CloudDocs/Projects/XcodeProjects/Cascade/Prototypes/AddonPlatform/Provider/ProbeProvider.swift (in target 'ProbeProvider' from project 'AddonPlatform')
    cd /Users/c4v4h/Library/Mobile\ Documents/com\~apple\~CloudDocs/Projects/XcodeProjects/Cascade/Prototypes/AddonPlatform
    builtin-SwiftPerFileCompile ProbeProvider.swift

SwiftCompile normal arm64 Compiling\ ProbeMessage.swift /Users/c4v4h/Library/Mobile\ Documents/com~apple~CloudDocs/Projects/XcodeProjects/Cascade/Prototypes/AddonPlatform/Shared/ProbeMessage.swift (in target 'ProbeProvider' from project 'AddonPlatform')

SwiftCompile normal arm64 /Users/c4v4h/Library/Mobile\ Documents/com~apple~CloudDocs/Projects/XcodeProjects/Cascade/Prototypes/AddonPlatform/Shared/ProbeMessage.swift (in target 'ProbeProvider' from project 'AddonPlatform')
    cd /Users/c4v4h/Library/Mobile\ Documents/com\~apple\~CloudDocs/Projects/XcodeProjects/Cascade/Prototypes/AddonPlatform
    builtin-SwiftPerFileCompile ProbeMessage.swift

ProcessProductPackaging "" /Users/c4v4h/Library/Developer/Xcode/DerivedData/CascadeAddonPlatform/Build/Intermediates.noindex/AddonPlatform.build/Debug/ProbeContainer.build/CascadeAddonProbeContainer.app.xcent (in target 'ProbeContainer' from project 'AddonPlatform')
    cd /Users/c4v4h/Library/Mobile\ Documents/com\~apple\~CloudDocs/Projects/XcodeProjects/Cascade/Prototypes/AddonPlatform
    
    Entitlements:
    
    {
    "com.apple.security.get-task-allow" = 1;
}
    
    builtin-productPackagingUtility -entitlements -format xml -o /Users/c4v4h/Library/Developer/Xcode/DerivedData/CascadeAddonPlatform/Build/Intermediates.noindex/AddonPlatform.build/Debug/ProbeContainer.build/CascadeAddonProbeContainer.app.xcent

ProcessProductPackagingDER /Users/c4v4h/Library/Developer/Xcode/DerivedData/CascadeAddonPlatform/Build/Intermediates.noindex/AddonPlatform.build/Debug/ProbeContainer.build/CascadeAddonProbeContainer.app.xcent /Users/c4v4h/Library/Developer/Xcode/DerivedData/CascadeAddonPlatform/Build/Intermediates.noindex/AddonPlatform.build/Debug/ProbeContainer.build/CascadeAddonProbeContainer.app.xcent.der (in target 'ProbeContainer' from project 'AddonPlatform')
    cd /Users/c4v4h/Library/Mobile\ Documents/com\~apple\~CloudDocs/Projects/XcodeProjects/Cascade/Prototypes/AddonPlatform
    /usr/bin/derq query -f xml -i /Users/c4v4h/Library/Developer/Xcode/DerivedData/CascadeAddonPlatform/Build/Intermediates.noindex/AddonPlatform.build/Debug/ProbeContainer.build/CascadeAddonProbeContainer.app.xcent -o /Users/c4v4h/Library/Developer/Xcode/DerivedData/CascadeAddonPlatform/Build/Intermediates.noindex/AddonPlatform.build/Debug/ProbeContainer.build/CascadeAddonProbeContainer.app.xcent.der --raw

SwiftDriver ProbeContainer normal arm64 com.apple.xcode.tools.swift.compiler (in target 'ProbeContainer' from project 'AddonPlatform')
    cd /Users/c4v4h/Library/Mobile\ Documents/com\~apple\~CloudDocs/Projects/XcodeProjects/Cascade/Prototypes/AddonPlatform
    builtin-SwiftDriver -- /Applications/Xcode-beta.app/Contents/Developer/Toolchains/XcodeDefault.xctoolchain/usr/bin/swiftc -module-name CascadeAddonProbeContainer -Onone @/Users/c4v4h/Library/Developer/Xcode/DerivedData/CascadeAddonPlatform/Build/Intermediates.noindex/AddonPlatform.build/Debug/ProbeContainer.build/Objects-normal/arm64/CascadeAddonProbeContainer.SwiftFileList -DDEBUG -enable-bare-slash-regex -enable-experimental-feature DebugDescriptionMacro -sdk /Applications/Xcode-beta.app/Contents/Developer/Platforms/MacOSX.platform/Developer/SDKs/MacOSX27.0.sdk -target arm64-apple-macos14.0 -g -module-cache-path /Users/c4v4h/Library/Developer/Xcode/DerivedData/CascadeAddonPlatform/ModuleCache.noindex -Xfrontend -serialize-debugging-options -index-store-path /Users/c4v4h/Library/Developer/Xcode/DerivedData/CascadeAddonPlatform/Index.noindex/DataStore -swift-version 5 -I /Users/c4v4h/Library/Developer/Xcode/DerivedData/CascadeAddonPlatform/Build/Products/Debug -F /Users/c4v4h/Library/Developer/Xcode/DerivedData/CascadeAddonPlatform/Build/Products/Debug -parse-as-library -c -j8 -enable-batch-mode -incremental -Xcc -ivfsstatcache -Xcc /Users/c4v4h/Library/Developer/Xcode/DerivedData/CascadeAddonPlatform/SDKStatCaches.noindex/macosx27.0-26A5419a-e829b21a6f8c9b70876ba0858053c04445874285e5972fffeae925c4ab065928.sdkstatcache -output-file-map /Users/c4v4h/Library/Developer/Xcode/DerivedData/CascadeAddonPlatform/Build/Intermediates.noindex/AddonPlatform.build/Debug/ProbeContainer.build/Objects-normal/arm64/ProbeContainer-OutputFileMap.json -save-temps -no-color-diagnostics -explicit-module-build -module-cache-path /Users/c4v4h/Library/Developer/Xcode/DerivedData/CascadeAddonPlatform/Build/Intermediates.noindex/SwiftExplicitPrecompiledModules -clang-scanner-module-cache-path /Users/c4v4h/Library/Developer/Xcode/DerivedData/CascadeAddonPlatform/ModuleCache.noindex -sdk-module-cache-path /Users/c4v4h/Library/Developer/Xcode/DerivedData/CascadeAddonPlatform/SDKExplicitPrecompiledModules -emit-dependencies -emit-module -emit-module-path /Users/c4v4h/Library/Developer/Xcode/DerivedData/CascadeAddonPlatform/Build/Intermediates.noindex/AddonPlatform.build/Debug/ProbeContainer.build/Objects-normal/arm64/CascadeAddonProbeContainer.swiftmodule -serialize-diagnostics -dependency-scan-serialize-diagnostics-path /Users/c4v4h/Library/Developer/Xcode/DerivedData/CascadeAddonPlatform/Build/Intermediates.noindex/AddonPlatform.build/Debug/ProbeContainer.build/Objects-normal/arm64/CascadeAddonProbeContainer-dependency-scan.dia -validate-clang-modules-once -clang-build-session-file /Users/c4v4h/Library/Developer/Xcode/DerivedData/CascadeAddonPlatform/ModuleCache.noindex/Session.modulevalidation -Xcc -fmodules-prune-interval\=86400 -Xcc -fmodules-prune-after\=345600 -emit-const-values -const-gather-protocols-list /Users/c4v4h/Library/Developer/Xcode/DerivedData/CascadeAddonPlatform/Build/Intermediates.noindex/AddonPlatform.build/Debug/ProbeContainer.build/Objects-normal/arm64/ProbeContainer_const_extract_protocols.json -Xcc -iquote -Xcc /Users/c4v4h/Library/Developer/Xcode/DerivedData/CascadeAddonPlatform/Build/Intermediates.noindex/AddonPlatform.build/Debug/ProbeContainer.build/CascadeAddonProbeContainer-generated-files.hmap -Xcc -I/Users/c4v4h/Library/Developer/Xcode/DerivedData/CascadeAddonPlatform/Build/Intermediates.noindex/AddonPlatform.build/Debug/ProbeContainer.build/CascadeAddonProbeContainer-own-target-headers.hmap -Xcc -I/Users/c4v4h/Library/Developer/Xcode/DerivedData/CascadeAddonPlatform/Build/Intermediates.noindex/AddonPlatform.build/Debug/ProbeContainer.build/CascadeAddonProbeContainer-all-target-headers.hmap -Xcc -iquote -Xcc /Users/c4v4h/Library/Developer/Xcode/DerivedData/CascadeAddonPlatform/Build/Intermediates.noindex/AddonPlatform.build/Debug/ProbeContainer.build/CascadeAddonProbeContainer-project-headers.hmap -Xcc -I/Users/c4v4h/Library/Developer/Xcode/DerivedData/CascadeAddonPlatform/Build/Products/Debug/include -Xcc -I/Users/c4v4h/Library/Developer/Xcode/DerivedData/CascadeAddonPlatform/Build/Intermediates.noindex/AddonPlatform.build/Debug/ProbeContainer.build/DerivedSources-normal/arm64 -Xcc -I/Users/c4v4h/Library/Developer/Xcode/DerivedData/CascadeAddonPlatform/Build/Intermediates.noindex/AddonPlatform.build/Debug/ProbeContainer.build/DerivedSources/arm64 -Xcc -I/Users/c4v4h/Library/Developer/Xcode/DerivedData/CascadeAddonPlatform/Build/Intermediates.noindex/AddonPlatform.build/Debug/ProbeContainer.build/DerivedSources -emit-objc-header -emit-objc-header-path /Users/c4v4h/Library/Developer/Xcode/DerivedData/CascadeAddonPlatform/Build/Intermediates.noindex/AddonPlatform.build/Debug/ProbeContainer.build/Objects-normal/arm64/CascadeAddonProbeContainer-Swift.h -working-directory /Users/c4v4h/Library/Mobile\ Documents/com\~apple\~CloudDocs/Projects/XcodeProjects/Cascade/Prototypes/AddonPlatform -experimental-emit-module-separately -disable-cmo

SwiftDriver ProbeContainer normal x86_64 com.apple.xcode.tools.swift.compiler (in target 'ProbeContainer' from project 'AddonPlatform')
    cd /Users/c4v4h/Library/Mobile\ Documents/com\~apple\~CloudDocs/Projects/XcodeProjects/Cascade/Prototypes/AddonPlatform
    builtin-SwiftDriver -- /Applications/Xcode-beta.app/Contents/Developer/Toolchains/XcodeDefault.xctoolchain/usr/bin/swiftc -module-name CascadeAddonProbeContainer -Onone @/Users/c4v4h/Library/Developer/Xcode/DerivedData/CascadeAddonPlatform/Build/Intermediates.noindex/AddonPlatform.build/Debug/ProbeContainer.build/Objects-normal/x86_64/CascadeAddonProbeContainer.SwiftFileList -DDEBUG -enable-bare-slash-regex -enable-experimental-feature DebugDescriptionMacro -sdk /Applications/Xcode-beta.app/Contents/Developer/Platforms/MacOSX.platform/Developer/SDKs/MacOSX27.0.sdk -target x86_64-apple-macos14.0 -g -module-cache-path /Users/c4v4h/Library/Developer/Xcode/DerivedData/CascadeAddonPlatform/ModuleCache.noindex -Xfrontend -serialize-debugging-options -index-store-path /Users/c4v4h/Library/Developer/Xcode/DerivedData/CascadeAddonPlatform/Index.noindex/DataStore -swift-version 5 -I /Users/c4v4h/Library/Developer/Xcode/DerivedData/CascadeAddonPlatform/Build/Products/Debug -F /Users/c4v4h/Library/Developer/Xcode/DerivedData/CascadeAddonPlatform/Build/Products/Debug -parse-as-library -c -j8 -enable-batch-mode -incremental -Xcc -ivfsstatcache -Xcc /Users/c4v4h/Library/Developer/Xcode/DerivedData/CascadeAddonPlatform/SDKStatCaches.noindex/macosx27.0-26A5419a-e829b21a6f8c9b70876ba0858053c04445874285e5972fffeae925c4ab065928.sdkstatcache -output-file-map /Users/c4v4h/Library/Developer/Xcode/DerivedData/CascadeAddonPlatform/Build/Intermediates.noindex/AddonPlatform.build/Debug/ProbeContainer.build/Objects-normal/x86_64/ProbeContainer-OutputFileMap.json -save-temps -no-color-diagnostics -explicit-module-build -module-cache-path /Users/c4v4h/Library/Developer/Xcode/DerivedData/CascadeAddonPlatform/Build/Intermediates.noindex/SwiftExplicitPrecompiledModules -clang-scanner-module-cache-path /Users/c4v4h/Library/Developer/Xcode/DerivedData/CascadeAddonPlatform/ModuleCache.noindex -sdk-module-cache-path /Users/c4v4h/Library/Developer/Xcode/DerivedData/CascadeAddonPlatform/SDKExplicitPrecompiledModules -emit-dependencies -emit-module -emit-module-path /Users/c4v4h/Library/Developer/Xcode/DerivedData/CascadeAddonPlatform/Build/Intermediates.noindex/AddonPlatform.build/Debug/ProbeContainer.build/Objects-normal/x86_64/CascadeAddonProbeContainer.swiftmodule -serialize-diagnostics -dependency-scan-serialize-diagnostics-path /Users/c4v4h/Library/Developer/Xcode/DerivedData/CascadeAddonPlatform/Build/Intermediates.noindex/AddonPlatform.build/Debug/ProbeContainer.build/Objects-normal/x86_64/CascadeAddonProbeContainer-dependency-scan.dia -validate-clang-modules-once -clang-build-session-file /Users/c4v4h/Library/Developer/Xcode/DerivedData/CascadeAddonPlatform/ModuleCache.noindex/Session.modulevalidation -Xcc -fmodules-prune-interval\=86400 -Xcc -fmodules-prune-after\=345600 -emit-const-values -const-gather-protocols-list /Users/c4v4h/Library/Developer/Xcode/DerivedData/CascadeAddonPlatform/Build/Intermediates.noindex/AddonPlatform.build/Debug/ProbeContainer.build/Objects-normal/x86_64/ProbeContainer_const_extract_protocols.json -Xcc -iquote -Xcc /Users/c4v4h/Library/Developer/Xcode/DerivedData/CascadeAddonPlatform/Build/Intermediates.noindex/AddonPlatform.build/Debug/ProbeContainer.build/CascadeAddonProbeContainer-generated-files.hmap -Xcc -I/Users/c4v4h/Library/Developer/Xcode/DerivedData/CascadeAddonPlatform/Build/Intermediates.noindex/AddonPlatform.build/Debug/ProbeContainer.build/CascadeAddonProbeContainer-own-target-headers.hmap -Xcc -I/Users/c4v4h/Library/Developer/Xcode/DerivedData/CascadeAddonPlatform/Build/Intermediates.noindex/AddonPlatform.build/Debug/ProbeContainer.build/CascadeAddonProbeContainer-all-target-headers.hmap -Xcc -iquote -Xcc /Users/c4v4h/Library/Developer/Xcode/DerivedData/CascadeAddonPlatform/Build/Intermediates.noindex/AddonPlatform.build/Debug/ProbeContainer.build/CascadeAddonProbeContainer-project-headers.hmap -Xcc -I/Users/c4v4h/Library/Developer/Xcode/DerivedData/CascadeAddonPlatform/Build/Products/Debug/include -Xcc -I/Users/c4v4h/Library/Developer/Xcode/DerivedData/CascadeAddonPlatform/Build/Intermediates.noindex/AddonPlatform.build/Debug/ProbeContainer.build/DerivedSources-normal/x86_64 -Xcc -I/Users/c4v4h/Library/Developer/Xcode/DerivedData/CascadeAddonPlatform/Build/Intermediates.noindex/AddonPlatform.build/Debug/ProbeContainer.build/DerivedSources/x86_64 -Xcc -I/Users/c4v4h/Library/Developer/Xcode/DerivedData/CascadeAddonPlatform/Build/Intermediates.noindex/AddonPlatform.build/Debug/ProbeContainer.build/DerivedSources -emit-objc-header -emit-objc-header-path /Users/c4v4h/Library/Developer/Xcode/DerivedData/CascadeAddonPlatform/Build/Intermediates.noindex/AddonPlatform.build/Debug/ProbeContainer.build/Objects-normal/x86_64/CascadeAddonProbeContainer-Swift.h -working-directory /Users/c4v4h/Library/Mobile\ Documents/com\~apple\~CloudDocs/Projects/XcodeProjects/Cascade/Prototypes/AddonPlatform -experimental-emit-module-separately -disable-cmo

SwiftExplicitDependencyGeneratePcm arm64 /Users/c4v4h/Library/Developer/Xcode/DerivedData/CascadeAddonPlatform/SDKExplicitPrecompiledModules/CoreVideo-83CFZEKQHOHO6TZPZ20PO643W.pcm

SwiftExplicitDependencyGeneratePcm arm64 /Users/c4v4h/Library/Developer/Xcode/DerivedData/CascadeAddonPlatform/SDKExplicitPrecompiledModules/CoreImage-5RO4OP5IXVOVOIYLSHWD63D66.pcm

SwiftExplicitDependencyGeneratePcm arm64 /Users/c4v4h/Library/Developer/Xcode/DerivedData/CascadeAddonPlatform/SDKExplicitPrecompiledModules/QuartzCore-AYR406XSWZIB0CEXTPDBBV6U2.pcm

SwiftExplicitDependencyGeneratePcm arm64 /Users/c4v4h/Library/Developer/Xcode/DerivedData/CascadeAddonPlatform/SDKExplicitPrecompiledModules/CoreMedia-41I2XXU7AQIERLEYA0FMDPUS.pcm

SwiftExplicitDependencyGeneratePcm arm64 /Users/c4v4h/Library/Developer/Xcode/DerivedData/CascadeAddonPlatform/SDKExplicitPrecompiledModules/SwiftUICore-46QFXP05CS056C7NXZWDIZTC9.pcm

SwiftExplicitDependencyGeneratePcm arm64 /Users/c4v4h/Library/Developer/Xcode/DerivedData/CascadeAddonPlatform/SDKExplicitPrecompiledModules/AppKit-5ETM0UW2WWUH3WNCXD2TO5UYB.pcm

SwiftEmitModule normal x86_64 Emitting\ module\ for\ CascadeAddonProbeContainer (in target 'ProbeContainer' from project 'AddonPlatform')

SwiftCompile normal x86_64 (in target 'ProbeContainer' from project 'AddonPlatform')
    cd /Users/c4v4h/Library/Mobile\ Documents/com\~apple\~CloudDocs/Projects/XcodeProjects/Cascade/Prototypes/AddonPlatform
    

SwiftExplicitDependencyGeneratePcm x86_64 /Users/c4v4h/Library/Developer/Xcode/DerivedData/CascadeAddonPlatform/SDKExplicitPrecompiledModules/SwiftUI-EP59O9WKC8BKLH8YDI8WYDXO3.pcm

SwiftExplicitDependencyGeneratePcm x86_64 /Users/c4v4h/Library/Developer/Xcode/DerivedData/CascadeAddonPlatform/SDKExplicitPrecompiledModules/ExtensionKit-ENZUN5SMQM1H9FVVT7DQKZ08C.pcm

SwiftCompile normal x86_64 Compiling\ ProbeContainer.swift /Users/c4v4h/Library/Mobile\ Documents/com~apple~CloudDocs/Projects/XcodeProjects/Cascade/Prototypes/AddonPlatform/Container/ProbeContainer.swift (in target 'ProbeContainer' from project 'AddonPlatform')

SwiftCompile normal x86_64 /Users/c4v4h/Library/Mobile\ Documents/com~apple~CloudDocs/Projects/XcodeProjects/Cascade/Prototypes/AddonPlatform/Container/ProbeContainer.swift (in target 'ProbeContainer' from project 'AddonPlatform')
    cd /Users/c4v4h/Library/Mobile\ Documents/com\~apple\~CloudDocs/Projects/XcodeProjects/Cascade/Prototypes/AddonPlatform
    builtin-SwiftPerFileCompile ProbeContainer.swift

SwiftEmitModule normal x86_64 Emitting\ module\ for\ CascadeAddonProbe (in target 'ProbeHost' from project 'AddonPlatform')

SwiftCompile normal x86_64 (in target 'ProbeHost' from project 'AddonPlatform')
    cd /Users/c4v4h/Library/Mobile\ Documents/com\~apple\~CloudDocs/Projects/XcodeProjects/Cascade/Prototypes/AddonPlatform
    

SwiftCompile normal x86_64 Compiling\ ProbeHost.swift /Users/c4v4h/Library/Mobile\ Documents/com~apple~CloudDocs/Projects/XcodeProjects/Cascade/Prototypes/AddonPlatform/Host/ProbeHost.swift (in target 'ProbeHost' from project 'AddonPlatform')

SwiftCompile normal x86_64 /Users/c4v4h/Library/Mobile\ Documents/com~apple~CloudDocs/Projects/XcodeProjects/Cascade/Prototypes/AddonPlatform/Host/ProbeHost.swift (in target 'ProbeHost' from project 'AddonPlatform')
    cd /Users/c4v4h/Library/Mobile\ Documents/com\~apple\~CloudDocs/Projects/XcodeProjects/Cascade/Prototypes/AddonPlatform
    builtin-SwiftPerFileCompile ProbeHost.swift

SwiftDriverJobDiscovery normal x86_64 Emitting module for CascadeAddonProbeContainer (in target 'ProbeContainer' from project 'AddonPlatform')

SwiftDriver\ Compilation\ Requirements ProbeContainer normal x86_64 com.apple.xcode.tools.swift.compiler (in target 'ProbeContainer' from project 'AddonPlatform')
    cd /Users/c4v4h/Library/Mobile\ Documents/com\~apple\~CloudDocs/Projects/XcodeProjects/Cascade/Prototypes/AddonPlatform
    builtin-Swift-Compilation-Requirements -- /Applications/Xcode-beta.app/Contents/Developer/Toolchains/XcodeDefault.xctoolchain/usr/bin/swiftc -module-name CascadeAddonProbeContainer -Onone @/Users/c4v4h/Library/Developer/Xcode/DerivedData/CascadeAddonPlatform/Build/Intermediates.noindex/AddonPlatform.build/Debug/ProbeContainer.build/Objects-normal/x86_64/CascadeAddonProbeContainer.SwiftFileList -DDEBUG -enable-bare-slash-regex -enable-experimental-feature DebugDescriptionMacro -sdk /Applications/Xcode-beta.app/Contents/Developer/Platforms/MacOSX.platform/Developer/SDKs/MacOSX27.0.sdk -target x86_64-apple-macos14.0 -g -module-cache-path /Users/c4v4h/Library/Developer/Xcode/DerivedData/CascadeAddonPlatform/ModuleCache.noindex -Xfrontend -serialize-debugging-options -index-store-path /Users/c4v4h/Library/Developer/Xcode/DerivedData/CascadeAddonPlatform/Index.noindex/DataStore -swift-version 5 -I /Users/c4v4h/Library/Developer/Xcode/DerivedData/CascadeAddonPlatform/Build/Products/Debug -F /Users/c4v4h/Library/Developer/Xcode/DerivedData/CascadeAddonPlatform/Build/Products/Debug -parse-as-library -c -j8 -enable-batch-mode -incremental -Xcc -ivfsstatcache -Xcc /Users/c4v4h/Library/Developer/Xcode/DerivedData/CascadeAddonPlatform/SDKStatCaches.noindex/macosx27.0-26A5419a-e829b21a6f8c9b70876ba0858053c04445874285e5972fffeae925c4ab065928.sdkstatcache -output-file-map /Users/c4v4h/Library/Developer/Xcode/DerivedData/CascadeAddonPlatform/Build/Intermediates.noindex/AddonPlatform.build/Debug/ProbeContainer.build/Objects-normal/x86_64/ProbeContainer-OutputFileMap.json -save-temps -no-color-diagnostics -explicit-module-build -module-cache-path /Users/c4v4h/Library/Developer/Xcode/DerivedData/CascadeAddonPlatform/Build/Intermediates.noindex/SwiftExplicitPrecompiledModules -clang-scanner-module-cache-path /Users/c4v4h/Library/Developer/Xcode/DerivedData/CascadeAddonPlatform/ModuleCache.noindex -sdk-module-cache-path /Users/c4v4h/Library/Developer/Xcode/DerivedData/CascadeAddonPlatform/SDKExplicitPrecompiledModules -emit-dependencies -emit-module -emit-module-path /Users/c4v4h/Library/Developer/Xcode/DerivedData/CascadeAddonPlatform/Build/Intermediates.noindex/AddonPlatform.build/Debug/ProbeContainer.build/Objects-normal/x86_64/CascadeAddonProbeContainer.swiftmodule -serialize-diagnostics -dependency-scan-serialize-diagnostics-path /Users/c4v4h/Library/Developer/Xcode/DerivedData/CascadeAddonPlatform/Build/Intermediates.noindex/AddonPlatform.build/Debug/ProbeContainer.build/Objects-normal/x86_64/CascadeAddonProbeContainer-dependency-scan.dia -validate-clang-modules-once -clang-build-session-file /Users/c4v4h/Library/Developer/Xcode/DerivedData/CascadeAddonPlatform/ModuleCache.noindex/Session.modulevalidation -Xcc -fmodules-prune-interval\=86400 -Xcc -fmodules-prune-after\=345600 -emit-const-values -const-gather-protocols-list /Users/c4v4h/Library/Developer/Xcode/DerivedData/CascadeAddonPlatform/Build/Intermediates.noindex/AddonPlatform.build/Debug/ProbeContainer.build/Objects-normal/x86_64/ProbeContainer_const_extract_protocols.json -Xcc -iquote -Xcc /Users/c4v4h/Library/Developer/Xcode/DerivedData/CascadeAddonPlatform/Build/Intermediates.noindex/AddonPlatform.build/Debug/ProbeContainer.build/CascadeAddonProbeContainer-generated-files.hmap -Xcc -I/Users/c4v4h/Library/Developer/Xcode/DerivedData/CascadeAddonPlatform/Build/Intermediates.noindex/AddonPlatform.build/Debug/ProbeContainer.build/CascadeAddonProbeContainer-own-target-headers.hmap -Xcc -I/Users/c4v4h/Library/Developer/Xcode/DerivedData/CascadeAddonPlatform/Build/Intermediates.noindex/AddonPlatform.build/Debug/ProbeContainer.build/CascadeAddonProbeContainer-all-target-headers.hmap -Xcc -iquote -Xcc /Users/c4v4h/Library/Developer/Xcode/DerivedData/CascadeAddonPlatform/Build/Intermediates.noindex/AddonPlatform.build/Debug/ProbeContainer.build/CascadeAddonProbeContainer-project-headers.hmap -Xcc -I/Users/c4v4h/Library/Developer/Xcode/DerivedData/CascadeAddonPlatform/Build/Products/Debug/include -Xcc -I/Users/c4v4h/Library/Developer/Xcode/DerivedData/CascadeAddonPlatform/Build/Intermediates.noindex/AddonPlatform.build/Debug/ProbeContainer.build/DerivedSources-normal/x86_64 -Xcc -I/Users/c4v4h/Library/Developer/Xcode/DerivedData/CascadeAddonPlatform/Build/Intermediates.noindex/AddonPlatform.build/Debug/ProbeContainer.build/DerivedSources/x86_64 -Xcc -I/Users/c4v4h/Library/Developer/Xcode/DerivedData/CascadeAddonPlatform/Build/Intermediates.noindex/AddonPlatform.build/Debug/ProbeContainer.build/DerivedSources -emit-objc-header -emit-objc-header-path /Users/c4v4h/Library/Developer/Xcode/DerivedData/CascadeAddonPlatform/Build/Intermediates.noindex/AddonPlatform.build/Debug/ProbeContainer.build/Objects-normal/x86_64/CascadeAddonProbeContainer-Swift.h -working-directory /Users/c4v4h/Library/Mobile\ Documents/com\~apple\~CloudDocs/Projects/XcodeProjects/Cascade/Prototypes/AddonPlatform -experimental-emit-module-separately -disable-cmo

SwiftDriverJobDiscovery normal x86_64 Emitting module for CascadeAddonProbe (in target 'ProbeHost' from project 'AddonPlatform')

SwiftDriver\ Compilation\ Requirements ProbeHost normal x86_64 com.apple.xcode.tools.swift.compiler (in target 'ProbeHost' from project 'AddonPlatform')
    cd /Users/c4v4h/Library/Mobile\ Documents/com\~apple\~CloudDocs/Projects/XcodeProjects/Cascade/Prototypes/AddonPlatform
    builtin-Swift-Compilation-Requirements -- /Applications/Xcode-beta.app/Contents/Developer/Toolchains/XcodeDefault.xctoolchain/usr/bin/swiftc -module-name CascadeAddonProbe -Onone @/Users/c4v4h/Library/Developer/Xcode/DerivedData/CascadeAddonPlatform/Build/Intermediates.noindex/AddonPlatform.build/Debug/ProbeHost.build/Objects-normal/x86_64/CascadeAddonProbe.SwiftFileList -DDEBUG -enable-bare-slash-regex -enable-experimental-feature DebugDescriptionMacro -sdk /Applications/Xcode-beta.app/Contents/Developer/Platforms/MacOSX.platform/Developer/SDKs/MacOSX27.0.sdk -target x86_64-apple-macos14.0 -g -module-cache-path /Users/c4v4h/Library/Developer/Xcode/DerivedData/CascadeAddonPlatform/ModuleCache.noindex -Xfrontend -serialize-debugging-options -index-store-path /Users/c4v4h/Library/Developer/Xcode/DerivedData/CascadeAddonPlatform/Index.noindex/DataStore -swift-version 5 -I /Users/c4v4h/Library/Developer/Xcode/DerivedData/CascadeAddonPlatform/Build/Products/Debug -F /Users/c4v4h/Library/Developer/Xcode/DerivedData/CascadeAddonPlatform/Build/Products/Debug -c -j8 -enable-batch-mode -incremental -Xcc -ivfsstatcache -Xcc /Users/c4v4h/Library/Developer/Xcode/DerivedData/CascadeAddonPlatform/SDKStatCaches.noindex/macosx27.0-26A5419a-e829b21a6f8c9b70876ba0858053c04445874285e5972fffeae925c4ab065928.sdkstatcache -output-file-map /Users/c4v4h/Library/Developer/Xcode/DerivedData/CascadeAddonPlatform/Build/Intermediates.noindex/AddonPlatform.build/Debug/ProbeHost.build/Objects-normal/x86_64/ProbeHost-OutputFileMap.json -save-temps -no-color-diagnostics -explicit-module-build -module-cache-path /Users/c4v4h/Library/Developer/Xcode/DerivedData/CascadeAddonPlatform/Build/Intermediates.noindex/SwiftExplicitPrecompiledModules -clang-scanner-module-cache-path /Users/c4v4h/Library/Developer/Xcode/DerivedData/CascadeAddonPlatform/ModuleCache.noindex -sdk-module-cache-path /Users/c4v4h/Library/Developer/Xcode/DerivedData/CascadeAddonPlatform/SDKExplicitPrecompiledModules -emit-dependencies -emit-module -emit-module-path /Users/c4v4h/Library/Developer/Xcode/DerivedData/CascadeAddonPlatform/Build/Intermediates.noindex/AddonPlatform.build/Debug/ProbeHost.build/Objects-normal/x86_64/CascadeAddonProbe.swiftmodule -serialize-diagnostics -dependency-scan-serialize-diagnostics-path /Users/c4v4h/Library/Developer/Xcode/DerivedData/CascadeAddonPlatform/Build/Intermediates.noindex/AddonPlatform.build/Debug/ProbeHost.build/Objects-normal/x86_64/CascadeAddonProbe-dependency-scan.dia -validate-clang-modules-once -clang-build-session-file /Users/c4v4h/Library/Developer/Xcode/DerivedData/CascadeAddonPlatform/ModuleCache.noindex/Session.modulevalidation -Xcc -fmodules-prune-interval\=86400 -Xcc -fmodules-prune-after\=345600 -emit-const-values -const-gather-protocols-list /Users/c4v4h/Library/Developer/Xcode/DerivedData/CascadeAddonPlatform/Build/Intermediates.noindex/AddonPlatform.build/Debug/ProbeHost.build/Objects-normal/x86_64/ProbeHost_const_extract_protocols.json -Xcc -iquote -Xcc /Users/c4v4h/Library/Developer/Xcode/DerivedData/CascadeAddonPlatform/Build/Intermediates.noindex/AddonPlatform.build/Debug/ProbeHost.build/CascadeAddonProbe-generated-files.hmap -Xcc -I/Users/c4v4h/Library/Developer/Xcode/DerivedData/CascadeAddonPlatform/Build/Intermediates.noindex/AddonPlatform.build/Debug/ProbeHost.build/CascadeAddonProbe-own-target-headers.hmap -Xcc -I/Users/c4v4h/Library/Developer/Xcode/DerivedData/CascadeAddonPlatform/Build/Intermediates.noindex/AddonPlatform.build/Debug/ProbeHost.build/CascadeAddonProbe-all-target-headers.hmap -Xcc -iquote -Xcc /Users/c4v4h/Library/Developer/Xcode/DerivedData/CascadeAddonPlatform/Build/Intermediates.noindex/AddonPlatform.build/Debug/ProbeHost.build/CascadeAddonProbe-project-headers.hmap -Xcc -I/Users/c4v4h/Library/Developer/Xcode/DerivedData/CascadeAddonPlatform/Build/Products/Debug/include -Xcc -I/Users/c4v4h/Library/Developer/Xcode/DerivedData/CascadeAddonPlatform/Build/Intermediates.noindex/AddonPlatform.build/Debug/ProbeHost.build/DerivedSources-normal/x86_64 -Xcc -I/Users/c4v4h/Library/Developer/Xcode/DerivedData/CascadeAddonPlatform/Build/Intermediates.noindex/AddonPlatform.build/Debug/ProbeHost.build/DerivedSources/x86_64 -Xcc -I/Users/c4v4h/Library/Developer/Xcode/DerivedData/CascadeAddonPlatform/Build/Intermediates.noindex/AddonPlatform.build/Debug/ProbeHost.build/DerivedSources -emit-objc-header -emit-objc-header-path /Users/c4v4h/Library/Developer/Xcode/DerivedData/CascadeAddonPlatform/Build/Intermediates.noindex/AddonPlatform.build/Debug/ProbeHost.build/Objects-normal/x86_64/CascadeAddonProbe-Swift.h -working-directory /Users/c4v4h/Library/Mobile\ Documents/com\~apple\~CloudDocs/Projects/XcodeProjects/Cascade/Prototypes/AddonPlatform -experimental-emit-module-separately -disable-cmo

Copy /Users/c4v4h/Library/Developer/Xcode/DerivedData/CascadeAddonPlatform/Build/Products/Debug/CascadeAddonProbeContainer.swiftmodule/x86_64-apple-macos.swiftmodule /Users/c4v4h/Library/Developer/Xcode/DerivedData/CascadeAddonPlatform/Build/Intermediates.noindex/AddonPlatform.build/Debug/ProbeContainer.build/Objects-normal/x86_64/CascadeAddonProbeContainer.swiftmodule (in target 'ProbeContainer' from project 'AddonPlatform')
    cd /Users/c4v4h/Library/Mobile\ Documents/com\~apple\~CloudDocs/Projects/XcodeProjects/Cascade/Prototypes/AddonPlatform
    builtin-copy -exclude .DS_Store -exclude CVS -exclude .svn -exclude .git -exclude .hg -strip-unsigned-binaries -strip-deterministic -strip-tool /Applications/Xcode-beta.app/Contents/Developer/Toolchains/XcodeDefault.xctoolchain/usr/bin/strip -resolve-src-symlinks -rename /Users/c4v4h/Library/Developer/Xcode/DerivedData/CascadeAddonPlatform/Build/Intermediates.noindex/AddonPlatform.build/Debug/ProbeContainer.build/Objects-normal/x86_64/CascadeAddonProbeContainer.swiftmodule /Users/c4v4h/Library/Developer/Xcode/DerivedData/CascadeAddonPlatform/Build/Products/Debug/CascadeAddonProbeContainer.swiftmodule/x86_64-apple-macos.swiftmodule

Copy /Users/c4v4h/Library/Developer/Xcode/DerivedData/CascadeAddonPlatform/Build/Products/Debug/CascadeAddonProbe.swiftmodule/x86_64-apple-macos.swiftmodule /Users/c4v4h/Library/Developer/Xcode/DerivedData/CascadeAddonPlatform/Build/Intermediates.noindex/AddonPlatform.build/Debug/ProbeHost.build/Objects-normal/x86_64/CascadeAddonProbe.swiftmodule (in target 'ProbeHost' from project 'AddonPlatform')
    cd /Users/c4v4h/Library/Mobile\ Documents/com\~apple\~CloudDocs/Projects/XcodeProjects/Cascade/Prototypes/AddonPlatform
    builtin-copy -exclude .DS_Store -exclude CVS -exclude .svn -exclude .git -exclude .hg -strip-unsigned-binaries -strip-deterministic -strip-tool /Applications/Xcode-beta.app/Contents/Developer/Toolchains/XcodeDefault.xctoolchain/usr/bin/strip -resolve-src-symlinks -rename /Users/c4v4h/Library/Developer/Xcode/DerivedData/CascadeAddonPlatform/Build/Intermediates.noindex/AddonPlatform.build/Debug/ProbeHost.build/Objects-normal/x86_64/CascadeAddonProbe.swiftmodule /Users/c4v4h/Library/Developer/Xcode/DerivedData/CascadeAddonPlatform/Build/Products/Debug/CascadeAddonProbe.swiftmodule/x86_64-apple-macos.swiftmodule

Copy /Users/c4v4h/Library/Developer/Xcode/DerivedData/CascadeAddonPlatform/Build/Products/Debug/CascadeAddonProbe.swiftmodule/x86_64-apple-macos.swiftdoc /Users/c4v4h/Library/Developer/Xcode/DerivedData/CascadeAddonPlatform/Build/Intermediates.noindex/AddonPlatform.build/Debug/ProbeHost.build/Objects-normal/x86_64/CascadeAddonProbe.swiftdoc (in target 'ProbeHost' from project 'AddonPlatform')
    cd /Users/c4v4h/Library/Mobile\ Documents/com\~apple\~CloudDocs/Projects/XcodeProjects/Cascade/Prototypes/AddonPlatform
    builtin-copy -exclude .DS_Store -exclude CVS -exclude .svn -exclude .git -exclude .hg -strip-unsigned-binaries -strip-deterministic -strip-tool /Applications/Xcode-beta.app/Contents/Developer/Toolchains/XcodeDefault.xctoolchain/usr/bin/strip -resolve-src-symlinks -rename /Users/c4v4h/Library/Developer/Xcode/DerivedData/CascadeAddonPlatform/Build/Intermediates.noindex/AddonPlatform.build/Debug/ProbeHost.build/Objects-normal/x86_64/CascadeAddonProbe.swiftdoc /Users/c4v4h/Library/Developer/Xcode/DerivedData/CascadeAddonPlatform/Build/Products/Debug/CascadeAddonProbe.swiftmodule/x86_64-apple-macos.swiftdoc

Copy /Users/c4v4h/Library/Developer/Xcode/DerivedData/CascadeAddonPlatform/Build/Products/Debug/CascadeAddonProbe.swiftmodule/x86_64-apple-macos.abi.json /Users/c4v4h/Library/Developer/Xcode/DerivedData/CascadeAddonPlatform/Build/Intermediates.noindex/AddonPlatform.build/Debug/ProbeHost.build/Objects-normal/x86_64/CascadeAddonProbe.abi.json (in target 'ProbeHost' from project 'AddonPlatform')
    cd /Users/c4v4h/Library/Mobile\ Documents/com\~apple\~CloudDocs/Projects/XcodeProjects/Cascade/Prototypes/AddonPlatform
    builtin-copy -exclude .DS_Store -exclude CVS -exclude .svn -exclude .git -exclude .hg -strip-unsigned-binaries -strip-deterministic -strip-tool /Applications/Xcode-beta.app/Contents/Developer/Toolchains/XcodeDefault.xctoolchain/usr/bin/strip -resolve-src-symlinks -rename /Users/c4v4h/Library/Developer/Xcode/DerivedData/CascadeAddonPlatform/Build/Intermediates.noindex/AddonPlatform.build/Debug/ProbeHost.build/Objects-normal/x86_64/CascadeAddonProbe.abi.json /Users/c4v4h/Library/Developer/Xcode/DerivedData/CascadeAddonPlatform/Build/Products/Debug/CascadeAddonProbe.swiftmodule/x86_64-apple-macos.abi.json

Copy /Users/c4v4h/Library/Developer/Xcode/DerivedData/CascadeAddonPlatform/Build/Products/Debug/CascadeAddonProbe.swiftmodule/Project/x86_64-apple-macos.swiftsourceinfo /Users/c4v4h/Library/Developer/Xcode/DerivedData/CascadeAddonPlatform/Build/Intermediates.noindex/AddonPlatform.build/Debug/ProbeHost.build/Objects-normal/x86_64/CascadeAddonProbe.swiftsourceinfo (in target 'ProbeHost' from project 'AddonPlatform')
    cd /Users/c4v4h/Library/Mobile\ Documents/com\~apple\~CloudDocs/Projects/XcodeProjects/Cascade/Prototypes/AddonPlatform
    builtin-copy -exclude .DS_Store -exclude CVS -exclude .svn -exclude .git -exclude .hg -strip-unsigned-binaries -strip-deterministic -strip-tool /Applications/Xcode-beta.app/Contents/Developer/Toolchains/XcodeDefault.xctoolchain/usr/bin/strip -resolve-src-symlinks -rename /Users/c4v4h/Library/Developer/Xcode/DerivedData/CascadeAddonPlatform/Build/Intermediates.noindex/AddonPlatform.build/Debug/ProbeHost.build/Objects-normal/x86_64/CascadeAddonProbe.swiftsourceinfo /Users/c4v4h/Library/Developer/Xcode/DerivedData/CascadeAddonPlatform/Build/Products/Debug/CascadeAddonProbe.swiftmodule/Project/x86_64-apple-macos.swiftsourceinfo

Copy /Users/c4v4h/Library/Developer/Xcode/DerivedData/CascadeAddonPlatform/Build/Products/Debug/CascadeAddonProbeContainer.swiftmodule/x86_64-apple-macos.swiftdoc /Users/c4v4h/Library/Developer/Xcode/DerivedData/CascadeAddonPlatform/Build/Intermediates.noindex/AddonPlatform.build/Debug/ProbeContainer.build/Objects-normal/x86_64/CascadeAddonProbeContainer.swiftdoc (in target 'ProbeContainer' from project 'AddonPlatform')
    cd /Users/c4v4h/Library/Mobile\ Documents/com\~apple\~CloudDocs/Projects/XcodeProjects/Cascade/Prototypes/AddonPlatform
    builtin-copy -exclude .DS_Store -exclude CVS -exclude .svn -exclude .git -exclude .hg -strip-unsigned-binaries -strip-deterministic -strip-tool /Applications/Xcode-beta.app/Contents/Developer/Toolchains/XcodeDefault.xctoolchain/usr/bin/strip -resolve-src-symlinks -rename /Users/c4v4h/Library/Developer/Xcode/DerivedData/CascadeAddonPlatform/Build/Intermediates.noindex/AddonPlatform.build/Debug/ProbeContainer.build/Objects-normal/x86_64/CascadeAddonProbeContainer.swiftdoc /Users/c4v4h/Library/Developer/Xcode/DerivedData/CascadeAddonPlatform/Build/Products/Debug/CascadeAddonProbeContainer.swiftmodule/x86_64-apple-macos.swiftdoc

Copy /Users/c4v4h/Library/Developer/Xcode/DerivedData/CascadeAddonPlatform/Build/Products/Debug/CascadeAddonProbeContainer.swiftmodule/x86_64-apple-macos.abi.json /Users/c4v4h/Library/Developer/Xcode/DerivedData/CascadeAddonPlatform/Build/Intermediates.noindex/AddonPlatform.build/Debug/ProbeContainer.build/Objects-normal/x86_64/CascadeAddonProbeContainer.abi.json (in target 'ProbeContainer' from project 'AddonPlatform')
    cd /Users/c4v4h/Library/Mobile\ Documents/com\~apple\~CloudDocs/Projects/XcodeProjects/Cascade/Prototypes/AddonPlatform
    builtin-copy -exclude .DS_Store -exclude CVS -exclude .svn -exclude .git -exclude .hg -strip-unsigned-binaries -strip-deterministic -strip-tool /Applications/Xcode-beta.app/Contents/Developer/Toolchains/XcodeDefault.xctoolchain/usr/bin/strip -resolve-src-symlinks -rename /Users/c4v4h/Library/Developer/Xcode/DerivedData/CascadeAddonPlatform/Build/Intermediates.noindex/AddonPlatform.build/Debug/ProbeContainer.build/Objects-normal/x86_64/CascadeAddonProbeContainer.abi.json /Users/c4v4h/Library/Developer/Xcode/DerivedData/CascadeAddonPlatform/Build/Products/Debug/CascadeAddonProbeContainer.swiftmodule/x86_64-apple-macos.abi.json

Copy /Users/c4v4h/Library/Developer/Xcode/DerivedData/CascadeAddonPlatform/Build/Products/Debug/CascadeAddonProbeContainer.swiftmodule/Project/x86_64-apple-macos.swiftsourceinfo /Users/c4v4h/Library/Developer/Xcode/DerivedData/CascadeAddonPlatform/Build/Intermediates.noindex/AddonPlatform.build/Debug/ProbeContainer.build/Objects-normal/x86_64/CascadeAddonProbeContainer.swiftsourceinfo (in target 'ProbeContainer' from project 'AddonPlatform')
    cd /Users/c4v4h/Library/Mobile\ Documents/com\~apple\~CloudDocs/Projects/XcodeProjects/Cascade/Prototypes/AddonPlatform
    builtin-copy -exclude .DS_Store -exclude CVS -exclude .svn -exclude .git -exclude .hg -strip-unsigned-binaries -strip-deterministic -strip-tool /Applications/Xcode-beta.app/Contents/Developer/Toolchains/XcodeDefault.xctoolchain/usr/bin/strip -resolve-src-symlinks -rename /Users/c4v4h/Library/Developer/Xcode/DerivedData/CascadeAddonPlatform/Build/Intermediates.noindex/AddonPlatform.build/Debug/ProbeContainer.build/Objects-normal/x86_64/CascadeAddonProbeContainer.swiftsourceinfo /Users/c4v4h/Library/Developer/Xcode/DerivedData/CascadeAddonPlatform/Build/Products/Debug/CascadeAddonProbeContainer.swiftmodule/Project/x86_64-apple-macos.swiftsourceinfo

SwiftCompile normal x86_64 Compiling\ ProbeMessage.swift /Users/c4v4h/Library/Mobile\ Documents/com~apple~CloudDocs/Projects/XcodeProjects/Cascade/Prototypes/AddonPlatform/Shared/ProbeMessage.swift (in target 'ProbeHost' from project 'AddonPlatform')

SwiftCompile normal x86_64 /Users/c4v4h/Library/Mobile\ Documents/com~apple~CloudDocs/Projects/XcodeProjects/Cascade/Prototypes/AddonPlatform/Shared/ProbeMessage.swift (in target 'ProbeHost' from project 'AddonPlatform')
    cd /Users/c4v4h/Library/Mobile\ Documents/com\~apple\~CloudDocs/Projects/XcodeProjects/Cascade/Prototypes/AddonPlatform
    builtin-SwiftPerFileCompile ProbeMessage.swift

SwiftEmitModule normal arm64 Emitting\ module\ for\ CascadeAddonProbeContainer (in target 'ProbeContainer' from project 'AddonPlatform')

SwiftCompile normal arm64 (in target 'ProbeContainer' from project 'AddonPlatform')
    cd /Users/c4v4h/Library/Mobile\ Documents/com\~apple\~CloudDocs/Projects/XcodeProjects/Cascade/Prototypes/AddonPlatform
    

SwiftExplicitDependencyGeneratePcm arm64 /Users/c4v4h/Library/Developer/Xcode/DerivedData/CascadeAddonPlatform/SDKExplicitPrecompiledModules/SwiftUI-CWJRYLE0R3WWJ9DY013B7XNX1.pcm

SwiftDriverJobDiscovery normal x86_64 Compiling ProbeMessage.swift (in target 'ProbeProvider' from project 'AddonPlatform')

SwiftExplicitDependencyGeneratePcm arm64 /Users/c4v4h/Library/Developer/Xcode/DerivedData/CascadeAddonPlatform/SDKExplicitPrecompiledModules/ExtensionKit-5288P59J3JEQC7MCHA5T0CUGP.pcm

SwiftDriverJobDiscovery normal arm64 Compiling ProbeMessage.swift (in target 'ProbeProvider' from project 'AddonPlatform')

SwiftCompile normal arm64 Compiling\ ProbeContainer.swift /Users/c4v4h/Library/Mobile\ Documents/com~apple~CloudDocs/Projects/XcodeProjects/Cascade/Prototypes/AddonPlatform/Container/ProbeContainer.swift (in target 'ProbeContainer' from project 'AddonPlatform')

SwiftCompile normal arm64 /Users/c4v4h/Library/Mobile\ Documents/com~apple~CloudDocs/Projects/XcodeProjects/Cascade/Prototypes/AddonPlatform/Container/ProbeContainer.swift (in target 'ProbeContainer' from project 'AddonPlatform')
    cd /Users/c4v4h/Library/Mobile\ Documents/com\~apple\~CloudDocs/Projects/XcodeProjects/Cascade/Prototypes/AddonPlatform
    builtin-SwiftPerFileCompile ProbeContainer.swift

SwiftDriverJobDiscovery normal arm64 Emitting module for CascadeAddonProbeContainer (in target 'ProbeContainer' from project 'AddonPlatform')

SwiftDriver\ Compilation\ Requirements ProbeContainer normal arm64 com.apple.xcode.tools.swift.compiler (in target 'ProbeContainer' from project 'AddonPlatform')
    cd /Users/c4v4h/Library/Mobile\ Documents/com\~apple\~CloudDocs/Projects/XcodeProjects/Cascade/Prototypes/AddonPlatform
    builtin-Swift-Compilation-Requirements -- /Applications/Xcode-beta.app/Contents/Developer/Toolchains/XcodeDefault.xctoolchain/usr/bin/swiftc -module-name CascadeAddonProbeContainer -Onone @/Users/c4v4h/Library/Developer/Xcode/DerivedData/CascadeAddonPlatform/Build/Intermediates.noindex/AddonPlatform.build/Debug/ProbeContainer.build/Objects-normal/arm64/CascadeAddonProbeContainer.SwiftFileList -DDEBUG -enable-bare-slash-regex -enable-experimental-feature DebugDescriptionMacro -sdk /Applications/Xcode-beta.app/Contents/Developer/Platforms/MacOSX.platform/Developer/SDKs/MacOSX27.0.sdk -target arm64-apple-macos14.0 -g -module-cache-path /Users/c4v4h/Library/Developer/Xcode/DerivedData/CascadeAddonPlatform/ModuleCache.noindex -Xfrontend -serialize-debugging-options -index-store-path /Users/c4v4h/Library/Developer/Xcode/DerivedData/CascadeAddonPlatform/Index.noindex/DataStore -swift-version 5 -I /Users/c4v4h/Library/Developer/Xcode/DerivedData/CascadeAddonPlatform/Build/Products/Debug -F /Users/c4v4h/Library/Developer/Xcode/DerivedData/CascadeAddonPlatform/Build/Products/Debug -parse-as-library -c -j8 -enable-batch-mode -incremental -Xcc -ivfsstatcache -Xcc /Users/c4v4h/Library/Developer/Xcode/DerivedData/CascadeAddonPlatform/SDKStatCaches.noindex/macosx27.0-26A5419a-e829b21a6f8c9b70876ba0858053c04445874285e5972fffeae925c4ab065928.sdkstatcache -output-file-map /Users/c4v4h/Library/Developer/Xcode/DerivedData/CascadeAddonPlatform/Build/Intermediates.noindex/AddonPlatform.build/Debug/ProbeContainer.build/Objects-normal/arm64/ProbeContainer-OutputFileMap.json -save-temps -no-color-diagnostics -explicit-module-build -module-cache-path /Users/c4v4h/Library/Developer/Xcode/DerivedData/CascadeAddonPlatform/Build/Intermediates.noindex/SwiftExplicitPrecompiledModules -clang-scanner-module-cache-path /Users/c4v4h/Library/Developer/Xcode/DerivedData/CascadeAddonPlatform/ModuleCache.noindex -sdk-module-cache-path /Users/c4v4h/Library/Developer/Xcode/DerivedData/CascadeAddonPlatform/SDKExplicitPrecompiledModules -emit-dependencies -emit-module -emit-module-path /Users/c4v4h/Library/Developer/Xcode/DerivedData/CascadeAddonPlatform/Build/Intermediates.noindex/AddonPlatform.build/Debug/ProbeContainer.build/Objects-normal/arm64/CascadeAddonProbeContainer.swiftmodule -serialize-diagnostics -dependency-scan-serialize-diagnostics-path /Users/c4v4h/Library/Developer/Xcode/DerivedData/CascadeAddonPlatform/Build/Intermediates.noindex/AddonPlatform.build/Debug/ProbeContainer.build/Objects-normal/arm64/CascadeAddonProbeContainer-dependency-scan.dia -validate-clang-modules-once -clang-build-session-file /Users/c4v4h/Library/Developer/Xcode/DerivedData/CascadeAddonPlatform/ModuleCache.noindex/Session.modulevalidation -Xcc -fmodules-prune-interval\=86400 -Xcc -fmodules-prune-after\=345600 -emit-const-values -const-gather-protocols-list /Users/c4v4h/Library/Developer/Xcode/DerivedData/CascadeAddonPlatform/Build/Intermediates.noindex/AddonPlatform.build/Debug/ProbeContainer.build/Objects-normal/arm64/ProbeContainer_const_extract_protocols.json -Xcc -iquote -Xcc /Users/c4v4h/Library/Developer/Xcode/DerivedData/CascadeAddonPlatform/Build/Intermediates.noindex/AddonPlatform.build/Debug/ProbeContainer.build/CascadeAddonProbeContainer-generated-files.hmap -Xcc -I/Users/c4v4h/Library/Developer/Xcode/DerivedData/CascadeAddonPlatform/Build/Intermediates.noindex/AddonPlatform.build/Debug/ProbeContainer.build/CascadeAddonProbeContainer-own-target-headers.hmap -Xcc -I/Users/c4v4h/Library/Developer/Xcode/DerivedData/CascadeAddonPlatform/Build/Intermediates.noindex/AddonPlatform.build/Debug/ProbeContainer.build/CascadeAddonProbeContainer-all-target-headers.hmap -Xcc -iquote -Xcc /Users/c4v4h/Library/Developer/Xcode/DerivedData/CascadeAddonPlatform/Build/Intermediates.noindex/AddonPlatform.build/Debug/ProbeContainer.build/CascadeAddonProbeContainer-project-headers.hmap -Xcc -I/Users/c4v4h/Library/Developer/Xcode/DerivedData/CascadeAddonPlatform/Build/Products/Debug/include -Xcc -I/Users/c4v4h/Library/Developer/Xcode/DerivedData/CascadeAddonPlatform/Build/Intermediates.noindex/AddonPlatform.build/Debug/ProbeContainer.build/DerivedSources-normal/arm64 -Xcc -I/Users/c4v4h/Library/Developer/Xcode/DerivedData/CascadeAddonPlatform/Build/Intermediates.noindex/AddonPlatform.build/Debug/ProbeContainer.build/DerivedSources/arm64 -Xcc -I/Users/c4v4h/Library/Developer/Xcode/DerivedData/CascadeAddonPlatform/Build/Intermediates.noindex/AddonPlatform.build/Debug/ProbeContainer.build/DerivedSources -emit-objc-header -emit-objc-header-path /Users/c4v4h/Library/Developer/Xcode/DerivedData/CascadeAddonPlatform/Build/Intermediates.noindex/AddonPlatform.build/Debug/ProbeContainer.build/Objects-normal/arm64/CascadeAddonProbeContainer-Swift.h -working-directory /Users/c4v4h/Library/Mobile\ Documents/com\~apple\~CloudDocs/Projects/XcodeProjects/Cascade/Prototypes/AddonPlatform -experimental-emit-module-separately -disable-cmo

SwiftMergeGeneratedHeaders /Users/c4v4h/Library/Developer/Xcode/DerivedData/CascadeAddonPlatform/Build/Intermediates.noindex/AddonPlatform.build/Debug/ProbeContainer.build/DerivedSources/CascadeAddonProbeContainer-Swift.h /Users/c4v4h/Library/Developer/Xcode/DerivedData/CascadeAddonPlatform/Build/Intermediates.noindex/AddonPlatform.build/Debug/ProbeContainer.build/Objects-normal/arm64/CascadeAddonProbeContainer-Swift.h /Users/c4v4h/Library/Developer/Xcode/DerivedData/CascadeAddonPlatform/Build/Intermediates.noindex/AddonPlatform.build/Debug/ProbeContainer.build/Objects-normal/x86_64/CascadeAddonProbeContainer-Swift.h (in target 'ProbeContainer' from project 'AddonPlatform')
    cd /Users/c4v4h/Library/Mobile\ Documents/com\~apple\~CloudDocs/Projects/XcodeProjects/Cascade/Prototypes/AddonPlatform
    builtin-swiftHeaderTool -arch arm64 /Users/c4v4h/Library/Developer/Xcode/DerivedData/CascadeAddonPlatform/Build/Intermediates.noindex/AddonPlatform.build/Debug/ProbeContainer.build/Objects-normal/arm64/CascadeAddonProbeContainer-Swift.h -arch x86_64 /Users/c4v4h/Library/Developer/Xcode/DerivedData/CascadeAddonPlatform/Build/Intermediates.noindex/AddonPlatform.build/Debug/ProbeContainer.build/Objects-normal/x86_64/CascadeAddonProbeContainer-Swift.h -o /Users/c4v4h/Library/Developer/Xcode/DerivedData/CascadeAddonPlatform/Build/Intermediates.noindex/AddonPlatform.build/Debug/ProbeContainer.build/DerivedSources/CascadeAddonProbeContainer-Swift.h

Copy /Users/c4v4h/Library/Developer/Xcode/DerivedData/CascadeAddonPlatform/Build/Products/Debug/CascadeAddonProbeContainer.swiftmodule/arm64-apple-macos.swiftmodule /Users/c4v4h/Library/Developer/Xcode/DerivedData/CascadeAddonPlatform/Build/Intermediates.noindex/AddonPlatform.build/Debug/ProbeContainer.build/Objects-normal/arm64/CascadeAddonProbeContainer.swiftmodule (in target 'ProbeContainer' from project 'AddonPlatform')
    cd /Users/c4v4h/Library/Mobile\ Documents/com\~apple\~CloudDocs/Projects/XcodeProjects/Cascade/Prototypes/AddonPlatform
    builtin-copy -exclude .DS_Store -exclude CVS -exclude .svn -exclude .git -exclude .hg -strip-unsigned-binaries -strip-deterministic -strip-tool /Applications/Xcode-beta.app/Contents/Developer/Toolchains/XcodeDefault.xctoolchain/usr/bin/strip -resolve-src-symlinks -rename /Users/c4v4h/Library/Developer/Xcode/DerivedData/CascadeAddonPlatform/Build/Intermediates.noindex/AddonPlatform.build/Debug/ProbeContainer.build/Objects-normal/arm64/CascadeAddonProbeContainer.swiftmodule /Users/c4v4h/Library/Developer/Xcode/DerivedData/CascadeAddonPlatform/Build/Products/Debug/CascadeAddonProbeContainer.swiftmodule/arm64-apple-macos.swiftmodule

SwiftEmitModule normal arm64 Emitting\ module\ for\ CascadeAddonProbe (in target 'ProbeHost' from project 'AddonPlatform')

SwiftCompile normal arm64 (in target 'ProbeHost' from project 'AddonPlatform')
    cd /Users/c4v4h/Library/Mobile\ Documents/com\~apple\~CloudDocs/Projects/XcodeProjects/Cascade/Prototypes/AddonPlatform
    

Copy /Users/c4v4h/Library/Developer/Xcode/DerivedData/CascadeAddonPlatform/Build/Products/Debug/CascadeAddonProbeContainer.swiftmodule/arm64-apple-macos.swiftdoc /Users/c4v4h/Library/Developer/Xcode/DerivedData/CascadeAddonPlatform/Build/Intermediates.noindex/AddonPlatform.build/Debug/ProbeContainer.build/Objects-normal/arm64/CascadeAddonProbeContainer.swiftdoc (in target 'ProbeContainer' from project 'AddonPlatform')
    cd /Users/c4v4h/Library/Mobile\ Documents/com\~apple\~CloudDocs/Projects/XcodeProjects/Cascade/Prototypes/AddonPlatform
    builtin-copy -exclude .DS_Store -exclude CVS -exclude .svn -exclude .git -exclude .hg -strip-unsigned-binaries -strip-deterministic -strip-tool /Applications/Xcode-beta.app/Contents/Developer/Toolchains/XcodeDefault.xctoolchain/usr/bin/strip -resolve-src-symlinks -rename /Users/c4v4h/Library/Developer/Xcode/DerivedData/CascadeAddonPlatform/Build/Intermediates.noindex/AddonPlatform.build/Debug/ProbeContainer.build/Objects-normal/arm64/CascadeAddonProbeContainer.swiftdoc /Users/c4v4h/Library/Developer/Xcode/DerivedData/CascadeAddonPlatform/Build/Products/Debug/CascadeAddonProbeContainer.swiftmodule/arm64-apple-macos.swiftdoc

Copy /Users/c4v4h/Library/Developer/Xcode/DerivedData/CascadeAddonPlatform/Build/Products/Debug/CascadeAddonProbeContainer.swiftmodule/arm64-apple-macos.abi.json /Users/c4v4h/Library/Developer/Xcode/DerivedData/CascadeAddonPlatform/Build/Intermediates.noindex/AddonPlatform.build/Debug/ProbeContainer.build/Objects-normal/arm64/CascadeAddonProbeContainer.abi.json (in target 'ProbeContainer' from project 'AddonPlatform')
    cd /Users/c4v4h/Library/Mobile\ Documents/com\~apple\~CloudDocs/Projects/XcodeProjects/Cascade/Prototypes/AddonPlatform
    builtin-copy -exclude .DS_Store -exclude CVS -exclude .svn -exclude .git -exclude .hg -strip-unsigned-binaries -strip-deterministic -strip-tool /Applications/Xcode-beta.app/Contents/Developer/Toolchains/XcodeDefault.xctoolchain/usr/bin/strip -resolve-src-symlinks -rename /Users/c4v4h/Library/Developer/Xcode/DerivedData/CascadeAddonPlatform/Build/Intermediates.noindex/AddonPlatform.build/Debug/ProbeContainer.build/Objects-normal/arm64/CascadeAddonProbeContainer.abi.json /Users/c4v4h/Library/Developer/Xcode/DerivedData/CascadeAddonPlatform/Build/Products/Debug/CascadeAddonProbeContainer.swiftmodule/arm64-apple-macos.abi.json

Copy /Users/c4v4h/Library/Developer/Xcode/DerivedData/CascadeAddonPlatform/Build/Products/Debug/CascadeAddonProbeContainer.swiftmodule/Project/arm64-apple-macos.swiftsourceinfo /Users/c4v4h/Library/Developer/Xcode/DerivedData/CascadeAddonPlatform/Build/Intermediates.noindex/AddonPlatform.build/Debug/ProbeContainer.build/Objects-normal/arm64/CascadeAddonProbeContainer.swiftsourceinfo (in target 'ProbeContainer' from project 'AddonPlatform')
    cd /Users/c4v4h/Library/Mobile\ Documents/com\~apple\~CloudDocs/Projects/XcodeProjects/Cascade/Prototypes/AddonPlatform
    builtin-copy -exclude .DS_Store -exclude CVS -exclude .svn -exclude .git -exclude .hg -strip-unsigned-binaries -strip-deterministic -strip-tool /Applications/Xcode-beta.app/Contents/Developer/Toolchains/XcodeDefault.xctoolchain/usr/bin/strip -resolve-src-symlinks -rename /Users/c4v4h/Library/Developer/Xcode/DerivedData/CascadeAddonPlatform/Build/Intermediates.noindex/AddonPlatform.build/Debug/ProbeContainer.build/Objects-normal/arm64/CascadeAddonProbeContainer.swiftsourceinfo /Users/c4v4h/Library/Developer/Xcode/DerivedData/CascadeAddonPlatform/Build/Products/Debug/CascadeAddonProbeContainer.swiftmodule/Project/arm64-apple-macos.swiftsourceinfo

SwiftCompile normal arm64 Compiling\ ProbeHost.swift /Users/c4v4h/Library/Mobile\ Documents/com~apple~CloudDocs/Projects/XcodeProjects/Cascade/Prototypes/AddonPlatform/Host/ProbeHost.swift (in target 'ProbeHost' from project 'AddonPlatform')

SwiftCompile normal arm64 /Users/c4v4h/Library/Mobile\ Documents/com~apple~CloudDocs/Projects/XcodeProjects/Cascade/Prototypes/AddonPlatform/Host/ProbeHost.swift (in target 'ProbeHost' from project 'AddonPlatform')
    cd /Users/c4v4h/Library/Mobile\ Documents/com\~apple\~CloudDocs/Projects/XcodeProjects/Cascade/Prototypes/AddonPlatform
    builtin-SwiftPerFileCompile ProbeHost.swift

SwiftCompile normal arm64 Compiling\ ProbeMessage.swift /Users/c4v4h/Library/Mobile\ Documents/com~apple~CloudDocs/Projects/XcodeProjects/Cascade/Prototypes/AddonPlatform/Shared/ProbeMessage.swift (in target 'ProbeHost' from project 'AddonPlatform')

SwiftCompile normal arm64 /Users/c4v4h/Library/Mobile\ Documents/com~apple~CloudDocs/Projects/XcodeProjects/Cascade/Prototypes/AddonPlatform/Shared/ProbeMessage.swift (in target 'ProbeHost' from project 'AddonPlatform')
    cd /Users/c4v4h/Library/Mobile\ Documents/com\~apple\~CloudDocs/Projects/XcodeProjects/Cascade/Prototypes/AddonPlatform
    builtin-SwiftPerFileCompile ProbeMessage.swift

SwiftDriverJobDiscovery normal x86_64 Compiling ProbeProvider.swift (in target 'ProbeProvider' from project 'AddonPlatform')

SwiftDriver\ Compilation ProbeProvider normal x86_64 com.apple.xcode.tools.swift.compiler (in target 'ProbeProvider' from project 'AddonPlatform')
    cd /Users/c4v4h/Library/Mobile\ Documents/com\~apple\~CloudDocs/Projects/XcodeProjects/Cascade/Prototypes/AddonPlatform
    builtin-Swift-Compilation -- /Applications/Xcode-beta.app/Contents/Developer/Toolchains/XcodeDefault.xctoolchain/usr/bin/swiftc -module-name CascadeProbeProvider -Onone @/Users/c4v4h/Library/Developer/Xcode/DerivedData/CascadeAddonPlatform/Build/Intermediates.noindex/AddonPlatform.build/Debug/ProbeProvider.build/Objects-normal/x86_64/CascadeProbeProvider.SwiftFileList -DDEBUG -enable-bare-slash-regex -enable-experimental-feature DebugDescriptionMacro -sdk /Applications/Xcode-beta.app/Contents/Developer/Platforms/MacOSX.platform/Developer/SDKs/MacOSX27.0.sdk -target x86_64-apple-macos14.0 -g -module-cache-path /Users/c4v4h/Library/Developer/Xcode/DerivedData/CascadeAddonPlatform/ModuleCache.noindex -Xfrontend -serialize-debugging-options -application-extension -index-store-path /Users/c4v4h/Library/Developer/Xcode/DerivedData/CascadeAddonPlatform/Index.noindex/DataStore -swift-version 5 -I /Users/c4v4h/Library/Developer/Xcode/DerivedData/CascadeAddonPlatform/Build/Products/Debug -F /Users/c4v4h/Library/Developer/Xcode/DerivedData/CascadeAddonPlatform/Build/Products/Debug -c -j8 -enable-batch-mode -incremental -Xcc -ivfsstatcache -Xcc /Users/c4v4h/Library/Developer/Xcode/DerivedData/CascadeAddonPlatform/SDKStatCaches.noindex/macosx27.0-26A5419a-e829b21a6f8c9b70876ba0858053c04445874285e5972fffeae925c4ab065928.sdkstatcache -output-file-map /Users/c4v4h/Library/Developer/Xcode/DerivedData/CascadeAddonPlatform/Build/Intermediates.noindex/AddonPlatform.build/Debug/ProbeProvider.build/Objects-normal/x86_64/ProbeProvider-OutputFileMap.json -save-temps -no-color-diagnostics -explicit-module-build -module-cache-path /Users/c4v4h/Library/Developer/Xcode/DerivedData/CascadeAddonPlatform/Build/Intermediates.noindex/SwiftExplicitPrecompiledModules -clang-scanner-module-cache-path /Users/c4v4h/Library/Developer/Xcode/DerivedData/CascadeAddonPlatform/ModuleCache.noindex -sdk-module-cache-path /Users/c4v4h/Library/Developer/Xcode/DerivedData/CascadeAddonPlatform/SDKExplicitPrecompiledModules -emit-dependencies -emit-module -emit-module-path /Users/c4v4h/Library/Developer/Xcode/DerivedData/CascadeAddonPlatform/Build/Intermediates.noindex/AddonPlatform.build/Debug/ProbeProvider.build/Objects-normal/x86_64/CascadeProbeProvider.swiftmodule -serialize-diagnostics -dependency-scan-serialize-diagnostics-path /Users/c4v4h/Library/Developer/Xcode/DerivedData/CascadeAddonPlatform/Build/Intermediates.noindex/AddonPlatform.build/Debug/ProbeProvider.build/Objects-normal/x86_64/CascadeProbeProvider-dependency-scan.dia -validate-clang-modules-once -clang-build-session-file /Users/c4v4h/Library/Developer/Xcode/DerivedData/CascadeAddonPlatform/ModuleCache.noindex/Session.modulevalidation -Xcc -fmodules-prune-interval\=86400 -Xcc -fmodules-prune-after\=345600 -emit-const-values -const-gather-protocols-list /Users/c4v4h/Library/Developer/Xcode/DerivedData/CascadeAddonPlatform/Build/Intermediates.noindex/AddonPlatform.build/Debug/ProbeProvider.build/Objects-normal/x86_64/ProbeProvider_const_extract_protocols.json -Xcc -iquote -Xcc /Users/c4v4h/Library/Developer/Xcode/DerivedData/CascadeAddonPlatform/Build/Intermediates.noindex/AddonPlatform.build/Debug/ProbeProvider.build/CascadeProbeProvider-generated-files.hmap -Xcc -I/Users/c4v4h/Library/Developer/Xcode/DerivedData/CascadeAddonPlatform/Build/Intermediates.noindex/AddonPlatform.build/Debug/ProbeProvider.build/CascadeProbeProvider-own-target-headers.hmap -Xcc -I/Users/c4v4h/Library/Developer/Xcode/DerivedData/CascadeAddonPlatform/Build/Intermediates.noindex/AddonPlatform.build/Debug/ProbeProvider.build/CascadeProbeProvider-all-target-headers.hmap -Xcc -iquote -Xcc /Users/c4v4h/Library/Developer/Xcode/DerivedData/CascadeAddonPlatform/Build/Intermediates.noindex/AddonPlatform.build/Debug/ProbeProvider.build/CascadeProbeProvider-project-headers.hmap -Xcc -I/Users/c4v4h/Library/Developer/Xcode/DerivedData/CascadeAddonPlatform/Build/Products/Debug/include -Xcc -I/Users/c4v4h/Library/Developer/Xcode/DerivedData/CascadeAddonPlatform/Build/Intermediates.noindex/AddonPlatform.build/Debug/ProbeProvider.build/DerivedSources-normal/x86_64 -Xcc -I/Users/c4v4h/Library/Developer/Xcode/DerivedData/CascadeAddonPlatform/Build/Intermediates.noindex/AddonPlatform.build/Debug/ProbeProvider.build/DerivedSources/x86_64 -Xcc -I/Users/c4v4h/Library/Developer/Xcode/DerivedData/CascadeAddonPlatform/Build/Intermediates.noindex/AddonPlatform.build/Debug/ProbeProvider.build/DerivedSources -emit-objc-header -emit-objc-header-path /Users/c4v4h/Library/Developer/Xcode/DerivedData/CascadeAddonPlatform/Build/Intermediates.noindex/AddonPlatform.build/Debug/ProbeProvider.build/Objects-normal/x86_64/CascadeProbeProvider-Swift.h -working-directory /Users/c4v4h/Library/Mobile\ Documents/com\~apple\~CloudDocs/Projects/XcodeProjects/Cascade/Prototypes/AddonPlatform -experimental-emit-module-separately -disable-cmo

SwiftDriverJobDiscovery normal arm64 Compiling ProbeProvider.swift (in target 'ProbeProvider' from project 'AddonPlatform')

Ld /Users/c4v4h/Library/Developer/Xcode/DerivedData/CascadeAddonPlatform/Build/Intermediates.noindex/AddonPlatform.build/Debug/ProbeProvider.build/Objects-normal/x86_64/Binary/ProbeProvider normal x86_64 (in target 'ProbeProvider' from project 'AddonPlatform')
    cd /Users/c4v4h/Library/Mobile\ Documents/com\~apple\~CloudDocs/Projects/XcodeProjects/Cascade/Prototypes/AddonPlatform
    /Applications/Xcode-beta.app/Contents/Developer/Toolchains/XcodeDefault.xctoolchain/usr/bin/clang -Xlinker -reproducible -target x86_64-apple-macos14.0 -isysroot /Applications/Xcode-beta.app/Contents/Developer/Platforms/MacOSX.platform/Developer/SDKs/MacOSX27.0.sdk -Os -Xlinker -no_warn_duplicate_libraries -L/Users/c4v4h/Library/Developer/Xcode/DerivedData/CascadeAddonPlatform/Build/Intermediates.noindex/EagerLinkingTBDs/Debug -L/Users/c4v4h/Library/Developer/Xcode/DerivedData/CascadeAddonPlatform/Build/Products/Debug -F/Users/c4v4h/Library/Developer/Xcode/DerivedData/CascadeAddonPlatform/Build/Intermediates.noindex/EagerLinkingTBDs/Debug -F/Users/c4v4h/Library/Developer/Xcode/DerivedData/CascadeAddonPlatform/Build/Products/Debug -filelist /Users/c4v4h/Library/Developer/Xcode/DerivedData/CascadeAddonPlatform/Build/Intermediates.noindex/AddonPlatform.build/Debug/ProbeProvider.build/Objects-normal/x86_64/CascadeProbeProvider.LinkFileList -Xlinker -rpath -Xlinker /usr/lib/swift -Xlinker -object_path_lto -Xlinker /Users/c4v4h/Library/Developer/Xcode/DerivedData/CascadeAddonPlatform/Build/Intermediates.noindex/AddonPlatform.build/Debug/ProbeProvider.build/Objects-normal/x86_64/CascadeProbeProvider_lto.o -Xlinker -dependency_info -Xlinker /Users/c4v4h/Library/Developer/Xcode/DerivedData/CascadeAddonPlatform/Build/Intermediates.noindex/AddonPlatform.build/Debug/ProbeProvider.build/Objects-normal/x86_64/CascadeProbeProvider_dependency_info.dat -e _NSExtensionMain -fapplication-extension -fobjc-link-runtime -L/Applications/Xcode-beta.app/Contents/Developer/Toolchains/XcodeDefault.xctoolchain/usr/lib/swift/macosx -L/usr/lib/swift -Xlinker -add_ast_path -Xlinker /Users/c4v4h/Library/Developer/Xcode/DerivedData/CascadeAddonPlatform/Build/Intermediates.noindex/AddonPlatform.build/Debug/ProbeProvider.build/Objects-normal/x86_64/CascadeProbeProvider.swiftmodule -Xlinker -no_adhoc_codesign -o /Users/c4v4h/Library/Developer/Xcode/DerivedData/CascadeAddonPlatform/Build/Intermediates.noindex/AddonPlatform.build/Debug/ProbeProvider.build/Objects-normal/x86_64/Binary/ProbeProvider

SwiftDriver\ Compilation ProbeProvider normal arm64 com.apple.xcode.tools.swift.compiler (in target 'ProbeProvider' from project 'AddonPlatform')
    cd /Users/c4v4h/Library/Mobile\ Documents/com\~apple\~CloudDocs/Projects/XcodeProjects/Cascade/Prototypes/AddonPlatform
    builtin-Swift-Compilation -- /Applications/Xcode-beta.app/Contents/Developer/Toolchains/XcodeDefault.xctoolchain/usr/bin/swiftc -module-name CascadeProbeProvider -Onone @/Users/c4v4h/Library/Developer/Xcode/DerivedData/CascadeAddonPlatform/Build/Intermediates.noindex/AddonPlatform.build/Debug/ProbeProvider.build/Objects-normal/arm64/CascadeProbeProvider.SwiftFileList -DDEBUG -enable-bare-slash-regex -enable-experimental-feature DebugDescriptionMacro -sdk /Applications/Xcode-beta.app/Contents/Developer/Platforms/MacOSX.platform/Developer/SDKs/MacOSX27.0.sdk -target arm64-apple-macos14.0 -g -module-cache-path /Users/c4v4h/Library/Developer/Xcode/DerivedData/CascadeAddonPlatform/ModuleCache.noindex -Xfrontend -serialize-debugging-options -application-extension -index-store-path /Users/c4v4h/Library/Developer/Xcode/DerivedData/CascadeAddonPlatform/Index.noindex/DataStore -swift-version 5 -I /Users/c4v4h/Library/Developer/Xcode/DerivedData/CascadeAddonPlatform/Build/Products/Debug -F /Users/c4v4h/Library/Developer/Xcode/DerivedData/CascadeAddonPlatform/Build/Products/Debug -c -j8 -enable-batch-mode -incremental -Xcc -ivfsstatcache -Xcc /Users/c4v4h/Library/Developer/Xcode/DerivedData/CascadeAddonPlatform/SDKStatCaches.noindex/macosx27.0-26A5419a-e829b21a6f8c9b70876ba0858053c04445874285e5972fffeae925c4ab065928.sdkstatcache -output-file-map /Users/c4v4h/Library/Developer/Xcode/DerivedData/CascadeAddonPlatform/Build/Intermediates.noindex/AddonPlatform.build/Debug/ProbeProvider.build/Objects-normal/arm64/ProbeProvider-OutputFileMap.json -save-temps -no-color-diagnostics -explicit-module-build -module-cache-path /Users/c4v4h/Library/Developer/Xcode/DerivedData/CascadeAddonPlatform/Build/Intermediates.noindex/SwiftExplicitPrecompiledModules -clang-scanner-module-cache-path /Users/c4v4h/Library/Developer/Xcode/DerivedData/CascadeAddonPlatform/ModuleCache.noindex -sdk-module-cache-path /Users/c4v4h/Library/Developer/Xcode/DerivedData/CascadeAddonPlatform/SDKExplicitPrecompiledModules -emit-dependencies -emit-module -emit-module-path /Users/c4v4h/Library/Developer/Xcode/DerivedData/CascadeAddonPlatform/Build/Intermediates.noindex/AddonPlatform.build/Debug/ProbeProvider.build/Objects-normal/arm64/CascadeProbeProvider.swiftmodule -serialize-diagnostics -dependency-scan-serialize-diagnostics-path /Users/c4v4h/Library/Developer/Xcode/DerivedData/CascadeAddonPlatform/Build/Intermediates.noindex/AddonPlatform.build/Debug/ProbeProvider.build/Objects-normal/arm64/CascadeProbeProvider-dependency-scan.dia -validate-clang-modules-once -clang-build-session-file /Users/c4v4h/Library/Developer/Xcode/DerivedData/CascadeAddonPlatform/ModuleCache.noindex/Session.modulevalidation -Xcc -fmodules-prune-interval\=86400 -Xcc -fmodules-prune-after\=345600 -emit-const-values -const-gather-protocols-list /Users/c4v4h/Library/Developer/Xcode/DerivedData/CascadeAddonPlatform/Build/Intermediates.noindex/AddonPlatform.build/Debug/ProbeProvider.build/Objects-normal/arm64/ProbeProvider_const_extract_protocols.json -Xcc -iquote -Xcc /Users/c4v4h/Library/Developer/Xcode/DerivedData/CascadeAddonPlatform/Build/Intermediates.noindex/AddonPlatform.build/Debug/ProbeProvider.build/CascadeProbeProvider-generated-files.hmap -Xcc -I/Users/c4v4h/Library/Developer/Xcode/DerivedData/CascadeAddonPlatform/Build/Intermediates.noindex/AddonPlatform.build/Debug/ProbeProvider.build/CascadeProbeProvider-own-target-headers.hmap -Xcc -I/Users/c4v4h/Library/Developer/Xcode/DerivedData/CascadeAddonPlatform/Build/Intermediates.noindex/AddonPlatform.build/Debug/ProbeProvider.build/CascadeProbeProvider-all-target-headers.hmap -Xcc -iquote -Xcc /Users/c4v4h/Library/Developer/Xcode/DerivedData/CascadeAddonPlatform/Build/Intermediates.noindex/AddonPlatform.build/Debug/ProbeProvider.build/CascadeProbeProvider-project-headers.hmap -Xcc -I/Users/c4v4h/Library/Developer/Xcode/DerivedData/CascadeAddonPlatform/Build/Products/Debug/include -Xcc -I/Users/c4v4h/Library/Developer/Xcode/DerivedData/CascadeAddonPlatform/Build/Intermediates.noindex/AddonPlatform.build/Debug/ProbeProvider.build/DerivedSources-normal/arm64 -Xcc -I/Users/c4v4h/Library/Developer/Xcode/DerivedData/CascadeAddonPlatform/Build/Intermediates.noindex/AddonPlatform.build/Debug/ProbeProvider.build/DerivedSources/arm64 -Xcc -I/Users/c4v4h/Library/Developer/Xcode/DerivedData/CascadeAddonPlatform/Build/Intermediates.noindex/AddonPlatform.build/Debug/ProbeProvider.build/DerivedSources -emit-objc-header -emit-objc-header-path /Users/c4v4h/Library/Developer/Xcode/DerivedData/CascadeAddonPlatform/Build/Intermediates.noindex/AddonPlatform.build/Debug/ProbeProvider.build/Objects-normal/arm64/CascadeProbeProvider-Swift.h -working-directory /Users/c4v4h/Library/Mobile\ Documents/com\~apple\~CloudDocs/Projects/XcodeProjects/Cascade/Prototypes/AddonPlatform -experimental-emit-module-separately -disable-cmo

SwiftDriverJobDiscovery normal arm64 Emitting module for CascadeAddonProbe (in target 'ProbeHost' from project 'AddonPlatform')

Ld /Users/c4v4h/Library/Developer/Xcode/DerivedData/CascadeAddonPlatform/Build/Intermediates.noindex/AddonPlatform.build/Debug/ProbeProvider.build/Objects-normal/arm64/Binary/ProbeProvider normal arm64 (in target 'ProbeProvider' from project 'AddonPlatform')
    cd /Users/c4v4h/Library/Mobile\ Documents/com\~apple\~CloudDocs/Projects/XcodeProjects/Cascade/Prototypes/AddonPlatform
    /Applications/Xcode-beta.app/Contents/Developer/Toolchains/XcodeDefault.xctoolchain/usr/bin/clang -Xlinker -reproducible -target arm64-apple-macos14.0 -isysroot /Applications/Xcode-beta.app/Contents/Developer/Platforms/MacOSX.platform/Developer/SDKs/MacOSX27.0.sdk -Os -Xlinker -no_warn_duplicate_libraries -L/Users/c4v4h/Library/Developer/Xcode/DerivedData/CascadeAddonPlatform/Build/Intermediates.noindex/EagerLinkingTBDs/Debug -L/Users/c4v4h/Library/Developer/Xcode/DerivedData/CascadeAddonPlatform/Build/Products/Debug -F/Users/c4v4h/Library/Developer/Xcode/DerivedData/CascadeAddonPlatform/Build/Intermediates.noindex/EagerLinkingTBDs/Debug -F/Users/c4v4h/Library/Developer/Xcode/DerivedData/CascadeAddonPlatform/Build/Products/Debug -filelist /Users/c4v4h/Library/Developer/Xcode/DerivedData/CascadeAddonPlatform/Build/Intermediates.noindex/AddonPlatform.build/Debug/ProbeProvider.build/Objects-normal/arm64/CascadeProbeProvider.LinkFileList -Xlinker -rpath -Xlinker /usr/lib/swift -Xlinker -object_path_lto -Xlinker /Users/c4v4h/Library/Developer/Xcode/DerivedData/CascadeAddonPlatform/Build/Intermediates.noindex/AddonPlatform.build/Debug/ProbeProvider.build/Objects-normal/arm64/CascadeProbeProvider_lto.o -Xlinker -dependency_info -Xlinker /Users/c4v4h/Library/Developer/Xcode/DerivedData/CascadeAddonPlatform/Build/Intermediates.noindex/AddonPlatform.build/Debug/ProbeProvider.build/Objects-normal/arm64/CascadeProbeProvider_dependency_info.dat -e _NSExtensionMain -fapplication-extension -fobjc-link-runtime -L/Applications/Xcode-beta.app/Contents/Developer/Toolchains/XcodeDefault.xctoolchain/usr/lib/swift/macosx -L/usr/lib/swift -Xlinker -add_ast_path -Xlinker /Users/c4v4h/Library/Developer/Xcode/DerivedData/CascadeAddonPlatform/Build/Intermediates.noindex/AddonPlatform.build/Debug/ProbeProvider.build/Objects-normal/arm64/CascadeProbeProvider.swiftmodule -Xlinker -no_adhoc_codesign -o /Users/c4v4h/Library/Developer/Xcode/DerivedData/CascadeAddonPlatform/Build/Intermediates.noindex/AddonPlatform.build/Debug/ProbeProvider.build/Objects-normal/arm64/Binary/ProbeProvider

SwiftDriver\ Compilation\ Requirements ProbeHost normal arm64 com.apple.xcode.tools.swift.compiler (in target 'ProbeHost' from project 'AddonPlatform')
    cd /Users/c4v4h/Library/Mobile\ Documents/com\~apple\~CloudDocs/Projects/XcodeProjects/Cascade/Prototypes/AddonPlatform
    builtin-Swift-Compilation-Requirements -- /Applications/Xcode-beta.app/Contents/Developer/Toolchains/XcodeDefault.xctoolchain/usr/bin/swiftc -module-name CascadeAddonProbe -Onone @/Users/c4v4h/Library/Developer/Xcode/DerivedData/CascadeAddonPlatform/Build/Intermediates.noindex/AddonPlatform.build/Debug/ProbeHost.build/Objects-normal/arm64/CascadeAddonProbe.SwiftFileList -DDEBUG -enable-bare-slash-regex -enable-experimental-feature DebugDescriptionMacro -sdk /Applications/Xcode-beta.app/Contents/Developer/Platforms/MacOSX.platform/Developer/SDKs/MacOSX27.0.sdk -target arm64-apple-macos14.0 -g -module-cache-path /Users/c4v4h/Library/Developer/Xcode/DerivedData/CascadeAddonPlatform/ModuleCache.noindex -Xfrontend -serialize-debugging-options -index-store-path /Users/c4v4h/Library/Developer/Xcode/DerivedData/CascadeAddonPlatform/Index.noindex/DataStore -swift-version 5 -I /Users/c4v4h/Library/Developer/Xcode/DerivedData/CascadeAddonPlatform/Build/Products/Debug -F /Users/c4v4h/Library/Developer/Xcode/DerivedData/CascadeAddonPlatform/Build/Products/Debug -c -j8 -enable-batch-mode -incremental -Xcc -ivfsstatcache -Xcc /Users/c4v4h/Library/Developer/Xcode/DerivedData/CascadeAddonPlatform/SDKStatCaches.noindex/macosx27.0-26A5419a-e829b21a6f8c9b70876ba0858053c04445874285e5972fffeae925c4ab065928.sdkstatcache -output-file-map /Users/c4v4h/Library/Developer/Xcode/DerivedData/CascadeAddonPlatform/Build/Intermediates.noindex/AddonPlatform.build/Debug/ProbeHost.build/Objects-normal/arm64/ProbeHost-OutputFileMap.json -save-temps -no-color-diagnostics -explicit-module-build -module-cache-path /Users/c4v4h/Library/Developer/Xcode/DerivedData/CascadeAddonPlatform/Build/Intermediates.noindex/SwiftExplicitPrecompiledModules -clang-scanner-module-cache-path /Users/c4v4h/Library/Developer/Xcode/DerivedData/CascadeAddonPlatform/ModuleCache.noindex -sdk-module-cache-path /Users/c4v4h/Library/Developer/Xcode/DerivedData/CascadeAddonPlatform/SDKExplicitPrecompiledModules -emit-dependencies -emit-module -emit-module-path /Users/c4v4h/Library/Developer/Xcode/DerivedData/CascadeAddonPlatform/Build/Intermediates.noindex/AddonPlatform.build/Debug/ProbeHost.build/Objects-normal/arm64/CascadeAddonProbe.swiftmodule -serialize-diagnostics -dependency-scan-serialize-diagnostics-path /Users/c4v4h/Library/Developer/Xcode/DerivedData/CascadeAddonPlatform/Build/Intermediates.noindex/AddonPlatform.build/Debug/ProbeHost.build/Objects-normal/arm64/CascadeAddonProbe-dependency-scan.dia -validate-clang-modules-once -clang-build-session-file /Users/c4v4h/Library/Developer/Xcode/DerivedData/CascadeAddonPlatform/ModuleCache.noindex/Session.modulevalidation -Xcc -fmodules-prune-interval\=86400 -Xcc -fmodules-prune-after\=345600 -emit-const-values -const-gather-protocols-list /Users/c4v4h/Library/Developer/Xcode/DerivedData/CascadeAddonPlatform/Build/Intermediates.noindex/AddonPlatform.build/Debug/ProbeHost.build/Objects-normal/arm64/ProbeHost_const_extract_protocols.json -Xcc -iquote -Xcc /Users/c4v4h/Library/Developer/Xcode/DerivedData/CascadeAddonPlatform/Build/Intermediates.noindex/AddonPlatform.build/Debug/ProbeHost.build/CascadeAddonProbe-generated-files.hmap -Xcc -I/Users/c4v4h/Library/Developer/Xcode/DerivedData/CascadeAddonPlatform/Build/Intermediates.noindex/AddonPlatform.build/Debug/ProbeHost.build/CascadeAddonProbe-own-target-headers.hmap -Xcc -I/Users/c4v4h/Library/Developer/Xcode/DerivedData/CascadeAddonPlatform/Build/Intermediates.noindex/AddonPlatform.build/Debug/ProbeHost.build/CascadeAddonProbe-all-target-headers.hmap -Xcc -iquote -Xcc /Users/c4v4h/Library/Developer/Xcode/DerivedData/CascadeAddonPlatform/Build/Intermediates.noindex/AddonPlatform.build/Debug/ProbeHost.build/CascadeAddonProbe-project-headers.hmap -Xcc -I/Users/c4v4h/Library/Developer/Xcode/DerivedData/CascadeAddonPlatform/Build/Products/Debug/include -Xcc -I/Users/c4v4h/Library/Developer/Xcode/DerivedData/CascadeAddonPlatform/Build/Intermediates.noindex/AddonPlatform.build/Debug/ProbeHost.build/DerivedSources-normal/arm64 -Xcc -I/Users/c4v4h/Library/Developer/Xcode/DerivedData/CascadeAddonPlatform/Build/Intermediates.noindex/AddonPlatform.build/Debug/ProbeHost.build/DerivedSources/arm64 -Xcc -I/Users/c4v4h/Library/Developer/Xcode/DerivedData/CascadeAddonPlatform/Build/Intermediates.noindex/AddonPlatform.build/Debug/ProbeHost.build/DerivedSources -emit-objc-header -emit-objc-header-path /Users/c4v4h/Library/Developer/Xcode/DerivedData/CascadeAddonPlatform/Build/Intermediates.noindex/AddonPlatform.build/Debug/ProbeHost.build/Objects-normal/arm64/CascadeAddonProbe-Swift.h -working-directory /Users/c4v4h/Library/Mobile\ Documents/com\~apple\~CloudDocs/Projects/XcodeProjects/Cascade/Prototypes/AddonPlatform -experimental-emit-module-separately -disable-cmo

AppExtensionPListGenerator (in target 'ProbeProvider' from project 'AddonPlatform')
    cd /Users/c4v4h/Library/Mobile\ Documents/com\~apple\~CloudDocs/Projects/XcodeProjects/Cascade/Prototypes/AddonPlatform
    /Applications/Xcode-beta.app/Contents/Developer/Toolchains/XcodeDefault.xctoolchain/usr/bin/exutil generate-appextension-plist --module-name CascadeProbeProvider --sdk-root /Applications/Xcode-beta.app/Contents/Developer/Platforms/MacOSX.platform/Developer/SDKs/MacOSX27.0.sdk --xcode-version 27A5252f --platform-family macOS --deployment-target 14.0 --bundle-identifier hylo.Cascade.AddonProbeContainer.Provider --output /Users/c4v4h/Library/Developer/Xcode/DerivedData/CascadeAddonPlatform/Build/Intermediates.noindex/AddonPlatform.build/Debug/ProbeProvider.build/ProbeProvider-appextension-generated-info.plist /Users/c4v4h/Library/Developer/Xcode/DerivedData/CascadeAddonPlatform/Build/Intermediates.noindex/AddonPlatform.build/Debug/ProbeProvider.build/Objects-normal/arm64/ProbeProvider.swiftconstvalues /Users/c4v4h/Library/Developer/Xcode/DerivedData/CascadeAddonPlatform/Build/Intermediates.noindex/AddonPlatform.build/Debug/ProbeProvider.build/Objects-normal/arm64/ProbeMessage.swiftconstvalues

SwiftMergeGeneratedHeaders /Users/c4v4h/Library/Developer/Xcode/DerivedData/CascadeAddonPlatform/Build/Intermediates.noindex/AddonPlatform.build/Debug/ProbeHost.build/DerivedSources/CascadeAddonProbe-Swift.h /Users/c4v4h/Library/Developer/Xcode/DerivedData/CascadeAddonPlatform/Build/Intermediates.noindex/AddonPlatform.build/Debug/ProbeHost.build/Objects-normal/arm64/CascadeAddonProbe-Swift.h /Users/c4v4h/Library/Developer/Xcode/DerivedData/CascadeAddonPlatform/Build/Intermediates.noindex/AddonPlatform.build/Debug/ProbeHost.build/Objects-normal/x86_64/CascadeAddonProbe-Swift.h (in target 'ProbeHost' from project 'AddonPlatform')
    cd /Users/c4v4h/Library/Mobile\ Documents/com\~apple\~CloudDocs/Projects/XcodeProjects/Cascade/Prototypes/AddonPlatform
    builtin-swiftHeaderTool -arch arm64 /Users/c4v4h/Library/Developer/Xcode/DerivedData/CascadeAddonPlatform/Build/Intermediates.noindex/AddonPlatform.build/Debug/ProbeHost.build/Objects-normal/arm64/CascadeAddonProbe-Swift.h -arch x86_64 /Users/c4v4h/Library/Developer/Xcode/DerivedData/CascadeAddonPlatform/Build/Intermediates.noindex/AddonPlatform.build/Debug/ProbeHost.build/Objects-normal/x86_64/CascadeAddonProbe-Swift.h -o /Users/c4v4h/Library/Developer/Xcode/DerivedData/CascadeAddonPlatform/Build/Intermediates.noindex/AddonPlatform.build/Debug/ProbeHost.build/DerivedSources/CascadeAddonProbe-Swift.h

Copy /Users/c4v4h/Library/Developer/Xcode/DerivedData/CascadeAddonPlatform/Build/Products/Debug/CascadeAddonProbe.swiftmodule/arm64-apple-macos.swiftmodule /Users/c4v4h/Library/Developer/Xcode/DerivedData/CascadeAddonPlatform/Build/Intermediates.noindex/AddonPlatform.build/Debug/ProbeHost.build/Objects-normal/arm64/CascadeAddonProbe.swiftmodule (in target 'ProbeHost' from project 'AddonPlatform')
    cd /Users/c4v4h/Library/Mobile\ Documents/com\~apple\~CloudDocs/Projects/XcodeProjects/Cascade/Prototypes/AddonPlatform
    builtin-copy -exclude .DS_Store -exclude CVS -exclude .svn -exclude .git -exclude .hg -strip-unsigned-binaries -strip-deterministic -strip-tool /Applications/Xcode-beta.app/Contents/Developer/Toolchains/XcodeDefault.xctoolchain/usr/bin/strip -resolve-src-symlinks -rename /Users/c4v4h/Library/Developer/Xcode/DerivedData/CascadeAddonPlatform/Build/Intermediates.noindex/AddonPlatform.build/Debug/ProbeHost.build/Objects-normal/arm64/CascadeAddonProbe.swiftmodule /Users/c4v4h/Library/Developer/Xcode/DerivedData/CascadeAddonPlatform/Build/Products/Debug/CascadeAddonProbe.swiftmodule/arm64-apple-macos.swiftmodule

Copy /Users/c4v4h/Library/Developer/Xcode/DerivedData/CascadeAddonPlatform/Build/Products/Debug/CascadeAddonProbe.swiftmodule/arm64-apple-macos.swiftdoc /Users/c4v4h/Library/Developer/Xcode/DerivedData/CascadeAddonPlatform/Build/Intermediates.noindex/AddonPlatform.build/Debug/ProbeHost.build/Objects-normal/arm64/CascadeAddonProbe.swiftdoc (in target 'ProbeHost' from project 'AddonPlatform')
    cd /Users/c4v4h/Library/Mobile\ Documents/com\~apple\~CloudDocs/Projects/XcodeProjects/Cascade/Prototypes/AddonPlatform
    builtin-copy -exclude .DS_Store -exclude CVS -exclude .svn -exclude .git -exclude .hg -strip-unsigned-binaries -strip-deterministic -strip-tool /Applications/Xcode-beta.app/Contents/Developer/Toolchains/XcodeDefault.xctoolchain/usr/bin/strip -resolve-src-symlinks -rename /Users/c4v4h/Library/Developer/Xcode/DerivedData/CascadeAddonPlatform/Build/Intermediates.noindex/AddonPlatform.build/Debug/ProbeHost.build/Objects-normal/arm64/CascadeAddonProbe.swiftdoc /Users/c4v4h/Library/Developer/Xcode/DerivedData/CascadeAddonPlatform/Build/Products/Debug/CascadeAddonProbe.swiftmodule/arm64-apple-macos.swiftdoc

Copy /Users/c4v4h/Library/Developer/Xcode/DerivedData/CascadeAddonPlatform/Build/Products/Debug/CascadeAddonProbe.swiftmodule/arm64-apple-macos.abi.json /Users/c4v4h/Library/Developer/Xcode/DerivedData/CascadeAddonPlatform/Build/Intermediates.noindex/AddonPlatform.build/Debug/ProbeHost.build/Objects-normal/arm64/CascadeAddonProbe.abi.json (in target 'ProbeHost' from project 'AddonPlatform')
    cd /Users/c4v4h/Library/Mobile\ Documents/com\~apple\~CloudDocs/Projects/XcodeProjects/Cascade/Prototypes/AddonPlatform
    builtin-copy -exclude .DS_Store -exclude CVS -exclude .svn -exclude .git -exclude .hg -strip-unsigned-binaries -strip-deterministic -strip-tool /Applications/Xcode-beta.app/Contents/Developer/Toolchains/XcodeDefault.xctoolchain/usr/bin/strip -resolve-src-symlinks -rename /Users/c4v4h/Library/Developer/Xcode/DerivedData/CascadeAddonPlatform/Build/Intermediates.noindex/AddonPlatform.build/Debug/ProbeHost.build/Objects-normal/arm64/CascadeAddonProbe.abi.json /Users/c4v4h/Library/Developer/Xcode/DerivedData/CascadeAddonPlatform/Build/Products/Debug/CascadeAddonProbe.swiftmodule/arm64-apple-macos.abi.json

Copy /Users/c4v4h/Library/Developer/Xcode/DerivedData/CascadeAddonPlatform/Build/Products/Debug/CascadeAddonProbe.swiftmodule/Project/arm64-apple-macos.swiftsourceinfo /Users/c4v4h/Library/Developer/Xcode/DerivedData/CascadeAddonPlatform/Build/Intermediates.noindex/AddonPlatform.build/Debug/ProbeHost.build/Objects-normal/arm64/CascadeAddonProbe.swiftsourceinfo (in target 'ProbeHost' from project 'AddonPlatform')
    cd /Users/c4v4h/Library/Mobile\ Documents/com\~apple\~CloudDocs/Projects/XcodeProjects/Cascade/Prototypes/AddonPlatform
    builtin-copy -exclude .DS_Store -exclude CVS -exclude .svn -exclude .git -exclude .hg -strip-unsigned-binaries -strip-deterministic -strip-tool /Applications/Xcode-beta.app/Contents/Developer/Toolchains/XcodeDefault.xctoolchain/usr/bin/strip -resolve-src-symlinks -rename /Users/c4v4h/Library/Developer/Xcode/DerivedData/CascadeAddonPlatform/Build/Intermediates.noindex/AddonPlatform.build/Debug/ProbeHost.build/Objects-normal/arm64/CascadeAddonProbe.swiftsourceinfo /Users/c4v4h/Library/Developer/Xcode/DerivedData/CascadeAddonPlatform/Build/Products/Debug/CascadeAddonProbe.swiftmodule/Project/arm64-apple-macos.swiftsourceinfo

ProcessInfoPlistFile /Users/c4v4h/Library/Developer/Xcode/DerivedData/CascadeAddonPlatform/Build/Products/Debug/CascadeProbeProvider.appex/Contents/Info.plist /Users/c4v4h/Library/Mobile\ Documents/com~apple~CloudDocs/Projects/XcodeProjects/Cascade/Prototypes/AddonPlatform/Provider/Info.plist (in target 'ProbeProvider' from project 'AddonPlatform')
    cd /Users/c4v4h/Library/Mobile\ Documents/com\~apple\~CloudDocs/Projects/XcodeProjects/Cascade/Prototypes/AddonPlatform
    builtin-infoPlistUtility /Users/c4v4h/Library/Mobile\ Documents/com\~apple\~CloudDocs/Projects/XcodeProjects/Cascade/Prototypes/AddonPlatform/Provider/Info.plist -producttype com.apple.product-type.extensionkit-extension -expandbuildsettings -platform macosx -additionalcontentfile /Users/c4v4h/Library/Developer/Xcode/DerivedData/CascadeAddonPlatform/Build/Intermediates.noindex/AddonPlatform.build/Debug/ProbeProvider.build/ProbeProvider-appextension-generated-info.plist -o /Users/c4v4h/Library/Developer/Xcode/DerivedData/CascadeAddonPlatform/Build/Products/Debug/CascadeProbeProvider.appex/Contents/Info.plist

CreateUniversalBinary /Users/c4v4h/Library/Developer/Xcode/DerivedData/CascadeAddonPlatform/Build/Products/Debug/CascadeProbeProvider.appex/Contents/MacOS/ProbeProvider normal arm64\ x86_64 (in target 'ProbeProvider' from project 'AddonPlatform')
    cd /Users/c4v4h/Library/Mobile\ Documents/com\~apple\~CloudDocs/Projects/XcodeProjects/Cascade/Prototypes/AddonPlatform
    /Applications/Xcode-beta.app/Contents/Developer/Toolchains/XcodeDefault.xctoolchain/usr/bin/lipo -create /Users/c4v4h/Library/Developer/Xcode/DerivedData/CascadeAddonPlatform/Build/Intermediates.noindex/AddonPlatform.build/Debug/ProbeProvider.build/Objects-normal/arm64/Binary/ProbeProvider /Users/c4v4h/Library/Developer/Xcode/DerivedData/CascadeAddonPlatform/Build/Intermediates.noindex/AddonPlatform.build/Debug/ProbeProvider.build/Objects-normal/x86_64/Binary/ProbeProvider -output /Users/c4v4h/Library/Developer/Xcode/DerivedData/CascadeAddonPlatform/Build/Products/Debug/CascadeProbeProvider.appex/Contents/MacOS/ProbeProvider

ExtractAppIntentsMetadata (in target 'ProbeProvider' from project 'AddonPlatform')
    cd /Users/c4v4h/Library/Mobile\ Documents/com\~apple\~CloudDocs/Projects/XcodeProjects/Cascade/Prototypes/AddonPlatform
    /Applications/Xcode-beta.app/Contents/Developer/Toolchains/XcodeDefault.xctoolchain/usr/bin/appintentsmetadataprocessor --toolchain-dir /var/run/com.apple.security.cryptexd/mnt/com.apple.MobileAsset.MetalToolchain-v27.1.5252.6.a2EVDm/Metal.xctoolchain --module-name CascadeProbeProvider --sdk-root /Applications/Xcode-beta.app/Contents/Developer/Platforms/MacOSX.platform/Developer/SDKs/MacOSX27.0.sdk --xcode-version 27A5252f --platform-family macOS --deployment-target 14.0 --bundle-identifier hylo.Cascade.AddonProbeContainer.Provider --output /Users/c4v4h/Library/Developer/Xcode/DerivedData/CascadeAddonPlatform/Build/Products/Debug/CascadeProbeProvider.appex/Contents/Resources --target-triple arm64-apple-macos14.0 --target-triple x86_64-apple-macos14.0 --binary-file /Users/c4v4h/Library/Developer/Xcode/DerivedData/CascadeAddonPlatform/Build/Products/Debug/CascadeProbeProvider.appex/Contents/MacOS/ProbeProvider --dependency-file /Users/c4v4h/Library/Developer/Xcode/DerivedData/CascadeAddonPlatform/Build/Intermediates.noindex/AddonPlatform.build/Debug/ProbeProvider.build/Objects-normal/arm64/CascadeProbeProvider_dependency_info.dat --dependency-file /Users/c4v4h/Library/Developer/Xcode/DerivedData/CascadeAddonPlatform/Build/Intermediates.noindex/AddonPlatform.build/Debug/ProbeProvider.build/Objects-normal/x86_64/CascadeProbeProvider_dependency_info.dat --stringsdata-file /Users/c4v4h/Library/Developer/Xcode/DerivedData/CascadeAddonPlatform/Build/Intermediates.noindex/AddonPlatform.build/Debug/ProbeProvider.build/Objects-normal/arm64/ExtractedAppShortcutsMetadata.stringsdata --stringsdata-file /Users/c4v4h/Library/Developer/Xcode/DerivedData/CascadeAddonPlatform/Build/Intermediates.noindex/AddonPlatform.build/Debug/ProbeProvider.build/Objects-normal/x86_64/ExtractedAppShortcutsMetadata.stringsdata --source-file-list /Users/c4v4h/Library/Developer/Xcode/DerivedData/CascadeAddonPlatform/Build/Intermediates.noindex/AddonPlatform.build/Debug/ProbeProvider.build/Objects-normal/arm64/CascadeProbeProvider.SwiftFileList --source-file-list /Users/c4v4h/Library/Developer/Xcode/DerivedData/CascadeAddonPlatform/Build/Intermediates.noindex/AddonPlatform.build/Debug/ProbeProvider.build/Objects-normal/x86_64/CascadeProbeProvider.SwiftFileList --metadata-file-list /Users/c4v4h/Library/Developer/Xcode/DerivedData/CascadeAddonPlatform/Build/Intermediates.noindex/AddonPlatform.build/Debug/ProbeProvider.build/CascadeProbeProvider.DependencyMetadataFileList --static-metadata-file-list /Users/c4v4h/Library/Developer/Xcode/DerivedData/CascadeAddonPlatform/Build/Intermediates.noindex/AddonPlatform.build/Debug/ProbeProvider.build/CascadeProbeProvider.DependencyStaticMetadataFileList --swift-const-vals-list /Users/c4v4h/Library/Developer/Xcode/DerivedData/CascadeAddonPlatform/Build/Intermediates.noindex/AddonPlatform.build/Debug/ProbeProvider.build/Objects-normal/arm64/CascadeProbeProvider.SwiftConstValuesFileList --swift-const-vals-list /Users/c4v4h/Library/Developer/Xcode/DerivedData/CascadeAddonPlatform/Build/Intermediates.noindex/AddonPlatform.build/Debug/ProbeProvider.build/Objects-normal/x86_64/CascadeProbeProvider.SwiftConstValuesFileList --compile-time-extraction --deployment-aware-processing --no-app-shortcuts-localization
2026-09-24 13:16:59.315 appintentsmetadataprocessor[31405:1194402] Starting appintentsmetadataprocessor export
2026-09-24 13:16:59.319 appintentsmetadataprocessor[31405:1194402] warning: Metadata extraction skipped, no AppIntents.framework dependency found

SwiftDriverJobDiscovery normal x86_64 Compiling ProbeMessage.swift (in target 'ProbeHost' from project 'AddonPlatform')

CodeSign /Users/c4v4h/Library/Developer/Xcode/DerivedData/CascadeAddonPlatform/Build/Products/Debug/CascadeProbeProvider.appex (in target 'ProbeProvider' from project 'AddonPlatform')
    cd /Users/c4v4h/Library/Mobile\ Documents/com\~apple\~CloudDocs/Projects/XcodeProjects/Cascade/Prototypes/AddonPlatform
    
    Signing Identity:     "Apple Development: cavallerolore@icloud.com (MRZYW8THXH)"
    
    /usr/bin/codesign --force --sign 4A857D842A5406C2D3071776FDE7B27B3098FE63 -o runtime --entitlements /Users/c4v4h/Library/Developer/Xcode/DerivedData/CascadeAddonPlatform/Build/Intermediates.noindex/AddonPlatform.build/Debug/ProbeProvider.build/CascadeProbeProvider.appex.xcent --timestamp\=none --generate-entitlement-der /Users/c4v4h/Library/Developer/Xcode/DerivedData/CascadeAddonPlatform/Build/Products/Debug/CascadeProbeProvider.appex

SwiftDriverJobDiscovery normal arm64 Compiling ProbeMessage.swift (in target 'ProbeHost' from project 'AddonPlatform')

RegisterExecutionPolicyException /Users/c4v4h/Library/Developer/Xcode/DerivedData/CascadeAddonPlatform/Build/Products/Debug/CascadeProbeProvider.appex (in target 'ProbeProvider' from project 'AddonPlatform')
    cd /Users/c4v4h/Library/Mobile\ Documents/com\~apple\~CloudDocs/Projects/XcodeProjects/Cascade/Prototypes/AddonPlatform
    builtin-RegisterExecutionPolicyException /Users/c4v4h/Library/Developer/Xcode/DerivedData/CascadeAddonPlatform/Build/Products/Debug/CascadeProbeProvider.appex

Touch /Users/c4v4h/Library/Developer/Xcode/DerivedData/CascadeAddonPlatform/Build/Products/Debug/CascadeProbeProvider.appex (in target 'ProbeProvider' from project 'AddonPlatform')
    cd /Users/c4v4h/Library/Mobile\ Documents/com\~apple\~CloudDocs/Projects/XcodeProjects/Cascade/Prototypes/AddonPlatform
    /usr/bin/touch -c /Users/c4v4h/Library/Developer/Xcode/DerivedData/CascadeAddonPlatform/Build/Products/Debug/CascadeProbeProvider.appex

SwiftDriverJobDiscovery normal x86_64 Compiling ProbeContainer.swift (in target 'ProbeContainer' from project 'AddonPlatform')

SwiftDriver\ Compilation ProbeContainer normal x86_64 com.apple.xcode.tools.swift.compiler (in target 'ProbeContainer' from project 'AddonPlatform')
    cd /Users/c4v4h/Library/Mobile\ Documents/com\~apple\~CloudDocs/Projects/XcodeProjects/Cascade/Prototypes/AddonPlatform
    builtin-Swift-Compilation -- /Applications/Xcode-beta.app/Contents/Developer/Toolchains/XcodeDefault.xctoolchain/usr/bin/swiftc -module-name CascadeAddonProbeContainer -Onone @/Users/c4v4h/Library/Developer/Xcode/DerivedData/CascadeAddonPlatform/Build/Intermediates.noindex/AddonPlatform.build/Debug/ProbeContainer.build/Objects-normal/x86_64/CascadeAddonProbeContainer.SwiftFileList -DDEBUG -enable-bare-slash-regex -enable-experimental-feature DebugDescriptionMacro -sdk /Applications/Xcode-beta.app/Contents/Developer/Platforms/MacOSX.platform/Developer/SDKs/MacOSX27.0.sdk -target x86_64-apple-macos14.0 -g -module-cache-path /Users/c4v4h/Library/Developer/Xcode/DerivedData/CascadeAddonPlatform/ModuleCache.noindex -Xfrontend -serialize-debugging-options -index-store-path /Users/c4v4h/Library/Developer/Xcode/DerivedData/CascadeAddonPlatform/Index.noindex/DataStore -swift-version 5 -I /Users/c4v4h/Library/Developer/Xcode/DerivedData/CascadeAddonPlatform/Build/Products/Debug -F /Users/c4v4h/Library/Developer/Xcode/DerivedData/CascadeAddonPlatform/Build/Products/Debug -parse-as-library -c -j8 -enable-batch-mode -incremental -Xcc -ivfsstatcache -Xcc /Users/c4v4h/Library/Developer/Xcode/DerivedData/CascadeAddonPlatform/SDKStatCaches.noindex/macosx27.0-26A5419a-e829b21a6f8c9b70876ba0858053c04445874285e5972fffeae925c4ab065928.sdkstatcache -output-file-map /Users/c4v4h/Library/Developer/Xcode/DerivedData/CascadeAddonPlatform/Build/Intermediates.noindex/AddonPlatform.build/Debug/ProbeContainer.build/Objects-normal/x86_64/ProbeContainer-OutputFileMap.json -save-temps -no-color-diagnostics -explicit-module-build -module-cache-path /Users/c4v4h/Library/Developer/Xcode/DerivedData/CascadeAddonPlatform/Build/Intermediates.noindex/SwiftExplicitPrecompiledModules -clang-scanner-module-cache-path /Users/c4v4h/Library/Developer/Xcode/DerivedData/CascadeAddonPlatform/ModuleCache.noindex -sdk-module-cache-path /Users/c4v4h/Library/Developer/Xcode/DerivedData/CascadeAddonPlatform/SDKExplicitPrecompiledModules -emit-dependencies -emit-module -emit-module-path /Users/c4v4h/Library/Developer/Xcode/DerivedData/CascadeAddonPlatform/Build/Intermediates.noindex/AddonPlatform.build/Debug/ProbeContainer.build/Objects-normal/x86_64/CascadeAddonProbeContainer.swiftmodule -serialize-diagnostics -dependency-scan-serialize-diagnostics-path /Users/c4v4h/Library/Developer/Xcode/DerivedData/CascadeAddonPlatform/Build/Intermediates.noindex/AddonPlatform.build/Debug/ProbeContainer.build/Objects-normal/x86_64/CascadeAddonProbeContainer-dependency-scan.dia -validate-clang-modules-once -clang-build-session-file /Users/c4v4h/Library/Developer/Xcode/DerivedData/CascadeAddonPlatform/ModuleCache.noindex/Session.modulevalidation -Xcc -fmodules-prune-interval\=86400 -Xcc -fmodules-prune-after\=345600 -emit-const-values -const-gather-protocols-list /Users/c4v4h/Library/Developer/Xcode/DerivedData/CascadeAddonPlatform/Build/Intermediates.noindex/AddonPlatform.build/Debug/ProbeContainer.build/Objects-normal/x86_64/ProbeContainer_const_extract_protocols.json -Xcc -iquote -Xcc /Users/c4v4h/Library/Developer/Xcode/DerivedData/CascadeAddonPlatform/Build/Intermediates.noindex/AddonPlatform.build/Debug/ProbeContainer.build/CascadeAddonProbeContainer-generated-files.hmap -Xcc -I/Users/c4v4h/Library/Developer/Xcode/DerivedData/CascadeAddonPlatform/Build/Intermediates.noindex/AddonPlatform.build/Debug/ProbeContainer.build/CascadeAddonProbeContainer-own-target-headers.hmap -Xcc -I/Users/c4v4h/Library/Developer/Xcode/DerivedData/CascadeAddonPlatform/Build/Intermediates.noindex/AddonPlatform.build/Debug/ProbeContainer.build/CascadeAddonProbeContainer-all-target-headers.hmap -Xcc -iquote -Xcc /Users/c4v4h/Library/Developer/Xcode/DerivedData/CascadeAddonPlatform/Build/Intermediates.noindex/AddonPlatform.build/Debug/ProbeContainer.build/CascadeAddonProbeContainer-project-headers.hmap -Xcc -I/Users/c4v4h/Library/Developer/Xcode/DerivedData/CascadeAddonPlatform/Build/Products/Debug/include -Xcc -I/Users/c4v4h/Library/Developer/Xcode/DerivedData/CascadeAddonPlatform/Build/Intermediates.noindex/AddonPlatform.build/Debug/ProbeContainer.build/DerivedSources-normal/x86_64 -Xcc -I/Users/c4v4h/Library/Developer/Xcode/DerivedData/CascadeAddonPlatform/Build/Intermediates.noindex/AddonPlatform.build/Debug/ProbeContainer.build/DerivedSources/x86_64 -Xcc -I/Users/c4v4h/Library/Developer/Xcode/DerivedData/CascadeAddonPlatform/Build/Intermediates.noindex/AddonPlatform.build/Debug/ProbeContainer.build/DerivedSources -emit-objc-header -emit-objc-header-path /Users/c4v4h/Library/Developer/Xcode/DerivedData/CascadeAddonPlatform/Build/Intermediates.noindex/AddonPlatform.build/Debug/ProbeContainer.build/Objects-normal/x86_64/CascadeAddonProbeContainer-Swift.h -working-directory /Users/c4v4h/Library/Mobile\ Documents/com\~apple\~CloudDocs/Projects/XcodeProjects/Cascade/Prototypes/AddonPlatform -experimental-emit-module-separately -disable-cmo

Ld /Users/c4v4h/Library/Developer/Xcode/DerivedData/CascadeAddonPlatform/Build/Intermediates.noindex/AddonPlatform.build/Debug/ProbeContainer.build/Objects-normal/x86_64/Binary/ProbeContainer normal x86_64 (in target 'ProbeContainer' from project 'AddonPlatform')
    cd /Users/c4v4h/Library/Mobile\ Documents/com\~apple\~CloudDocs/Projects/XcodeProjects/Cascade/Prototypes/AddonPlatform
    /Applications/Xcode-beta.app/Contents/Developer/Toolchains/XcodeDefault.xctoolchain/usr/bin/clang -Xlinker -reproducible -target x86_64-apple-macos14.0 -isysroot /Applications/Xcode-beta.app/Contents/Developer/Platforms/MacOSX.platform/Developer/SDKs/MacOSX27.0.sdk -Os -Xlinker -no_warn_duplicate_libraries -L/Users/c4v4h/Library/Developer/Xcode/DerivedData/CascadeAddonPlatform/Build/Intermediates.noindex/EagerLinkingTBDs/Debug -L/Users/c4v4h/Library/Developer/Xcode/DerivedData/CascadeAddonPlatform/Build/Products/Debug -F/Users/c4v4h/Library/Developer/Xcode/DerivedData/CascadeAddonPlatform/Build/Intermediates.noindex/EagerLinkingTBDs/Debug -F/Users/c4v4h/Library/Developer/Xcode/DerivedData/CascadeAddonPlatform/Build/Products/Debug -filelist /Users/c4v4h/Library/Developer/Xcode/DerivedData/CascadeAddonPlatform/Build/Intermediates.noindex/AddonPlatform.build/Debug/ProbeContainer.build/Objects-normal/x86_64/CascadeAddonProbeContainer.LinkFileList -Xlinker -rpath -Xlinker /usr/lib/swift -Xlinker -object_path_lto -Xlinker /Users/c4v4h/Library/Developer/Xcode/DerivedData/CascadeAddonPlatform/Build/Intermediates.noindex/AddonPlatform.build/Debug/ProbeContainer.build/Objects-normal/x86_64/CascadeAddonProbeContainer_lto.o -Xlinker -dependency_info -Xlinker /Users/c4v4h/Library/Developer/Xcode/DerivedData/CascadeAddonPlatform/Build/Intermediates.noindex/AddonPlatform.build/Debug/ProbeContainer.build/Objects-normal/x86_64/CascadeAddonProbeContainer_dependency_info.dat -fobjc-link-runtime -L/Applications/Xcode-beta.app/Contents/Developer/Toolchains/XcodeDefault.xctoolchain/usr/lib/swift/macosx -L/usr/lib/swift -Xlinker -add_ast_path -Xlinker /Users/c4v4h/Library/Developer/Xcode/DerivedData/CascadeAddonPlatform/Build/Intermediates.noindex/AddonPlatform.build/Debug/ProbeContainer.build/Objects-normal/x86_64/CascadeAddonProbeContainer.swiftmodule -Xlinker -no_adhoc_codesign -o /Users/c4v4h/Library/Developer/Xcode/DerivedData/CascadeAddonPlatform/Build/Intermediates.noindex/AddonPlatform.build/Debug/ProbeContainer.build/Objects-normal/x86_64/Binary/ProbeContainer

SwiftDriverJobDiscovery normal arm64 Compiling ProbeContainer.swift (in target 'ProbeContainer' from project 'AddonPlatform')

SwiftDriver\ Compilation ProbeContainer normal arm64 com.apple.xcode.tools.swift.compiler (in target 'ProbeContainer' from project 'AddonPlatform')
    cd /Users/c4v4h/Library/Mobile\ Documents/com\~apple\~CloudDocs/Projects/XcodeProjects/Cascade/Prototypes/AddonPlatform
    builtin-Swift-Compilation -- /Applications/Xcode-beta.app/Contents/Developer/Toolchains/XcodeDefault.xctoolchain/usr/bin/swiftc -module-name CascadeAddonProbeContainer -Onone @/Users/c4v4h/Library/Developer/Xcode/DerivedData/CascadeAddonPlatform/Build/Intermediates.noindex/AddonPlatform.build/Debug/ProbeContainer.build/Objects-normal/arm64/CascadeAddonProbeContainer.SwiftFileList -DDEBUG -enable-bare-slash-regex -enable-experimental-feature DebugDescriptionMacro -sdk /Applications/Xcode-beta.app/Contents/Developer/Platforms/MacOSX.platform/Developer/SDKs/MacOSX27.0.sdk -target arm64-apple-macos14.0 -g -module-cache-path /Users/c4v4h/Library/Developer/Xcode/DerivedData/CascadeAddonPlatform/ModuleCache.noindex -Xfrontend -serialize-debugging-options -index-store-path /Users/c4v4h/Library/Developer/Xcode/DerivedData/CascadeAddonPlatform/Index.noindex/DataStore -swift-version 5 -I /Users/c4v4h/Library/Developer/Xcode/DerivedData/CascadeAddonPlatform/Build/Products/Debug -F /Users/c4v4h/Library/Developer/Xcode/DerivedData/CascadeAddonPlatform/Build/Products/Debug -parse-as-library -c -j8 -enable-batch-mode -incremental -Xcc -ivfsstatcache -Xcc /Users/c4v4h/Library/Developer/Xcode/DerivedData/CascadeAddonPlatform/SDKStatCaches.noindex/macosx27.0-26A5419a-e829b21a6f8c9b70876ba0858053c04445874285e5972fffeae925c4ab065928.sdkstatcache -output-file-map /Users/c4v4h/Library/Developer/Xcode/DerivedData/CascadeAddonPlatform/Build/Intermediates.noindex/AddonPlatform.build/Debug/ProbeContainer.build/Objects-normal/arm64/ProbeContainer-OutputFileMap.json -save-temps -no-color-diagnostics -explicit-module-build -module-cache-path /Users/c4v4h/Library/Developer/Xcode/DerivedData/CascadeAddonPlatform/Build/Intermediates.noindex/SwiftExplicitPrecompiledModules -clang-scanner-module-cache-path /Users/c4v4h/Library/Developer/Xcode/DerivedData/CascadeAddonPlatform/ModuleCache.noindex -sdk-module-cache-path /Users/c4v4h/Library/Developer/Xcode/DerivedData/CascadeAddonPlatform/SDKExplicitPrecompiledModules -emit-dependencies -emit-module -emit-module-path /Users/c4v4h/Library/Developer/Xcode/DerivedData/CascadeAddonPlatform/Build/Intermediates.noindex/AddonPlatform.build/Debug/ProbeContainer.build/Objects-normal/arm64/CascadeAddonProbeContainer.swiftmodule -serialize-diagnostics -dependency-scan-serialize-diagnostics-path /Users/c4v4h/Library/Developer/Xcode/DerivedData/CascadeAddonPlatform/Build/Intermediates.noindex/AddonPlatform.build/Debug/ProbeContainer.build/Objects-normal/arm64/CascadeAddonProbeContainer-dependency-scan.dia -validate-clang-modules-once -clang-build-session-file /Users/c4v4h/Library/Developer/Xcode/DerivedData/CascadeAddonPlatform/ModuleCache.noindex/Session.modulevalidation -Xcc -fmodules-prune-interval\=86400 -Xcc -fmodules-prune-after\=345600 -emit-const-values -const-gather-protocols-list /Users/c4v4h/Library/Developer/Xcode/DerivedData/CascadeAddonPlatform/Build/Intermediates.noindex/AddonPlatform.build/Debug/ProbeContainer.build/Objects-normal/arm64/ProbeContainer_const_extract_protocols.json -Xcc -iquote -Xcc /Users/c4v4h/Library/Developer/Xcode/DerivedData/CascadeAddonPlatform/Build/Intermediates.noindex/AddonPlatform.build/Debug/ProbeContainer.build/CascadeAddonProbeContainer-generated-files.hmap -Xcc -I/Users/c4v4h/Library/Developer/Xcode/DerivedData/CascadeAddonPlatform/Build/Intermediates.noindex/AddonPlatform.build/Debug/ProbeContainer.build/CascadeAddonProbeContainer-own-target-headers.hmap -Xcc -I/Users/c4v4h/Library/Developer/Xcode/DerivedData/CascadeAddonPlatform/Build/Intermediates.noindex/AddonPlatform.build/Debug/ProbeContainer.build/CascadeAddonProbeContainer-all-target-headers.hmap -Xcc -iquote -Xcc /Users/c4v4h/Library/Developer/Xcode/DerivedData/CascadeAddonPlatform/Build/Intermediates.noindex/AddonPlatform.build/Debug/ProbeContainer.build/CascadeAddonProbeContainer-project-headers.hmap -Xcc -I/Users/c4v4h/Library/Developer/Xcode/DerivedData/CascadeAddonPlatform/Build/Products/Debug/include -Xcc -I/Users/c4v4h/Library/Developer/Xcode/DerivedData/CascadeAddonPlatform/Build/Intermediates.noindex/AddonPlatform.build/Debug/ProbeContainer.build/DerivedSources-normal/arm64 -Xcc -I/Users/c4v4h/Library/Developer/Xcode/DerivedData/CascadeAddonPlatform/Build/Intermediates.noindex/AddonPlatform.build/Debug/ProbeContainer.build/DerivedSources/arm64 -Xcc -I/Users/c4v4h/Library/Developer/Xcode/DerivedData/CascadeAddonPlatform/Build/Intermediates.noindex/AddonPlatform.build/Debug/ProbeContainer.build/DerivedSources -emit-objc-header -emit-objc-header-path /Users/c4v4h/Library/Developer/Xcode/DerivedData/CascadeAddonPlatform/Build/Intermediates.noindex/AddonPlatform.build/Debug/ProbeContainer.build/Objects-normal/arm64/CascadeAddonProbeContainer-Swift.h -working-directory /Users/c4v4h/Library/Mobile\ Documents/com\~apple\~CloudDocs/Projects/XcodeProjects/Cascade/Prototypes/AddonPlatform -experimental-emit-module-separately -disable-cmo

Ld /Users/c4v4h/Library/Developer/Xcode/DerivedData/CascadeAddonPlatform/Build/Intermediates.noindex/AddonPlatform.build/Debug/ProbeContainer.build/Objects-normal/arm64/Binary/ProbeContainer normal arm64 (in target 'ProbeContainer' from project 'AddonPlatform')
    cd /Users/c4v4h/Library/Mobile\ Documents/com\~apple\~CloudDocs/Projects/XcodeProjects/Cascade/Prototypes/AddonPlatform
    /Applications/Xcode-beta.app/Contents/Developer/Toolchains/XcodeDefault.xctoolchain/usr/bin/clang -Xlinker -reproducible -target arm64-apple-macos14.0 -isysroot /Applications/Xcode-beta.app/Contents/Developer/Platforms/MacOSX.platform/Developer/SDKs/MacOSX27.0.sdk -Os -Xlinker -no_warn_duplicate_libraries -L/Users/c4v4h/Library/Developer/Xcode/DerivedData/CascadeAddonPlatform/Build/Intermediates.noindex/EagerLinkingTBDs/Debug -L/Users/c4v4h/Library/Developer/Xcode/DerivedData/CascadeAddonPlatform/Build/Products/Debug -F/Users/c4v4h/Library/Developer/Xcode/DerivedData/CascadeAddonPlatform/Build/Intermediates.noindex/EagerLinkingTBDs/Debug -F/Users/c4v4h/Library/Developer/Xcode/DerivedData/CascadeAddonPlatform/Build/Products/Debug -filelist /Users/c4v4h/Library/Developer/Xcode/DerivedData/CascadeAddonPlatform/Build/Intermediates.noindex/AddonPlatform.build/Debug/ProbeContainer.build/Objects-normal/arm64/CascadeAddonProbeContainer.LinkFileList -Xlinker -rpath -Xlinker /usr/lib/swift -Xlinker -object_path_lto -Xlinker /Users/c4v4h/Library/Developer/Xcode/DerivedData/CascadeAddonPlatform/Build/Intermediates.noindex/AddonPlatform.build/Debug/ProbeContainer.build/Objects-normal/arm64/CascadeAddonProbeContainer_lto.o -Xlinker -dependency_info -Xlinker /Users/c4v4h/Library/Developer/Xcode/DerivedData/CascadeAddonPlatform/Build/Intermediates.noindex/AddonPlatform.build/Debug/ProbeContainer.build/Objects-normal/arm64/CascadeAddonProbeContainer_dependency_info.dat -fobjc-link-runtime -L/Applications/Xcode-beta.app/Contents/Developer/Toolchains/XcodeDefault.xctoolchain/usr/lib/swift/macosx -L/usr/lib/swift -Xlinker -add_ast_path -Xlinker /Users/c4v4h/Library/Developer/Xcode/DerivedData/CascadeAddonPlatform/Build/Intermediates.noindex/AddonPlatform.build/Debug/ProbeContainer.build/Objects-normal/arm64/CascadeAddonProbeContainer.swiftmodule -Xlinker -no_adhoc_codesign -o /Users/c4v4h/Library/Developer/Xcode/DerivedData/CascadeAddonPlatform/Build/Intermediates.noindex/AddonPlatform.build/Debug/ProbeContainer.build/Objects-normal/arm64/Binary/ProbeContainer

CreateUniversalBinary /Users/c4v4h/Library/Developer/Xcode/DerivedData/CascadeAddonPlatform/Build/Products/Debug/CascadeAddonProbeContainer.app/Contents/MacOS/ProbeContainer normal arm64\ x86_64 (in target 'ProbeContainer' from project 'AddonPlatform')
    cd /Users/c4v4h/Library/Mobile\ Documents/com\~apple\~CloudDocs/Projects/XcodeProjects/Cascade/Prototypes/AddonPlatform
    /Applications/Xcode-beta.app/Contents/Developer/Toolchains/XcodeDefault.xctoolchain/usr/bin/lipo -create /Users/c4v4h/Library/Developer/Xcode/DerivedData/CascadeAddonPlatform/Build/Intermediates.noindex/AddonPlatform.build/Debug/ProbeContainer.build/Objects-normal/arm64/Binary/ProbeContainer /Users/c4v4h/Library/Developer/Xcode/DerivedData/CascadeAddonPlatform/Build/Intermediates.noindex/AddonPlatform.build/Debug/ProbeContainer.build/Objects-normal/x86_64/Binary/ProbeContainer -output /Users/c4v4h/Library/Developer/Xcode/DerivedData/CascadeAddonPlatform/Build/Products/Debug/CascadeAddonProbeContainer.app/Contents/MacOS/ProbeContainer

Copy /Users/c4v4h/Library/Developer/Xcode/DerivedData/CascadeAddonPlatform/Build/Products/Debug/CascadeAddonProbeContainer.app/Contents/Extensions/CascadeProbeProvider.appex /Users/c4v4h/Library/Developer/Xcode/DerivedData/CascadeAddonPlatform/Build/Products/Debug/CascadeProbeProvider.appex (in target 'ProbeContainer' from project 'AddonPlatform')
    cd /Users/c4v4h/Library/Mobile\ Documents/com\~apple\~CloudDocs/Projects/XcodeProjects/Cascade/Prototypes/AddonPlatform
    builtin-copy -exclude .DS_Store -exclude CVS -exclude .svn -exclude .git -exclude .hg -exclude Headers -exclude PrivateHeaders -exclude Modules -exclude \*.tbd -strip-unsigned-binaries -strip-deterministic -strip-tool /Applications/Xcode-beta.app/Contents/Developer/Toolchains/XcodeDefault.xctoolchain/usr/bin/strip -resolve-src-symlinks -remove-static-executable /Users/c4v4h/Library/Developer/Xcode/DerivedData/CascadeAddonPlatform/Build/Products/Debug/CascadeProbeProvider.appex /Users/c4v4h/Library/Developer/Xcode/DerivedData/CascadeAddonPlatform/Build/Products/Debug/CascadeAddonProbeContainer.app/Contents/Extensions
warning: not stripping binary because it is signed: /Users/c4v4h/Library/Developer/Xcode/DerivedData/CascadeAddonPlatform/Build/Products/Debug/CascadeProbeProvider.appex/Contents/MacOS/ProbeProvider (in target 'ProbeContainer' from project 'AddonPlatform')

ProcessInfoPlistFile /Users/c4v4h/Library/Developer/Xcode/DerivedData/CascadeAddonPlatform/Build/Products/Debug/CascadeAddonProbeContainer.app/Contents/Info.plist /Users/c4v4h/Library/Mobile\ Documents/com~apple~CloudDocs/Projects/XcodeProjects/Cascade/Prototypes/AddonPlatform/Container/Info.plist (in target 'ProbeContainer' from project 'AddonPlatform')
    cd /Users/c4v4h/Library/Mobile\ Documents/com\~apple\~CloudDocs/Projects/XcodeProjects/Cascade/Prototypes/AddonPlatform
    builtin-infoPlistUtility /Users/c4v4h/Library/Mobile\ Documents/com\~apple\~CloudDocs/Projects/XcodeProjects/Cascade/Prototypes/AddonPlatform/Container/Info.plist -producttype com.apple.product-type.application -genpkginfo /Users/c4v4h/Library/Developer/Xcode/DerivedData/CascadeAddonPlatform/Build/Products/Debug/CascadeAddonProbeContainer.app/Contents/PkgInfo -expandbuildsettings -platform macosx -scanforprivacyfile /Users/c4v4h/Library/Developer/Xcode/DerivedData/CascadeAddonPlatform/Build/Products/Debug/CascadeAddonProbeContainer.app/Contents/Extensions/CascadeProbeProvider.appex -o /Users/c4v4h/Library/Developer/Xcode/DerivedData/CascadeAddonPlatform/Build/Products/Debug/CascadeAddonProbeContainer.app/Contents/Info.plist

CopySwiftLibs /Users/c4v4h/Library/Developer/Xcode/DerivedData/CascadeAddonPlatform/Build/Products/Debug/CascadeAddonProbeContainer.app (in target 'ProbeContainer' from project 'AddonPlatform')
    cd /Users/c4v4h/Library/Mobile\ Documents/com\~apple\~CloudDocs/Projects/XcodeProjects/Cascade/Prototypes/AddonPlatform
    builtin-swiftStdLibTool --copy --verbose --sign 4A857D842A5406C2D3071776FDE7B27B3098FE63 --scan-executable /Users/c4v4h/Library/Developer/Xcode/DerivedData/CascadeAddonPlatform/Build/Products/Debug/CascadeAddonProbeContainer.app/Contents/MacOS/ProbeContainer --scan-folder /Users/c4v4h/Library/Developer/Xcode/DerivedData/CascadeAddonPlatform/Build/Products/Debug/CascadeAddonProbeContainer.app/Contents/Frameworks --scan-folder /Users/c4v4h/Library/Developer/Xcode/DerivedData/CascadeAddonPlatform/Build/Products/Debug/CascadeAddonProbeContainer.app/Contents/PlugIns --scan-folder /Users/c4v4h/Library/Developer/Xcode/DerivedData/CascadeAddonPlatform/Build/Products/Debug/CascadeAddonProbeContainer.app/Contents/Library/SystemExtensions --scan-folder /Users/c4v4h/Library/Developer/Xcode/DerivedData/CascadeAddonPlatform/Build/Products/Debug/CascadeAddonProbeContainer.app/Contents/Extensions --platform macosx --toolchain /var/run/com.apple.security.cryptexd/mnt/com.apple.MobileAsset.MetalToolchain-v27.1.5252.6.a2EVDm/Metal.xctoolchain --toolchain /Applications/Xcode-beta.app/Contents/Developer/Toolchains/XcodeDefault.xctoolchain --destination /Users/c4v4h/Library/Developer/Xcode/DerivedData/CascadeAddonPlatform/Build/Products/Debug/CascadeAddonProbeContainer.app/Contents/Frameworks --strip-bitcode --strip-bitcode-tool /Applications/Xcode-beta.app/Contents/Developer/Toolchains/XcodeDefault.xctoolchain/usr/bin/bitcode_strip --emit-dependency-info /Users/c4v4h/Library/Developer/Xcode/DerivedData/CascadeAddonPlatform/Build/Intermediates.noindex/AddonPlatform.build/Debug/ProbeContainer.build/SwiftStdLibToolInputDependencies.dep --filter-for-swift-os --back-deploy-swift-span

ExtractAppIntentsMetadata (in target 'ProbeContainer' from project 'AddonPlatform')
    cd /Users/c4v4h/Library/Mobile\ Documents/com\~apple\~CloudDocs/Projects/XcodeProjects/Cascade/Prototypes/AddonPlatform
    /Applications/Xcode-beta.app/Contents/Developer/Toolchains/XcodeDefault.xctoolchain/usr/bin/appintentsmetadataprocessor --toolchain-dir /var/run/com.apple.security.cryptexd/mnt/com.apple.MobileAsset.MetalToolchain-v27.1.5252.6.a2EVDm/Metal.xctoolchain --module-name CascadeAddonProbeContainer --sdk-root /Applications/Xcode-beta.app/Contents/Developer/Platforms/MacOSX.platform/Developer/SDKs/MacOSX27.0.sdk --xcode-version 27A5252f --platform-family macOS --deployment-target 14.0 --bundle-identifier hylo.Cascade.AddonProbeContainer --output /Users/c4v4h/Library/Developer/Xcode/DerivedData/CascadeAddonPlatform/Build/Products/Debug/CascadeAddonProbeContainer.app/Contents/Resources --target-triple arm64-apple-macos14.0 --target-triple x86_64-apple-macos14.0 --binary-file /Users/c4v4h/Library/Developer/Xcode/DerivedData/CascadeAddonPlatform/Build/Products/Debug/CascadeAddonProbeContainer.app/Contents/MacOS/ProbeContainer --dependency-file /Users/c4v4h/Library/Developer/Xcode/DerivedData/CascadeAddonPlatform/Build/Intermediates.noindex/AddonPlatform.build/Debug/ProbeContainer.build/Objects-normal/arm64/CascadeAddonProbeContainer_dependency_info.dat --dependency-file /Users/c4v4h/Library/Developer/Xcode/DerivedData/CascadeAddonPlatform/Build/Intermediates.noindex/AddonPlatform.build/Debug/ProbeContainer.build/Objects-normal/x86_64/CascadeAddonProbeContainer_dependency_info.dat --stringsdata-file /Users/c4v4h/Library/Developer/Xcode/DerivedData/CascadeAddonPlatform/Build/Intermediates.noindex/AddonPlatform.build/Debug/ProbeContainer.build/Objects-normal/arm64/ExtractedAppShortcutsMetadata.stringsdata --stringsdata-file /Users/c4v4h/Library/Developer/Xcode/DerivedData/CascadeAddonPlatform/Build/Intermediates.noindex/AddonPlatform.build/Debug/ProbeContainer.build/Objects-normal/x86_64/ExtractedAppShortcutsMetadata.stringsdata --source-file-list /Users/c4v4h/Library/Developer/Xcode/DerivedData/CascadeAddonPlatform/Build/Intermediates.noindex/AddonPlatform.build/Debug/ProbeContainer.build/Objects-normal/arm64/CascadeAddonProbeContainer.SwiftFileList --source-file-list /Users/c4v4h/Library/Developer/Xcode/DerivedData/CascadeAddonPlatform/Build/Intermediates.noindex/AddonPlatform.build/Debug/ProbeContainer.build/Objects-normal/x86_64/CascadeAddonProbeContainer.SwiftFileList --metadata-file-list /Users/c4v4h/Library/Developer/Xcode/DerivedData/CascadeAddonPlatform/Build/Intermediates.noindex/AddonPlatform.build/Debug/ProbeContainer.build/CascadeAddonProbeContainer.DependencyMetadataFileList --static-metadata-file-list /Users/c4v4h/Library/Developer/Xcode/DerivedData/CascadeAddonPlatform/Build/Intermediates.noindex/AddonPlatform.build/Debug/ProbeContainer.build/CascadeAddonProbeContainer.DependencyStaticMetadataFileList --swift-const-vals-list /Users/c4v4h/Library/Developer/Xcode/DerivedData/CascadeAddonPlatform/Build/Intermediates.noindex/AddonPlatform.build/Debug/ProbeContainer.build/Objects-normal/arm64/CascadeAddonProbeContainer.SwiftConstValuesFileList --swift-const-vals-list /Users/c4v4h/Library/Developer/Xcode/DerivedData/CascadeAddonPlatform/Build/Intermediates.noindex/AddonPlatform.build/Debug/ProbeContainer.build/Objects-normal/x86_64/CascadeAddonProbeContainer.SwiftConstValuesFileList --compile-time-extraction --deployment-aware-processing --no-app-shortcuts-localization
2026-09-24 13:17:00.423 appintentsmetadataprocessor[31422:1194498] Starting appintentsmetadataprocessor export
2026-09-24 13:17:00.425 appintentsmetadataprocessor[31422:1194498] warning: Metadata extraction skipped, no AppIntents.framework dependency found

CodeSign /Users/c4v4h/Library/Developer/Xcode/DerivedData/CascadeAddonPlatform/Build/Products/Debug/CascadeAddonProbeContainer.app (in target 'ProbeContainer' from project 'AddonPlatform')
    cd /Users/c4v4h/Library/Mobile\ Documents/com\~apple\~CloudDocs/Projects/XcodeProjects/Cascade/Prototypes/AddonPlatform
    
    Signing Identity:     "Apple Development: cavallerolore@icloud.com (MRZYW8THXH)"
    
    /usr/bin/codesign --force --sign 4A857D842A5406C2D3071776FDE7B27B3098FE63 -o runtime --entitlements /Users/c4v4h/Library/Developer/Xcode/DerivedData/CascadeAddonPlatform/Build/Intermediates.noindex/AddonPlatform.build/Debug/ProbeContainer.build/CascadeAddonProbeContainer.app.xcent --timestamp\=none --generate-entitlement-der /Users/c4v4h/Library/Developer/Xcode/DerivedData/CascadeAddonPlatform/Build/Products/Debug/CascadeAddonProbeContainer.app

ValidateEmbeddedBinary /Users/c4v4h/Library/Developer/Xcode/DerivedData/CascadeAddonPlatform/Build/Products/Debug/CascadeAddonProbeContainer.app/Contents/Extensions/CascadeProbeProvider.appex (in target 'ProbeContainer' from project 'AddonPlatform')
    cd /Users/c4v4h/Library/Mobile\ Documents/com\~apple\~CloudDocs/Projects/XcodeProjects/Cascade/Prototypes/AddonPlatform
    /Applications/Xcode-beta.app/Contents/Developer/usr/bin/embeddedBinaryValidationUtility /Users/c4v4h/Library/Developer/Xcode/DerivedData/CascadeAddonPlatform/Build/Products/Debug/CascadeAddonProbeContainer.app/Contents/Extensions/CascadeProbeProvider.appex -signing-cert 4A857D842A5406C2D3071776FDE7B27B3098FE63 -info-plist-path /Users/c4v4h/Library/Developer/Xcode/DerivedData/CascadeAddonPlatform/Build/Products/Debug/CascadeAddonProbeContainer.app/Contents/Info.plist

RegisterExecutionPolicyException /Users/c4v4h/Library/Developer/Xcode/DerivedData/CascadeAddonPlatform/Build/Products/Debug/CascadeAddonProbeContainer.app (in target 'ProbeContainer' from project 'AddonPlatform')
    cd /Users/c4v4h/Library/Mobile\ Documents/com\~apple\~CloudDocs/Projects/XcodeProjects/Cascade/Prototypes/AddonPlatform
    builtin-RegisterExecutionPolicyException /Users/c4v4h/Library/Developer/Xcode/DerivedData/CascadeAddonPlatform/Build/Products/Debug/CascadeAddonProbeContainer.app

Validate /Users/c4v4h/Library/Developer/Xcode/DerivedData/CascadeAddonPlatform/Build/Products/Debug/CascadeAddonProbeContainer.app (in target 'ProbeContainer' from project 'AddonPlatform')
    cd /Users/c4v4h/Library/Mobile\ Documents/com\~apple\~CloudDocs/Projects/XcodeProjects/Cascade/Prototypes/AddonPlatform
    builtin-validationUtility /Users/c4v4h/Library/Developer/Xcode/DerivedData/CascadeAddonPlatform/Build/Products/Debug/CascadeAddonProbeContainer.app -no-validate-extension -infoplist-subpath Contents/Info.plist

Touch /Users/c4v4h/Library/Developer/Xcode/DerivedData/CascadeAddonPlatform/Build/Products/Debug/CascadeAddonProbeContainer.app (in target 'ProbeContainer' from project 'AddonPlatform')
    cd /Users/c4v4h/Library/Mobile\ Documents/com\~apple\~CloudDocs/Projects/XcodeProjects/Cascade/Prototypes/AddonPlatform
    /usr/bin/touch -c /Users/c4v4h/Library/Developer/Xcode/DerivedData/CascadeAddonPlatform/Build/Products/Debug/CascadeAddonProbeContainer.app

RegisterWithLaunchServices /Users/c4v4h/Library/Developer/Xcode/DerivedData/CascadeAddonPlatform/Build/Products/Debug/CascadeAddonProbeContainer.app (in target 'ProbeContainer' from project 'AddonPlatform')
    cd /Users/c4v4h/Library/Mobile\ Documents/com\~apple\~CloudDocs/Projects/XcodeProjects/Cascade/Prototypes/AddonPlatform
    builtin-lsregisterurl --record-path /Users/c4v4h/Library/Developer/Xcode/DerivedData/CascadeAddonPlatform/Build/Intermediates.noindex/XCBuildData/registered-launchservices.txt -- /System/Library/Frameworks/CoreServices.framework/Versions/Current/Frameworks/LaunchServices.framework/Versions/Current/Support/lsregister -f -R -trusted /Users/c4v4h/Library/Developer/Xcode/DerivedData/CascadeAddonPlatform/Build/Products/Debug/CascadeAddonProbeContainer.app

SwiftDriverJobDiscovery normal x86_64 Compiling ProbeHost.swift (in target 'ProbeHost' from project 'AddonPlatform')

SwiftDriver\ Compilation ProbeHost normal x86_64 com.apple.xcode.tools.swift.compiler (in target 'ProbeHost' from project 'AddonPlatform')
    cd /Users/c4v4h/Library/Mobile\ Documents/com\~apple\~CloudDocs/Projects/XcodeProjects/Cascade/Prototypes/AddonPlatform
    builtin-Swift-Compilation -- /Applications/Xcode-beta.app/Contents/Developer/Toolchains/XcodeDefault.xctoolchain/usr/bin/swiftc -module-name CascadeAddonProbe -Onone @/Users/c4v4h/Library/Developer/Xcode/DerivedData/CascadeAddonPlatform/Build/Intermediates.noindex/AddonPlatform.build/Debug/ProbeHost.build/Objects-normal/x86_64/CascadeAddonProbe.SwiftFileList -DDEBUG -enable-bare-slash-regex -enable-experimental-feature DebugDescriptionMacro -sdk /Applications/Xcode-beta.app/Contents/Developer/Platforms/MacOSX.platform/Developer/SDKs/MacOSX27.0.sdk -target x86_64-apple-macos14.0 -g -module-cache-path /Users/c4v4h/Library/Developer/Xcode/DerivedData/CascadeAddonPlatform/ModuleCache.noindex -Xfrontend -serialize-debugging-options -index-store-path /Users/c4v4h/Library/Developer/Xcode/DerivedData/CascadeAddonPlatform/Index.noindex/DataStore -swift-version 5 -I /Users/c4v4h/Library/Developer/Xcode/DerivedData/CascadeAddonPlatform/Build/Products/Debug -F /Users/c4v4h/Library/Developer/Xcode/DerivedData/CascadeAddonPlatform/Build/Products/Debug -c -j8 -enable-batch-mode -incremental -Xcc -ivfsstatcache -Xcc /Users/c4v4h/Library/Developer/Xcode/DerivedData/CascadeAddonPlatform/SDKStatCaches.noindex/macosx27.0-26A5419a-e829b21a6f8c9b70876ba0858053c04445874285e5972fffeae925c4ab065928.sdkstatcache -output-file-map /Users/c4v4h/Library/Developer/Xcode/DerivedData/CascadeAddonPlatform/Build/Intermediates.noindex/AddonPlatform.build/Debug/ProbeHost.build/Objects-normal/x86_64/ProbeHost-OutputFileMap.json -save-temps -no-color-diagnostics -explicit-module-build -module-cache-path /Users/c4v4h/Library/Developer/Xcode/DerivedData/CascadeAddonPlatform/Build/Intermediates.noindex/SwiftExplicitPrecompiledModules -clang-scanner-module-cache-path /Users/c4v4h/Library/Developer/Xcode/DerivedData/CascadeAddonPlatform/ModuleCache.noindex -sdk-module-cache-path /Users/c4v4h/Library/Developer/Xcode/DerivedData/CascadeAddonPlatform/SDKExplicitPrecompiledModules -emit-dependencies -emit-module -emit-module-path /Users/c4v4h/Library/Developer/Xcode/DerivedData/CascadeAddonPlatform/Build/Intermediates.noindex/AddonPlatform.build/Debug/ProbeHost.build/Objects-normal/x86_64/CascadeAddonProbe.swiftmodule -serialize-diagnostics -dependency-scan-serialize-diagnostics-path /Users/c4v4h/Library/Developer/Xcode/DerivedData/CascadeAddonPlatform/Build/Intermediates.noindex/AddonPlatform.build/Debug/ProbeHost.build/Objects-normal/x86_64/CascadeAddonProbe-dependency-scan.dia -validate-clang-modules-once -clang-build-session-file /Users/c4v4h/Library/Developer/Xcode/DerivedData/CascadeAddonPlatform/ModuleCache.noindex/Session.modulevalidation -Xcc -fmodules-prune-interval\=86400 -Xcc -fmodules-prune-after\=345600 -emit-const-values -const-gather-protocols-list /Users/c4v4h/Library/Developer/Xcode/DerivedData/CascadeAddonPlatform/Build/Intermediates.noindex/AddonPlatform.build/Debug/ProbeHost.build/Objects-normal/x86_64/ProbeHost_const_extract_protocols.json -Xcc -iquote -Xcc /Users/c4v4h/Library/Developer/Xcode/DerivedData/CascadeAddonPlatform/Build/Intermediates.noindex/AddonPlatform.build/Debug/ProbeHost.build/CascadeAddonProbe-generated-files.hmap -Xcc -I/Users/c4v4h/Library/Developer/Xcode/DerivedData/CascadeAddonPlatform/Build/Intermediates.noindex/AddonPlatform.build/Debug/ProbeHost.build/CascadeAddonProbe-own-target-headers.hmap -Xcc -I/Users/c4v4h/Library/Developer/Xcode/DerivedData/CascadeAddonPlatform/Build/Intermediates.noindex/AddonPlatform.build/Debug/ProbeHost.build/CascadeAddonProbe-all-target-headers.hmap -Xcc -iquote -Xcc /Users/c4v4h/Library/Developer/Xcode/DerivedData/CascadeAddonPlatform/Build/Intermediates.noindex/AddonPlatform.build/Debug/ProbeHost.build/CascadeAddonProbe-project-headers.hmap -Xcc -I/Users/c4v4h/Library/Developer/Xcode/DerivedData/CascadeAddonPlatform/Build/Products/Debug/include -Xcc -I/Users/c4v4h/Library/Developer/Xcode/DerivedData/CascadeAddonPlatform/Build/Intermediates.noindex/AddonPlatform.build/Debug/ProbeHost.build/DerivedSources-normal/x86_64 -Xcc -I/Users/c4v4h/Library/Developer/Xcode/DerivedData/CascadeAddonPlatform/Build/Intermediates.noindex/AddonPlatform.build/Debug/ProbeHost.build/DerivedSources/x86_64 -Xcc -I/Users/c4v4h/Library/Developer/Xcode/DerivedData/CascadeAddonPlatform/Build/Intermediates.noindex/AddonPlatform.build/Debug/ProbeHost.build/DerivedSources -emit-objc-header -emit-objc-header-path /Users/c4v4h/Library/Developer/Xcode/DerivedData/CascadeAddonPlatform/Build/Intermediates.noindex/AddonPlatform.build/Debug/ProbeHost.build/Objects-normal/x86_64/CascadeAddonProbe-Swift.h -working-directory /Users/c4v4h/Library/Mobile\ Documents/com\~apple\~CloudDocs/Projects/XcodeProjects/Cascade/Prototypes/AddonPlatform -experimental-emit-module-separately -disable-cmo

Ld /Users/c4v4h/Library/Developer/Xcode/DerivedData/CascadeAddonPlatform/Build/Intermediates.noindex/AddonPlatform.build/Debug/ProbeHost.build/Objects-normal/x86_64/Binary/ProbeHost normal x86_64 (in target 'ProbeHost' from project 'AddonPlatform')
    cd /Users/c4v4h/Library/Mobile\ Documents/com\~apple\~CloudDocs/Projects/XcodeProjects/Cascade/Prototypes/AddonPlatform
    /Applications/Xcode-beta.app/Contents/Developer/Toolchains/XcodeDefault.xctoolchain/usr/bin/clang -Xlinker -reproducible -target x86_64-apple-macos14.0 -isysroot /Applications/Xcode-beta.app/Contents/Developer/Platforms/MacOSX.platform/Developer/SDKs/MacOSX27.0.sdk -Os -Xlinker -no_warn_duplicate_libraries -L/Users/c4v4h/Library/Developer/Xcode/DerivedData/CascadeAddonPlatform/Build/Intermediates.noindex/EagerLinkingTBDs/Debug -L/Users/c4v4h/Library/Developer/Xcode/DerivedData/CascadeAddonPlatform/Build/Products/Debug -F/Users/c4v4h/Library/Developer/Xcode/DerivedData/CascadeAddonPlatform/Build/Intermediates.noindex/EagerLinkingTBDs/Debug -F/Users/c4v4h/Library/Developer/Xcode/DerivedData/CascadeAddonPlatform/Build/Products/Debug -filelist /Users/c4v4h/Library/Developer/Xcode/DerivedData/CascadeAddonPlatform/Build/Intermediates.noindex/AddonPlatform.build/Debug/ProbeHost.build/Objects-normal/x86_64/CascadeAddonProbe.LinkFileList -Xlinker -rpath -Xlinker /usr/lib/swift -Xlinker -object_path_lto -Xlinker /Users/c4v4h/Library/Developer/Xcode/DerivedData/CascadeAddonPlatform/Build/Intermediates.noindex/AddonPlatform.build/Debug/ProbeHost.build/Objects-normal/x86_64/CascadeAddonProbe_lto.o -Xlinker -dependency_info -Xlinker /Users/c4v4h/Library/Developer/Xcode/DerivedData/CascadeAddonPlatform/Build/Intermediates.noindex/AddonPlatform.build/Debug/ProbeHost.build/Objects-normal/x86_64/CascadeAddonProbe_dependency_info.dat -fobjc-link-runtime -L/Applications/Xcode-beta.app/Contents/Developer/Toolchains/XcodeDefault.xctoolchain/usr/lib/swift/macosx -L/usr/lib/swift -Xlinker -add_ast_path -Xlinker /Users/c4v4h/Library/Developer/Xcode/DerivedData/CascadeAddonPlatform/Build/Intermediates.noindex/AddonPlatform.build/Debug/ProbeHost.build/Objects-normal/x86_64/CascadeAddonProbe.swiftmodule -Xlinker -no_adhoc_codesign -o /Users/c4v4h/Library/Developer/Xcode/DerivedData/CascadeAddonPlatform/Build/Intermediates.noindex/AddonPlatform.build/Debug/ProbeHost.build/Objects-normal/x86_64/Binary/ProbeHost

SwiftDriverJobDiscovery normal arm64 Compiling ProbeHost.swift (in target 'ProbeHost' from project 'AddonPlatform')

SwiftDriver\ Compilation ProbeHost normal arm64 com.apple.xcode.tools.swift.compiler (in target 'ProbeHost' from project 'AddonPlatform')
    cd /Users/c4v4h/Library/Mobile\ Documents/com\~apple\~CloudDocs/Projects/XcodeProjects/Cascade/Prototypes/AddonPlatform
    builtin-Swift-Compilation -- /Applications/Xcode-beta.app/Contents/Developer/Toolchains/XcodeDefault.xctoolchain/usr/bin/swiftc -module-name CascadeAddonProbe -Onone @/Users/c4v4h/Library/Developer/Xcode/DerivedData/CascadeAddonPlatform/Build/Intermediates.noindex/AddonPlatform.build/Debug/ProbeHost.build/Objects-normal/arm64/CascadeAddonProbe.SwiftFileList -DDEBUG -enable-bare-slash-regex -enable-experimental-feature DebugDescriptionMacro -sdk /Applications/Xcode-beta.app/Contents/Developer/Platforms/MacOSX.platform/Developer/SDKs/MacOSX27.0.sdk -target arm64-apple-macos14.0 -g -module-cache-path /Users/c4v4h/Library/Developer/Xcode/DerivedData/CascadeAddonPlatform/ModuleCache.noindex -Xfrontend -serialize-debugging-options -index-store-path /Users/c4v4h/Library/Developer/Xcode/DerivedData/CascadeAddonPlatform/Index.noindex/DataStore -swift-version 5 -I /Users/c4v4h/Library/Developer/Xcode/DerivedData/CascadeAddonPlatform/Build/Products/Debug -F /Users/c4v4h/Library/Developer/Xcode/DerivedData/CascadeAddonPlatform/Build/Products/Debug -c -j8 -enable-batch-mode -incremental -Xcc -ivfsstatcache -Xcc /Users/c4v4h/Library/Developer/Xcode/DerivedData/CascadeAddonPlatform/SDKStatCaches.noindex/macosx27.0-26A5419a-e829b21a6f8c9b70876ba0858053c04445874285e5972fffeae925c4ab065928.sdkstatcache -output-file-map /Users/c4v4h/Library/Developer/Xcode/DerivedData/CascadeAddonPlatform/Build/Intermediates.noindex/AddonPlatform.build/Debug/ProbeHost.build/Objects-normal/arm64/ProbeHost-OutputFileMap.json -save-temps -no-color-diagnostics -explicit-module-build -module-cache-path /Users/c4v4h/Library/Developer/Xcode/DerivedData/CascadeAddonPlatform/Build/Intermediates.noindex/SwiftExplicitPrecompiledModules -clang-scanner-module-cache-path /Users/c4v4h/Library/Developer/Xcode/DerivedData/CascadeAddonPlatform/ModuleCache.noindex -sdk-module-cache-path /Users/c4v4h/Library/Developer/Xcode/DerivedData/CascadeAddonPlatform/SDKExplicitPrecompiledModules -emit-dependencies -emit-module -emit-module-path /Users/c4v4h/Library/Developer/Xcode/DerivedData/CascadeAddonPlatform/Build/Intermediates.noindex/AddonPlatform.build/Debug/ProbeHost.build/Objects-normal/arm64/CascadeAddonProbe.swiftmodule -serialize-diagnostics -dependency-scan-serialize-diagnostics-path /Users/c4v4h/Library/Developer/Xcode/DerivedData/CascadeAddonPlatform/Build/Intermediates.noindex/AddonPlatform.build/Debug/ProbeHost.build/Objects-normal/arm64/CascadeAddonProbe-dependency-scan.dia -validate-clang-modules-once -clang-build-session-file /Users/c4v4h/Library/Developer/Xcode/DerivedData/CascadeAddonPlatform/ModuleCache.noindex/Session.modulevalidation -Xcc -fmodules-prune-interval\=86400 -Xcc -fmodules-prune-after\=345600 -emit-const-values -const-gather-protocols-list /Users/c4v4h/Library/Developer/Xcode/DerivedData/CascadeAddonPlatform/Build/Intermediates.noindex/AddonPlatform.build/Debug/ProbeHost.build/Objects-normal/arm64/ProbeHost_const_extract_protocols.json -Xcc -iquote -Xcc /Users/c4v4h/Library/Developer/Xcode/DerivedData/CascadeAddonPlatform/Build/Intermediates.noindex/AddonPlatform.build/Debug/ProbeHost.build/CascadeAddonProbe-generated-files.hmap -Xcc -I/Users/c4v4h/Library/Developer/Xcode/DerivedData/CascadeAddonPlatform/Build/Intermediates.noindex/AddonPlatform.build/Debug/ProbeHost.build/CascadeAddonProbe-own-target-headers.hmap -Xcc -I/Users/c4v4h/Library/Developer/Xcode/DerivedData/CascadeAddonPlatform/Build/Intermediates.noindex/AddonPlatform.build/Debug/ProbeHost.build/CascadeAddonProbe-all-target-headers.hmap -Xcc -iquote -Xcc /Users/c4v4h/Library/Developer/Xcode/DerivedData/CascadeAddonPlatform/Build/Intermediates.noindex/AddonPlatform.build/Debug/ProbeHost.build/CascadeAddonProbe-project-headers.hmap -Xcc -I/Users/c4v4h/Library/Developer/Xcode/DerivedData/CascadeAddonPlatform/Build/Products/Debug/include -Xcc -I/Users/c4v4h/Library/Developer/Xcode/DerivedData/CascadeAddonPlatform/Build/Intermediates.noindex/AddonPlatform.build/Debug/ProbeHost.build/DerivedSources-normal/arm64 -Xcc -I/Users/c4v4h/Library/Developer/Xcode/DerivedData/CascadeAddonPlatform/Build/Intermediates.noindex/AddonPlatform.build/Debug/ProbeHost.build/DerivedSources/arm64 -Xcc -I/Users/c4v4h/Library/Developer/Xcode/DerivedData/CascadeAddonPlatform/Build/Intermediates.noindex/AddonPlatform.build/Debug/ProbeHost.build/DerivedSources -emit-objc-header -emit-objc-header-path /Users/c4v4h/Library/Developer/Xcode/DerivedData/CascadeAddonPlatform/Build/Intermediates.noindex/AddonPlatform.build/Debug/ProbeHost.build/Objects-normal/arm64/CascadeAddonProbe-Swift.h -working-directory /Users/c4v4h/Library/Mobile\ Documents/com\~apple\~CloudDocs/Projects/XcodeProjects/Cascade/Prototypes/AddonPlatform -experimental-emit-module-separately -disable-cmo

Ld /Users/c4v4h/Library/Developer/Xcode/DerivedData/CascadeAddonPlatform/Build/Intermediates.noindex/AddonPlatform.build/Debug/ProbeHost.build/Objects-normal/arm64/Binary/ProbeHost normal arm64 (in target 'ProbeHost' from project 'AddonPlatform')
    cd /Users/c4v4h/Library/Mobile\ Documents/com\~apple\~CloudDocs/Projects/XcodeProjects/Cascade/Prototypes/AddonPlatform
    /Applications/Xcode-beta.app/Contents/Developer/Toolchains/XcodeDefault.xctoolchain/usr/bin/clang -Xlinker -reproducible -target arm64-apple-macos14.0 -isysroot /Applications/Xcode-beta.app/Contents/Developer/Platforms/MacOSX.platform/Developer/SDKs/MacOSX27.0.sdk -Os -Xlinker -no_warn_duplicate_libraries -L/Users/c4v4h/Library/Developer/Xcode/DerivedData/CascadeAddonPlatform/Build/Intermediates.noindex/EagerLinkingTBDs/Debug -L/Users/c4v4h/Library/Developer/Xcode/DerivedData/CascadeAddonPlatform/Build/Products/Debug -F/Users/c4v4h/Library/Developer/Xcode/DerivedData/CascadeAddonPlatform/Build/Intermediates.noindex/EagerLinkingTBDs/Debug -F/Users/c4v4h/Library/Developer/Xcode/DerivedData/CascadeAddonPlatform/Build/Products/Debug -filelist /Users/c4v4h/Library/Developer/Xcode/DerivedData/CascadeAddonPlatform/Build/Intermediates.noindex/AddonPlatform.build/Debug/ProbeHost.build/Objects-normal/arm64/CascadeAddonProbe.LinkFileList -Xlinker -rpath -Xlinker /usr/lib/swift -Xlinker -object_path_lto -Xlinker /Users/c4v4h/Library/Developer/Xcode/DerivedData/CascadeAddonPlatform/Build/Intermediates.noindex/AddonPlatform.build/Debug/ProbeHost.build/Objects-normal/arm64/CascadeAddonProbe_lto.o -Xlinker -dependency_info -Xlinker /Users/c4v4h/Library/Developer/Xcode/DerivedData/CascadeAddonPlatform/Build/Intermediates.noindex/AddonPlatform.build/Debug/ProbeHost.build/Objects-normal/arm64/CascadeAddonProbe_dependency_info.dat -fobjc-link-runtime -L/Applications/Xcode-beta.app/Contents/Developer/Toolchains/XcodeDefault.xctoolchain/usr/lib/swift/macosx -L/usr/lib/swift -Xlinker -add_ast_path -Xlinker /Users/c4v4h/Library/Developer/Xcode/DerivedData/CascadeAddonPlatform/Build/Intermediates.noindex/AddonPlatform.build/Debug/ProbeHost.build/Objects-normal/arm64/CascadeAddonProbe.swiftmodule -Xlinker -no_adhoc_codesign -o /Users/c4v4h/Library/Developer/Xcode/DerivedData/CascadeAddonPlatform/Build/Intermediates.noindex/AddonPlatform.build/Debug/ProbeHost.build/Objects-normal/arm64/Binary/ProbeHost

CreateUniversalBinary /Users/c4v4h/Library/Developer/Xcode/DerivedData/CascadeAddonPlatform/Build/Products/Debug/CascadeAddonProbe.app/Contents/MacOS/ProbeHost normal arm64\ x86_64 (in target 'ProbeHost' from project 'AddonPlatform')
    cd /Users/c4v4h/Library/Mobile\ Documents/com\~apple\~CloudDocs/Projects/XcodeProjects/Cascade/Prototypes/AddonPlatform
    /Applications/Xcode-beta.app/Contents/Developer/Toolchains/XcodeDefault.xctoolchain/usr/bin/lipo -create /Users/c4v4h/Library/Developer/Xcode/DerivedData/CascadeAddonPlatform/Build/Intermediates.noindex/AddonPlatform.build/Debug/ProbeHost.build/Objects-normal/arm64/Binary/ProbeHost /Users/c4v4h/Library/Developer/Xcode/DerivedData/CascadeAddonPlatform/Build/Intermediates.noindex/AddonPlatform.build/Debug/ProbeHost.build/Objects-normal/x86_64/Binary/ProbeHost -output /Users/c4v4h/Library/Developer/Xcode/DerivedData/CascadeAddonPlatform/Build/Products/Debug/CascadeAddonProbe.app/Contents/MacOS/ProbeHost

Copy /Users/c4v4h/Library/Developer/Xcode/DerivedData/CascadeAddonPlatform/Build/Products/Debug/CascadeAddonProbe.app/Contents/Extensions/Probe.appextensionpoint /Users/c4v4h/Library/Mobile\ Documents/com~apple~CloudDocs/Projects/XcodeProjects/Cascade/Prototypes/AddonPlatform/Host/Probe.appextensionpoint (in target 'ProbeHost' from project 'AddonPlatform')
    cd /Users/c4v4h/Library/Mobile\ Documents/com\~apple\~CloudDocs/Projects/XcodeProjects/Cascade/Prototypes/AddonPlatform
    builtin-copy -exclude .DS_Store -exclude CVS -exclude .svn -exclude .git -exclude .hg -strip-unsigned-binaries -strip-deterministic -strip-tool /Applications/Xcode-beta.app/Contents/Developer/Toolchains/XcodeDefault.xctoolchain/usr/bin/strip -resolve-src-symlinks -remove-static-executable /Users/c4v4h/Library/Mobile\ Documents/com\~apple\~CloudDocs/Projects/XcodeProjects/Cascade/Prototypes/AddonPlatform/Host/Probe.appextensionpoint /Users/c4v4h/Library/Developer/Xcode/DerivedData/CascadeAddonPlatform/Build/Products/Debug/CascadeAddonProbe.app/Contents/Extensions

ExtractAppIntentsMetadata (in target 'ProbeHost' from project 'AddonPlatform')
    cd /Users/c4v4h/Library/Mobile\ Documents/com\~apple\~CloudDocs/Projects/XcodeProjects/Cascade/Prototypes/AddonPlatform
    /Applications/Xcode-beta.app/Contents/Developer/Toolchains/XcodeDefault.xctoolchain/usr/bin/appintentsmetadataprocessor --toolchain-dir /var/run/com.apple.security.cryptexd/mnt/com.apple.MobileAsset.MetalToolchain-v27.1.5252.6.a2EVDm/Metal.xctoolchain --module-name CascadeAddonProbe --sdk-root /Applications/Xcode-beta.app/Contents/Developer/Platforms/MacOSX.platform/Developer/SDKs/MacOSX27.0.sdk --xcode-version 27A5252f --platform-family macOS --deployment-target 14.0 --bundle-identifier hylo.Cascade.AddonProbe --output /Users/c4v4h/Library/Developer/Xcode/DerivedData/CascadeAddonPlatform/Build/Products/Debug/CascadeAddonProbe.app/Contents/Resources --target-triple arm64-apple-macos14.0 --target-triple x86_64-apple-macos14.0 --binary-file /Users/c4v4h/Library/Developer/Xcode/DerivedData/CascadeAddonPlatform/Build/Products/Debug/CascadeAddonProbe.app/Contents/MacOS/ProbeHost --dependency-file /Users/c4v4h/Library/Developer/Xcode/DerivedData/CascadeAddonPlatform/Build/Intermediates.noindex/AddonPlatform.build/Debug/ProbeHost.build/Objects-normal/arm64/CascadeAddonProbe_dependency_info.dat --dependency-file /Users/c4v4h/Library/Developer/Xcode/DerivedData/CascadeAddonPlatform/Build/Intermediates.noindex/AddonPlatform.build/Debug/ProbeHost.build/Objects-normal/x86_64/CascadeAddonProbe_dependency_info.dat --stringsdata-file /Users/c4v4h/Library/Developer/Xcode/DerivedData/CascadeAddonPlatform/Build/Intermediates.noindex/AddonPlatform.build/Debug/ProbeHost.build/Objects-normal/arm64/ExtractedAppShortcutsMetadata.stringsdata --stringsdata-file /Users/c4v4h/Library/Developer/Xcode/DerivedData/CascadeAddonPlatform/Build/Intermediates.noindex/AddonPlatform.build/Debug/ProbeHost.build/Objects-normal/x86_64/ExtractedAppShortcutsMetadata.stringsdata --source-file-list /Users/c4v4h/Library/Developer/Xcode/DerivedData/CascadeAddonPlatform/Build/Intermediates.noindex/AddonPlatform.build/Debug/ProbeHost.build/Objects-normal/arm64/CascadeAddonProbe.SwiftFileList --source-file-list /Users/c4v4h/Library/Developer/Xcode/DerivedData/CascadeAddonPlatform/Build/Intermediates.noindex/AddonPlatform.build/Debug/ProbeHost.build/Objects-normal/x86_64/CascadeAddonProbe.SwiftFileList --metadata-file-list /Users/c4v4h/Library/Developer/Xcode/DerivedData/CascadeAddonPlatform/Build/Intermediates.noindex/AddonPlatform.build/Debug/ProbeHost.build/CascadeAddonProbe.DependencyMetadataFileList --static-metadata-file-list /Users/c4v4h/Library/Developer/Xcode/DerivedData/CascadeAddonPlatform/Build/Intermediates.noindex/AddonPlatform.build/Debug/ProbeHost.build/CascadeAddonProbe.DependencyStaticMetadataFileList --swift-const-vals-list /Users/c4v4h/Library/Developer/Xcode/DerivedData/CascadeAddonPlatform/Build/Intermediates.noindex/AddonPlatform.build/Debug/ProbeHost.build/Objects-normal/arm64/CascadeAddonProbe.SwiftConstValuesFileList --swift-const-vals-list /Users/c4v4h/Library/Developer/Xcode/DerivedData/CascadeAddonPlatform/Build/Intermediates.noindex/AddonPlatform.build/Debug/ProbeHost.build/Objects-normal/x86_64/CascadeAddonProbe.SwiftConstValuesFileList --compile-time-extraction --deployment-aware-processing --no-app-shortcuts-localization
2026-09-24 13:17:01.085 appintentsmetadataprocessor[31432:1194573] Starting appintentsmetadataprocessor export
2026-09-24 13:17:01.086 appintentsmetadataprocessor[31432:1194573] warning: Metadata extraction skipped, no AppIntents.framework dependency found

CopySwiftLibs /Users/c4v4h/Library/Developer/Xcode/DerivedData/CascadeAddonPlatform/Build/Products/Debug/CascadeAddonProbe.app (in target 'ProbeHost' from project 'AddonPlatform')
    cd /Users/c4v4h/Library/Mobile\ Documents/com\~apple\~CloudDocs/Projects/XcodeProjects/Cascade/Prototypes/AddonPlatform
    builtin-swiftStdLibTool --copy --verbose --sign 4A857D842A5406C2D3071776FDE7B27B3098FE63 --scan-executable /Users/c4v4h/Library/Developer/Xcode/DerivedData/CascadeAddonPlatform/Build/Products/Debug/CascadeAddonProbe.app/Contents/MacOS/ProbeHost --scan-folder /Users/c4v4h/Library/Developer/Xcode/DerivedData/CascadeAddonPlatform/Build/Products/Debug/CascadeAddonProbe.app/Contents/Frameworks --scan-folder /Users/c4v4h/Library/Developer/Xcode/DerivedData/CascadeAddonPlatform/Build/Products/Debug/CascadeAddonProbe.app/Contents/PlugIns --scan-folder /Users/c4v4h/Library/Developer/Xcode/DerivedData/CascadeAddonPlatform/Build/Products/Debug/CascadeAddonProbe.app/Contents/Library/SystemExtensions --scan-folder /Users/c4v4h/Library/Developer/Xcode/DerivedData/CascadeAddonPlatform/Build/Products/Debug/CascadeAddonProbe.app/Contents/Extensions --platform macosx --toolchain /var/run/com.apple.security.cryptexd/mnt/com.apple.MobileAsset.MetalToolchain-v27.1.5252.6.a2EVDm/Metal.xctoolchain --toolchain /Applications/Xcode-beta.app/Contents/Developer/Toolchains/XcodeDefault.xctoolchain --destination /Users/c4v4h/Library/Developer/Xcode/DerivedData/CascadeAddonPlatform/Build/Products/Debug/CascadeAddonProbe.app/Contents/Frameworks --strip-bitcode --strip-bitcode-tool /Applications/Xcode-beta.app/Contents/Developer/Toolchains/XcodeDefault.xctoolchain/usr/bin/bitcode_strip --emit-dependency-info /Users/c4v4h/Library/Developer/Xcode/DerivedData/CascadeAddonPlatform/Build/Intermediates.noindex/AddonPlatform.build/Debug/ProbeHost.build/SwiftStdLibToolInputDependencies.dep --filter-for-swift-os --back-deploy-swift-span

CodeSign /Users/c4v4h/Library/Developer/Xcode/DerivedData/CascadeAddonPlatform/Build/Products/Debug/CascadeAddonProbe.app (in target 'ProbeHost' from project 'AddonPlatform')
    cd /Users/c4v4h/Library/Mobile\ Documents/com\~apple\~CloudDocs/Projects/XcodeProjects/Cascade/Prototypes/AddonPlatform
    
    Signing Identity:     "Apple Development: cavallerolore@icloud.com (MRZYW8THXH)"
    
    /usr/bin/codesign --force --sign 4A857D842A5406C2D3071776FDE7B27B3098FE63 -o runtime --entitlements /Users/c4v4h/Library/Developer/Xcode/DerivedData/CascadeAddonPlatform/Build/Intermediates.noindex/AddonPlatform.build/Debug/ProbeHost.build/CascadeAddonProbe.app.xcent --timestamp\=none --generate-entitlement-der /Users/c4v4h/Library/Developer/Xcode/DerivedData/CascadeAddonPlatform/Build/Products/Debug/CascadeAddonProbe.app

RegisterExecutionPolicyException /Users/c4v4h/Library/Developer/Xcode/DerivedData/CascadeAddonPlatform/Build/Products/Debug/CascadeAddonProbe.app (in target 'ProbeHost' from project 'AddonPlatform')
    cd /Users/c4v4h/Library/Mobile\ Documents/com\~apple\~CloudDocs/Projects/XcodeProjects/Cascade/Prototypes/AddonPlatform
    builtin-RegisterExecutionPolicyException /Users/c4v4h/Library/Developer/Xcode/DerivedData/CascadeAddonPlatform/Build/Products/Debug/CascadeAddonProbe.app

Validate /Users/c4v4h/Library/Developer/Xcode/DerivedData/CascadeAddonPlatform/Build/Products/Debug/CascadeAddonProbe.app (in target 'ProbeHost' from project 'AddonPlatform')
    cd /Users/c4v4h/Library/Mobile\ Documents/com\~apple\~CloudDocs/Projects/XcodeProjects/Cascade/Prototypes/AddonPlatform
    builtin-validationUtility /Users/c4v4h/Library/Developer/Xcode/DerivedData/CascadeAddonPlatform/Build/Products/Debug/CascadeAddonProbe.app -no-validate-extension -infoplist-subpath Contents/Info.plist

Touch /Users/c4v4h/Library/Developer/Xcode/DerivedData/CascadeAddonPlatform/Build/Products/Debug/CascadeAddonProbe.app (in target 'ProbeHost' from project 'AddonPlatform')
    cd /Users/c4v4h/Library/Mobile\ Documents/com\~apple\~CloudDocs/Projects/XcodeProjects/Cascade/Prototypes/AddonPlatform
    /usr/bin/touch -c /Users/c4v4h/Library/Developer/Xcode/DerivedData/CascadeAddonPlatform/Build/Products/Debug/CascadeAddonProbe.app

RegisterWithLaunchServices /Users/c4v4h/Library/Developer/Xcode/DerivedData/CascadeAddonPlatform/Build/Products/Debug/CascadeAddonProbe.app (in target 'ProbeHost' from project 'AddonPlatform')
    cd /Users/c4v4h/Library/Mobile\ Documents/com\~apple\~CloudDocs/Projects/XcodeProjects/Cascade/Prototypes/AddonPlatform
    builtin-lsregisterurl --record-path /Users/c4v4h/Library/Developer/Xcode/DerivedData/CascadeAddonPlatform/Build/Intermediates.noindex/XCBuildData/registered-launchservices.txt -- /System/Library/Frameworks/CoreServices.framework/Versions/Current/Frameworks/LaunchServices.framework/Versions/Current/Support/lsregister -f -R -trusted /Users/c4v4h/Library/Developer/Xcode/DerivedData/CascadeAddonPlatform/Build/Products/Debug/CascadeAddonProbe.app

PruneExplicitPrecompiledModules /Users/c4v4h/Library/Developer/Xcode/DerivedData/CascadeAddonPlatform/Build/Intermediates.noindex/ExplicitPrecompiledModules

PruneExplicitPrecompiledModules /Users/c4v4h/Library/Developer/Xcode/DerivedData/CascadeAddonPlatform/Build/Intermediates.noindex/SwiftExplicitPrecompiledModules

PruneExplicitPrecompiledModules /Users/c4v4h/Library/Developer/Xcode/DerivedData/CascadeAddonPlatform/SDKExplicitPrecompiledModules

** BUILD SUCCEEDED **

