Command line invocation:
    /Applications/Xcode-beta.app/Contents/Developer/usr/bin/xcodebuild -project /Users/c4v4h/Library/Developer/Xcode/DerivedData/CascadeAddonRecoveryProbe/probe-7na4sb1w/Sources/AddonPlatform.xcodeproj -scheme AddonPlatform -configuration Debug -derivedDataPath /Users/c4v4h/Library/Developer/Xcode/DerivedData/CascadeAddonRecoveryProbe/probe-7na4sb1w/Build "SWIFT_ACTIVE_COMPILATION_CONDITIONS=DEBUG RECOVERY_PROBE BROKER_PROVIDER" CODE_SIGN_INJECT_BASE_ENTITLEMENTS=NO build

Build settings from command line:
    CODE_SIGN_INJECT_BASE_ENTITLEMENTS = NO
    SWIFT_ACTIVE_COMPILATION_CONDITIONS = DEBUG RECOVERY_PROBE BROKER_PROVIDER

--- xcodebuild: WARNING: Using the first of multiple matching destinations:
{ platform:macOS, arch:arm64, id:00008112-000579C23A68A01E, name:My Mac }
{ platform:macOS, arch:x86_64, id:00008112-000579C23A68A01E, name:My Mac }
{ platform:macOS, name:Any Mac }
ComputePackagePrebuildTargetDependencyGraph

Prepare packages

CreateBuildRequest

SendProjectDescription

CreateBuildOperation

ComputeTargetDependencyGraph
note: Building targets in dependency order
note: Target dependency graph (3 targets)
    Target 'ProbeHost' in project 'AddonPlatform' (no dependencies)
    Target 'ProbeContainer' in project 'AddonPlatform'
        ➜ Explicit dependency on target 'ProbeProvider' in project 'AddonPlatform'
    Target 'ProbeProvider' in project 'AddonPlatform' (no dependencies)

GatherProvisioningInputs

CreateBuildDescription

ExecuteExternalTool /Applications/Xcode-beta.app/Contents/Developer/Toolchains/XcodeDefault.xctoolchain/usr/bin/swiftc --version

ExecuteExternalTool /Applications/Xcode-beta.app/Contents/Developer/Toolchains/XcodeDefault.xctoolchain/usr/bin/clang -v -E -dM -isysroot /Applications/Xcode-beta.app/Contents/Developer/Platforms/MacOSX.platform/Developer/SDKs/MacOSX27.0.sdk -x c -c /dev/null

ExecuteExternalTool /Applications/Xcode-beta.app/Contents/Developer/Toolchains/XcodeDefault.xctoolchain/usr/bin/ld -version_details

Build description signature: bfa143dab1617f428f706b12a9076146
Build description path: /Users/c4v4h/Library/Developer/Xcode/DerivedData/CascadeAddonRecoveryProbe/probe-7na4sb1w/Build/Build/Intermediates.noindex/XCBuildData/bfa143dab1617f428f706b12a9076146.xcbuilddata
CreateBuildDirectory /Users/c4v4h/Library/Developer/Xcode/DerivedData/CascadeAddonRecoveryProbe/probe-7na4sb1w/Build/SDKExplicitPrecompiledModules
    cd /Users/c4v4h/Library/Developer/Xcode/DerivedData/CascadeAddonRecoveryProbe/probe-7na4sb1w/Sources/AddonPlatform.xcodeproj
    builtin-create-build-directory /Users/c4v4h/Library/Developer/Xcode/DerivedData/CascadeAddonRecoveryProbe/probe-7na4sb1w/Build/SDKExplicitPrecompiledModules

CreateBuildDirectory /Users/c4v4h/Library/Developer/Xcode/DerivedData/CascadeAddonRecoveryProbe/probe-7na4sb1w/Build/CompilationCache.noindex
    cd /Users/c4v4h/Library/Developer/Xcode/DerivedData/CascadeAddonRecoveryProbe/probe-7na4sb1w/Sources/AddonPlatform.xcodeproj
    builtin-create-build-directory /Users/c4v4h/Library/Developer/Xcode/DerivedData/CascadeAddonRecoveryProbe/probe-7na4sb1w/Build/CompilationCache.noindex

CreateBuildDirectory /Users/c4v4h/Library/Developer/Xcode/DerivedData/CascadeAddonRecoveryProbe/probe-7na4sb1w/Build/ModuleCache.noindex
    cd /Users/c4v4h/Library/Developer/Xcode/DerivedData/CascadeAddonRecoveryProbe/probe-7na4sb1w/Sources/AddonPlatform.xcodeproj
    builtin-create-build-directory /Users/c4v4h/Library/Developer/Xcode/DerivedData/CascadeAddonRecoveryProbe/probe-7na4sb1w/Build/ModuleCache.noindex

CreateBuildDirectory /Users/c4v4h/Library/Developer/Xcode/DerivedData/CascadeAddonRecoveryProbe/probe-7na4sb1w/Build/Build/Products
    cd /Users/c4v4h/Library/Developer/Xcode/DerivedData/CascadeAddonRecoveryProbe/probe-7na4sb1w/Sources/AddonPlatform.xcodeproj
    builtin-create-build-directory /Users/c4v4h/Library/Developer/Xcode/DerivedData/CascadeAddonRecoveryProbe/probe-7na4sb1w/Build/Build/Products

CreateBuildDirectory /Users/c4v4h/Library/Developer/Xcode/DerivedData/CascadeAddonRecoveryProbe/probe-7na4sb1w/Build/Build/Intermediates.noindex
    cd /Users/c4v4h/Library/Developer/Xcode/DerivedData/CascadeAddonRecoveryProbe/probe-7na4sb1w/Sources/AddonPlatform.xcodeproj
    builtin-create-build-directory /Users/c4v4h/Library/Developer/Xcode/DerivedData/CascadeAddonRecoveryProbe/probe-7na4sb1w/Build/Build/Intermediates.noindex

ClangStatCache /Applications/Xcode-beta.app/Contents/Developer/Toolchains/XcodeDefault.xctoolchain/usr/bin/clang-stat-cache /Applications/Xcode-beta.app/Contents/Developer/Platforms/MacOSX.platform/Developer/SDKs/MacOSX27.0.sdk /Users/c4v4h/Library/Developer/Xcode/DerivedData/CascadeAddonRecoveryProbe/probe-7na4sb1w/Build/SDKStatCaches.noindex/macosx27.0-26A5419a-e829b21a6f8c9b70876ba0858053c04445874285e5972fffeae925c4ab065928.sdkstatcache
    cd /Users/c4v4h/Library/Developer/Xcode/DerivedData/CascadeAddonRecoveryProbe/probe-7na4sb1w/Sources/AddonPlatform.xcodeproj
    /Applications/Xcode-beta.app/Contents/Developer/Toolchains/XcodeDefault.xctoolchain/usr/bin/clang-stat-cache /Applications/Xcode-beta.app/Contents/Developer/Platforms/MacOSX.platform/Developer/SDKs/MacOSX27.0.sdk -o /Users/c4v4h/Library/Developer/Xcode/DerivedData/CascadeAddonRecoveryProbe/probe-7na4sb1w/Build/SDKStatCaches.noindex/macosx27.0-26A5419a-e829b21a6f8c9b70876ba0858053c04445874285e5972fffeae925c4ab065928.sdkstatcache

CreateBuildDirectory /Users/c4v4h/Library/Developer/Xcode/DerivedData/CascadeAddonRecoveryProbe/probe-7na4sb1w/Build/Build/Intermediates.noindex/PrecompiledHeaders
    cd /Users/c4v4h/Library/Developer/Xcode/DerivedData/CascadeAddonRecoveryProbe/probe-7na4sb1w/Sources/AddonPlatform.xcodeproj
    builtin-create-build-directory /Users/c4v4h/Library/Developer/Xcode/DerivedData/CascadeAddonRecoveryProbe/probe-7na4sb1w/Build/Build/Intermediates.noindex/PrecompiledHeaders

CreateBuildDirectory /Users/c4v4h/Library/Developer/Xcode/DerivedData/CascadeAddonRecoveryProbe/probe-7na4sb1w/Build/Build/Intermediates.noindex/SwiftExplicitPrecompiledModules
    cd /Users/c4v4h/Library/Developer/Xcode/DerivedData/CascadeAddonRecoveryProbe/probe-7na4sb1w/Sources/AddonPlatform.xcodeproj
    builtin-create-build-directory /Users/c4v4h/Library/Developer/Xcode/DerivedData/CascadeAddonRecoveryProbe/probe-7na4sb1w/Build/Build/Intermediates.noindex/SwiftExplicitPrecompiledModules

CreateBuildDirectory /Users/c4v4h/Library/Developer/Xcode/DerivedData/CascadeAddonRecoveryProbe/probe-7na4sb1w/Build/Build/Intermediates.noindex/ExplicitPrecompiledModules
    cd /Users/c4v4h/Library/Developer/Xcode/DerivedData/CascadeAddonRecoveryProbe/probe-7na4sb1w/Sources/AddonPlatform.xcodeproj
    builtin-create-build-directory /Users/c4v4h/Library/Developer/Xcode/DerivedData/CascadeAddonRecoveryProbe/probe-7na4sb1w/Build/Build/Intermediates.noindex/ExplicitPrecompiledModules

CreateBuildDirectory /Users/c4v4h/Library/Developer/Xcode/DerivedData/CascadeAddonRecoveryProbe/probe-7na4sb1w/Build/Build/Intermediates.noindex/EagerLinkingTBDs/Debug
    cd /Users/c4v4h/Library/Developer/Xcode/DerivedData/CascadeAddonRecoveryProbe/probe-7na4sb1w/Sources/AddonPlatform.xcodeproj
    builtin-create-build-directory /Users/c4v4h/Library/Developer/Xcode/DerivedData/CascadeAddonRecoveryProbe/probe-7na4sb1w/Build/Build/Intermediates.noindex/EagerLinkingTBDs/Debug

WriteAuxiliaryFile /Users/c4v4h/Library/Developer/Xcode/DerivedData/CascadeAddonRecoveryProbe/probe-7na4sb1w/Build/Build/Intermediates.noindex/AddonPlatform.build/Debug/AddonPlatform-bb66cefbaee03c8d596bdb713174c7c4-VFS/all-product-headers.yaml
    cd /Users/c4v4h/Library/Developer/Xcode/DerivedData/CascadeAddonRecoveryProbe/probe-7na4sb1w/Sources/AddonPlatform.xcodeproj
    write-file /Users/c4v4h/Library/Developer/Xcode/DerivedData/CascadeAddonRecoveryProbe/probe-7na4sb1w/Build/Build/Intermediates.noindex/AddonPlatform.build/Debug/AddonPlatform-bb66cefbaee03c8d596bdb713174c7c4-VFS/all-product-headers.yaml

CreateBuildDirectory /Users/c4v4h/Library/Developer/Xcode/DerivedData/CascadeAddonRecoveryProbe/probe-7na4sb1w/Build/Build/Products/Debug
    cd /Users/c4v4h/Library/Developer/Xcode/DerivedData/CascadeAddonRecoveryProbe/probe-7na4sb1w/Sources/AddonPlatform.xcodeproj
    builtin-create-build-directory /Users/c4v4h/Library/Developer/Xcode/DerivedData/CascadeAddonRecoveryProbe/probe-7na4sb1w/Build/Build/Products/Debug

WriteAuxiliaryFile /Users/c4v4h/Library/Developer/Xcode/DerivedData/CascadeAddonRecoveryProbe/probe-7na4sb1w/Build/Build/Intermediates.noindex/AddonPlatform.build/Debug/ProbeProvider.build/DerivedSources/Entitlements.plist (in target 'ProbeProvider' from project 'AddonPlatform')
    cd /Users/c4v4h/Library/Developer/Xcode/DerivedData/CascadeAddonRecoveryProbe/probe-7na4sb1w/Sources
    write-file /Users/c4v4h/Library/Developer/Xcode/DerivedData/CascadeAddonRecoveryProbe/probe-7na4sb1w/Build/Build/Intermediates.noindex/AddonPlatform.build/Debug/ProbeProvider.build/DerivedSources/Entitlements.plist

WriteAuxiliaryFile /Users/c4v4h/Library/Developer/Xcode/DerivedData/CascadeAddonRecoveryProbe/probe-7na4sb1w/Build/Build/Intermediates.noindex/AddonPlatform.build/Debug/ProbeProvider.build/Objects-normal/x86_64/CascadeProbeProvider.LinkFileList (in target 'ProbeProvider' from project 'AddonPlatform')
    cd /Users/c4v4h/Library/Developer/Xcode/DerivedData/CascadeAddonRecoveryProbe/probe-7na4sb1w/Sources
    write-file /Users/c4v4h/Library/Developer/Xcode/DerivedData/CascadeAddonRecoveryProbe/probe-7na4sb1w/Build/Build/Intermediates.noindex/AddonPlatform.build/Debug/ProbeProvider.build/Objects-normal/x86_64/CascadeProbeProvider.LinkFileList

WriteAuxiliaryFile /Users/c4v4h/Library/Developer/Xcode/DerivedData/CascadeAddonRecoveryProbe/probe-7na4sb1w/Build/Build/Intermediates.noindex/AddonPlatform.build/Debug/ProbeProvider.build/Objects-normal/x86_64/CascadeProbeProvider.SwiftConstValuesFileList (in target 'ProbeProvider' from project 'AddonPlatform')
    cd /Users/c4v4h/Library/Developer/Xcode/DerivedData/CascadeAddonRecoveryProbe/probe-7na4sb1w/Sources
    write-file /Users/c4v4h/Library/Developer/Xcode/DerivedData/CascadeAddonRecoveryProbe/probe-7na4sb1w/Build/Build/Intermediates.noindex/AddonPlatform.build/Debug/ProbeProvider.build/Objects-normal/x86_64/CascadeProbeProvider.SwiftConstValuesFileList

WriteAuxiliaryFile /Users/c4v4h/Library/Developer/Xcode/DerivedData/CascadeAddonRecoveryProbe/probe-7na4sb1w/Build/Build/Intermediates.noindex/AddonPlatform.build/Debug/ProbeProvider.build/Objects-normal/x86_64/ProbeProvider-OutputFileMap.json (in target 'ProbeProvider' from project 'AddonPlatform')
    cd /Users/c4v4h/Library/Developer/Xcode/DerivedData/CascadeAddonRecoveryProbe/probe-7na4sb1w/Sources
    write-file /Users/c4v4h/Library/Developer/Xcode/DerivedData/CascadeAddonRecoveryProbe/probe-7na4sb1w/Build/Build/Intermediates.noindex/AddonPlatform.build/Debug/ProbeProvider.build/Objects-normal/x86_64/ProbeProvider-OutputFileMap.json

WriteAuxiliaryFile /Users/c4v4h/Library/Developer/Xcode/DerivedData/CascadeAddonRecoveryProbe/probe-7na4sb1w/Build/Build/Intermediates.noindex/AddonPlatform.build/Debug/ProbeProvider.build/Objects-normal/x86_64/CascadeProbeProvider.SwiftFileList (in target 'ProbeProvider' from project 'AddonPlatform')
    cd /Users/c4v4h/Library/Developer/Xcode/DerivedData/CascadeAddonRecoveryProbe/probe-7na4sb1w/Sources
    write-file /Users/c4v4h/Library/Developer/Xcode/DerivedData/CascadeAddonRecoveryProbe/probe-7na4sb1w/Build/Build/Intermediates.noindex/AddonPlatform.build/Debug/ProbeProvider.build/Objects-normal/x86_64/CascadeProbeProvider.SwiftFileList

WriteAuxiliaryFile /Users/c4v4h/Library/Developer/Xcode/DerivedData/CascadeAddonRecoveryProbe/probe-7na4sb1w/Build/Build/Intermediates.noindex/AddonPlatform.build/Debug/ProbeProvider.build/Objects-normal/arm64/ProbeProvider_const_extract_protocols.json (in target 'ProbeProvider' from project 'AddonPlatform')
    cd /Users/c4v4h/Library/Developer/Xcode/DerivedData/CascadeAddonRecoveryProbe/probe-7na4sb1w/Sources
    write-file /Users/c4v4h/Library/Developer/Xcode/DerivedData/CascadeAddonRecoveryProbe/probe-7na4sb1w/Build/Build/Intermediates.noindex/AddonPlatform.build/Debug/ProbeProvider.build/Objects-normal/arm64/ProbeProvider_const_extract_protocols.json

WriteAuxiliaryFile /Users/c4v4h/Library/Developer/Xcode/DerivedData/CascadeAddonRecoveryProbe/probe-7na4sb1w/Build/Build/Intermediates.noindex/AddonPlatform.build/Debug/ProbeProvider.build/Objects-normal/x86_64/ProbeProvider_const_extract_protocols.json (in target 'ProbeProvider' from project 'AddonPlatform')
    cd /Users/c4v4h/Library/Developer/Xcode/DerivedData/CascadeAddonRecoveryProbe/probe-7na4sb1w/Sources
    write-file /Users/c4v4h/Library/Developer/Xcode/DerivedData/CascadeAddonRecoveryProbe/probe-7na4sb1w/Build/Build/Intermediates.noindex/AddonPlatform.build/Debug/ProbeProvider.build/Objects-normal/x86_64/ProbeProvider_const_extract_protocols.json

WriteAuxiliaryFile /Users/c4v4h/Library/Developer/Xcode/DerivedData/CascadeAddonRecoveryProbe/probe-7na4sb1w/Build/Build/Intermediates.noindex/AddonPlatform.build/Debug/ProbeProvider.build/Objects-normal/arm64/ProbeProvider-OutputFileMap.json (in target 'ProbeProvider' from project 'AddonPlatform')
    cd /Users/c4v4h/Library/Developer/Xcode/DerivedData/CascadeAddonRecoveryProbe/probe-7na4sb1w/Sources
    write-file /Users/c4v4h/Library/Developer/Xcode/DerivedData/CascadeAddonRecoveryProbe/probe-7na4sb1w/Build/Build/Intermediates.noindex/AddonPlatform.build/Debug/ProbeProvider.build/Objects-normal/arm64/ProbeProvider-OutputFileMap.json

WriteAuxiliaryFile /Users/c4v4h/Library/Developer/Xcode/DerivedData/CascadeAddonRecoveryProbe/probe-7na4sb1w/Build/Build/Intermediates.noindex/AddonPlatform.build/Debug/ProbeProvider.build/Objects-normal/arm64/CascadeProbeProvider.SwiftFileList (in target 'ProbeProvider' from project 'AddonPlatform')
    cd /Users/c4v4h/Library/Developer/Xcode/DerivedData/CascadeAddonRecoveryProbe/probe-7na4sb1w/Sources
    write-file /Users/c4v4h/Library/Developer/Xcode/DerivedData/CascadeAddonRecoveryProbe/probe-7na4sb1w/Build/Build/Intermediates.noindex/AddonPlatform.build/Debug/ProbeProvider.build/Objects-normal/arm64/CascadeProbeProvider.SwiftFileList

WriteAuxiliaryFile /Users/c4v4h/Library/Developer/Xcode/DerivedData/CascadeAddonRecoveryProbe/probe-7na4sb1w/Build/Build/Intermediates.noindex/AddonPlatform.build/Debug/ProbeProvider.build/Objects-normal/arm64/CascadeProbeProvider.SwiftConstValuesFileList (in target 'ProbeProvider' from project 'AddonPlatform')
    cd /Users/c4v4h/Library/Developer/Xcode/DerivedData/CascadeAddonRecoveryProbe/probe-7na4sb1w/Sources
    write-file /Users/c4v4h/Library/Developer/Xcode/DerivedData/CascadeAddonRecoveryProbe/probe-7na4sb1w/Build/Build/Intermediates.noindex/AddonPlatform.build/Debug/ProbeProvider.build/Objects-normal/arm64/CascadeProbeProvider.SwiftConstValuesFileList

WriteAuxiliaryFile /Users/c4v4h/Library/Developer/Xcode/DerivedData/CascadeAddonRecoveryProbe/probe-7na4sb1w/Build/Build/Intermediates.noindex/AddonPlatform.build/Debug/ProbeProvider.build/Objects-normal/arm64/CascadeProbeProvider.LinkFileList (in target 'ProbeProvider' from project 'AddonPlatform')
    cd /Users/c4v4h/Library/Developer/Xcode/DerivedData/CascadeAddonRecoveryProbe/probe-7na4sb1w/Sources
    write-file /Users/c4v4h/Library/Developer/Xcode/DerivedData/CascadeAddonRecoveryProbe/probe-7na4sb1w/Build/Build/Intermediates.noindex/AddonPlatform.build/Debug/ProbeProvider.build/Objects-normal/arm64/CascadeProbeProvider.LinkFileList

WriteAuxiliaryFile /Users/c4v4h/Library/Developer/Xcode/DerivedData/CascadeAddonRecoveryProbe/probe-7na4sb1w/Build/Build/Intermediates.noindex/AddonPlatform.build/Debug/ProbeProvider.build/CascadeProbeProvider.hmap (in target 'ProbeProvider' from project 'AddonPlatform')
    cd /Users/c4v4h/Library/Developer/Xcode/DerivedData/CascadeAddonRecoveryProbe/probe-7na4sb1w/Sources
    write-file /Users/c4v4h/Library/Developer/Xcode/DerivedData/CascadeAddonRecoveryProbe/probe-7na4sb1w/Build/Build/Intermediates.noindex/AddonPlatform.build/Debug/ProbeProvider.build/CascadeProbeProvider.hmap

WriteAuxiliaryFile /Users/c4v4h/Library/Developer/Xcode/DerivedData/CascadeAddonRecoveryProbe/probe-7na4sb1w/Build/Build/Intermediates.noindex/AddonPlatform.build/Debug/ProbeProvider.build/CascadeProbeProvider.DependencyStaticMetadataFileList (in target 'ProbeProvider' from project 'AddonPlatform')
    cd /Users/c4v4h/Library/Developer/Xcode/DerivedData/CascadeAddonRecoveryProbe/probe-7na4sb1w/Sources
    write-file /Users/c4v4h/Library/Developer/Xcode/DerivedData/CascadeAddonRecoveryProbe/probe-7na4sb1w/Build/Build/Intermediates.noindex/AddonPlatform.build/Debug/ProbeProvider.build/CascadeProbeProvider.DependencyStaticMetadataFileList

WriteAuxiliaryFile /Users/c4v4h/Library/Developer/Xcode/DerivedData/CascadeAddonRecoveryProbe/probe-7na4sb1w/Build/Build/Intermediates.noindex/AddonPlatform.build/Debug/ProbeProvider.build/CascadeProbeProvider.DependencyMetadataFileList (in target 'ProbeProvider' from project 'AddonPlatform')
    cd /Users/c4v4h/Library/Developer/Xcode/DerivedData/CascadeAddonRecoveryProbe/probe-7na4sb1w/Sources
    write-file /Users/c4v4h/Library/Developer/Xcode/DerivedData/CascadeAddonRecoveryProbe/probe-7na4sb1w/Build/Build/Intermediates.noindex/AddonPlatform.build/Debug/ProbeProvider.build/CascadeProbeProvider.DependencyMetadataFileList

WriteAuxiliaryFile /Users/c4v4h/Library/Developer/Xcode/DerivedData/CascadeAddonRecoveryProbe/probe-7na4sb1w/Build/Build/Intermediates.noindex/AddonPlatform.build/Debug/ProbeProvider.build/CascadeProbeProvider-project-headers.hmap (in target 'ProbeProvider' from project 'AddonPlatform')
    cd /Users/c4v4h/Library/Developer/Xcode/DerivedData/CascadeAddonRecoveryProbe/probe-7na4sb1w/Sources
    write-file /Users/c4v4h/Library/Developer/Xcode/DerivedData/CascadeAddonRecoveryProbe/probe-7na4sb1w/Build/Build/Intermediates.noindex/AddonPlatform.build/Debug/ProbeProvider.build/CascadeProbeProvider-project-headers.hmap

WriteAuxiliaryFile /Users/c4v4h/Library/Developer/Xcode/DerivedData/CascadeAddonRecoveryProbe/probe-7na4sb1w/Build/Build/Intermediates.noindex/AddonPlatform.build/Debug/ProbeProvider.build/CascadeProbeProvider-own-target-headers.hmap (in target 'ProbeProvider' from project 'AddonPlatform')
    cd /Users/c4v4h/Library/Developer/Xcode/DerivedData/CascadeAddonRecoveryProbe/probe-7na4sb1w/Sources
    write-file /Users/c4v4h/Library/Developer/Xcode/DerivedData/CascadeAddonRecoveryProbe/probe-7na4sb1w/Build/Build/Intermediates.noindex/AddonPlatform.build/Debug/ProbeProvider.build/CascadeProbeProvider-own-target-headers.hmap

WriteAuxiliaryFile /Users/c4v4h/Library/Developer/Xcode/DerivedData/CascadeAddonRecoveryProbe/probe-7na4sb1w/Build/Build/Intermediates.noindex/AddonPlatform.build/Debug/ProbeProvider.build/CascadeProbeProvider-generated-files.hmap (in target 'ProbeProvider' from project 'AddonPlatform')
    cd /Users/c4v4h/Library/Developer/Xcode/DerivedData/CascadeAddonRecoveryProbe/probe-7na4sb1w/Sources
    write-file /Users/c4v4h/Library/Developer/Xcode/DerivedData/CascadeAddonRecoveryProbe/probe-7na4sb1w/Build/Build/Intermediates.noindex/AddonPlatform.build/Debug/ProbeProvider.build/CascadeProbeProvider-generated-files.hmap

WriteAuxiliaryFile /Users/c4v4h/Library/Developer/Xcode/DerivedData/CascadeAddonRecoveryProbe/probe-7na4sb1w/Build/Build/Intermediates.noindex/AddonPlatform.build/Debug/ProbeProvider.build/CascadeProbeProvider-all-target-headers.hmap (in target 'ProbeProvider' from project 'AddonPlatform')
    cd /Users/c4v4h/Library/Developer/Xcode/DerivedData/CascadeAddonRecoveryProbe/probe-7na4sb1w/Sources
    write-file /Users/c4v4h/Library/Developer/Xcode/DerivedData/CascadeAddonRecoveryProbe/probe-7na4sb1w/Build/Build/Intermediates.noindex/AddonPlatform.build/Debug/ProbeProvider.build/CascadeProbeProvider-all-target-headers.hmap

WriteAuxiliaryFile /Users/c4v4h/Library/Developer/Xcode/DerivedData/CascadeAddonRecoveryProbe/probe-7na4sb1w/Build/Build/Intermediates.noindex/AddonPlatform.build/Debug/ProbeProvider.build/CascadeProbeProvider-all-non-framework-target-headers.hmap (in target 'ProbeProvider' from project 'AddonPlatform')
    cd /Users/c4v4h/Library/Developer/Xcode/DerivedData/CascadeAddonRecoveryProbe/probe-7na4sb1w/Sources
    write-file /Users/c4v4h/Library/Developer/Xcode/DerivedData/CascadeAddonRecoveryProbe/probe-7na4sb1w/Build/Build/Intermediates.noindex/AddonPlatform.build/Debug/ProbeProvider.build/CascadeProbeProvider-all-non-framework-target-headers.hmap

WriteAuxiliaryFile /Users/c4v4h/Library/Developer/Xcode/DerivedData/CascadeAddonRecoveryProbe/probe-7na4sb1w/Build/Build/Intermediates.noindex/AddonPlatform.build/Debug/ProbeHost.build/Objects-normal/x86_64/ProbeHost-OutputFileMap.json (in target 'ProbeHost' from project 'AddonPlatform')
    cd /Users/c4v4h/Library/Developer/Xcode/DerivedData/CascadeAddonRecoveryProbe/probe-7na4sb1w/Sources
    write-file /Users/c4v4h/Library/Developer/Xcode/DerivedData/CascadeAddonRecoveryProbe/probe-7na4sb1w/Build/Build/Intermediates.noindex/AddonPlatform.build/Debug/ProbeHost.build/Objects-normal/x86_64/ProbeHost-OutputFileMap.json

WriteAuxiliaryFile /Users/c4v4h/Library/Developer/Xcode/DerivedData/CascadeAddonRecoveryProbe/probe-7na4sb1w/Build/Build/Intermediates.noindex/AddonPlatform.build/Debug/ProbeHost.build/Objects-normal/x86_64/ProbeHost_const_extract_protocols.json (in target 'ProbeHost' from project 'AddonPlatform')
    cd /Users/c4v4h/Library/Developer/Xcode/DerivedData/CascadeAddonRecoveryProbe/probe-7na4sb1w/Sources
    write-file /Users/c4v4h/Library/Developer/Xcode/DerivedData/CascadeAddonRecoveryProbe/probe-7na4sb1w/Build/Build/Intermediates.noindex/AddonPlatform.build/Debug/ProbeHost.build/Objects-normal/x86_64/ProbeHost_const_extract_protocols.json

WriteAuxiliaryFile /Users/c4v4h/Library/Developer/Xcode/DerivedData/CascadeAddonRecoveryProbe/probe-7na4sb1w/Build/Build/Intermediates.noindex/AddonPlatform.build/Debug/ProbeHost.build/Objects-normal/x86_64/CascadeAddonProbe.SwiftConstValuesFileList (in target 'ProbeHost' from project 'AddonPlatform')
    cd /Users/c4v4h/Library/Developer/Xcode/DerivedData/CascadeAddonRecoveryProbe/probe-7na4sb1w/Sources
    write-file /Users/c4v4h/Library/Developer/Xcode/DerivedData/CascadeAddonRecoveryProbe/probe-7na4sb1w/Build/Build/Intermediates.noindex/AddonPlatform.build/Debug/ProbeHost.build/Objects-normal/x86_64/CascadeAddonProbe.SwiftConstValuesFileList

WriteAuxiliaryFile /Users/c4v4h/Library/Developer/Xcode/DerivedData/CascadeAddonRecoveryProbe/probe-7na4sb1w/Build/Build/Intermediates.noindex/AddonPlatform.build/Debug/ProbeHost.build/Objects-normal/x86_64/CascadeAddonProbe.SwiftFileList (in target 'ProbeHost' from project 'AddonPlatform')
    cd /Users/c4v4h/Library/Developer/Xcode/DerivedData/CascadeAddonRecoveryProbe/probe-7na4sb1w/Sources
    write-file /Users/c4v4h/Library/Developer/Xcode/DerivedData/CascadeAddonRecoveryProbe/probe-7na4sb1w/Build/Build/Intermediates.noindex/AddonPlatform.build/Debug/ProbeHost.build/Objects-normal/x86_64/CascadeAddonProbe.SwiftFileList

WriteAuxiliaryFile /Users/c4v4h/Library/Developer/Xcode/DerivedData/CascadeAddonRecoveryProbe/probe-7na4sb1w/Build/Build/Intermediates.noindex/AddonPlatform.build/Debug/ProbeHost.build/Objects-normal/x86_64/CascadeAddonProbe.LinkFileList (in target 'ProbeHost' from project 'AddonPlatform')
    cd /Users/c4v4h/Library/Developer/Xcode/DerivedData/CascadeAddonRecoveryProbe/probe-7na4sb1w/Sources
    write-file /Users/c4v4h/Library/Developer/Xcode/DerivedData/CascadeAddonRecoveryProbe/probe-7na4sb1w/Build/Build/Intermediates.noindex/AddonPlatform.build/Debug/ProbeHost.build/Objects-normal/x86_64/CascadeAddonProbe.LinkFileList

WriteAuxiliaryFile /Users/c4v4h/Library/Developer/Xcode/DerivedData/CascadeAddonRecoveryProbe/probe-7na4sb1w/Build/Build/Intermediates.noindex/AddonPlatform.build/Debug/ProbeHost.build/Objects-normal/arm64/ProbeHost_const_extract_protocols.json (in target 'ProbeHost' from project 'AddonPlatform')
    cd /Users/c4v4h/Library/Developer/Xcode/DerivedData/CascadeAddonRecoveryProbe/probe-7na4sb1w/Sources
    write-file /Users/c4v4h/Library/Developer/Xcode/DerivedData/CascadeAddonRecoveryProbe/probe-7na4sb1w/Build/Build/Intermediates.noindex/AddonPlatform.build/Debug/ProbeHost.build/Objects-normal/arm64/ProbeHost_const_extract_protocols.json

WriteAuxiliaryFile /Users/c4v4h/Library/Developer/Xcode/DerivedData/CascadeAddonRecoveryProbe/probe-7na4sb1w/Build/Build/Intermediates.noindex/AddonPlatform.build/Debug/ProbeHost.build/Objects-normal/arm64/ProbeHost-OutputFileMap.json (in target 'ProbeHost' from project 'AddonPlatform')
    cd /Users/c4v4h/Library/Developer/Xcode/DerivedData/CascadeAddonRecoveryProbe/probe-7na4sb1w/Sources
    write-file /Users/c4v4h/Library/Developer/Xcode/DerivedData/CascadeAddonRecoveryProbe/probe-7na4sb1w/Build/Build/Intermediates.noindex/AddonPlatform.build/Debug/ProbeHost.build/Objects-normal/arm64/ProbeHost-OutputFileMap.json

WriteAuxiliaryFile /Users/c4v4h/Library/Developer/Xcode/DerivedData/CascadeAddonRecoveryProbe/probe-7na4sb1w/Build/Build/Intermediates.noindex/AddonPlatform.build/Debug/ProbeHost.build/Objects-normal/arm64/CascadeAddonProbe.SwiftFileList (in target 'ProbeHost' from project 'AddonPlatform')
    cd /Users/c4v4h/Library/Developer/Xcode/DerivedData/CascadeAddonRecoveryProbe/probe-7na4sb1w/Sources
    write-file /Users/c4v4h/Library/Developer/Xcode/DerivedData/CascadeAddonRecoveryProbe/probe-7na4sb1w/Build/Build/Intermediates.noindex/AddonPlatform.build/Debug/ProbeHost.build/Objects-normal/arm64/CascadeAddonProbe.SwiftFileList

WriteAuxiliaryFile /Users/c4v4h/Library/Developer/Xcode/DerivedData/CascadeAddonRecoveryProbe/probe-7na4sb1w/Build/Build/Intermediates.noindex/AddonPlatform.build/Debug/ProbeHost.build/Objects-normal/arm64/CascadeAddonProbe.SwiftConstValuesFileList (in target 'ProbeHost' from project 'AddonPlatform')
    cd /Users/c4v4h/Library/Developer/Xcode/DerivedData/CascadeAddonRecoveryProbe/probe-7na4sb1w/Sources
    write-file /Users/c4v4h/Library/Developer/Xcode/DerivedData/CascadeAddonRecoveryProbe/probe-7na4sb1w/Build/Build/Intermediates.noindex/AddonPlatform.build/Debug/ProbeHost.build/Objects-normal/arm64/CascadeAddonProbe.SwiftConstValuesFileList

WriteAuxiliaryFile /Users/c4v4h/Library/Developer/Xcode/DerivedData/CascadeAddonRecoveryProbe/probe-7na4sb1w/Build/Build/Intermediates.noindex/AddonPlatform.build/Debug/ProbeHost.build/Objects-normal/arm64/CascadeAddonProbe.LinkFileList (in target 'ProbeHost' from project 'AddonPlatform')
    cd /Users/c4v4h/Library/Developer/Xcode/DerivedData/CascadeAddonRecoveryProbe/probe-7na4sb1w/Sources
    write-file /Users/c4v4h/Library/Developer/Xcode/DerivedData/CascadeAddonRecoveryProbe/probe-7na4sb1w/Build/Build/Intermediates.noindex/AddonPlatform.build/Debug/ProbeHost.build/Objects-normal/arm64/CascadeAddonProbe.LinkFileList

WriteAuxiliaryFile /Users/c4v4h/Library/Developer/Xcode/DerivedData/CascadeAddonRecoveryProbe/probe-7na4sb1w/Build/Build/Intermediates.noindex/AddonPlatform.build/Debug/ProbeHost.build/CascadeAddonProbe.hmap (in target 'ProbeHost' from project 'AddonPlatform')
    cd /Users/c4v4h/Library/Developer/Xcode/DerivedData/CascadeAddonRecoveryProbe/probe-7na4sb1w/Sources
    write-file /Users/c4v4h/Library/Developer/Xcode/DerivedData/CascadeAddonRecoveryProbe/probe-7na4sb1w/Build/Build/Intermediates.noindex/AddonPlatform.build/Debug/ProbeHost.build/CascadeAddonProbe.hmap

WriteAuxiliaryFile /Users/c4v4h/Library/Developer/Xcode/DerivedData/CascadeAddonRecoveryProbe/probe-7na4sb1w/Build/Build/Intermediates.noindex/AddonPlatform.build/Debug/ProbeHost.build/CascadeAddonProbe.DependencyStaticMetadataFileList (in target 'ProbeHost' from project 'AddonPlatform')
    cd /Users/c4v4h/Library/Developer/Xcode/DerivedData/CascadeAddonRecoveryProbe/probe-7na4sb1w/Sources
    write-file /Users/c4v4h/Library/Developer/Xcode/DerivedData/CascadeAddonRecoveryProbe/probe-7na4sb1w/Build/Build/Intermediates.noindex/AddonPlatform.build/Debug/ProbeHost.build/CascadeAddonProbe.DependencyStaticMetadataFileList

WriteAuxiliaryFile /Users/c4v4h/Library/Developer/Xcode/DerivedData/CascadeAddonRecoveryProbe/probe-7na4sb1w/Build/Build/Intermediates.noindex/AddonPlatform.build/Debug/ProbeHost.build/CascadeAddonProbe.DependencyMetadataFileList (in target 'ProbeHost' from project 'AddonPlatform')
    cd /Users/c4v4h/Library/Developer/Xcode/DerivedData/CascadeAddonRecoveryProbe/probe-7na4sb1w/Sources
    write-file /Users/c4v4h/Library/Developer/Xcode/DerivedData/CascadeAddonRecoveryProbe/probe-7na4sb1w/Build/Build/Intermediates.noindex/AddonPlatform.build/Debug/ProbeHost.build/CascadeAddonProbe.DependencyMetadataFileList

WriteAuxiliaryFile /Users/c4v4h/Library/Developer/Xcode/DerivedData/CascadeAddonRecoveryProbe/probe-7na4sb1w/Build/Build/Intermediates.noindex/AddonPlatform.build/Debug/ProbeHost.build/CascadeAddonProbe-project-headers.hmap (in target 'ProbeHost' from project 'AddonPlatform')
    cd /Users/c4v4h/Library/Developer/Xcode/DerivedData/CascadeAddonRecoveryProbe/probe-7na4sb1w/Sources
    write-file /Users/c4v4h/Library/Developer/Xcode/DerivedData/CascadeAddonRecoveryProbe/probe-7na4sb1w/Build/Build/Intermediates.noindex/AddonPlatform.build/Debug/ProbeHost.build/CascadeAddonProbe-project-headers.hmap

WriteAuxiliaryFile /Users/c4v4h/Library/Developer/Xcode/DerivedData/CascadeAddonRecoveryProbe/probe-7na4sb1w/Build/Build/Intermediates.noindex/AddonPlatform.build/Debug/ProbeHost.build/CascadeAddonProbe-own-target-headers.hmap (in target 'ProbeHost' from project 'AddonPlatform')
    cd /Users/c4v4h/Library/Developer/Xcode/DerivedData/CascadeAddonRecoveryProbe/probe-7na4sb1w/Sources
    write-file /Users/c4v4h/Library/Developer/Xcode/DerivedData/CascadeAddonRecoveryProbe/probe-7na4sb1w/Build/Build/Intermediates.noindex/AddonPlatform.build/Debug/ProbeHost.build/CascadeAddonProbe-own-target-headers.hmap

WriteAuxiliaryFile /Users/c4v4h/Library/Developer/Xcode/DerivedData/CascadeAddonRecoveryProbe/probe-7na4sb1w/Build/Build/Intermediates.noindex/AddonPlatform.build/Debug/ProbeHost.build/CascadeAddonProbe-generated-files.hmap (in target 'ProbeHost' from project 'AddonPlatform')
    cd /Users/c4v4h/Library/Developer/Xcode/DerivedData/CascadeAddonRecoveryProbe/probe-7na4sb1w/Sources
    write-file /Users/c4v4h/Library/Developer/Xcode/DerivedData/CascadeAddonRecoveryProbe/probe-7na4sb1w/Build/Build/Intermediates.noindex/AddonPlatform.build/Debug/ProbeHost.build/CascadeAddonProbe-generated-files.hmap

WriteAuxiliaryFile /Users/c4v4h/Library/Developer/Xcode/DerivedData/CascadeAddonRecoveryProbe/probe-7na4sb1w/Build/Build/Intermediates.noindex/AddonPlatform.build/Debug/ProbeHost.build/CascadeAddonProbe-all-target-headers.hmap (in target 'ProbeHost' from project 'AddonPlatform')
    cd /Users/c4v4h/Library/Developer/Xcode/DerivedData/CascadeAddonRecoveryProbe/probe-7na4sb1w/Sources
    write-file /Users/c4v4h/Library/Developer/Xcode/DerivedData/CascadeAddonRecoveryProbe/probe-7na4sb1w/Build/Build/Intermediates.noindex/AddonPlatform.build/Debug/ProbeHost.build/CascadeAddonProbe-all-target-headers.hmap

WriteAuxiliaryFile /Users/c4v4h/Library/Developer/Xcode/DerivedData/CascadeAddonRecoveryProbe/probe-7na4sb1w/Build/Build/Intermediates.noindex/AddonPlatform.build/Debug/ProbeHost.build/CascadeAddonProbe-all-non-framework-target-headers.hmap (in target 'ProbeHost' from project 'AddonPlatform')
    cd /Users/c4v4h/Library/Developer/Xcode/DerivedData/CascadeAddonRecoveryProbe/probe-7na4sb1w/Sources
    write-file /Users/c4v4h/Library/Developer/Xcode/DerivedData/CascadeAddonRecoveryProbe/probe-7na4sb1w/Build/Build/Intermediates.noindex/AddonPlatform.build/Debug/ProbeHost.build/CascadeAddonProbe-all-non-framework-target-headers.hmap

WriteAuxiliaryFile /Users/c4v4h/Library/Developer/Xcode/DerivedData/CascadeAddonRecoveryProbe/probe-7na4sb1w/Build/Build/Intermediates.noindex/AddonPlatform.build/Debug/ProbeContainer.build/Objects-normal/x86_64/ProbeContainer_const_extract_protocols.json (in target 'ProbeContainer' from project 'AddonPlatform')
    cd /Users/c4v4h/Library/Developer/Xcode/DerivedData/CascadeAddonRecoveryProbe/probe-7na4sb1w/Sources
    write-file /Users/c4v4h/Library/Developer/Xcode/DerivedData/CascadeAddonRecoveryProbe/probe-7na4sb1w/Build/Build/Intermediates.noindex/AddonPlatform.build/Debug/ProbeContainer.build/Objects-normal/x86_64/ProbeContainer_const_extract_protocols.json

WriteAuxiliaryFile /Users/c4v4h/Library/Developer/Xcode/DerivedData/CascadeAddonRecoveryProbe/probe-7na4sb1w/Build/Build/Intermediates.noindex/AddonPlatform.build/Debug/ProbeContainer.build/Objects-normal/x86_64/ProbeContainer-OutputFileMap.json (in target 'ProbeContainer' from project 'AddonPlatform')
    cd /Users/c4v4h/Library/Developer/Xcode/DerivedData/CascadeAddonRecoveryProbe/probe-7na4sb1w/Sources
    write-file /Users/c4v4h/Library/Developer/Xcode/DerivedData/CascadeAddonRecoveryProbe/probe-7na4sb1w/Build/Build/Intermediates.noindex/AddonPlatform.build/Debug/ProbeContainer.build/Objects-normal/x86_64/ProbeContainer-OutputFileMap.json

WriteAuxiliaryFile /Users/c4v4h/Library/Developer/Xcode/DerivedData/CascadeAddonRecoveryProbe/probe-7na4sb1w/Build/Build/Intermediates.noindex/AddonPlatform.build/Debug/ProbeContainer.build/Objects-normal/x86_64/CascadeAddonProbeContainer.SwiftFileList (in target 'ProbeContainer' from project 'AddonPlatform')
    cd /Users/c4v4h/Library/Developer/Xcode/DerivedData/CascadeAddonRecoveryProbe/probe-7na4sb1w/Sources
    write-file /Users/c4v4h/Library/Developer/Xcode/DerivedData/CascadeAddonRecoveryProbe/probe-7na4sb1w/Build/Build/Intermediates.noindex/AddonPlatform.build/Debug/ProbeContainer.build/Objects-normal/x86_64/CascadeAddonProbeContainer.SwiftFileList

WriteAuxiliaryFile /Users/c4v4h/Library/Developer/Xcode/DerivedData/CascadeAddonRecoveryProbe/probe-7na4sb1w/Build/Build/Intermediates.noindex/AddonPlatform.build/Debug/ProbeContainer.build/Objects-normal/x86_64/CascadeAddonProbeContainer.SwiftConstValuesFileList (in target 'ProbeContainer' from project 'AddonPlatform')
    cd /Users/c4v4h/Library/Developer/Xcode/DerivedData/CascadeAddonRecoveryProbe/probe-7na4sb1w/Sources
    write-file /Users/c4v4h/Library/Developer/Xcode/DerivedData/CascadeAddonRecoveryProbe/probe-7na4sb1w/Build/Build/Intermediates.noindex/AddonPlatform.build/Debug/ProbeContainer.build/Objects-normal/x86_64/CascadeAddonProbeContainer.SwiftConstValuesFileList

WriteAuxiliaryFile /Users/c4v4h/Library/Developer/Xcode/DerivedData/CascadeAddonRecoveryProbe/probe-7na4sb1w/Build/Build/Intermediates.noindex/AddonPlatform.build/Debug/ProbeContainer.build/Objects-normal/x86_64/CascadeAddonProbeContainer.LinkFileList (in target 'ProbeContainer' from project 'AddonPlatform')
    cd /Users/c4v4h/Library/Developer/Xcode/DerivedData/CascadeAddonRecoveryProbe/probe-7na4sb1w/Sources
    write-file /Users/c4v4h/Library/Developer/Xcode/DerivedData/CascadeAddonRecoveryProbe/probe-7na4sb1w/Build/Build/Intermediates.noindex/AddonPlatform.build/Debug/ProbeContainer.build/Objects-normal/x86_64/CascadeAddonProbeContainer.LinkFileList

WriteAuxiliaryFile /Users/c4v4h/Library/Developer/Xcode/DerivedData/CascadeAddonRecoveryProbe/probe-7na4sb1w/Build/Build/Intermediates.noindex/AddonPlatform.build/Debug/ProbeContainer.build/Objects-normal/arm64/ProbeContainer-OutputFileMap.json (in target 'ProbeContainer' from project 'AddonPlatform')
    cd /Users/c4v4h/Library/Developer/Xcode/DerivedData/CascadeAddonRecoveryProbe/probe-7na4sb1w/Sources
    write-file /Users/c4v4h/Library/Developer/Xcode/DerivedData/CascadeAddonRecoveryProbe/probe-7na4sb1w/Build/Build/Intermediates.noindex/AddonPlatform.build/Debug/ProbeContainer.build/Objects-normal/arm64/ProbeContainer-OutputFileMap.json

WriteAuxiliaryFile /Users/c4v4h/Library/Developer/Xcode/DerivedData/CascadeAddonRecoveryProbe/probe-7na4sb1w/Build/Build/Intermediates.noindex/AddonPlatform.build/Debug/ProbeContainer.build/Objects-normal/arm64/ProbeContainer_const_extract_protocols.json (in target 'ProbeContainer' from project 'AddonPlatform')
    cd /Users/c4v4h/Library/Developer/Xcode/DerivedData/CascadeAddonRecoveryProbe/probe-7na4sb1w/Sources
    write-file /Users/c4v4h/Library/Developer/Xcode/DerivedData/CascadeAddonRecoveryProbe/probe-7na4sb1w/Build/Build/Intermediates.noindex/AddonPlatform.build/Debug/ProbeContainer.build/Objects-normal/arm64/ProbeContainer_const_extract_protocols.json

WriteAuxiliaryFile /Users/c4v4h/Library/Developer/Xcode/DerivedData/CascadeAddonRecoveryProbe/probe-7na4sb1w/Build/Build/Intermediates.noindex/AddonPlatform.build/Debug/ProbeContainer.build/Objects-normal/arm64/CascadeAddonProbeContainer.SwiftFileList (in target 'ProbeContainer' from project 'AddonPlatform')
    cd /Users/c4v4h/Library/Developer/Xcode/DerivedData/CascadeAddonRecoveryProbe/probe-7na4sb1w/Sources
    write-file /Users/c4v4h/Library/Developer/Xcode/DerivedData/CascadeAddonRecoveryProbe/probe-7na4sb1w/Build/Build/Intermediates.noindex/AddonPlatform.build/Debug/ProbeContainer.build/Objects-normal/arm64/CascadeAddonProbeContainer.SwiftFileList

WriteAuxiliaryFile /Users/c4v4h/Library/Developer/Xcode/DerivedData/CascadeAddonRecoveryProbe/probe-7na4sb1w/Build/Build/Intermediates.noindex/AddonPlatform.build/Debug/ProbeContainer.build/Objects-normal/arm64/CascadeAddonProbeContainer.SwiftConstValuesFileList (in target 'ProbeContainer' from project 'AddonPlatform')
    cd /Users/c4v4h/Library/Developer/Xcode/DerivedData/CascadeAddonRecoveryProbe/probe-7na4sb1w/Sources
    write-file /Users/c4v4h/Library/Developer/Xcode/DerivedData/CascadeAddonRecoveryProbe/probe-7na4sb1w/Build/Build/Intermediates.noindex/AddonPlatform.build/Debug/ProbeContainer.build/Objects-normal/arm64/CascadeAddonProbeContainer.SwiftConstValuesFileList

WriteAuxiliaryFile /Users/c4v4h/Library/Developer/Xcode/DerivedData/CascadeAddonRecoveryProbe/probe-7na4sb1w/Build/Build/Intermediates.noindex/AddonPlatform.build/Debug/ProbeContainer.build/Objects-normal/arm64/CascadeAddonProbeContainer.LinkFileList (in target 'ProbeContainer' from project 'AddonPlatform')
    cd /Users/c4v4h/Library/Developer/Xcode/DerivedData/CascadeAddonRecoveryProbe/probe-7na4sb1w/Sources
    write-file /Users/c4v4h/Library/Developer/Xcode/DerivedData/CascadeAddonRecoveryProbe/probe-7na4sb1w/Build/Build/Intermediates.noindex/AddonPlatform.build/Debug/ProbeContainer.build/Objects-normal/arm64/CascadeAddonProbeContainer.LinkFileList

WriteAuxiliaryFile /Users/c4v4h/Library/Developer/Xcode/DerivedData/CascadeAddonRecoveryProbe/probe-7na4sb1w/Build/Build/Intermediates.noindex/AddonPlatform.build/Debug/ProbeContainer.build/CascadeAddonProbeContainer.hmap (in target 'ProbeContainer' from project 'AddonPlatform')
    cd /Users/c4v4h/Library/Developer/Xcode/DerivedData/CascadeAddonRecoveryProbe/probe-7na4sb1w/Sources
    write-file /Users/c4v4h/Library/Developer/Xcode/DerivedData/CascadeAddonRecoveryProbe/probe-7na4sb1w/Build/Build/Intermediates.noindex/AddonPlatform.build/Debug/ProbeContainer.build/CascadeAddonProbeContainer.hmap

WriteAuxiliaryFile /Users/c4v4h/Library/Developer/Xcode/DerivedData/CascadeAddonRecoveryProbe/probe-7na4sb1w/Build/Build/Intermediates.noindex/AddonPlatform.build/Debug/ProbeContainer.build/CascadeAddonProbeContainer.DependencyStaticMetadataFileList (in target 'ProbeContainer' from project 'AddonPlatform')
    cd /Users/c4v4h/Library/Developer/Xcode/DerivedData/CascadeAddonRecoveryProbe/probe-7na4sb1w/Sources
    write-file /Users/c4v4h/Library/Developer/Xcode/DerivedData/CascadeAddonRecoveryProbe/probe-7na4sb1w/Build/Build/Intermediates.noindex/AddonPlatform.build/Debug/ProbeContainer.build/CascadeAddonProbeContainer.DependencyStaticMetadataFileList

WriteAuxiliaryFile /Users/c4v4h/Library/Developer/Xcode/DerivedData/CascadeAddonRecoveryProbe/probe-7na4sb1w/Build/Build/Intermediates.noindex/AddonPlatform.build/Debug/ProbeContainer.build/CascadeAddonProbeContainer.DependencyMetadataFileList (in target 'ProbeContainer' from project 'AddonPlatform')
    cd /Users/c4v4h/Library/Developer/Xcode/DerivedData/CascadeAddonRecoveryProbe/probe-7na4sb1w/Sources
    write-file /Users/c4v4h/Library/Developer/Xcode/DerivedData/CascadeAddonRecoveryProbe/probe-7na4sb1w/Build/Build/Intermediates.noindex/AddonPlatform.build/Debug/ProbeContainer.build/CascadeAddonProbeContainer.DependencyMetadataFileList

WriteAuxiliaryFile /Users/c4v4h/Library/Developer/Xcode/DerivedData/CascadeAddonRecoveryProbe/probe-7na4sb1w/Build/Build/Intermediates.noindex/AddonPlatform.build/Debug/ProbeContainer.build/CascadeAddonProbeContainer-project-headers.hmap (in target 'ProbeContainer' from project 'AddonPlatform')
    cd /Users/c4v4h/Library/Developer/Xcode/DerivedData/CascadeAddonRecoveryProbe/probe-7na4sb1w/Sources
    write-file /Users/c4v4h/Library/Developer/Xcode/DerivedData/CascadeAddonRecoveryProbe/probe-7na4sb1w/Build/Build/Intermediates.noindex/AddonPlatform.build/Debug/ProbeContainer.build/CascadeAddonProbeContainer-project-headers.hmap

WriteAuxiliaryFile /Users/c4v4h/Library/Developer/Xcode/DerivedData/CascadeAddonRecoveryProbe/probe-7na4sb1w/Build/Build/Intermediates.noindex/AddonPlatform.build/Debug/ProbeContainer.build/CascadeAddonProbeContainer-own-target-headers.hmap (in target 'ProbeContainer' from project 'AddonPlatform')
    cd /Users/c4v4h/Library/Developer/Xcode/DerivedData/CascadeAddonRecoveryProbe/probe-7na4sb1w/Sources
    write-file /Users/c4v4h/Library/Developer/Xcode/DerivedData/CascadeAddonRecoveryProbe/probe-7na4sb1w/Build/Build/Intermediates.noindex/AddonPlatform.build/Debug/ProbeContainer.build/CascadeAddonProbeContainer-own-target-headers.hmap

WriteAuxiliaryFile /Users/c4v4h/Library/Developer/Xcode/DerivedData/CascadeAddonRecoveryProbe/probe-7na4sb1w/Build/Build/Intermediates.noindex/AddonPlatform.build/Debug/ProbeContainer.build/CascadeAddonProbeContainer-generated-files.hmap (in target 'ProbeContainer' from project 'AddonPlatform')
    cd /Users/c4v4h/Library/Developer/Xcode/DerivedData/CascadeAddonRecoveryProbe/probe-7na4sb1w/Sources
    write-file /Users/c4v4h/Library/Developer/Xcode/DerivedData/CascadeAddonRecoveryProbe/probe-7na4sb1w/Build/Build/Intermediates.noindex/AddonPlatform.build/Debug/ProbeContainer.build/CascadeAddonProbeContainer-generated-files.hmap

WriteAuxiliaryFile /Users/c4v4h/Library/Developer/Xcode/DerivedData/CascadeAddonRecoveryProbe/probe-7na4sb1w/Build/Build/Intermediates.noindex/AddonPlatform.build/Debug/ProbeContainer.build/CascadeAddonProbeContainer-all-target-headers.hmap (in target 'ProbeContainer' from project 'AddonPlatform')
    cd /Users/c4v4h/Library/Developer/Xcode/DerivedData/CascadeAddonRecoveryProbe/probe-7na4sb1w/Sources
    write-file /Users/c4v4h/Library/Developer/Xcode/DerivedData/CascadeAddonRecoveryProbe/probe-7na4sb1w/Build/Build/Intermediates.noindex/AddonPlatform.build/Debug/ProbeContainer.build/CascadeAddonProbeContainer-all-target-headers.hmap

WriteAuxiliaryFile /Users/c4v4h/Library/Developer/Xcode/DerivedData/CascadeAddonRecoveryProbe/probe-7na4sb1w/Build/Build/Intermediates.noindex/AddonPlatform.build/Debug/ProbeContainer.build/CascadeAddonProbeContainer-all-non-framework-target-headers.hmap (in target 'ProbeContainer' from project 'AddonPlatform')
    cd /Users/c4v4h/Library/Developer/Xcode/DerivedData/CascadeAddonRecoveryProbe/probe-7na4sb1w/Sources
    write-file /Users/c4v4h/Library/Developer/Xcode/DerivedData/CascadeAddonRecoveryProbe/probe-7na4sb1w/Build/Build/Intermediates.noindex/AddonPlatform.build/Debug/ProbeContainer.build/CascadeAddonProbeContainer-all-non-framework-target-headers.hmap

MkDir /Users/c4v4h/Library/Developer/Xcode/DerivedData/CascadeAddonRecoveryProbe/probe-7na4sb1w/Build/Build/Products/Debug/CascadeProbeProvider.appex/Contents/MacOS (in target 'ProbeProvider' from project 'AddonPlatform')
    cd /Users/c4v4h/Library/Developer/Xcode/DerivedData/CascadeAddonRecoveryProbe/probe-7na4sb1w/Sources
    /bin/mkdir -p /Users/c4v4h/Library/Developer/Xcode/DerivedData/CascadeAddonRecoveryProbe/probe-7na4sb1w/Build/Build/Products/Debug/CascadeProbeProvider.appex/Contents/MacOS

MkDir /Users/c4v4h/Library/Developer/Xcode/DerivedData/CascadeAddonRecoveryProbe/probe-7na4sb1w/Build/Build/Products/Debug/CascadeProbeProvider.appex/Contents (in target 'ProbeProvider' from project 'AddonPlatform')
    cd /Users/c4v4h/Library/Developer/Xcode/DerivedData/CascadeAddonRecoveryProbe/probe-7na4sb1w/Sources
    /bin/mkdir -p /Users/c4v4h/Library/Developer/Xcode/DerivedData/CascadeAddonRecoveryProbe/probe-7na4sb1w/Build/Build/Products/Debug/CascadeProbeProvider.appex/Contents

MkDir /Users/c4v4h/Library/Developer/Xcode/DerivedData/CascadeAddonRecoveryProbe/probe-7na4sb1w/Build/Build/Products/Debug/CascadeProbeProvider.appex (in target 'ProbeProvider' from project 'AddonPlatform')
    cd /Users/c4v4h/Library/Developer/Xcode/DerivedData/CascadeAddonRecoveryProbe/probe-7na4sb1w/Sources
    /bin/mkdir -p /Users/c4v4h/Library/Developer/Xcode/DerivedData/CascadeAddonRecoveryProbe/probe-7na4sb1w/Build/Build/Products/Debug/CascadeProbeProvider.appex

MkDir /Users/c4v4h/Library/Developer/Xcode/DerivedData/CascadeAddonRecoveryProbe/probe-7na4sb1w/Build/Build/Products/Debug/CascadeAddonProbe.app/Contents (in target 'ProbeHost' from project 'AddonPlatform')
    cd /Users/c4v4h/Library/Developer/Xcode/DerivedData/CascadeAddonRecoveryProbe/probe-7na4sb1w/Sources
    /bin/mkdir -p /Users/c4v4h/Library/Developer/Xcode/DerivedData/CascadeAddonRecoveryProbe/probe-7na4sb1w/Build/Build/Products/Debug/CascadeAddonProbe.app/Contents

MkDir /Users/c4v4h/Library/Developer/Xcode/DerivedData/CascadeAddonRecoveryProbe/probe-7na4sb1w/Build/Build/Products/Debug/CascadeAddonProbe.app/Contents/MacOS (in target 'ProbeHost' from project 'AddonPlatform')
    cd /Users/c4v4h/Library/Developer/Xcode/DerivedData/CascadeAddonRecoveryProbe/probe-7na4sb1w/Sources
    /bin/mkdir -p /Users/c4v4h/Library/Developer/Xcode/DerivedData/CascadeAddonRecoveryProbe/probe-7na4sb1w/Build/Build/Products/Debug/CascadeAddonProbe.app/Contents/MacOS

MkDir /Users/c4v4h/Library/Developer/Xcode/DerivedData/CascadeAddonRecoveryProbe/probe-7na4sb1w/Build/Build/Products/Debug/CascadeAddonProbe.app/Contents/Extensions (in target 'ProbeHost' from project 'AddonPlatform')
    cd /Users/c4v4h/Library/Developer/Xcode/DerivedData/CascadeAddonRecoveryProbe/probe-7na4sb1w/Sources
    /bin/mkdir -p /Users/c4v4h/Library/Developer/Xcode/DerivedData/CascadeAddonRecoveryProbe/probe-7na4sb1w/Build/Build/Products/Debug/CascadeAddonProbe.app/Contents/Extensions

MkDir /Users/c4v4h/Library/Developer/Xcode/DerivedData/CascadeAddonRecoveryProbe/probe-7na4sb1w/Build/Build/Products/Debug/CascadeAddonProbe.app (in target 'ProbeHost' from project 'AddonPlatform')
    cd /Users/c4v4h/Library/Developer/Xcode/DerivedData/CascadeAddonRecoveryProbe/probe-7na4sb1w/Sources
    /bin/mkdir -p /Users/c4v4h/Library/Developer/Xcode/DerivedData/CascadeAddonRecoveryProbe/probe-7na4sb1w/Build/Build/Products/Debug/CascadeAddonProbe.app

MkDir /Users/c4v4h/Library/Developer/Xcode/DerivedData/CascadeAddonRecoveryProbe/probe-7na4sb1w/Build/Build/Products/Debug/CascadeAddonProbeContainer.app/Contents/Extensions (in target 'ProbeContainer' from project 'AddonPlatform')
    cd /Users/c4v4h/Library/Developer/Xcode/DerivedData/CascadeAddonRecoveryProbe/probe-7na4sb1w/Sources
    /bin/mkdir -p /Users/c4v4h/Library/Developer/Xcode/DerivedData/CascadeAddonRecoveryProbe/probe-7na4sb1w/Build/Build/Products/Debug/CascadeAddonProbeContainer.app/Contents/Extensions

MkDir /Users/c4v4h/Library/Developer/Xcode/DerivedData/CascadeAddonRecoveryProbe/probe-7na4sb1w/Build/Build/Products/Debug/CascadeAddonProbeContainer.app/Contents/MacOS (in target 'ProbeContainer' from project 'AddonPlatform')
    cd /Users/c4v4h/Library/Developer/Xcode/DerivedData/CascadeAddonRecoveryProbe/probe-7na4sb1w/Sources
    /bin/mkdir -p /Users/c4v4h/Library/Developer/Xcode/DerivedData/CascadeAddonRecoveryProbe/probe-7na4sb1w/Build/Build/Products/Debug/CascadeAddonProbeContainer.app/Contents/MacOS

MkDir /Users/c4v4h/Library/Developer/Xcode/DerivedData/CascadeAddonRecoveryProbe/probe-7na4sb1w/Build/Build/Products/Debug/CascadeAddonProbeContainer.app/Contents (in target 'ProbeContainer' from project 'AddonPlatform')
    cd /Users/c4v4h/Library/Developer/Xcode/DerivedData/CascadeAddonRecoveryProbe/probe-7na4sb1w/Sources
    /bin/mkdir -p /Users/c4v4h/Library/Developer/Xcode/DerivedData/CascadeAddonRecoveryProbe/probe-7na4sb1w/Build/Build/Products/Debug/CascadeAddonProbeContainer.app/Contents

MkDir /Users/c4v4h/Library/Developer/Xcode/DerivedData/CascadeAddonRecoveryProbe/probe-7na4sb1w/Build/Build/Products/Debug/CascadeAddonProbeContainer.app (in target 'ProbeContainer' from project 'AddonPlatform')
    cd /Users/c4v4h/Library/Developer/Xcode/DerivedData/CascadeAddonRecoveryProbe/probe-7na4sb1w/Sources
    /bin/mkdir -p /Users/c4v4h/Library/Developer/Xcode/DerivedData/CascadeAddonRecoveryProbe/probe-7na4sb1w/Build/Build/Products/Debug/CascadeAddonProbeContainer.app

ProcessProductPackaging /Users/c4v4h/Library/Developer/Xcode/DerivedData/CascadeAddonRecoveryProbe/probe-7na4sb1w/Sources/Provider/Provider.entitlements /Users/c4v4h/Library/Developer/Xcode/DerivedData/CascadeAddonRecoveryProbe/probe-7na4sb1w/Build/Build/Intermediates.noindex/AddonPlatform.build/Debug/ProbeProvider.build/CascadeProbeProvider.appex.xcent (in target 'ProbeProvider' from project 'AddonPlatform')
    cd /Users/c4v4h/Library/Developer/Xcode/DerivedData/CascadeAddonRecoveryProbe/probe-7na4sb1w/Sources
    
    Entitlements:
    
    {
    "com.apple.security.app-sandbox" = 1;
}
    
    builtin-productPackagingUtility /Users/c4v4h/Library/Developer/Xcode/DerivedData/CascadeAddonRecoveryProbe/probe-7na4sb1w/Sources/Provider/Provider.entitlements -entitlements -format xml -o /Users/c4v4h/Library/Developer/Xcode/DerivedData/CascadeAddonRecoveryProbe/probe-7na4sb1w/Build/Build/Intermediates.noindex/AddonPlatform.build/Debug/ProbeProvider.build/CascadeProbeProvider.appex.xcent

ProcessProductPackagingDER /Users/c4v4h/Library/Developer/Xcode/DerivedData/CascadeAddonRecoveryProbe/probe-7na4sb1w/Build/Build/Intermediates.noindex/AddonPlatform.build/Debug/ProbeProvider.build/CascadeProbeProvider.appex.xcent /Users/c4v4h/Library/Developer/Xcode/DerivedData/CascadeAddonRecoveryProbe/probe-7na4sb1w/Build/Build/Intermediates.noindex/AddonPlatform.build/Debug/ProbeProvider.build/CascadeProbeProvider.appex.xcent.der (in target 'ProbeProvider' from project 'AddonPlatform')
    cd /Users/c4v4h/Library/Developer/Xcode/DerivedData/CascadeAddonRecoveryProbe/probe-7na4sb1w/Sources
    /usr/bin/derq query -f xml -i /Users/c4v4h/Library/Developer/Xcode/DerivedData/CascadeAddonRecoveryProbe/probe-7na4sb1w/Build/Build/Intermediates.noindex/AddonPlatform.build/Debug/ProbeProvider.build/CascadeProbeProvider.appex.xcent -o /Users/c4v4h/Library/Developer/Xcode/DerivedData/CascadeAddonRecoveryProbe/probe-7na4sb1w/Build/Build/Intermediates.noindex/AddonPlatform.build/Debug/ProbeProvider.build/CascadeProbeProvider.appex.xcent.der --raw

ProcessInfoPlistFile /Users/c4v4h/Library/Developer/Xcode/DerivedData/CascadeAddonRecoveryProbe/probe-7na4sb1w/Build/Build/Products/Debug/CascadeAddonProbe.app/Contents/Info.plist /Users/c4v4h/Library/Developer/Xcode/DerivedData/CascadeAddonRecoveryProbe/probe-7na4sb1w/Sources/Host/Info.plist (in target 'ProbeHost' from project 'AddonPlatform')
    cd /Users/c4v4h/Library/Developer/Xcode/DerivedData/CascadeAddonRecoveryProbe/probe-7na4sb1w/Sources
    builtin-infoPlistUtility /Users/c4v4h/Library/Developer/Xcode/DerivedData/CascadeAddonRecoveryProbe/probe-7na4sb1w/Sources/Host/Info.plist -producttype com.apple.product-type.application -genpkginfo /Users/c4v4h/Library/Developer/Xcode/DerivedData/CascadeAddonRecoveryProbe/probe-7na4sb1w/Build/Build/Products/Debug/CascadeAddonProbe.app/Contents/PkgInfo -expandbuildsettings -platform macosx -o /Users/c4v4h/Library/Developer/Xcode/DerivedData/CascadeAddonRecoveryProbe/probe-7na4sb1w/Build/Build/Products/Debug/CascadeAddonProbe.app/Contents/Info.plist

SwiftDriver ProbeProvider normal x86_64 com.apple.xcode.tools.swift.compiler (in target 'ProbeProvider' from project 'AddonPlatform')
    cd /Users/c4v4h/Library/Developer/Xcode/DerivedData/CascadeAddonRecoveryProbe/probe-7na4sb1w/Sources
    builtin-SwiftDriver -- /Applications/Xcode-beta.app/Contents/Developer/Toolchains/XcodeDefault.xctoolchain/usr/bin/swiftc -module-name CascadeProbeProvider -Onone @/Users/c4v4h/Library/Developer/Xcode/DerivedData/CascadeAddonRecoveryProbe/probe-7na4sb1w/Build/Build/Intermediates.noindex/AddonPlatform.build/Debug/ProbeProvider.build/Objects-normal/x86_64/CascadeProbeProvider.SwiftFileList -DDEBUG -DRECOVERY_PROBE -DBROKER_PROVIDER -enable-bare-slash-regex -enable-experimental-feature DebugDescriptionMacro -sdk /Applications/Xcode-beta.app/Contents/Developer/Platforms/MacOSX.platform/Developer/SDKs/MacOSX27.0.sdk -target x86_64-apple-macos14.0 -g -module-cache-path /Users/c4v4h/Library/Developer/Xcode/DerivedData/CascadeAddonRecoveryProbe/probe-7na4sb1w/Build/ModuleCache.noindex -Xfrontend -serialize-debugging-options -application-extension -index-store-path /Users/c4v4h/Library/Developer/Xcode/DerivedData/CascadeAddonRecoveryProbe/probe-7na4sb1w/Build/Index.noindex/DataStore -swift-version 5 -I /Users/c4v4h/Library/Developer/Xcode/DerivedData/CascadeAddonRecoveryProbe/probe-7na4sb1w/Build/Build/Products/Debug -F /Users/c4v4h/Library/Developer/Xcode/DerivedData/CascadeAddonRecoveryProbe/probe-7na4sb1w/Build/Build/Products/Debug -c -j8 -enable-batch-mode -incremental -Xcc -ivfsstatcache -Xcc /Users/c4v4h/Library/Developer/Xcode/DerivedData/CascadeAddonRecoveryProbe/probe-7na4sb1w/Build/SDKStatCaches.noindex/macosx27.0-26A5419a-e829b21a6f8c9b70876ba0858053c04445874285e5972fffeae925c4ab065928.sdkstatcache -output-file-map /Users/c4v4h/Library/Developer/Xcode/DerivedData/CascadeAddonRecoveryProbe/probe-7na4sb1w/Build/Build/Intermediates.noindex/AddonPlatform.build/Debug/ProbeProvider.build/Objects-normal/x86_64/ProbeProvider-OutputFileMap.json -save-temps -no-color-diagnostics -explicit-module-build -module-cache-path /Users/c4v4h/Library/Developer/Xcode/DerivedData/CascadeAddonRecoveryProbe/probe-7na4sb1w/Build/Build/Intermediates.noindex/SwiftExplicitPrecompiledModules -clang-scanner-module-cache-path /Users/c4v4h/Library/Developer/Xcode/DerivedData/CascadeAddonRecoveryProbe/probe-7na4sb1w/Build/ModuleCache.noindex -sdk-module-cache-path /Users/c4v4h/Library/Developer/Xcode/DerivedData/CascadeAddonRecoveryProbe/probe-7na4sb1w/Build/SDKExplicitPrecompiledModules -emit-dependencies -emit-module -emit-module-path /Users/c4v4h/Library/Developer/Xcode/DerivedData/CascadeAddonRecoveryProbe/probe-7na4sb1w/Build/Build/Intermediates.noindex/AddonPlatform.build/Debug/ProbeProvider.build/Objects-normal/x86_64/CascadeProbeProvider.swiftmodule -serialize-diagnostics -dependency-scan-serialize-diagnostics-path /Users/c4v4h/Library/Developer/Xcode/DerivedData/CascadeAddonRecoveryProbe/probe-7na4sb1w/Build/Build/Intermediates.noindex/AddonPlatform.build/Debug/ProbeProvider.build/Objects-normal/x86_64/CascadeProbeProvider-dependency-scan.dia -validate-clang-modules-once -clang-build-session-file /Users/c4v4h/Library/Developer/Xcode/DerivedData/CascadeAddonRecoveryProbe/probe-7na4sb1w/Build/ModuleCache.noindex/Session.modulevalidation -Xcc -fmodules-prune-interval\=86400 -Xcc -fmodules-prune-after\=345600 -emit-const-values -const-gather-protocols-list /Users/c4v4h/Library/Developer/Xcode/DerivedData/CascadeAddonRecoveryProbe/probe-7na4sb1w/Build/Build/Intermediates.noindex/AddonPlatform.build/Debug/ProbeProvider.build/Objects-normal/x86_64/ProbeProvider_const_extract_protocols.json -Xcc -iquote -Xcc /Users/c4v4h/Library/Developer/Xcode/DerivedData/CascadeAddonRecoveryProbe/probe-7na4sb1w/Build/Build/Intermediates.noindex/AddonPlatform.build/Debug/ProbeProvider.build/CascadeProbeProvider-generated-files.hmap -Xcc -I/Users/c4v4h/Library/Developer/Xcode/DerivedData/CascadeAddonRecoveryProbe/probe-7na4sb1w/Build/Build/Intermediates.noindex/AddonPlatform.build/Debug/ProbeProvider.build/CascadeProbeProvider-own-target-headers.hmap -Xcc -I/Users/c4v4h/Library/Developer/Xcode/DerivedData/CascadeAddonRecoveryProbe/probe-7na4sb1w/Build/Build/Intermediates.noindex/AddonPlatform.build/Debug/ProbeProvider.build/CascadeProbeProvider-all-target-headers.hmap -Xcc -iquote -Xcc /Users/c4v4h/Library/Developer/Xcode/DerivedData/CascadeAddonRecoveryProbe/probe-7na4sb1w/Build/Build/Intermediates.noindex/AddonPlatform.build/Debug/ProbeProvider.build/CascadeProbeProvider-project-headers.hmap -Xcc -I/Users/c4v4h/Library/Developer/Xcode/DerivedData/CascadeAddonRecoveryProbe/probe-7na4sb1w/Build/Build/Products/Debug/include -Xcc -I/Users/c4v4h/Library/Developer/Xcode/DerivedData/CascadeAddonRecoveryProbe/probe-7na4sb1w/Build/Build/Intermediates.noindex/AddonPlatform.build/Debug/ProbeProvider.build/DerivedSources-normal/x86_64 -Xcc -I/Users/c4v4h/Library/Developer/Xcode/DerivedData/CascadeAddonRecoveryProbe/probe-7na4sb1w/Build/Build/Intermediates.noindex/AddonPlatform.build/Debug/ProbeProvider.build/DerivedSources/x86_64 -Xcc -I/Users/c4v4h/Library/Developer/Xcode/DerivedData/CascadeAddonRecoveryProbe/probe-7na4sb1w/Build/Build/Intermediates.noindex/AddonPlatform.build/Debug/ProbeProvider.build/DerivedSources -emit-objc-header -emit-objc-header-path /Users/c4v4h/Library/Developer/Xcode/DerivedData/CascadeAddonRecoveryProbe/probe-7na4sb1w/Build/Build/Intermediates.noindex/AddonPlatform.build/Debug/ProbeProvider.build/Objects-normal/x86_64/CascadeProbeProvider-Swift.h -working-directory /Users/c4v4h/Library/Developer/Xcode/DerivedData/CascadeAddonRecoveryProbe/probe-7na4sb1w/Sources -experimental-emit-module-separately -disable-cmo

SwiftDriver ProbeHost normal x86_64 com.apple.xcode.tools.swift.compiler (in target 'ProbeHost' from project 'AddonPlatform')
    cd /Users/c4v4h/Library/Developer/Xcode/DerivedData/CascadeAddonRecoveryProbe/probe-7na4sb1w/Sources
    builtin-SwiftDriver -- /Applications/Xcode-beta.app/Contents/Developer/Toolchains/XcodeDefault.xctoolchain/usr/bin/swiftc -module-name CascadeAddonProbe -Onone @/Users/c4v4h/Library/Developer/Xcode/DerivedData/CascadeAddonRecoveryProbe/probe-7na4sb1w/Build/Build/Intermediates.noindex/AddonPlatform.build/Debug/ProbeHost.build/Objects-normal/x86_64/CascadeAddonProbe.SwiftFileList -DDEBUG -DRECOVERY_PROBE -DBROKER_PROVIDER -enable-bare-slash-regex -enable-experimental-feature DebugDescriptionMacro -sdk /Applications/Xcode-beta.app/Contents/Developer/Platforms/MacOSX.platform/Developer/SDKs/MacOSX27.0.sdk -target x86_64-apple-macos14.0 -g -module-cache-path /Users/c4v4h/Library/Developer/Xcode/DerivedData/CascadeAddonRecoveryProbe/probe-7na4sb1w/Build/ModuleCache.noindex -Xfrontend -serialize-debugging-options -index-store-path /Users/c4v4h/Library/Developer/Xcode/DerivedData/CascadeAddonRecoveryProbe/probe-7na4sb1w/Build/Index.noindex/DataStore -swift-version 5 -I /Users/c4v4h/Library/Developer/Xcode/DerivedData/CascadeAddonRecoveryProbe/probe-7na4sb1w/Build/Build/Products/Debug -F /Users/c4v4h/Library/Developer/Xcode/DerivedData/CascadeAddonRecoveryProbe/probe-7na4sb1w/Build/Build/Products/Debug -c -j8 -enable-batch-mode -incremental -Xcc -ivfsstatcache -Xcc /Users/c4v4h/Library/Developer/Xcode/DerivedData/CascadeAddonRecoveryProbe/probe-7na4sb1w/Build/SDKStatCaches.noindex/macosx27.0-26A5419a-e829b21a6f8c9b70876ba0858053c04445874285e5972fffeae925c4ab065928.sdkstatcache -output-file-map /Users/c4v4h/Library/Developer/Xcode/DerivedData/CascadeAddonRecoveryProbe/probe-7na4sb1w/Build/Build/Intermediates.noindex/AddonPlatform.build/Debug/ProbeHost.build/Objects-normal/x86_64/ProbeHost-OutputFileMap.json -save-temps -no-color-diagnostics -explicit-module-build -module-cache-path /Users/c4v4h/Library/Developer/Xcode/DerivedData/CascadeAddonRecoveryProbe/probe-7na4sb1w/Build/Build/Intermediates.noindex/SwiftExplicitPrecompiledModules -clang-scanner-module-cache-path /Users/c4v4h/Library/Developer/Xcode/DerivedData/CascadeAddonRecoveryProbe/probe-7na4sb1w/Build/ModuleCache.noindex -sdk-module-cache-path /Users/c4v4h/Library/Developer/Xcode/DerivedData/CascadeAddonRecoveryProbe/probe-7na4sb1w/Build/SDKExplicitPrecompiledModules -emit-dependencies -emit-module -emit-module-path /Users/c4v4h/Library/Developer/Xcode/DerivedData/CascadeAddonRecoveryProbe/probe-7na4sb1w/Build/Build/Intermediates.noindex/AddonPlatform.build/Debug/ProbeHost.build/Objects-normal/x86_64/CascadeAddonProbe.swiftmodule -serialize-diagnostics -dependency-scan-serialize-diagnostics-path /Users/c4v4h/Library/Developer/Xcode/DerivedData/CascadeAddonRecoveryProbe/probe-7na4sb1w/Build/Build/Intermediates.noindex/AddonPlatform.build/Debug/ProbeHost.build/Objects-normal/x86_64/CascadeAddonProbe-dependency-scan.dia -validate-clang-modules-once -clang-build-session-file /Users/c4v4h/Library/Developer/Xcode/DerivedData/CascadeAddonRecoveryProbe/probe-7na4sb1w/Build/ModuleCache.noindex/Session.modulevalidation -Xcc -fmodules-prune-interval\=86400 -Xcc -fmodules-prune-after\=345600 -emit-const-values -const-gather-protocols-list /Users/c4v4h/Library/Developer/Xcode/DerivedData/CascadeAddonRecoveryProbe/probe-7na4sb1w/Build/Build/Intermediates.noindex/AddonPlatform.build/Debug/ProbeHost.build/Objects-normal/x86_64/ProbeHost_const_extract_protocols.json -Xcc -iquote -Xcc /Users/c4v4h/Library/Developer/Xcode/DerivedData/CascadeAddonRecoveryProbe/probe-7na4sb1w/Build/Build/Intermediates.noindex/AddonPlatform.build/Debug/ProbeHost.build/CascadeAddonProbe-generated-files.hmap -Xcc -I/Users/c4v4h/Library/Developer/Xcode/DerivedData/CascadeAddonRecoveryProbe/probe-7na4sb1w/Build/Build/Intermediates.noindex/AddonPlatform.build/Debug/ProbeHost.build/CascadeAddonProbe-own-target-headers.hmap -Xcc -I/Users/c4v4h/Library/Developer/Xcode/DerivedData/CascadeAddonRecoveryProbe/probe-7na4sb1w/Build/Build/Intermediates.noindex/AddonPlatform.build/Debug/ProbeHost.build/CascadeAddonProbe-all-target-headers.hmap -Xcc -iquote -Xcc /Users/c4v4h/Library/Developer/Xcode/DerivedData/CascadeAddonRecoveryProbe/probe-7na4sb1w/Build/Build/Intermediates.noindex/AddonPlatform.build/Debug/ProbeHost.build/CascadeAddonProbe-project-headers.hmap -Xcc -I/Users/c4v4h/Library/Developer/Xcode/DerivedData/CascadeAddonRecoveryProbe/probe-7na4sb1w/Build/Build/Products/Debug/include -Xcc -I/Users/c4v4h/Library/Developer/Xcode/DerivedData/CascadeAddonRecoveryProbe/probe-7na4sb1w/Build/Build/Intermediates.noindex/AddonPlatform.build/Debug/ProbeHost.build/DerivedSources-normal/x86_64 -Xcc -I/Users/c4v4h/Library/Developer/Xcode/DerivedData/CascadeAddonRecoveryProbe/probe-7na4sb1w/Build/Build/Intermediates.noindex/AddonPlatform.build/Debug/ProbeHost.build/DerivedSources/x86_64 -Xcc -I/Users/c4v4h/Library/Developer/Xcode/DerivedData/CascadeAddonRecoveryProbe/probe-7na4sb1w/Build/Build/Intermediates.noindex/AddonPlatform.build/Debug/ProbeHost.build/DerivedSources -emit-objc-header -emit-objc-header-path /Users/c4v4h/Library/Developer/Xcode/DerivedData/CascadeAddonRecoveryProbe/probe-7na4sb1w/Build/Build/Intermediates.noindex/AddonPlatform.build/Debug/ProbeHost.build/Objects-normal/x86_64/CascadeAddonProbe-Swift.h -working-directory /Users/c4v4h/Library/Developer/Xcode/DerivedData/CascadeAddonRecoveryProbe/probe-7na4sb1w/Sources -experimental-emit-module-separately -disable-cmo

SwiftDriver ProbeProvider normal arm64 com.apple.xcode.tools.swift.compiler (in target 'ProbeProvider' from project 'AddonPlatform')
    cd /Users/c4v4h/Library/Developer/Xcode/DerivedData/CascadeAddonRecoveryProbe/probe-7na4sb1w/Sources
    builtin-SwiftDriver -- /Applications/Xcode-beta.app/Contents/Developer/Toolchains/XcodeDefault.xctoolchain/usr/bin/swiftc -module-name CascadeProbeProvider -Onone @/Users/c4v4h/Library/Developer/Xcode/DerivedData/CascadeAddonRecoveryProbe/probe-7na4sb1w/Build/Build/Intermediates.noindex/AddonPlatform.build/Debug/ProbeProvider.build/Objects-normal/arm64/CascadeProbeProvider.SwiftFileList -DDEBUG -DRECOVERY_PROBE -DBROKER_PROVIDER -enable-bare-slash-regex -enable-experimental-feature DebugDescriptionMacro -sdk /Applications/Xcode-beta.app/Contents/Developer/Platforms/MacOSX.platform/Developer/SDKs/MacOSX27.0.sdk -target arm64-apple-macos14.0 -g -module-cache-path /Users/c4v4h/Library/Developer/Xcode/DerivedData/CascadeAddonRecoveryProbe/probe-7na4sb1w/Build/ModuleCache.noindex -Xfrontend -serialize-debugging-options -application-extension -index-store-path /Users/c4v4h/Library/Developer/Xcode/DerivedData/CascadeAddonRecoveryProbe/probe-7na4sb1w/Build/Index.noindex/DataStore -swift-version 5 -I /Users/c4v4h/Library/Developer/Xcode/DerivedData/CascadeAddonRecoveryProbe/probe-7na4sb1w/Build/Build/Products/Debug -F /Users/c4v4h/Library/Developer/Xcode/DerivedData/CascadeAddonRecoveryProbe/probe-7na4sb1w/Build/Build/Products/Debug -c -j8 -enable-batch-mode -incremental -Xcc -ivfsstatcache -Xcc /Users/c4v4h/Library/Developer/Xcode/DerivedData/CascadeAddonRecoveryProbe/probe-7na4sb1w/Build/SDKStatCaches.noindex/macosx27.0-26A5419a-e829b21a6f8c9b70876ba0858053c04445874285e5972fffeae925c4ab065928.sdkstatcache -output-file-map /Users/c4v4h/Library/Developer/Xcode/DerivedData/CascadeAddonRecoveryProbe/probe-7na4sb1w/Build/Build/Intermediates.noindex/AddonPlatform.build/Debug/ProbeProvider.build/Objects-normal/arm64/ProbeProvider-OutputFileMap.json -save-temps -no-color-diagnostics -explicit-module-build -module-cache-path /Users/c4v4h/Library/Developer/Xcode/DerivedData/CascadeAddonRecoveryProbe/probe-7na4sb1w/Build/Build/Intermediates.noindex/SwiftExplicitPrecompiledModules -clang-scanner-module-cache-path /Users/c4v4h/Library/Developer/Xcode/DerivedData/CascadeAddonRecoveryProbe/probe-7na4sb1w/Build/ModuleCache.noindex -sdk-module-cache-path /Users/c4v4h/Library/Developer/Xcode/DerivedData/CascadeAddonRecoveryProbe/probe-7na4sb1w/Build/SDKExplicitPrecompiledModules -emit-dependencies -emit-module -emit-module-path /Users/c4v4h/Library/Developer/Xcode/DerivedData/CascadeAddonRecoveryProbe/probe-7na4sb1w/Build/Build/Intermediates.noindex/AddonPlatform.build/Debug/ProbeProvider.build/Objects-normal/arm64/CascadeProbeProvider.swiftmodule -serialize-diagnostics -dependency-scan-serialize-diagnostics-path /Users/c4v4h/Library/Developer/Xcode/DerivedData/CascadeAddonRecoveryProbe/probe-7na4sb1w/Build/Build/Intermediates.noindex/AddonPlatform.build/Debug/ProbeProvider.build/Objects-normal/arm64/CascadeProbeProvider-dependency-scan.dia -validate-clang-modules-once -clang-build-session-file /Users/c4v4h/Library/Developer/Xcode/DerivedData/CascadeAddonRecoveryProbe/probe-7na4sb1w/Build/ModuleCache.noindex/Session.modulevalidation -Xcc -fmodules-prune-interval\=86400 -Xcc -fmodules-prune-after\=345600 -emit-const-values -const-gather-protocols-list /Users/c4v4h/Library/Developer/Xcode/DerivedData/CascadeAddonRecoveryProbe/probe-7na4sb1w/Build/Build/Intermediates.noindex/AddonPlatform.build/Debug/ProbeProvider.build/Objects-normal/arm64/ProbeProvider_const_extract_protocols.json -Xcc -iquote -Xcc /Users/c4v4h/Library/Developer/Xcode/DerivedData/CascadeAddonRecoveryProbe/probe-7na4sb1w/Build/Build/Intermediates.noindex/AddonPlatform.build/Debug/ProbeProvider.build/CascadeProbeProvider-generated-files.hmap -Xcc -I/Users/c4v4h/Library/Developer/Xcode/DerivedData/CascadeAddonRecoveryProbe/probe-7na4sb1w/Build/Build/Intermediates.noindex/AddonPlatform.build/Debug/ProbeProvider.build/CascadeProbeProvider-own-target-headers.hmap -Xcc -I/Users/c4v4h/Library/Developer/Xcode/DerivedData/CascadeAddonRecoveryProbe/probe-7na4sb1w/Build/Build/Intermediates.noindex/AddonPlatform.build/Debug/ProbeProvider.build/CascadeProbeProvider-all-target-headers.hmap -Xcc -iquote -Xcc /Users/c4v4h/Library/Developer/Xcode/DerivedData/CascadeAddonRecoveryProbe/probe-7na4sb1w/Build/Build/Intermediates.noindex/AddonPlatform.build/Debug/ProbeProvider.build/CascadeProbeProvider-project-headers.hmap -Xcc -I/Users/c4v4h/Library/Developer/Xcode/DerivedData/CascadeAddonRecoveryProbe/probe-7na4sb1w/Build/Build/Products/Debug/include -Xcc -I/Users/c4v4h/Library/Developer/Xcode/DerivedData/CascadeAddonRecoveryProbe/probe-7na4sb1w/Build/Build/Intermediates.noindex/AddonPlatform.build/Debug/ProbeProvider.build/DerivedSources-normal/arm64 -Xcc -I/Users/c4v4h/Library/Developer/Xcode/DerivedData/CascadeAddonRecoveryProbe/probe-7na4sb1w/Build/Build/Intermediates.noindex/AddonPlatform.build/Debug/ProbeProvider.build/DerivedSources/arm64 -Xcc -I/Users/c4v4h/Library/Developer/Xcode/DerivedData/CascadeAddonRecoveryProbe/probe-7na4sb1w/Build/Build/Intermediates.noindex/AddonPlatform.build/Debug/ProbeProvider.build/DerivedSources -emit-objc-header -emit-objc-header-path /Users/c4v4h/Library/Developer/Xcode/DerivedData/CascadeAddonRecoveryProbe/probe-7na4sb1w/Build/Build/Intermediates.noindex/AddonPlatform.build/Debug/ProbeProvider.build/Objects-normal/arm64/CascadeProbeProvider-Swift.h -working-directory /Users/c4v4h/Library/Developer/Xcode/DerivedData/CascadeAddonRecoveryProbe/probe-7na4sb1w/Sources -experimental-emit-module-separately -disable-cmo

SwiftDriver ProbeHost normal arm64 com.apple.xcode.tools.swift.compiler (in target 'ProbeHost' from project 'AddonPlatform')
    cd /Users/c4v4h/Library/Developer/Xcode/DerivedData/CascadeAddonRecoveryProbe/probe-7na4sb1w/Sources
    builtin-SwiftDriver -- /Applications/Xcode-beta.app/Contents/Developer/Toolchains/XcodeDefault.xctoolchain/usr/bin/swiftc -module-name CascadeAddonProbe -Onone @/Users/c4v4h/Library/Developer/Xcode/DerivedData/CascadeAddonRecoveryProbe/probe-7na4sb1w/Build/Build/Intermediates.noindex/AddonPlatform.build/Debug/ProbeHost.build/Objects-normal/arm64/CascadeAddonProbe.SwiftFileList -DDEBUG -DRECOVERY_PROBE -DBROKER_PROVIDER -enable-bare-slash-regex -enable-experimental-feature DebugDescriptionMacro -sdk /Applications/Xcode-beta.app/Contents/Developer/Platforms/MacOSX.platform/Developer/SDKs/MacOSX27.0.sdk -target arm64-apple-macos14.0 -g -module-cache-path /Users/c4v4h/Library/Developer/Xcode/DerivedData/CascadeAddonRecoveryProbe/probe-7na4sb1w/Build/ModuleCache.noindex -Xfrontend -serialize-debugging-options -index-store-path /Users/c4v4h/Library/Developer/Xcode/DerivedData/CascadeAddonRecoveryProbe/probe-7na4sb1w/Build/Index.noindex/DataStore -swift-version 5 -I /Users/c4v4h/Library/Developer/Xcode/DerivedData/CascadeAddonRecoveryProbe/probe-7na4sb1w/Build/Build/Products/Debug -F /Users/c4v4h/Library/Developer/Xcode/DerivedData/CascadeAddonRecoveryProbe/probe-7na4sb1w/Build/Build/Products/Debug -c -j8 -enable-batch-mode -incremental -Xcc -ivfsstatcache -Xcc /Users/c4v4h/Library/Developer/Xcode/DerivedData/CascadeAddonRecoveryProbe/probe-7na4sb1w/Build/SDKStatCaches.noindex/macosx27.0-26A5419a-e829b21a6f8c9b70876ba0858053c04445874285e5972fffeae925c4ab065928.sdkstatcache -output-file-map /Users/c4v4h/Library/Developer/Xcode/DerivedData/CascadeAddonRecoveryProbe/probe-7na4sb1w/Build/Build/Intermediates.noindex/AddonPlatform.build/Debug/ProbeHost.build/Objects-normal/arm64/ProbeHost-OutputFileMap.json -save-temps -no-color-diagnostics -explicit-module-build -module-cache-path /Users/c4v4h/Library/Developer/Xcode/DerivedData/CascadeAddonRecoveryProbe/probe-7na4sb1w/Build/Build/Intermediates.noindex/SwiftExplicitPrecompiledModules -clang-scanner-module-cache-path /Users/c4v4h/Library/Developer/Xcode/DerivedData/CascadeAddonRecoveryProbe/probe-7na4sb1w/Build/ModuleCache.noindex -sdk-module-cache-path /Users/c4v4h/Library/Developer/Xcode/DerivedData/CascadeAddonRecoveryProbe/probe-7na4sb1w/Build/SDKExplicitPrecompiledModules -emit-dependencies -emit-module -emit-module-path /Users/c4v4h/Library/Developer/Xcode/DerivedData/CascadeAddonRecoveryProbe/probe-7na4sb1w/Build/Build/Intermediates.noindex/AddonPlatform.build/Debug/ProbeHost.build/Objects-normal/arm64/CascadeAddonProbe.swiftmodule -serialize-diagnostics -dependency-scan-serialize-diagnostics-path /Users/c4v4h/Library/Developer/Xcode/DerivedData/CascadeAddonRecoveryProbe/probe-7na4sb1w/Build/Build/Intermediates.noindex/AddonPlatform.build/Debug/ProbeHost.build/Objects-normal/arm64/CascadeAddonProbe-dependency-scan.dia -validate-clang-modules-once -clang-build-session-file /Users/c4v4h/Library/Developer/Xcode/DerivedData/CascadeAddonRecoveryProbe/probe-7na4sb1w/Build/ModuleCache.noindex/Session.modulevalidation -Xcc -fmodules-prune-interval\=86400 -Xcc -fmodules-prune-after\=345600 -emit-const-values -const-gather-protocols-list /Users/c4v4h/Library/Developer/Xcode/DerivedData/CascadeAddonRecoveryProbe/probe-7na4sb1w/Build/Build/Intermediates.noindex/AddonPlatform.build/Debug/ProbeHost.build/Objects-normal/arm64/ProbeHost_const_extract_protocols.json -Xcc -iquote -Xcc /Users/c4v4h/Library/Developer/Xcode/DerivedData/CascadeAddonRecoveryProbe/probe-7na4sb1w/Build/Build/Intermediates.noindex/AddonPlatform.build/Debug/ProbeHost.build/CascadeAddonProbe-generated-files.hmap -Xcc -I/Users/c4v4h/Library/Developer/Xcode/DerivedData/CascadeAddonRecoveryProbe/probe-7na4sb1w/Build/Build/Intermediates.noindex/AddonPlatform.build/Debug/ProbeHost.build/CascadeAddonProbe-own-target-headers.hmap -Xcc -I/Users/c4v4h/Library/Developer/Xcode/DerivedData/CascadeAddonRecoveryProbe/probe-7na4sb1w/Build/Build/Intermediates.noindex/AddonPlatform.build/Debug/ProbeHost.build/CascadeAddonProbe-all-target-headers.hmap -Xcc -iquote -Xcc /Users/c4v4h/Library/Developer/Xcode/DerivedData/CascadeAddonRecoveryProbe/probe-7na4sb1w/Build/Build/Intermediates.noindex/AddonPlatform.build/Debug/ProbeHost.build/CascadeAddonProbe-project-headers.hmap -Xcc -I/Users/c4v4h/Library/Developer/Xcode/DerivedData/CascadeAddonRecoveryProbe/probe-7na4sb1w/Build/Build/Products/Debug/include -Xcc -I/Users/c4v4h/Library/Developer/Xcode/DerivedData/CascadeAddonRecoveryProbe/probe-7na4sb1w/Build/Build/Intermediates.noindex/AddonPlatform.build/Debug/ProbeHost.build/DerivedSources-normal/arm64 -Xcc -I/Users/c4v4h/Library/Developer/Xcode/DerivedData/CascadeAddonRecoveryProbe/probe-7na4sb1w/Build/Build/Intermediates.noindex/AddonPlatform.build/Debug/ProbeHost.build/DerivedSources/arm64 -Xcc -I/Users/c4v4h/Library/Developer/Xcode/DerivedData/CascadeAddonRecoveryProbe/probe-7na4sb1w/Build/Build/Intermediates.noindex/AddonPlatform.build/Debug/ProbeHost.build/DerivedSources -emit-objc-header -emit-objc-header-path /Users/c4v4h/Library/Developer/Xcode/DerivedData/CascadeAddonRecoveryProbe/probe-7na4sb1w/Build/Build/Intermediates.noindex/AddonPlatform.build/Debug/ProbeHost.build/Objects-normal/arm64/CascadeAddonProbe-Swift.h -working-directory /Users/c4v4h/Library/Developer/Xcode/DerivedData/CascadeAddonRecoveryProbe/probe-7na4sb1w/Sources -experimental-emit-module-separately -disable-cmo

SwiftExplicitDependencyGeneratePcm arm64 /Users/c4v4h/Library/Developer/Xcode/DerivedData/CascadeAddonRecoveryProbe/probe-7na4sb1w/Build/SDKExplicitPrecompiledModules/SwiftShims-3PT8J0ZXUC3WYX9RWX6J55K1L.pcm

SwiftExplicitDependencyGeneratePcm arm64 /Users/c4v4h/Library/Developer/Xcode/DerivedData/CascadeAddonRecoveryProbe/probe-7na4sb1w/Build/SDKExplicitPrecompiledModules/ptrcheck-7PW6D7EF6YFMTC99QFPVPDJMO.pcm

SwiftExplicitDependencyGeneratePcm arm64 /Users/c4v4h/Library/Developer/Xcode/DerivedData/CascadeAddonRecoveryProbe/probe-7na4sb1w/Build/SDKExplicitPrecompiledModules/_Builtin_stdbool-7MDC4Z3UN80VFYCWSC29FQBKI.pcm

SwiftExplicitDependencyGeneratePcm arm64 /Users/c4v4h/Library/Developer/Xcode/DerivedData/CascadeAddonRecoveryProbe/probe-7na4sb1w/Build/SDKExplicitPrecompiledModules/_Builtin_stdarg-IDH80PBD2FLDPLIY9QMQQUWU.pcm

SwiftExplicitDependencyGeneratePcm arm64 /Users/c4v4h/Library/Developer/Xcode/DerivedData/CascadeAddonRecoveryProbe/probe-7na4sb1w/Build/SDKExplicitPrecompiledModules/_AvailabilityInternal-9SWMRHITXM6478FMP7LSFP67C.pcm

SwiftExplicitDependencyGeneratePcm arm64 /Users/c4v4h/Library/Developer/Xcode/DerivedData/CascadeAddonRecoveryProbe/probe-7na4sb1w/Build/SDKExplicitPrecompiledModules/_Builtin_stddef-2PX4OAMPZW9DNB6SMZIN4P5J0.pcm

SwiftExplicitDependencyGeneratePcm arm64 /Users/c4v4h/Library/Developer/Xcode/DerivedData/CascadeAddonRecoveryProbe/probe-7na4sb1w/Build/SDKExplicitPrecompiledModules/ptrauth-B79ETJBNUJAGGU0PN3YIR2ZFC.pcm

SwiftExplicitDependencyGeneratePcm x86_64 /Users/c4v4h/Library/Developer/Xcode/DerivedData/CascadeAddonRecoveryProbe/probe-7na4sb1w/Build/SDKExplicitPrecompiledModules/SwiftShims-AOF7IAO3RNJEYFWU1YDXG9OQN.pcm

SwiftExplicitDependencyGeneratePcm x86_64 /Users/c4v4h/Library/Developer/Xcode/DerivedData/CascadeAddonRecoveryProbe/probe-7na4sb1w/Build/SDKExplicitPrecompiledModules/ptrauth-55164LVOQY6YR5WTWX17OC851.pcm

SwiftExplicitDependencyGeneratePcm x86_64 /Users/c4v4h/Library/Developer/Xcode/DerivedData/CascadeAddonRecoveryProbe/probe-7na4sb1w/Build/SDKExplicitPrecompiledModules/_Builtin_stdarg-T4E3M4OBRFUL7BP9UJ0LM2JX.pcm

SwiftExplicitDependencyGeneratePcm x86_64 /Users/c4v4h/Library/Developer/Xcode/DerivedData/CascadeAddonRecoveryProbe/probe-7na4sb1w/Build/SDKExplicitPrecompiledModules/ptrcheck-95OBF8392A0BY9V3I9SQC7QFE.pcm

SwiftExplicitDependencyGeneratePcm x86_64 /Users/c4v4h/Library/Developer/Xcode/DerivedData/CascadeAddonRecoveryProbe/probe-7na4sb1w/Build/SDKExplicitPrecompiledModules/_Builtin_stddef-6C4IHH63L9XY8AQ0TQI9FOVPD.pcm

SwiftExplicitDependencyGeneratePcm x86_64 /Users/c4v4h/Library/Developer/Xcode/DerivedData/CascadeAddonRecoveryProbe/probe-7na4sb1w/Build/SDKExplicitPrecompiledModules/_AvailabilityInternal-66W2QISAWIAQU8PYS5JO1ZQWQ.pcm

SwiftExplicitDependencyGeneratePcm x86_64 /Users/c4v4h/Library/Developer/Xcode/DerivedData/CascadeAddonRecoveryProbe/probe-7na4sb1w/Build/SDKExplicitPrecompiledModules/_Builtin_stdbool-5WKRF3D0JMK7OLUT2JDGBGILR.pcm

SwiftExplicitDependencyGeneratePcm x86_64 /Users/c4v4h/Library/Developer/Xcode/DerivedData/CascadeAddonRecoveryProbe/probe-7na4sb1w/Build/SDKExplicitPrecompiledModules/_SwiftConcurrencyShims-7ZUXZ9KWCMDQ6E2P6KSQN4M91.pcm

SwiftExplicitDependencyGeneratePcm x86_64 /Users/c4v4h/Library/Developer/Xcode/DerivedData/CascadeAddonRecoveryProbe/probe-7na4sb1w/Build/SDKExplicitPrecompiledModules/_Builtin_float-9EGRH5C3LO2BC95L4J9VBUAUD.pcm

SwiftExplicitDependencyGeneratePcm arm64 /Users/c4v4h/Library/Developer/Xcode/DerivedData/CascadeAddonRecoveryProbe/probe-7na4sb1w/Build/SDKExplicitPrecompiledModules/_SwiftConcurrencyShims-6T4Q1HU20YX4N6V3LV9D212XX.pcm

SwiftExplicitDependencyGeneratePcm arm64 /Users/c4v4h/Library/Developer/Xcode/DerivedData/CascadeAddonRecoveryProbe/probe-7na4sb1w/Build/SDKExplicitPrecompiledModules/_Builtin_float-DEL5LAW5NHTNYOY7MM06804A7.pcm

SwiftExplicitDependencyGeneratePcm arm64 /Users/c4v4h/Library/Developer/Xcode/DerivedData/CascadeAddonRecoveryProbe/probe-7na4sb1w/Build/SDKExplicitPrecompiledModules/DeveloperToolsSupport-1PO7YXXCYQLMUZ1LO0FAJ09WR.pcm

SwiftExplicitDependencyGeneratePcm arm64 /Users/c4v4h/Library/Developer/Xcode/DerivedData/CascadeAddonRecoveryProbe/probe-7na4sb1w/Build/SDKExplicitPrecompiledModules/_Builtin_stdarg-AVXHAOB3CC09W6TVPQV7A59BK.pcm

SwiftExplicitDependencyGeneratePcm x86_64 /Users/c4v4h/Library/Developer/Xcode/DerivedData/CascadeAddonRecoveryProbe/probe-7na4sb1w/Build/SDKExplicitPrecompiledModules/SwiftShims-CYGCQ7R279B9OUQJBKNDWIIDD.pcm

SwiftExplicitDependencyGeneratePcm x86_64 /Users/c4v4h/Library/Developer/Xcode/DerivedData/CascadeAddonRecoveryProbe/probe-7na4sb1w/Build/SDKExplicitPrecompiledModules/ptrauth-9QG3QP0FWAJJALK6X9PYFKA7I.pcm

SwiftExplicitDependencyGeneratePcm x86_64 /Users/c4v4h/Library/Developer/Xcode/DerivedData/CascadeAddonRecoveryProbe/probe-7na4sb1w/Build/SDKExplicitPrecompiledModules/_Builtin_stdbool-6RVVKE2U5XSWRNMWQJDR117JZ.pcm

SwiftExplicitDependencyGeneratePcm x86_64 /Users/c4v4h/Library/Developer/Xcode/DerivedData/CascadeAddonRecoveryProbe/probe-7na4sb1w/Build/SDKExplicitPrecompiledModules/_Builtin_stdarg-69SECIA55VFLI9IXUZ3E3ZW1Q.pcm

SwiftExplicitDependencyGeneratePcm x86_64 /Users/c4v4h/Library/Developer/Xcode/DerivedData/CascadeAddonRecoveryProbe/probe-7na4sb1w/Build/SDKExplicitPrecompiledModules/_SwiftConcurrencyShims-7867K7QG4WZPTVHQS4HLZMRY0.pcm

SwiftExplicitDependencyGeneratePcm x86_64 /Users/c4v4h/Library/Developer/Xcode/DerivedData/CascadeAddonRecoveryProbe/probe-7na4sb1w/Build/SDKExplicitPrecompiledModules/DeveloperToolsSupport-CJXV64U2BWYH691IJ928SNLU1.pcm

SwiftExplicitDependencyGeneratePcm arm64 /Users/c4v4h/Library/Developer/Xcode/DerivedData/CascadeAddonRecoveryProbe/probe-7na4sb1w/Build/SDKExplicitPrecompiledModules/_SwiftConcurrencyShims-EE4CQYK6ZTVHOEEED82W9DB7H.pcm

SwiftExplicitDependencyGeneratePcm arm64 /Users/c4v4h/Library/Developer/Xcode/DerivedData/CascadeAddonRecoveryProbe/probe-7na4sb1w/Build/SDKExplicitPrecompiledModules/_Builtin_stdbool-1CZ20BFO2P2S7KIKI0PB1PGD2.pcm

SwiftExplicitDependencyGeneratePcm arm64 /Users/c4v4h/Library/Developer/Xcode/DerivedData/CascadeAddonRecoveryProbe/probe-7na4sb1w/Build/SDKExplicitPrecompiledModules/_Builtin_stddef-5QHM67Z37J8ARL0NJJHYG8DP9.pcm

SwiftExplicitDependencyGeneratePcm x86_64 /Users/c4v4h/Library/Developer/Xcode/DerivedData/CascadeAddonRecoveryProbe/probe-7na4sb1w/Build/SDKExplicitPrecompiledModules/_Builtin_stddef-4YHCKVJMTJ7GRHG9CF8P1ETRH.pcm

SwiftExplicitDependencyGeneratePcm arm64 /Users/c4v4h/Library/Developer/Xcode/DerivedData/CascadeAddonRecoveryProbe/probe-7na4sb1w/Build/SDKExplicitPrecompiledModules/ptrcheck-CZZKET4YPMVG5BHAGB1X7Q9Q2.pcm

SwiftExplicitDependencyGeneratePcm x86_64 /Users/c4v4h/Library/Developer/Xcode/DerivedData/CascadeAddonRecoveryProbe/probe-7na4sb1w/Build/SDKExplicitPrecompiledModules/_AvailabilityInternal-20CBI4QH5B2MAUD8KYGO9J0VL.pcm

SwiftExplicitDependencyGeneratePcm arm64 /Users/c4v4h/Library/Developer/Xcode/DerivedData/CascadeAddonRecoveryProbe/probe-7na4sb1w/Build/SDKExplicitPrecompiledModules/_Builtin_float-39V02YHJPU65LAPR9P04LSWFH.pcm

SwiftExplicitDependencyGeneratePcm arm64 /Users/c4v4h/Library/Developer/Xcode/DerivedData/CascadeAddonRecoveryProbe/probe-7na4sb1w/Build/SDKExplicitPrecompiledModules/SwiftShims-2MCAR9OWLP3CL9PME67LFPB2C.pcm

SwiftExplicitDependencyGeneratePcm arm64 /Users/c4v4h/Library/Developer/Xcode/DerivedData/CascadeAddonRecoveryProbe/probe-7na4sb1w/Build/SDKExplicitPrecompiledModules/_AvailabilityInternal-26VFZTZ4PDJJJH3B65FR2PJVK.pcm

SwiftExplicitDependencyGeneratePcm arm64 /Users/c4v4h/Library/Developer/Xcode/DerivedData/CascadeAddonRecoveryProbe/probe-7na4sb1w/Build/SDKExplicitPrecompiledModules/_DarwinFoundation1-9H2FZYCTXZIBYP2T8LL6FOS7B.pcm

SwiftExplicitDependencyGeneratePcm x86_64 /Users/c4v4h/Library/Developer/Xcode/DerivedData/CascadeAddonRecoveryProbe/probe-7na4sb1w/Build/SDKExplicitPrecompiledModules/_Builtin_float-B46P9NT70ZOYYU9HMZQDM4HPG.pcm

SwiftExplicitDependencyGeneratePcm arm64 /Users/c4v4h/Library/Developer/Xcode/DerivedData/CascadeAddonRecoveryProbe/probe-7na4sb1w/Build/SDKExplicitPrecompiledModules/ptrauth-B5F9CIG7A75NRDRQORL2ZUWFO.pcm

SwiftExplicitDependencyGeneratePcm x86_64 /Users/c4v4h/Library/Developer/Xcode/DerivedData/CascadeAddonRecoveryProbe/probe-7na4sb1w/Build/SDKExplicitPrecompiledModules/_DarwinFoundation1-CFQQI5QWG689DEZB1JT3E8D55.pcm

SwiftExplicitDependencyGeneratePcm x86_64 /Users/c4v4h/Library/Developer/Xcode/DerivedData/CascadeAddonRecoveryProbe/probe-7na4sb1w/Build/SDKExplicitPrecompiledModules/ptrcheck-D2G5YVH4LOXL0LQLY9Y7KGDFH.pcm

SwiftExplicitDependencyGeneratePcm arm64 /Users/c4v4h/Library/Developer/Xcode/DerivedData/CascadeAddonRecoveryProbe/probe-7na4sb1w/Build/SDKExplicitPrecompiledModules/_DarwinFoundation1-69X305UP3K1FPIK6VXX8M0TN1.pcm

SwiftExplicitDependencyGeneratePcm arm64 /Users/c4v4h/Library/Developer/Xcode/DerivedData/CascadeAddonRecoveryProbe/probe-7na4sb1w/Build/SDKExplicitPrecompiledModules/_DarwinFoundation2-DXJ3BHNFBXR9ALDVOE1HQCH6F.pcm

SwiftExplicitDependencyGeneratePcm arm64 /Users/c4v4h/Library/Developer/Xcode/DerivedData/CascadeAddonRecoveryProbe/probe-7na4sb1w/Build/SDKExplicitPrecompiledModules/_Builtin_limits-MX08I6MQAG97QV4ZR499LO6P.pcm

SwiftExplicitDependencyGeneratePcm arm64 /Users/c4v4h/Library/Developer/Xcode/DerivedData/CascadeAddonRecoveryProbe/probe-7na4sb1w/Build/SDKExplicitPrecompiledModules/ExtensionFoundation-4F8EWECQOAUCLBI0WPQGTXD7P.pcm

SwiftExplicitDependencyGeneratePcm x86_64 /Users/c4v4h/Library/Developer/Xcode/DerivedData/CascadeAddonRecoveryProbe/probe-7na4sb1w/Build/SDKExplicitPrecompiledModules/_DarwinFoundation1-3F8L1MIDHFOQT0TL50XEIZQY4.pcm

SwiftExplicitDependencyGeneratePcm x86_64 /Users/c4v4h/Library/Developer/Xcode/DerivedData/CascadeAddonRecoveryProbe/probe-7na4sb1w/Build/SDKExplicitPrecompiledModules/_Builtin_limits-BZG09ZH6TM0AZFHNXAOVVR3BB.pcm

SwiftExplicitDependencyGeneratePcm x86_64 /Users/c4v4h/Library/Developer/Xcode/DerivedData/CascadeAddonRecoveryProbe/probe-7na4sb1w/Build/SDKExplicitPrecompiledModules/_DarwinFoundation2-6NMUZRDVKM43WA3W33PT8PYV1.pcm

SwiftExplicitDependencyGeneratePcm x86_64 /Users/c4v4h/Library/Developer/Xcode/DerivedData/CascadeAddonRecoveryProbe/probe-7na4sb1w/Build/SDKExplicitPrecompiledModules/ExtensionFoundation-BK8CYQCVSLFAO6YT6W7HQLKTD.pcm

SwiftExplicitDependencyGeneratePcm arm64 /Users/c4v4h/Library/Developer/Xcode/DerivedData/CascadeAddonRecoveryProbe/probe-7na4sb1w/Build/SDKExplicitPrecompiledModules/_Builtin_limits-55NFYM081KUCKQ58YBL3QLPB8.pcm

SwiftExplicitDependencyGeneratePcm arm64 /Users/c4v4h/Library/Developer/Xcode/DerivedData/CascadeAddonRecoveryProbe/probe-7na4sb1w/Build/SDKExplicitPrecompiledModules/_DarwinFoundation2-8DLM5ENAPOBPFYVKY75AMOVQY.pcm

SwiftExplicitDependencyGeneratePcm arm64 /Users/c4v4h/Library/Developer/Xcode/DerivedData/CascadeAddonRecoveryProbe/probe-7na4sb1w/Build/SDKExplicitPrecompiledModules/ExtensionFoundation-38AL43BZWQXHR9XJOBR2EEC4L.pcm

SwiftExplicitDependencyGeneratePcm arm64 /Users/c4v4h/Library/Developer/Xcode/DerivedData/CascadeAddonRecoveryProbe/probe-7na4sb1w/Build/SDKExplicitPrecompiledModules/sys_types-8G31OSVXRGCRCDU6UWK3BDO6A.pcm

SwiftExplicitDependencyGeneratePcm arm64 /Users/c4v4h/Library/Developer/Xcode/DerivedData/CascadeAddonRecoveryProbe/probe-7na4sb1w/Build/SDKExplicitPrecompiledModules/string_h-AZ0TVMN2AMBDTN68KOALEJ0YK.pcm

SwiftExplicitDependencyGeneratePcm arm64 /Users/c4v4h/Library/Developer/Xcode/DerivedData/CascadeAddonRecoveryProbe/probe-7na4sb1w/Build/SDKExplicitPrecompiledModules/_Builtin_stdint-BYIUYIF96A9XLY0PLMDDE3182.pcm

SwiftExplicitDependencyGeneratePcm x86_64 /Users/c4v4h/Library/Developer/Xcode/DerivedData/CascadeAddonRecoveryProbe/probe-7na4sb1w/Build/SDKExplicitPrecompiledModules/_Builtin_limits-ELUO7BOSBAB0K95C9T7OOSUBV.pcm

SwiftExplicitDependencyGeneratePcm x86_64 /Users/c4v4h/Library/Developer/Xcode/DerivedData/CascadeAddonRecoveryProbe/probe-7na4sb1w/Build/SDKExplicitPrecompiledModules/ExtensionFoundation-4U0TBBPMU75L1X363VFDH6UUR.pcm

SwiftExplicitDependencyGeneratePcm x86_64 /Users/c4v4h/Library/Developer/Xcode/DerivedData/CascadeAddonRecoveryProbe/probe-7na4sb1w/Build/SDKExplicitPrecompiledModules/_DarwinFoundation2-BJBZOCWEMUODGFUMBU5Z5UQN6.pcm

SwiftExplicitDependencyGeneratePcm x86_64 /Users/c4v4h/Library/Developer/Xcode/DerivedData/CascadeAddonRecoveryProbe/probe-7na4sb1w/Build/SDKExplicitPrecompiledModules/_Builtin_stdint-4EW9MH6TSEKTQ5X55QKYFNBKY.pcm

SwiftExplicitDependencyGeneratePcm x86_64 /Users/c4v4h/Library/Developer/Xcode/DerivedData/CascadeAddonRecoveryProbe/probe-7na4sb1w/Build/SDKExplicitPrecompiledModules/string_h-16J6JNKYLJUA6UK9U2QS8JNR8.pcm

SwiftExplicitDependencyGeneratePcm arm64 /Users/c4v4h/Library/Developer/Xcode/DerivedData/CascadeAddonRecoveryProbe/probe-7na4sb1w/Build/SDKExplicitPrecompiledModules/_Builtin_tgmath-DYL5W53J87N4FPXCB9UQYCHFO.pcm

SwiftExplicitDependencyGeneratePcm arm64 /Users/c4v4h/Library/Developer/Xcode/DerivedData/CascadeAddonRecoveryProbe/probe-7na4sb1w/Build/SDKExplicitPrecompiledModules/sys_types-2GY3WNUCT22WTBEYZBV07W129.pcm

SwiftExplicitDependencyGeneratePcm arm64 /Users/c4v4h/Library/Developer/Xcode/DerivedData/CascadeAddonRecoveryProbe/probe-7na4sb1w/Build/SDKExplicitPrecompiledModules/string_h-ER10X37UJJ1F9RFN07F8C4E0W.pcm

SwiftExplicitDependencyGeneratePcm arm64 /Users/c4v4h/Library/Developer/Xcode/DerivedData/CascadeAddonRecoveryProbe/probe-7na4sb1w/Build/SDKExplicitPrecompiledModules/_Builtin_stdint-B3T25RFDZJ6KBMERL196STEZT.pcm

SwiftExplicitDependencyGeneratePcm arm64 /Users/c4v4h/Library/Developer/Xcode/DerivedData/CascadeAddonRecoveryProbe/probe-7na4sb1w/Build/SDKExplicitPrecompiledModules/libDER-EHHHQQEV0EGNFT5FMJTTUG9DN.pcm

SwiftExplicitDependencyGeneratePcm arm64 /Users/c4v4h/Library/Developer/Xcode/DerivedData/CascadeAddonRecoveryProbe/probe-7na4sb1w/Build/SDKExplicitPrecompiledModules/_Builtin_stdatomic-C2K4MUUC0UU4XRHAKG1DAMFZR.pcm

SwiftExplicitDependencyGeneratePcm arm64 /Users/c4v4h/Library/Developer/Xcode/DerivedData/CascadeAddonRecoveryProbe/probe-7na4sb1w/Build/SDKExplicitPrecompiledModules/_DarwinFoundation3-ARUUMNZ58AKN5PR5M5MAL8KY0.pcm

SwiftExplicitDependencyGeneratePcm x86_64 /Users/c4v4h/Library/Developer/Xcode/DerivedData/CascadeAddonRecoveryProbe/probe-7na4sb1w/Build/SDKExplicitPrecompiledModules/_Builtin_stdatomic-AB8Z59QGZSR9QAAYC2PGV15JM.pcm

SwiftExplicitDependencyGeneratePcm x86_64 /Users/c4v4h/Library/Developer/Xcode/DerivedData/CascadeAddonRecoveryProbe/probe-7na4sb1w/Build/SDKExplicitPrecompiledModules/sys_types-6XN4TME6LK8I4XD67RPA5XF7A.pcm

SwiftExplicitDependencyGeneratePcm x86_64 /Users/c4v4h/Library/Developer/Xcode/DerivedData/CascadeAddonRecoveryProbe/probe-7na4sb1w/Build/SDKExplicitPrecompiledModules/_DarwinFoundation3-2OA9GJREXBT9MJD4M50XLA063.pcm

SwiftExplicitDependencyGeneratePcm x86_64 /Users/c4v4h/Library/Developer/Xcode/DerivedData/CascadeAddonRecoveryProbe/probe-7na4sb1w/Build/SDKExplicitPrecompiledModules/_Builtin_tgmath-5PUZ049OCT90T8FT899U3JSFN.pcm

SwiftExplicitDependencyGeneratePcm arm64 /Users/c4v4h/Library/Developer/Xcode/DerivedData/CascadeAddonRecoveryProbe/probe-7na4sb1w/Build/SDKExplicitPrecompiledModules/_Builtin_stdatomic-3SQVXC0ELFSSPFG0QX8LGY9C7.pcm

SwiftExplicitDependencyGeneratePcm arm64 /Users/c4v4h/Library/Developer/Xcode/DerivedData/CascadeAddonRecoveryProbe/probe-7na4sb1w/Build/SDKExplicitPrecompiledModules/_Builtin_intrinsics-6TCQ2F196J0JXSH65L3NVBDN4.pcm

SwiftExplicitDependencyGeneratePcm x86_64 /Users/c4v4h/Library/Developer/Xcode/DerivedData/CascadeAddonRecoveryProbe/probe-7na4sb1w/Build/SDKExplicitPrecompiledModules/_Builtin_stdint-E0ORM1BOQO8LHD39YRSQBEIOF.pcm

SwiftExplicitDependencyGeneratePcm x86_64 /Users/c4v4h/Library/Developer/Xcode/DerivedData/CascadeAddonRecoveryProbe/probe-7na4sb1w/Build/SDKExplicitPrecompiledModules/string_h-3EYVGF7JTSQCJCKYZGPBQQV26.pcm

SwiftExplicitDependencyGeneratePcm x86_64 /Users/c4v4h/Library/Developer/Xcode/DerivedData/CascadeAddonRecoveryProbe/probe-7na4sb1w/Build/SDKExplicitPrecompiledModules/libDER-1LR1H3YY1NG0S5HN1BE01RNHJ.pcm

SwiftExplicitDependencyGeneratePcm arm64 /Users/c4v4h/Library/Developer/Xcode/DerivedData/CascadeAddonRecoveryProbe/probe-7na4sb1w/Build/SDKExplicitPrecompiledModules/libDER-4625XLUZQD9BM38H0A1HIBMDS.pcm

SwiftExplicitDependencyGeneratePcm x86_64 /Users/c4v4h/Library/Developer/Xcode/DerivedData/CascadeAddonRecoveryProbe/probe-7na4sb1w/Build/SDKExplicitPrecompiledModules/sys_types-1G0DVH58SQLNJP9W0NUYA7N5W.pcm

SwiftExplicitDependencyGeneratePcm arm64 /Users/c4v4h/Library/Developer/Xcode/DerivedData/CascadeAddonRecoveryProbe/probe-7na4sb1w/Build/SDKExplicitPrecompiledModules/_Builtin_inttypes-BDVA77KUAGOCHMF9VEMTWTBUE.pcm

SwiftExplicitDependencyGeneratePcm arm64 /Users/c4v4h/Library/Developer/Xcode/DerivedData/CascadeAddonRecoveryProbe/probe-7na4sb1w/Build/SDKExplicitPrecompiledModules/_DarwinFoundation3-2QJQ8RAP8U48ZUWQRIP4R1II.pcm

SwiftExplicitDependencyGeneratePcm x86_64 /Users/c4v4h/Library/Developer/Xcode/DerivedData/CascadeAddonRecoveryProbe/probe-7na4sb1w/Build/SDKExplicitPrecompiledModules/_Builtin_stdatomic-EIRU6D1RL32GAUI3IU4ED2S8D.pcm

SwiftExplicitDependencyGeneratePcm x86_64 /Users/c4v4h/Library/Developer/Xcode/DerivedData/CascadeAddonRecoveryProbe/probe-7na4sb1w/Build/SDKExplicitPrecompiledModules/_DarwinFoundation3-5EAII6UZQXHUFG04FY1V5ZVEF.pcm

SwiftExplicitDependencyGeneratePcm x86_64 /Users/c4v4h/Library/Developer/Xcode/DerivedData/CascadeAddonRecoveryProbe/probe-7na4sb1w/Build/SDKExplicitPrecompiledModules/_Builtin_intrinsics-BVAH4RV9L4PBYAGA910BIW3KJ.pcm

SwiftExplicitDependencyGeneratePcm x86_64 /Users/c4v4h/Library/Developer/Xcode/DerivedData/CascadeAddonRecoveryProbe/probe-7na4sb1w/Build/SDKExplicitPrecompiledModules/_Builtin_inttypes-D5E3D14YLE6HQVRXB36B7FMY2.pcm

SwiftExplicitDependencyGeneratePcm x86_64 /Users/c4v4h/Library/Developer/Xcode/DerivedData/CascadeAddonRecoveryProbe/probe-7na4sb1w/Build/SDKExplicitPrecompiledModules/libDER-D67Y3G1TJ4D0YVL69QJDODLY2.pcm

SwiftExplicitDependencyGeneratePcm arm64 /Users/c4v4h/Library/Developer/Xcode/DerivedData/CascadeAddonRecoveryProbe/probe-7na4sb1w/Build/SDKExplicitPrecompiledModules/Darwin-DIMCWAEJ3N06EOQ4KTCOV7Q59.pcm

SwiftExplicitDependencyGeneratePcm arm64 /Users/c4v4h/Library/Developer/Xcode/DerivedData/CascadeAddonRecoveryProbe/probe-7na4sb1w/Build/SDKExplicitPrecompiledModules/_Builtin_inttypes-AV33NJ8SSAEOJWTFL8ZEFH565.pcm

SwiftExplicitDependencyGeneratePcm x86_64 /Users/c4v4h/Library/Developer/Xcode/DerivedData/CascadeAddonRecoveryProbe/probe-7na4sb1w/Build/SDKExplicitPrecompiledModules/Darwin-90LBVU7Z5708KPWIWYHI0QY11.pcm

SwiftExplicitDependencyGeneratePcm x86_64 /Users/c4v4h/Library/Developer/Xcode/DerivedData/CascadeAddonRecoveryProbe/probe-7na4sb1w/Build/SDKExplicitPrecompiledModules/_Builtin_intrinsics-Y9XHFA1U36MUHEV4KOVMYS9K.pcm

SwiftExplicitDependencyGeneratePcm x86_64 /Users/c4v4h/Library/Developer/Xcode/DerivedData/CascadeAddonRecoveryProbe/probe-7na4sb1w/Build/SDKExplicitPrecompiledModules/_Builtin_inttypes-DVOUDYKADF2TBALBPHLO004OL.pcm

SwiftExplicitDependencyGeneratePcm arm64 /Users/c4v4h/Library/Developer/Xcode/DerivedData/CascadeAddonRecoveryProbe/probe-7na4sb1w/Build/SDKExplicitPrecompiledModules/Darwin-A6OPRXFH3ESXRBF05X5ZU3UYH.pcm

SwiftExplicitDependencyGeneratePcm x86_64 /Users/c4v4h/Library/Developer/Xcode/DerivedData/CascadeAddonRecoveryProbe/probe-7na4sb1w/Build/SDKExplicitPrecompiledModules/Darwin-7BSUV9F9JG1VIDIICFLUQ1TL6.pcm

SwiftExplicitDependencyGeneratePcm arm64 /Users/c4v4h/Library/Developer/Xcode/DerivedData/CascadeAddonRecoveryProbe/probe-7na4sb1w/Build/SDKExplicitPrecompiledModules/simd-99LSM3XRMAHBI924TIFCI96JN.pcm

SwiftExplicitDependencyGeneratePcm arm64 /Users/c4v4h/Library/Developer/Xcode/DerivedData/CascadeAddonRecoveryProbe/probe-7na4sb1w/Build/SDKExplicitPrecompiledModules/MachO-66GELNQW0IY45D2650Q7BXJNO.pcm

SwiftExplicitDependencyGeneratePcm arm64 /Users/c4v4h/Library/Developer/Xcode/DerivedData/CascadeAddonRecoveryProbe/probe-7na4sb1w/Build/SDKExplicitPrecompiledModules/launch-A5ZVYILCR132D86UMVDPEBVPX.pcm

SwiftExplicitDependencyGeneratePcm arm64 /Users/c4v4h/Library/Developer/Xcode/DerivedData/CascadeAddonRecoveryProbe/probe-7na4sb1w/Build/SDKExplicitPrecompiledModules/libkern-558Q4O27PGCIUDN4S5BKFYUGL.pcm

SwiftExplicitDependencyGeneratePcm x86_64 /Users/c4v4h/Library/Developer/Xcode/DerivedData/CascadeAddonRecoveryProbe/probe-7na4sb1w/Build/SDKExplicitPrecompiledModules/MachO-75Z5QS5YH6QK7AXTABVNAGJV6.pcm

SwiftExplicitDependencyGeneratePcm x86_64 /Users/c4v4h/Library/Developer/Xcode/DerivedData/CascadeAddonRecoveryProbe/probe-7na4sb1w/Build/SDKExplicitPrecompiledModules/libkern-B1C7LKKIEYWYOAWOKTD7UWGJD.pcm

SwiftExplicitDependencyGeneratePcm x86_64 /Users/c4v4h/Library/Developer/Xcode/DerivedData/CascadeAddonRecoveryProbe/probe-7na4sb1w/Build/SDKExplicitPrecompiledModules/simd-6IF94DH4GX8WW9P23XNAHFZV4.pcm

SwiftExplicitDependencyGeneratePcm arm64 /Users/c4v4h/Library/Developer/Xcode/DerivedData/CascadeAddonRecoveryProbe/probe-7na4sb1w/Build/SDKExplicitPrecompiledModules/libkern-AB4C51P8V2GCP1I59K3JJCGY.pcm

SwiftExplicitDependencyGeneratePcm arm64 /Users/c4v4h/Library/Developer/Xcode/DerivedData/CascadeAddonRecoveryProbe/probe-7na4sb1w/Build/SDKExplicitPrecompiledModules/MachO-1B6RZIVF39HDSWUBTTN3OD77F.pcm

SwiftExplicitDependencyGeneratePcm arm64 /Users/c4v4h/Library/Developer/Xcode/DerivedData/CascadeAddonRecoveryProbe/probe-7na4sb1w/Build/SDKExplicitPrecompiledModules/CUPS-7ZWCSAPAMJEMZ2F2YSUDAI8ED.pcm

SwiftExplicitDependencyGeneratePcm x86_64 /Users/c4v4h/Library/Developer/Xcode/DerivedData/CascadeAddonRecoveryProbe/probe-7na4sb1w/Build/SDKExplicitPrecompiledModules/launch-BVQQY9C0F6G5H0U6O1QG9QPZI.pcm

SwiftExplicitDependencyGeneratePcm arm64 /Users/c4v4h/Library/Developer/Xcode/DerivedData/CascadeAddonRecoveryProbe/probe-7na4sb1w/Build/SDKExplicitPrecompiledModules/ObjectiveC-9UABBY17X4D138TAN8AFEYKSV.pcm

SwiftExplicitDependencyGeneratePcm x86_64 /Users/c4v4h/Library/Developer/Xcode/DerivedData/CascadeAddonRecoveryProbe/probe-7na4sb1w/Build/SDKExplicitPrecompiledModules/ObjectiveC-8LNZFEIPAOLEL6NXO8T67M1D.pcm

SwiftExplicitDependencyGeneratePcm arm64 /Users/c4v4h/Library/Developer/Xcode/DerivedData/CascadeAddonRecoveryProbe/probe-7na4sb1w/Build/SDKExplicitPrecompiledModules/launch-7PF49N37EN5PEY4PB2F40VPBT.pcm

SwiftExplicitDependencyGeneratePcm x86_64 /Users/c4v4h/Library/Developer/Xcode/DerivedData/CascadeAddonRecoveryProbe/probe-7na4sb1w/Build/SDKExplicitPrecompiledModules/MachO-DEUA4NF47O7PTU8YYCH514Y6N.pcm

SwiftExplicitDependencyGeneratePcm arm64 /Users/c4v4h/Library/Developer/Xcode/DerivedData/CascadeAddonRecoveryProbe/probe-7na4sb1w/Build/SDKExplicitPrecompiledModules/ObjectiveC-8XVZWEF6798LR3JQJSD2967DN.pcm

SwiftExplicitDependencyGeneratePcm x86_64 /Users/c4v4h/Library/Developer/Xcode/DerivedData/CascadeAddonRecoveryProbe/probe-7na4sb1w/Build/SDKExplicitPrecompiledModules/CUPS-6C25GMS8T1A53YGNUDICOIQ1M.pcm

SwiftExplicitDependencyGeneratePcm x86_64 /Users/c4v4h/Library/Developer/Xcode/DerivedData/CascadeAddonRecoveryProbe/probe-7na4sb1w/Build/SDKExplicitPrecompiledModules/libkern-5WCN9GXRBEQFPOT31VIRMVZIY.pcm

SwiftExplicitDependencyGeneratePcm arm64 /Users/c4v4h/Library/Developer/Xcode/DerivedData/CascadeAddonRecoveryProbe/probe-7na4sb1w/Build/SDKExplicitPrecompiledModules/Spatial-2V5EB9EMPVUAVHSVDELBYFIRO.pcm

SwiftExplicitDependencyGeneratePcm arm64 /Users/c4v4h/Library/Developer/Xcode/DerivedData/CascadeAddonRecoveryProbe/probe-7na4sb1w/Build/SDKExplicitPrecompiledModules/os_object-D805HE2FS936LWXH6ABJSDRJX.pcm

SwiftExplicitDependencyGeneratePcm x86_64 /Users/c4v4h/Library/Developer/Xcode/DerivedData/CascadeAddonRecoveryProbe/probe-7na4sb1w/Build/SDKExplicitPrecompiledModules/launch-9BXR8JYRKYZQSH87OC92ELHQE.pcm

SwiftExplicitDependencyGeneratePcm x86_64 /Users/c4v4h/Library/Developer/Xcode/DerivedData/CascadeAddonRecoveryProbe/probe-7na4sb1w/Build/SDKExplicitPrecompiledModules/os_object-CKFC5JNI4BWE5FQ5BC7IMAMJN.pcm

SwiftExplicitDependencyGeneratePcm arm64 /Users/c4v4h/Library/Developer/Xcode/DerivedData/CascadeAddonRecoveryProbe/probe-7na4sb1w/Build/SDKExplicitPrecompiledModules/os_object-DG51UXDI3DZPFBOIGG6Y38IHU.pcm

SwiftExplicitDependencyGeneratePcm arm64 /Users/c4v4h/Library/Developer/Xcode/DerivedData/CascadeAddonRecoveryProbe/probe-7na4sb1w/Build/SDKExplicitPrecompiledModules/os_workgroup-DTZSPEBF2KTGIDSZZOTULT6NG.pcm

SwiftExplicitDependencyGeneratePcm x86_64 /Users/c4v4h/Library/Developer/Xcode/DerivedData/CascadeAddonRecoveryProbe/probe-7na4sb1w/Build/SDKExplicitPrecompiledModules/ObjectiveC-8HZDFCET0G6EWZZX4IZ9SGBWX.pcm

SwiftExplicitDependencyGeneratePcm x86_64 /Users/c4v4h/Library/Developer/Xcode/DerivedData/CascadeAddonRecoveryProbe/probe-7na4sb1w/Build/SDKExplicitPrecompiledModules/os_workgroup-937Q0T5CG5HLBAZJF2E9L1NID.pcm

SwiftExplicitDependencyGeneratePcm arm64 /Users/c4v4h/Library/Developer/Xcode/DerivedData/CascadeAddonRecoveryProbe/probe-7na4sb1w/Build/SDKExplicitPrecompiledModules/Dispatch-2OR4ODK2CX27M1HVLG347JKDE.pcm

SwiftExplicitDependencyGeneratePcm arm64 /Users/c4v4h/Library/Developer/Xcode/DerivedData/CascadeAddonRecoveryProbe/probe-7na4sb1w/Build/SDKExplicitPrecompiledModules/os_workgroup-4DOYEUH6BP9VX1K7G6SR912P2.pcm

SwiftExplicitDependencyGeneratePcm x86_64 /Users/c4v4h/Library/Developer/Xcode/DerivedData/CascadeAddonRecoveryProbe/probe-7na4sb1w/Build/SDKExplicitPrecompiledModules/os_object-EC957I7GCVRQW0X8MLMSQNV0.pcm

SwiftExplicitDependencyGeneratePcm x86_64 /Users/c4v4h/Library/Developer/Xcode/DerivedData/CascadeAddonRecoveryProbe/probe-7na4sb1w/Build/SDKExplicitPrecompiledModules/Dispatch-SEKPUKK7GKL0BYVF7ATT3LIW.pcm

SwiftExplicitDependencyGeneratePcm x86_64 /Users/c4v4h/Library/Developer/Xcode/DerivedData/CascadeAddonRecoveryProbe/probe-7na4sb1w/Build/SDKExplicitPrecompiledModules/os_workgroup-1P491NYOBUBZ7UZE9M3H470XX.pcm

SwiftExplicitDependencyGeneratePcm arm64 /Users/c4v4h/Library/Developer/Xcode/DerivedData/CascadeAddonRecoveryProbe/probe-7na4sb1w/Build/SDKExplicitPrecompiledModules/Dispatch-9PC57CZ8RSG369X6HDX67Z9ZX.pcm

SwiftExplicitDependencyGeneratePcm arm64 /Users/c4v4h/Library/Developer/Xcode/DerivedData/CascadeAddonRecoveryProbe/probe-7na4sb1w/Build/SDKExplicitPrecompiledModules/dnssd-EZGSW6IBF7AVSY5O9X45SAUF0.pcm

SwiftExplicitDependencyGeneratePcm arm64 /Users/c4v4h/Library/Developer/Xcode/DerivedData/CascadeAddonRecoveryProbe/probe-7na4sb1w/Build/SDKExplicitPrecompiledModules/XPC-566631QYL29E0925W8I4T0WJE.pcm

SwiftExplicitDependencyGeneratePcm arm64 /Users/c4v4h/Library/Developer/Xcode/DerivedData/CascadeAddonRecoveryProbe/probe-7na4sb1w/Build/SDKExplicitPrecompiledModules/CoreFoundation-2XVTB1PHXR39WUDSOAIZG7Q78.pcm

SwiftExplicitDependencyGeneratePcm x86_64 /Users/c4v4h/Library/Developer/Xcode/DerivedData/CascadeAddonRecoveryProbe/probe-7na4sb1w/Build/SDKExplicitPrecompiledModules/Spatial-AO7KTHZDZHSHF2HEP2NJ6IG7H.pcm

SwiftExplicitDependencyGeneratePcm x86_64 /Users/c4v4h/Library/Developer/Xcode/DerivedData/CascadeAddonRecoveryProbe/probe-7na4sb1w/Build/SDKExplicitPrecompiledModules/Dispatch-AZ9BYFCCRJQATMUXJTJZ3UADV.pcm

SwiftExplicitDependencyGeneratePcm x86_64 /Users/c4v4h/Library/Developer/Xcode/DerivedData/CascadeAddonRecoveryProbe/probe-7na4sb1w/Build/SDKExplicitPrecompiledModules/XPC-BCB7MT2ITW8M6SWYCXJ9O4FNP.pcm

SwiftExplicitDependencyGeneratePcm x86_64 /Users/c4v4h/Library/Developer/Xcode/DerivedData/CascadeAddonRecoveryProbe/probe-7na4sb1w/Build/SDKExplicitPrecompiledModules/dnssd-4DQ2WWF20UMEPGIQF41TFYL52.pcm

SwiftExplicitDependencyGeneratePcm x86_64 /Users/c4v4h/Library/Developer/Xcode/DerivedData/CascadeAddonRecoveryProbe/probe-7na4sb1w/Build/SDKExplicitPrecompiledModules/CoreFoundation-3JEO13HG6S0D5GT233U78IB1E.pcm

SwiftExplicitDependencyGeneratePcm arm64 /Users/c4v4h/Library/Developer/Xcode/DerivedData/CascadeAddonRecoveryProbe/probe-7na4sb1w/Build/SDKExplicitPrecompiledModules/dnssd-4KHL1BX5BUZYU2X9U36C3DN44.pcm

SwiftExplicitDependencyGeneratePcm arm64 /Users/c4v4h/Library/Developer/Xcode/DerivedData/CascadeAddonRecoveryProbe/probe-7na4sb1w/Build/SDKExplicitPrecompiledModules/XPC-D1661DBFNQOVVE1NTJUIE4NXS.pcm

SwiftExplicitDependencyGeneratePcm x86_64 /Users/c4v4h/Library/Developer/Xcode/DerivedData/CascadeAddonRecoveryProbe/probe-7na4sb1w/Build/SDKExplicitPrecompiledModules/XPC-8UPXC56G8H3G61UTZY7V4I2V5.pcm

SwiftExplicitDependencyGeneratePcm x86_64 /Users/c4v4h/Library/Developer/Xcode/DerivedData/CascadeAddonRecoveryProbe/probe-7na4sb1w/Build/SDKExplicitPrecompiledModules/CoreFoundation-A188E5E5M8WFV1JQQRR2LOYBT.pcm

SwiftExplicitDependencyGeneratePcm arm64 /Users/c4v4h/Library/Developer/Xcode/DerivedData/CascadeAddonRecoveryProbe/probe-7na4sb1w/Build/SDKExplicitPrecompiledModules/os-8UFGR4B9266QXNFV5ARHBOLMH.pcm

SwiftExplicitDependencyGeneratePcm x86_64 /Users/c4v4h/Library/Developer/Xcode/DerivedData/CascadeAddonRecoveryProbe/probe-7na4sb1w/Build/SDKExplicitPrecompiledModules/os-2FURXHM76IA5DJXBOPU0NA08T.pcm

SwiftExplicitDependencyGeneratePcm arm64 /Users/c4v4h/Library/Developer/Xcode/DerivedData/CascadeAddonRecoveryProbe/probe-7na4sb1w/Build/SDKExplicitPrecompiledModules/CoreFoundation-3MQNKDIWS7SR2O4ZZ94ZC8IE6.pcm

SwiftExplicitDependencyGeneratePcm x86_64 /Users/c4v4h/Library/Developer/Xcode/DerivedData/CascadeAddonRecoveryProbe/probe-7na4sb1w/Build/SDKExplicitPrecompiledModules/os-BUJIMIVD5FO12MHDRI0BRDLXJ.pcm

SwiftExplicitDependencyGeneratePcm arm64 /Users/c4v4h/Library/Developer/Xcode/DerivedData/CascadeAddonRecoveryProbe/probe-7na4sb1w/Build/SDKExplicitPrecompiledModules/IOKit-347TQYCIWAY5XEBJ0VTOVHBGZ.pcm

SwiftExplicitDependencyGeneratePcm arm64 /Users/c4v4h/Library/Developer/Xcode/DerivedData/CascadeAddonRecoveryProbe/probe-7na4sb1w/Build/SDKExplicitPrecompiledModules/CFNetwork-3FLNNT5X326KSNIZ6TNYQMNF1.pcm

SwiftExplicitDependencyGeneratePcm arm64 /Users/c4v4h/Library/Developer/Xcode/DerivedData/CascadeAddonRecoveryProbe/probe-7na4sb1w/Build/SDKExplicitPrecompiledModules/os-2FPNE7NCNQIW7NT5H2S9RJVIG.pcm

SwiftExplicitDependencyGeneratePcm x86_64 /Users/c4v4h/Library/Developer/Xcode/DerivedData/CascadeAddonRecoveryProbe/probe-7na4sb1w/Build/SDKExplicitPrecompiledModules/CFNetwork-9SAJYJOHSCKX1KM5ILIED6H42.pcm

SwiftExplicitDependencyGeneratePcm x86_64 /Users/c4v4h/Library/Developer/Xcode/DerivedData/CascadeAddonRecoveryProbe/probe-7na4sb1w/Build/SDKExplicitPrecompiledModules/Security-AMYRI0BZTTNMCCJH1M0QYKWN6.pcm

SwiftExplicitDependencyGeneratePcm x86_64 /Users/c4v4h/Library/Developer/Xcode/DerivedData/CascadeAddonRecoveryProbe/probe-7na4sb1w/Build/SDKExplicitPrecompiledModules/CoreAudioTypes-9N1RZ99CNW9KDA5JSS0K9YB52.pcm

SwiftExplicitDependencyGeneratePcm x86_64 /Users/c4v4h/Library/Developer/Xcode/DerivedData/CascadeAddonRecoveryProbe/probe-7na4sb1w/Build/SDKExplicitPrecompiledModules/IOKit-AZAN5SNLB61SUNXJVGBKEAYY3.pcm

SwiftExplicitDependencyGeneratePcm x86_64 /Users/c4v4h/Library/Developer/Xcode/DerivedData/CascadeAddonRecoveryProbe/probe-7na4sb1w/Build/SDKExplicitPrecompiledModules/IOKit-ED07M5I5RIIDAU3M8F8SNUXJD.pcm

SwiftExplicitDependencyGeneratePcm x86_64 /Users/c4v4h/Library/Developer/Xcode/DerivedData/CascadeAddonRecoveryProbe/probe-7na4sb1w/Build/SDKExplicitPrecompiledModules/CFNetwork-EX60I43792LKKJ7DVWZ27I8QL.pcm

SwiftExplicitDependencyGeneratePcm x86_64 /Users/c4v4h/Library/Developer/Xcode/DerivedData/CascadeAddonRecoveryProbe/probe-7na4sb1w/Build/SDKExplicitPrecompiledModules/ColorSync-73GKTGGVSGE6BP13W4YTARZL1.pcm

SwiftExplicitDependencyGeneratePcm x86_64 /Users/c4v4h/Library/Developer/Xcode/DerivedData/CascadeAddonRecoveryProbe/probe-7na4sb1w/Build/SDKExplicitPrecompiledModules/dnssd-6N5YYKHMZ3QPF0LR5KYYHG13G.pcm

SwiftExplicitDependencyGeneratePcm arm64 /Users/c4v4h/Library/Developer/Xcode/DerivedData/CascadeAddonRecoveryProbe/probe-7na4sb1w/Build/SDKExplicitPrecompiledModules/Security-BFU8ZO41KESMQSFOKWOEXLK8F.pcm

SwiftExplicitDependencyGeneratePcm arm64 /Users/c4v4h/Library/Developer/Xcode/DerivedData/CascadeAddonRecoveryProbe/probe-7na4sb1w/Build/SDKExplicitPrecompiledModules/Security-2422HE2LBQVZHI1K1LOF8C28U.pcm

SwiftExplicitDependencyGeneratePcm arm64 /Users/c4v4h/Library/Developer/Xcode/DerivedData/CascadeAddonRecoveryProbe/probe-7na4sb1w/Build/SDKExplicitPrecompiledModules/ColorSync-DQ8WY90U0MV7RSLZUCLXVYPFN.pcm

SwiftExplicitDependencyGeneratePcm arm64 /Users/c4v4h/Library/Developer/Xcode/DerivedData/CascadeAddonRecoveryProbe/probe-7na4sb1w/Build/SDKExplicitPrecompiledModules/CFNetwork-9SI03UTQZRSW90B8MSNAOY72Q.pcm

SwiftExplicitDependencyGeneratePcm arm64 /Users/c4v4h/Library/Developer/Xcode/DerivedData/CascadeAddonRecoveryProbe/probe-7na4sb1w/Build/SDKExplicitPrecompiledModules/IOKit-4KZYDKLD7WDYNAUOPYJCQORP8.pcm

SwiftExplicitDependencyGeneratePcm arm64 /Users/c4v4h/Library/Developer/Xcode/DerivedData/CascadeAddonRecoveryProbe/probe-7na4sb1w/Build/SDKExplicitPrecompiledModules/DiskArbitration-7Y4RLI50D1U87S6XHBLIMS5CR.pcm

SwiftExplicitDependencyGeneratePcm arm64 /Users/c4v4h/Library/Developer/Xcode/DerivedData/CascadeAddonRecoveryProbe/probe-7na4sb1w/Build/SDKExplicitPrecompiledModules/CoreAudioTypes-3D4TWMEGAR3Q2URJ6A722SA05.pcm

SwiftExplicitDependencyGeneratePcm x86_64 /Users/c4v4h/Library/Developer/Xcode/DerivedData/CascadeAddonRecoveryProbe/probe-7na4sb1w/Build/SDKExplicitPrecompiledModules/Security-9SCV90GBQ0Y19NQ8KK12M5LM0.pcm

SwiftExplicitDependencyGeneratePcm x86_64 /Users/c4v4h/Library/Developer/Xcode/DerivedData/CascadeAddonRecoveryProbe/probe-7na4sb1w/Build/SDKExplicitPrecompiledModules/CoreGraphics-BICEPLGRJWKJR668PUYX56CWZ.pcm

SwiftExplicitDependencyGeneratePcm x86_64 /Users/c4v4h/Library/Developer/Xcode/DerivedData/CascadeAddonRecoveryProbe/probe-7na4sb1w/Build/SDKExplicitPrecompiledModules/DiskArbitration-E6UDS4F5IVZTAB1MDOP3535QN.pcm

SwiftExplicitDependencyGeneratePcm arm64 /Users/c4v4h/Library/Developer/Xcode/DerivedData/CascadeAddonRecoveryProbe/probe-7na4sb1w/Build/SDKExplicitPrecompiledModules/CoreServices-59L6S162K8ME2WRLANSU9EV07.pcm

SwiftExplicitDependencyGeneratePcm x86_64 /Users/c4v4h/Library/Developer/Xcode/DerivedData/CascadeAddonRecoveryProbe/probe-7na4sb1w/Build/SDKExplicitPrecompiledModules/DiskArbitration-8YZC6IWZFUI7V58PG4XUQ5HP.pcm

SwiftExplicitDependencyGeneratePcm x86_64 /Users/c4v4h/Library/Developer/Xcode/DerivedData/CascadeAddonRecoveryProbe/probe-7na4sb1w/Build/SDKExplicitPrecompiledModules/CoreServices-4P7QO1YOX4CTZF4KDUMPR0IND.pcm

SwiftExplicitDependencyGeneratePcm x86_64 /Users/c4v4h/Library/Developer/Xcode/DerivedData/CascadeAddonRecoveryProbe/probe-7na4sb1w/Build/SDKExplicitPrecompiledModules/CoreText-D9KI8WWEKZK0YM1B5CS9Q3FHZ.pcm

SwiftExplicitDependencyGeneratePcm x86_64 /Users/c4v4h/Library/Developer/Xcode/DerivedData/CascadeAddonRecoveryProbe/probe-7na4sb1w/Build/SDKExplicitPrecompiledModules/ImageIO-A4C8001MJCNJNMM00WWBCXJQC.pcm

SwiftExplicitDependencyGeneratePcm arm64 /Users/c4v4h/Library/Developer/Xcode/DerivedData/CascadeAddonRecoveryProbe/probe-7na4sb1w/Build/SDKExplicitPrecompiledModules/DiskArbitration-2L3ISMXBJGTOBMK723V3GVELN.pcm

SwiftExplicitDependencyGeneratePcm arm64 /Users/c4v4h/Library/Developer/Xcode/DerivedData/CascadeAddonRecoveryProbe/probe-7na4sb1w/Build/SDKExplicitPrecompiledModules/CoreGraphics-BVK32737H251CNNP8V0XBZDZJ.pcm

SwiftExplicitDependencyGeneratePcm x86_64 /Users/c4v4h/Library/Developer/Xcode/DerivedData/CascadeAddonRecoveryProbe/probe-7na4sb1w/Build/SDKExplicitPrecompiledModules/CoreServices-42LAEZCNM5TN6L1IKNT6QBL2B.pcm

SwiftExplicitDependencyGeneratePcm arm64 /Users/c4v4h/Library/Developer/Xcode/DerivedData/CascadeAddonRecoveryProbe/probe-7na4sb1w/Build/SDKExplicitPrecompiledModules/CoreServices-BR701KZ2M6WM2G4TKZHGN3MRA.pcm

SwiftExplicitDependencyGeneratePcm arm64 /Users/c4v4h/Library/Developer/Xcode/DerivedData/CascadeAddonRecoveryProbe/probe-7na4sb1w/Build/SDKExplicitPrecompiledModules/CoreText-6W9NYQJJK80YV8YYDJU6JRGFI.pcm

SwiftExplicitDependencyGeneratePcm arm64 /Users/c4v4h/Library/Developer/Xcode/DerivedData/CascadeAddonRecoveryProbe/probe-7na4sb1w/Build/SDKExplicitPrecompiledModules/ImageIO-1QC1NS75LW6P8CSNLYVSM7GC7.pcm

SwiftExplicitDependencyGeneratePcm arm64 /Users/c4v4h/Library/Developer/Xcode/DerivedData/CascadeAddonRecoveryProbe/probe-7na4sb1w/Build/SDKExplicitPrecompiledModules/Foundation-4UDMH1LVNQTWWAU7LXUPUP8BD.pcm

SwiftExplicitDependencyGeneratePcm x86_64 /Users/c4v4h/Library/Developer/Xcode/DerivedData/CascadeAddonRecoveryProbe/probe-7na4sb1w/Build/SDKExplicitPrecompiledModules/Foundation-1RC0SSVAVDQ6GEL85Z7JX3FSG.pcm

SwiftExplicitDependencyGeneratePcm x86_64 /Users/c4v4h/Library/Developer/Xcode/DerivedData/CascadeAddonRecoveryProbe/probe-7na4sb1w/Build/SDKExplicitPrecompiledModules/Foundation-LW58KJF7QROE2X87B7E2C8VF.pcm

SwiftExplicitDependencyGeneratePcm arm64 /Users/c4v4h/Library/Developer/Xcode/DerivedData/CascadeAddonRecoveryProbe/probe-7na4sb1w/Build/SDKExplicitPrecompiledModules/Foundation-AO6GJQWXI3ZSM9FLT0VD3JMBT.pcm

SwiftExplicitDependencyGeneratePcm arm64 /Users/c4v4h/Library/Developer/Xcode/DerivedData/CascadeAddonRecoveryProbe/probe-7na4sb1w/Build/SDKExplicitPrecompiledModules/UniformTypeIdentifiers-4C76AGTJFJANB0N5T3Y0SPYWT.pcm

SwiftExplicitDependencyGeneratePcm arm64 /Users/c4v4h/Library/Developer/Xcode/DerivedData/CascadeAddonRecoveryProbe/probe-7na4sb1w/Build/SDKExplicitPrecompiledModules/Network-6UQSULNS09879UTY3EIHCRJH6.pcm

SwiftExplicitDependencyGeneratePcm arm64 /Users/c4v4h/Library/Developer/Xcode/DerivedData/CascadeAddonRecoveryProbe/probe-7na4sb1w/Build/SDKExplicitPrecompiledModules/OSLog-BJ1FJYRO0JFV7DO3R164BBIQR.pcm

SwiftExplicitDependencyGeneratePcm x86_64 /Users/c4v4h/Library/Developer/Xcode/DerivedData/CascadeAddonRecoveryProbe/probe-7na4sb1w/Build/SDKExplicitPrecompiledModules/OSLog-8MC2SRHHOMWY14QR20ZE4T20K.pcm

SwiftExplicitDependencyGeneratePcm x86_64 /Users/c4v4h/Library/Developer/Xcode/DerivedData/CascadeAddonRecoveryProbe/probe-7na4sb1w/Build/SDKExplicitPrecompiledModules/UniformTypeIdentifiers-7XF2L55NEZA4O6Z18EJD65KJR.pcm

SwiftExplicitDependencyGeneratePcm x86_64 /Users/c4v4h/Library/Developer/Xcode/DerivedData/CascadeAddonRecoveryProbe/probe-7na4sb1w/Build/SDKExplicitPrecompiledModules/Network-3CVWFLDY39Z8MEEZNF7MDWOAZ.pcm

SwiftExplicitDependencyGeneratePcm x86_64 /Users/c4v4h/Library/Developer/Xcode/DerivedData/CascadeAddonRecoveryProbe/probe-7na4sb1w/Build/SDKExplicitPrecompiledModules/Symbols-8LAB6NTP9VZGJ9EFOICA9DXMR.pcm

SwiftExplicitDependencyGeneratePcm x86_64 /Users/c4v4h/Library/Developer/Xcode/DerivedData/CascadeAddonRecoveryProbe/probe-7na4sb1w/Build/SDKExplicitPrecompiledModules/Network-9YWRU5ND6DSR8ZP655569UXTZ.pcm

SwiftExplicitDependencyGeneratePcm x86_64 /Users/c4v4h/Library/Developer/Xcode/DerivedData/CascadeAddonRecoveryProbe/probe-7na4sb1w/Build/SDKExplicitPrecompiledModules/UniformTypeIdentifiers-5RD5WKTJPDZ1KK5AMCX3RN7WO.pcm

SwiftExplicitDependencyGeneratePcm x86_64 /Users/c4v4h/Library/Developer/Xcode/DerivedData/CascadeAddonRecoveryProbe/probe-7na4sb1w/Build/SDKExplicitPrecompiledModules/CoreAudio-5RGYSRUR0OSN5HAWM0A5H4DOV.pcm

SwiftExplicitDependencyGeneratePcm x86_64 /Users/c4v4h/Library/Developer/Xcode/DerivedData/CascadeAddonRecoveryProbe/probe-7na4sb1w/Build/SDKExplicitPrecompiledModules/Accessibility-A2OM36ZN05MVEWIGU6ZT6D12A.pcm

SwiftExplicitDependencyGeneratePcm x86_64 /Users/c4v4h/Library/Developer/Xcode/DerivedData/CascadeAddonRecoveryProbe/probe-7na4sb1w/Build/SDKExplicitPrecompiledModules/CoreTransferable-6B67FRXKTHM0HVJD91HA24N3J.pcm

SwiftEmitModule normal arm64 Emitting\ module\ for\ CascadeProbeProvider (in target 'ProbeProvider' from project 'AddonPlatform')

SwiftCompile normal arm64 (in target 'ProbeProvider' from project 'AddonPlatform')
    cd /Users/c4v4h/Library/Developer/Xcode/DerivedData/CascadeAddonRecoveryProbe/probe-7na4sb1w/Sources
    

SwiftEmitModule normal x86_64 Emitting\ module\ for\ CascadeProbeProvider (in target 'ProbeProvider' from project 'AddonPlatform')

SwiftCompile normal x86_64 (in target 'ProbeProvider' from project 'AddonPlatform')
    cd /Users/c4v4h/Library/Developer/Xcode/DerivedData/CascadeAddonRecoveryProbe/probe-7na4sb1w/Sources
    

SwiftExplicitDependencyGeneratePcm x86_64 /Users/c4v4h/Library/Developer/Xcode/DerivedData/CascadeAddonRecoveryProbe/probe-7na4sb1w/Build/SDKExplicitPrecompiledModules/DataDetection-59SWEY2XIRNW9ADI0NTB3UGER.pcm

SwiftExplicitDependencyGeneratePcm arm64 /Users/c4v4h/Library/Developer/Xcode/DerivedData/CascadeAddonRecoveryProbe/probe-7na4sb1w/Build/SDKExplicitPrecompiledModules/CoreData-7MGKORLZOCYFP7RJZQMKCSHKB.pcm

SwiftExplicitDependencyGeneratePcm arm64 /Users/c4v4h/Library/Developer/Xcode/DerivedData/CascadeAddonRecoveryProbe/probe-7na4sb1w/Build/SDKExplicitPrecompiledModules/IOSurface-EX9PA2JBHJ166MZIMU4V475BM.pcm

SwiftExplicitDependencyGeneratePcm arm64 /Users/c4v4h/Library/Developer/Xcode/DerivedData/CascadeAddonRecoveryProbe/probe-7na4sb1w/Build/SDKExplicitPrecompiledModules/OSLog-DOUVOI5JWIJNWRW9VI1X76UTA.pcm

SwiftExplicitDependencyGeneratePcm arm64 /Users/c4v4h/Library/Developer/Xcode/DerivedData/CascadeAddonRecoveryProbe/probe-7na4sb1w/Build/SDKExplicitPrecompiledModules/ApplicationServices-1E5IU5NZZGUWUHQ5ZTXC3VD27.pcm

SwiftExplicitDependencyGeneratePcm arm64 /Users/c4v4h/Library/Developer/Xcode/DerivedData/CascadeAddonRecoveryProbe/probe-7na4sb1w/Build/SDKExplicitPrecompiledModules/CoreTransferable-DJ9S0CC05M22BU8VU8VCZOCSP.pcm

SwiftExplicitDependencyGeneratePcm arm64 /Users/c4v4h/Library/Developer/Xcode/DerivedData/CascadeAddonRecoveryProbe/probe-7na4sb1w/Build/SDKExplicitPrecompiledModules/Network-3XHRALE28HZUV57NZUURRH53Y.pcm

SwiftExplicitDependencyGeneratePcm arm64 /Users/c4v4h/Library/Developer/Xcode/DerivedData/CascadeAddonRecoveryProbe/probe-7na4sb1w/Build/SDKExplicitPrecompiledModules/CoreAudio-8TIHYNNCUZG51WOW8ABEK38RR.pcm

SwiftExplicitDependencyGeneratePcm x86_64 /Users/c4v4h/Library/Developer/Xcode/DerivedData/CascadeAddonRecoveryProbe/probe-7na4sb1w/Build/SDKExplicitPrecompiledModules/CoreData-8ND0H7TUM2CPHUSUSSJNVF1OD.pcm

SwiftDriverJobDiscovery normal arm64 Emitting module for CascadeProbeProvider (in target 'ProbeProvider' from project 'AddonPlatform')

SwiftDriver\ Compilation\ Requirements ProbeProvider normal arm64 com.apple.xcode.tools.swift.compiler (in target 'ProbeProvider' from project 'AddonPlatform')
    cd /Users/c4v4h/Library/Developer/Xcode/DerivedData/CascadeAddonRecoveryProbe/probe-7na4sb1w/Sources
    builtin-Swift-Compilation-Requirements -- /Applications/Xcode-beta.app/Contents/Developer/Toolchains/XcodeDefault.xctoolchain/usr/bin/swiftc -module-name CascadeProbeProvider -Onone @/Users/c4v4h/Library/Developer/Xcode/DerivedData/CascadeAddonRecoveryProbe/probe-7na4sb1w/Build/Build/Intermediates.noindex/AddonPlatform.build/Debug/ProbeProvider.build/Objects-normal/arm64/CascadeProbeProvider.SwiftFileList -DDEBUG -DRECOVERY_PROBE -DBROKER_PROVIDER -enable-bare-slash-regex -enable-experimental-feature DebugDescriptionMacro -sdk /Applications/Xcode-beta.app/Contents/Developer/Platforms/MacOSX.platform/Developer/SDKs/MacOSX27.0.sdk -target arm64-apple-macos14.0 -g -module-cache-path /Users/c4v4h/Library/Developer/Xcode/DerivedData/CascadeAddonRecoveryProbe/probe-7na4sb1w/Build/ModuleCache.noindex -Xfrontend -serialize-debugging-options -application-extension -index-store-path /Users/c4v4h/Library/Developer/Xcode/DerivedData/CascadeAddonRecoveryProbe/probe-7na4sb1w/Build/Index.noindex/DataStore -swift-version 5 -I /Users/c4v4h/Library/Developer/Xcode/DerivedData/CascadeAddonRecoveryProbe/probe-7na4sb1w/Build/Build/Products/Debug -F /Users/c4v4h/Library/Developer/Xcode/DerivedData/CascadeAddonRecoveryProbe/probe-7na4sb1w/Build/Build/Products/Debug -c -j8 -enable-batch-mode -incremental -Xcc -ivfsstatcache -Xcc /Users/c4v4h/Library/Developer/Xcode/DerivedData/CascadeAddonRecoveryProbe/probe-7na4sb1w/Build/SDKStatCaches.noindex/macosx27.0-26A5419a-e829b21a6f8c9b70876ba0858053c04445874285e5972fffeae925c4ab065928.sdkstatcache -output-file-map /Users/c4v4h/Library/Developer/Xcode/DerivedData/CascadeAddonRecoveryProbe/probe-7na4sb1w/Build/Build/Intermediates.noindex/AddonPlatform.build/Debug/ProbeProvider.build/Objects-normal/arm64/ProbeProvider-OutputFileMap.json -save-temps -no-color-diagnostics -explicit-module-build -module-cache-path /Users/c4v4h/Library/Developer/Xcode/DerivedData/CascadeAddonRecoveryProbe/probe-7na4sb1w/Build/Build/Intermediates.noindex/SwiftExplicitPrecompiledModules -clang-scanner-module-cache-path /Users/c4v4h/Library/Developer/Xcode/DerivedData/CascadeAddonRecoveryProbe/probe-7na4sb1w/Build/ModuleCache.noindex -sdk-module-cache-path /Users/c4v4h/Library/Developer/Xcode/DerivedData/CascadeAddonRecoveryProbe/probe-7na4sb1w/Build/SDKExplicitPrecompiledModules -emit-dependencies -emit-module -emit-module-path /Users/c4v4h/Library/Developer/Xcode/DerivedData/CascadeAddonRecoveryProbe/probe-7na4sb1w/Build/Build/Intermediates.noindex/AddonPlatform.build/Debug/ProbeProvider.build/Objects-normal/arm64/CascadeProbeProvider.swiftmodule -serialize-diagnostics -dependency-scan-serialize-diagnostics-path /Users/c4v4h/Library/Developer/Xcode/DerivedData/CascadeAddonRecoveryProbe/probe-7na4sb1w/Build/Build/Intermediates.noindex/AddonPlatform.build/Debug/ProbeProvider.build/Objects-normal/arm64/CascadeProbeProvider-dependency-scan.dia -validate-clang-modules-once -clang-build-session-file /Users/c4v4h/Library/Developer/Xcode/DerivedData/CascadeAddonRecoveryProbe/probe-7na4sb1w/Build/ModuleCache.noindex/Session.modulevalidation -Xcc -fmodules-prune-interval\=86400 -Xcc -fmodules-prune-after\=345600 -emit-const-values -const-gather-protocols-list /Users/c4v4h/Library/Developer/Xcode/DerivedData/CascadeAddonRecoveryProbe/probe-7na4sb1w/Build/Build/Intermediates.noindex/AddonPlatform.build/Debug/ProbeProvider.build/Objects-normal/arm64/ProbeProvider_const_extract_protocols.json -Xcc -iquote -Xcc /Users/c4v4h/Library/Developer/Xcode/DerivedData/CascadeAddonRecoveryProbe/probe-7na4sb1w/Build/Build/Intermediates.noindex/AddonPlatform.build/Debug/ProbeProvider.build/CascadeProbeProvider-generated-files.hmap -Xcc -I/Users/c4v4h/Library/Developer/Xcode/DerivedData/CascadeAddonRecoveryProbe/probe-7na4sb1w/Build/Build/Intermediates.noindex/AddonPlatform.build/Debug/ProbeProvider.build/CascadeProbeProvider-own-target-headers.hmap -Xcc -I/Users/c4v4h/Library/Developer/Xcode/DerivedData/CascadeAddonRecoveryProbe/probe-7na4sb1w/Build/Build/Intermediates.noindex/AddonPlatform.build/Debug/ProbeProvider.build/CascadeProbeProvider-all-target-headers.hmap -Xcc -iquote -Xcc /Users/c4v4h/Library/Developer/Xcode/DerivedData/CascadeAddonRecoveryProbe/probe-7na4sb1w/Build/Build/Intermediates.noindex/AddonPlatform.build/Debug/ProbeProvider.build/CascadeProbeProvider-project-headers.hmap -Xcc -I/Users/c4v4h/Library/Developer/Xcode/DerivedData/CascadeAddonRecoveryProbe/probe-7na4sb1w/Build/Build/Products/Debug/include -Xcc -I/Users/c4v4h/Library/Developer/Xcode/DerivedData/CascadeAddonRecoveryProbe/probe-7na4sb1w/Build/Build/Intermediates.noindex/AddonPlatform.build/Debug/ProbeProvider.build/DerivedSources-normal/arm64 -Xcc -I/Users/c4v4h/Library/Developer/Xcode/DerivedData/CascadeAddonRecoveryProbe/probe-7na4sb1w/Build/Build/Intermediates.noindex/AddonPlatform.build/Debug/ProbeProvider.build/DerivedSources/arm64 -Xcc -I/Users/c4v4h/Library/Developer/Xcode/DerivedData/CascadeAddonRecoveryProbe/probe-7na4sb1w/Build/Build/Intermediates.noindex/AddonPlatform.build/Debug/ProbeProvider.build/DerivedSources -emit-objc-header -emit-objc-header-path /Users/c4v4h/Library/Developer/Xcode/DerivedData/CascadeAddonRecoveryProbe/probe-7na4sb1w/Build/Build/Intermediates.noindex/AddonPlatform.build/Debug/ProbeProvider.build/Objects-normal/arm64/CascadeProbeProvider-Swift.h -working-directory /Users/c4v4h/Library/Developer/Xcode/DerivedData/CascadeAddonRecoveryProbe/probe-7na4sb1w/Sources -experimental-emit-module-separately -disable-cmo

SwiftExplicitDependencyGeneratePcm x86_64 /Users/c4v4h/Library/Developer/Xcode/DerivedData/CascadeAddonRecoveryProbe/probe-7na4sb1w/Build/SDKExplicitPrecompiledModules/OSLog-2R0IOCWZATWR9SVIWWK5TO7GP.pcm

SwiftExplicitDependencyGeneratePcm arm64 /Users/c4v4h/Library/Developer/Xcode/DerivedData/CascadeAddonRecoveryProbe/probe-7na4sb1w/Build/SDKExplicitPrecompiledModules/Metal-9QA8VU1ZSUMR9Q1R77CD4J6QP.pcm

Copy /Users/c4v4h/Library/Developer/Xcode/DerivedData/CascadeAddonRecoveryProbe/probe-7na4sb1w/Build/Build/Products/Debug/CascadeProbeProvider.swiftmodule/arm64-apple-macos.swiftmodule /Users/c4v4h/Library/Developer/Xcode/DerivedData/CascadeAddonRecoveryProbe/probe-7na4sb1w/Build/Build/Intermediates.noindex/AddonPlatform.build/Debug/ProbeProvider.build/Objects-normal/arm64/CascadeProbeProvider.swiftmodule (in target 'ProbeProvider' from project 'AddonPlatform')
    cd /Users/c4v4h/Library/Developer/Xcode/DerivedData/CascadeAddonRecoveryProbe/probe-7na4sb1w/Sources
    builtin-copy -exclude .DS_Store -exclude CVS -exclude .svn -exclude .git -exclude .hg -strip-unsigned-binaries -strip-deterministic -strip-tool /Applications/Xcode-beta.app/Contents/Developer/Toolchains/XcodeDefault.xctoolchain/usr/bin/strip -resolve-src-symlinks -rename /Users/c4v4h/Library/Developer/Xcode/DerivedData/CascadeAddonRecoveryProbe/probe-7na4sb1w/Build/Build/Intermediates.noindex/AddonPlatform.build/Debug/ProbeProvider.build/Objects-normal/arm64/CascadeProbeProvider.swiftmodule /Users/c4v4h/Library/Developer/Xcode/DerivedData/CascadeAddonRecoveryProbe/probe-7na4sb1w/Build/Build/Products/Debug/CascadeProbeProvider.swiftmodule/arm64-apple-macos.swiftmodule

Copy /Users/c4v4h/Library/Developer/Xcode/DerivedData/CascadeAddonRecoveryProbe/probe-7na4sb1w/Build/Build/Products/Debug/CascadeProbeProvider.swiftmodule/arm64-apple-macos.swiftdoc /Users/c4v4h/Library/Developer/Xcode/DerivedData/CascadeAddonRecoveryProbe/probe-7na4sb1w/Build/Build/Intermediates.noindex/AddonPlatform.build/Debug/ProbeProvider.build/Objects-normal/arm64/CascadeProbeProvider.swiftdoc (in target 'ProbeProvider' from project 'AddonPlatform')
    cd /Users/c4v4h/Library/Developer/Xcode/DerivedData/CascadeAddonRecoveryProbe/probe-7na4sb1w/Sources
    builtin-copy -exclude .DS_Store -exclude CVS -exclude .svn -exclude .git -exclude .hg -strip-unsigned-binaries -strip-deterministic -strip-tool /Applications/Xcode-beta.app/Contents/Developer/Toolchains/XcodeDefault.xctoolchain/usr/bin/strip -resolve-src-symlinks -rename /Users/c4v4h/Library/Developer/Xcode/DerivedData/CascadeAddonRecoveryProbe/probe-7na4sb1w/Build/Build/Intermediates.noindex/AddonPlatform.build/Debug/ProbeProvider.build/Objects-normal/arm64/CascadeProbeProvider.swiftdoc /Users/c4v4h/Library/Developer/Xcode/DerivedData/CascadeAddonRecoveryProbe/probe-7na4sb1w/Build/Build/Products/Debug/CascadeProbeProvider.swiftmodule/arm64-apple-macos.swiftdoc

Copy /Users/c4v4h/Library/Developer/Xcode/DerivedData/CascadeAddonRecoveryProbe/probe-7na4sb1w/Build/Build/Products/Debug/CascadeProbeProvider.swiftmodule/arm64-apple-macos.abi.json /Users/c4v4h/Library/Developer/Xcode/DerivedData/CascadeAddonRecoveryProbe/probe-7na4sb1w/Build/Build/Intermediates.noindex/AddonPlatform.build/Debug/ProbeProvider.build/Objects-normal/arm64/CascadeProbeProvider.abi.json (in target 'ProbeProvider' from project 'AddonPlatform')
    cd /Users/c4v4h/Library/Developer/Xcode/DerivedData/CascadeAddonRecoveryProbe/probe-7na4sb1w/Sources
    builtin-copy -exclude .DS_Store -exclude CVS -exclude .svn -exclude .git -exclude .hg -strip-unsigned-binaries -strip-deterministic -strip-tool /Applications/Xcode-beta.app/Contents/Developer/Toolchains/XcodeDefault.xctoolchain/usr/bin/strip -resolve-src-symlinks -rename /Users/c4v4h/Library/Developer/Xcode/DerivedData/CascadeAddonRecoveryProbe/probe-7na4sb1w/Build/Build/Intermediates.noindex/AddonPlatform.build/Debug/ProbeProvider.build/Objects-normal/arm64/CascadeProbeProvider.abi.json /Users/c4v4h/Library/Developer/Xcode/DerivedData/CascadeAddonRecoveryProbe/probe-7na4sb1w/Build/Build/Products/Debug/CascadeProbeProvider.swiftmodule/arm64-apple-macos.abi.json

Copy /Users/c4v4h/Library/Developer/Xcode/DerivedData/CascadeAddonRecoveryProbe/probe-7na4sb1w/Build/Build/Products/Debug/CascadeProbeProvider.swiftmodule/Project/arm64-apple-macos.swiftsourceinfo /Users/c4v4h/Library/Developer/Xcode/DerivedData/CascadeAddonRecoveryProbe/probe-7na4sb1w/Build/Build/Intermediates.noindex/AddonPlatform.build/Debug/ProbeProvider.build/Objects-normal/arm64/CascadeProbeProvider.swiftsourceinfo (in target 'ProbeProvider' from project 'AddonPlatform')
    cd /Users/c4v4h/Library/Developer/Xcode/DerivedData/CascadeAddonRecoveryProbe/probe-7na4sb1w/Sources
    builtin-copy -exclude .DS_Store -exclude CVS -exclude .svn -exclude .git -exclude .hg -strip-unsigned-binaries -strip-deterministic -strip-tool /Applications/Xcode-beta.app/Contents/Developer/Toolchains/XcodeDefault.xctoolchain/usr/bin/strip -resolve-src-symlinks -rename /Users/c4v4h/Library/Developer/Xcode/DerivedData/CascadeAddonRecoveryProbe/probe-7na4sb1w/Build/Build/Intermediates.noindex/AddonPlatform.build/Debug/ProbeProvider.build/Objects-normal/arm64/CascadeProbeProvider.swiftsourceinfo /Users/c4v4h/Library/Developer/Xcode/DerivedData/CascadeAddonRecoveryProbe/probe-7na4sb1w/Build/Build/Products/Debug/CascadeProbeProvider.swiftmodule/Project/arm64-apple-macos.swiftsourceinfo

SwiftExplicitDependencyGeneratePcm arm64 /Users/c4v4h/Library/Developer/Xcode/DerivedData/CascadeAddonRecoveryProbe/probe-7na4sb1w/Build/SDKExplicitPrecompiledModules/OpenGL-EI1L77KNW8LKLDPPB7QYPM4UB.pcm

SwiftExplicitDependencyGeneratePcm x86_64 /Users/c4v4h/Library/Developer/Xcode/DerivedData/CascadeAddonRecoveryProbe/probe-7na4sb1w/Build/SDKExplicitPrecompiledModules/ApplicationServices-4RTSLH06YT0FQJQ8YLMSA3UZ0.pcm

SwiftExplicitDependencyGeneratePcm arm64 /Users/c4v4h/Library/Developer/Xcode/DerivedData/CascadeAddonRecoveryProbe/probe-7na4sb1w/Build/SDKExplicitPrecompiledModules/Accessibility-EGWFRIPGANUQRXIQ4BP64RFUE.pcm

SwiftExplicitDependencyGeneratePcm arm64 /Users/c4v4h/Library/Developer/Xcode/DerivedData/CascadeAddonRecoveryProbe/probe-7na4sb1w/Build/SDKExplicitPrecompiledModules/DataDetection-9HD195YIJASDFJEGW5CT8G9.pcm

SwiftDriverJobDiscovery normal x86_64 Emitting module for CascadeProbeProvider (in target 'ProbeProvider' from project 'AddonPlatform')

SwiftDriver\ Compilation\ Requirements ProbeProvider normal x86_64 com.apple.xcode.tools.swift.compiler (in target 'ProbeProvider' from project 'AddonPlatform')
    cd /Users/c4v4h/Library/Developer/Xcode/DerivedData/CascadeAddonRecoveryProbe/probe-7na4sb1w/Sources
    builtin-Swift-Compilation-Requirements -- /Applications/Xcode-beta.app/Contents/Developer/Toolchains/XcodeDefault.xctoolchain/usr/bin/swiftc -module-name CascadeProbeProvider -Onone @/Users/c4v4h/Library/Developer/Xcode/DerivedData/CascadeAddonRecoveryProbe/probe-7na4sb1w/Build/Build/Intermediates.noindex/AddonPlatform.build/Debug/ProbeProvider.build/Objects-normal/x86_64/CascadeProbeProvider.SwiftFileList -DDEBUG -DRECOVERY_PROBE -DBROKER_PROVIDER -enable-bare-slash-regex -enable-experimental-feature DebugDescriptionMacro -sdk /Applications/Xcode-beta.app/Contents/Developer/Platforms/MacOSX.platform/Developer/SDKs/MacOSX27.0.sdk -target x86_64-apple-macos14.0 -g -module-cache-path /Users/c4v4h/Library/Developer/Xcode/DerivedData/CascadeAddonRecoveryProbe/probe-7na4sb1w/Build/ModuleCache.noindex -Xfrontend -serialize-debugging-options -application-extension -index-store-path /Users/c4v4h/Library/Developer/Xcode/DerivedData/CascadeAddonRecoveryProbe/probe-7na4sb1w/Build/Index.noindex/DataStore -swift-version 5 -I /Users/c4v4h/Library/Developer/Xcode/DerivedData/CascadeAddonRecoveryProbe/probe-7na4sb1w/Build/Build/Products/Debug -F /Users/c4v4h/Library/Developer/Xcode/DerivedData/CascadeAddonRecoveryProbe/probe-7na4sb1w/Build/Build/Products/Debug -c -j8 -enable-batch-mode -incremental -Xcc -ivfsstatcache -Xcc /Users/c4v4h/Library/Developer/Xcode/DerivedData/CascadeAddonRecoveryProbe/probe-7na4sb1w/Build/SDKStatCaches.noindex/macosx27.0-26A5419a-e829b21a6f8c9b70876ba0858053c04445874285e5972fffeae925c4ab065928.sdkstatcache -output-file-map /Users/c4v4h/Library/Developer/Xcode/DerivedData/CascadeAddonRecoveryProbe/probe-7na4sb1w/Build/Build/Intermediates.noindex/AddonPlatform.build/Debug/ProbeProvider.build/Objects-normal/x86_64/ProbeProvider-OutputFileMap.json -save-temps -no-color-diagnostics -explicit-module-build -module-cache-path /Users/c4v4h/Library/Developer/Xcode/DerivedData/CascadeAddonRecoveryProbe/probe-7na4sb1w/Build/Build/Intermediates.noindex/SwiftExplicitPrecompiledModules -clang-scanner-module-cache-path /Users/c4v4h/Library/Developer/Xcode/DerivedData/CascadeAddonRecoveryProbe/probe-7na4sb1w/Build/ModuleCache.noindex -sdk-module-cache-path /Users/c4v4h/Library/Developer/Xcode/DerivedData/CascadeAddonRecoveryProbe/probe-7na4sb1w/Build/SDKExplicitPrecompiledModules -emit-dependencies -emit-module -emit-module-path /Users/c4v4h/Library/Developer/Xcode/DerivedData/CascadeAddonRecoveryProbe/probe-7na4sb1w/Build/Build/Intermediates.noindex/AddonPlatform.build/Debug/ProbeProvider.build/Objects-normal/x86_64/CascadeProbeProvider.swiftmodule -serialize-diagnostics -dependency-scan-serialize-diagnostics-path /Users/c4v4h/Library/Developer/Xcode/DerivedData/CascadeAddonRecoveryProbe/probe-7na4sb1w/Build/Build/Intermediates.noindex/AddonPlatform.build/Debug/ProbeProvider.build/Objects-normal/x86_64/CascadeProbeProvider-dependency-scan.dia -validate-clang-modules-once -clang-build-session-file /Users/c4v4h/Library/Developer/Xcode/DerivedData/CascadeAddonRecoveryProbe/probe-7na4sb1w/Build/ModuleCache.noindex/Session.modulevalidation -Xcc -fmodules-prune-interval\=86400 -Xcc -fmodules-prune-after\=345600 -emit-const-values -const-gather-protocols-list /Users/c4v4h/Library/Developer/Xcode/DerivedData/CascadeAddonRecoveryProbe/probe-7na4sb1w/Build/Build/Intermediates.noindex/AddonPlatform.build/Debug/ProbeProvider.build/Objects-normal/x86_64/ProbeProvider_const_extract_protocols.json -Xcc -iquote -Xcc /Users/c4v4h/Library/Developer/Xcode/DerivedData/CascadeAddonRecoveryProbe/probe-7na4sb1w/Build/Build/Intermediates.noindex/AddonPlatform.build/Debug/ProbeProvider.build/CascadeProbeProvider-generated-files.hmap -Xcc -I/Users/c4v4h/Library/Developer/Xcode/DerivedData/CascadeAddonRecoveryProbe/probe-7na4sb1w/Build/Build/Intermediates.noindex/AddonPlatform.build/Debug/ProbeProvider.build/CascadeProbeProvider-own-target-headers.hmap -Xcc -I/Users/c4v4h/Library/Developer/Xcode/DerivedData/CascadeAddonRecoveryProbe/probe-7na4sb1w/Build/Build/Intermediates.noindex/AddonPlatform.build/Debug/ProbeProvider.build/CascadeProbeProvider-all-target-headers.hmap -Xcc -iquote -Xcc /Users/c4v4h/Library/Developer/Xcode/DerivedData/CascadeAddonRecoveryProbe/probe-7na4sb1w/Build/Build/Intermediates.noindex/AddonPlatform.build/Debug/ProbeProvider.build/CascadeProbeProvider-project-headers.hmap -Xcc -I/Users/c4v4h/Library/Developer/Xcode/DerivedData/CascadeAddonRecoveryProbe/probe-7na4sb1w/Build/Build/Products/Debug/include -Xcc -I/Users/c4v4h/Library/Developer/Xcode/DerivedData/CascadeAddonRecoveryProbe/probe-7na4sb1w/Build/Build/Intermediates.noindex/AddonPlatform.build/Debug/ProbeProvider.build/DerivedSources-normal/x86_64 -Xcc -I/Users/c4v4h/Library/Developer/Xcode/DerivedData/CascadeAddonRecoveryProbe/probe-7na4sb1w/Build/Build/Intermediates.noindex/AddonPlatform.build/Debug/ProbeProvider.build/DerivedSources/x86_64 -Xcc -I/Users/c4v4h/Library/Developer/Xcode/DerivedData/CascadeAddonRecoveryProbe/probe-7na4sb1w/Build/Build/Intermediates.noindex/AddonPlatform.build/Debug/ProbeProvider.build/DerivedSources -emit-objc-header -emit-objc-header-path /Users/c4v4h/Library/Developer/Xcode/DerivedData/CascadeAddonRecoveryProbe/probe-7na4sb1w/Build/Build/Intermediates.noindex/AddonPlatform.build/Debug/ProbeProvider.build/Objects-normal/x86_64/CascadeProbeProvider-Swift.h -working-directory /Users/c4v4h/Library/Developer/Xcode/DerivedData/CascadeAddonRecoveryProbe/probe-7na4sb1w/Sources -experimental-emit-module-separately -disable-cmo

SwiftExplicitDependencyGeneratePcm arm64 /Users/c4v4h/Library/Developer/Xcode/DerivedData/CascadeAddonRecoveryProbe/probe-7na4sb1w/Build/SDKExplicitPrecompiledModules/Symbols-725882FIXGGSDINSWPTYMY3CK.pcm

SwiftMergeGeneratedHeaders /Users/c4v4h/Library/Developer/Xcode/DerivedData/CascadeAddonRecoveryProbe/probe-7na4sb1w/Build/Build/Intermediates.noindex/AddonPlatform.build/Debug/ProbeProvider.build/DerivedSources/CascadeProbeProvider-Swift.h /Users/c4v4h/Library/Developer/Xcode/DerivedData/CascadeAddonRecoveryProbe/probe-7na4sb1w/Build/Build/Intermediates.noindex/AddonPlatform.build/Debug/ProbeProvider.build/Objects-normal/arm64/CascadeProbeProvider-Swift.h /Users/c4v4h/Library/Developer/Xcode/DerivedData/CascadeAddonRecoveryProbe/probe-7na4sb1w/Build/Build/Intermediates.noindex/AddonPlatform.build/Debug/ProbeProvider.build/Objects-normal/x86_64/CascadeProbeProvider-Swift.h (in target 'ProbeProvider' from project 'AddonPlatform')
    cd /Users/c4v4h/Library/Developer/Xcode/DerivedData/CascadeAddonRecoveryProbe/probe-7na4sb1w/Sources
    builtin-swiftHeaderTool -arch arm64 /Users/c4v4h/Library/Developer/Xcode/DerivedData/CascadeAddonRecoveryProbe/probe-7na4sb1w/Build/Build/Intermediates.noindex/AddonPlatform.build/Debug/ProbeProvider.build/Objects-normal/arm64/CascadeProbeProvider-Swift.h -arch x86_64 /Users/c4v4h/Library/Developer/Xcode/DerivedData/CascadeAddonRecoveryProbe/probe-7na4sb1w/Build/Build/Intermediates.noindex/AddonPlatform.build/Debug/ProbeProvider.build/Objects-normal/x86_64/CascadeProbeProvider-Swift.h -o /Users/c4v4h/Library/Developer/Xcode/DerivedData/CascadeAddonRecoveryProbe/probe-7na4sb1w/Build/Build/Intermediates.noindex/AddonPlatform.build/Debug/ProbeProvider.build/DerivedSources/CascadeProbeProvider-Swift.h

Copy /Users/c4v4h/Library/Developer/Xcode/DerivedData/CascadeAddonRecoveryProbe/probe-7na4sb1w/Build/Build/Products/Debug/CascadeProbeProvider.swiftmodule/x86_64-apple-macos.swiftmodule /Users/c4v4h/Library/Developer/Xcode/DerivedData/CascadeAddonRecoveryProbe/probe-7na4sb1w/Build/Build/Intermediates.noindex/AddonPlatform.build/Debug/ProbeProvider.build/Objects-normal/x86_64/CascadeProbeProvider.swiftmodule (in target 'ProbeProvider' from project 'AddonPlatform')
    cd /Users/c4v4h/Library/Developer/Xcode/DerivedData/CascadeAddonRecoveryProbe/probe-7na4sb1w/Sources
    builtin-copy -exclude .DS_Store -exclude CVS -exclude .svn -exclude .git -exclude .hg -strip-unsigned-binaries -strip-deterministic -strip-tool /Applications/Xcode-beta.app/Contents/Developer/Toolchains/XcodeDefault.xctoolchain/usr/bin/strip -resolve-src-symlinks -rename /Users/c4v4h/Library/Developer/Xcode/DerivedData/CascadeAddonRecoveryProbe/probe-7na4sb1w/Build/Build/Intermediates.noindex/AddonPlatform.build/Debug/ProbeProvider.build/Objects-normal/x86_64/CascadeProbeProvider.swiftmodule /Users/c4v4h/Library/Developer/Xcode/DerivedData/CascadeAddonRecoveryProbe/probe-7na4sb1w/Build/Build/Products/Debug/CascadeProbeProvider.swiftmodule/x86_64-apple-macos.swiftmodule

Copy /Users/c4v4h/Library/Developer/Xcode/DerivedData/CascadeAddonRecoveryProbe/probe-7na4sb1w/Build/Build/Products/Debug/CascadeProbeProvider.swiftmodule/x86_64-apple-macos.swiftdoc /Users/c4v4h/Library/Developer/Xcode/DerivedData/CascadeAddonRecoveryProbe/probe-7na4sb1w/Build/Build/Intermediates.noindex/AddonPlatform.build/Debug/ProbeProvider.build/Objects-normal/x86_64/CascadeProbeProvider.swiftdoc (in target 'ProbeProvider' from project 'AddonPlatform')
    cd /Users/c4v4h/Library/Developer/Xcode/DerivedData/CascadeAddonRecoveryProbe/probe-7na4sb1w/Sources
    builtin-copy -exclude .DS_Store -exclude CVS -exclude .svn -exclude .git -exclude .hg -strip-unsigned-binaries -strip-deterministic -strip-tool /Applications/Xcode-beta.app/Contents/Developer/Toolchains/XcodeDefault.xctoolchain/usr/bin/strip -resolve-src-symlinks -rename /Users/c4v4h/Library/Developer/Xcode/DerivedData/CascadeAddonRecoveryProbe/probe-7na4sb1w/Build/Build/Intermediates.noindex/AddonPlatform.build/Debug/ProbeProvider.build/Objects-normal/x86_64/CascadeProbeProvider.swiftdoc /Users/c4v4h/Library/Developer/Xcode/DerivedData/CascadeAddonRecoveryProbe/probe-7na4sb1w/Build/Build/Products/Debug/CascadeProbeProvider.swiftmodule/x86_64-apple-macos.swiftdoc

Copy /Users/c4v4h/Library/Developer/Xcode/DerivedData/CascadeAddonRecoveryProbe/probe-7na4sb1w/Build/Build/Products/Debug/CascadeProbeProvider.swiftmodule/x86_64-apple-macos.abi.json /Users/c4v4h/Library/Developer/Xcode/DerivedData/CascadeAddonRecoveryProbe/probe-7na4sb1w/Build/Build/Intermediates.noindex/AddonPlatform.build/Debug/ProbeProvider.build/Objects-normal/x86_64/CascadeProbeProvider.abi.json (in target 'ProbeProvider' from project 'AddonPlatform')
    cd /Users/c4v4h/Library/Developer/Xcode/DerivedData/CascadeAddonRecoveryProbe/probe-7na4sb1w/Sources
    builtin-copy -exclude .DS_Store -exclude CVS -exclude .svn -exclude .git -exclude .hg -strip-unsigned-binaries -strip-deterministic -strip-tool /Applications/Xcode-beta.app/Contents/Developer/Toolchains/XcodeDefault.xctoolchain/usr/bin/strip -resolve-src-symlinks -rename /Users/c4v4h/Library/Developer/Xcode/DerivedData/CascadeAddonRecoveryProbe/probe-7na4sb1w/Build/Build/Intermediates.noindex/AddonPlatform.build/Debug/ProbeProvider.build/Objects-normal/x86_64/CascadeProbeProvider.abi.json /Users/c4v4h/Library/Developer/Xcode/DerivedData/CascadeAddonRecoveryProbe/probe-7na4sb1w/Build/Build/Products/Debug/CascadeProbeProvider.swiftmodule/x86_64-apple-macos.abi.json

Copy /Users/c4v4h/Library/Developer/Xcode/DerivedData/CascadeAddonRecoveryProbe/probe-7na4sb1w/Build/Build/Products/Debug/CascadeProbeProvider.swiftmodule/Project/x86_64-apple-macos.swiftsourceinfo /Users/c4v4h/Library/Developer/Xcode/DerivedData/CascadeAddonRecoveryProbe/probe-7na4sb1w/Build/Build/Intermediates.noindex/AddonPlatform.build/Debug/ProbeProvider.build/Objects-normal/x86_64/CascadeProbeProvider.swiftsourceinfo (in target 'ProbeProvider' from project 'AddonPlatform')
    cd /Users/c4v4h/Library/Developer/Xcode/DerivedData/CascadeAddonRecoveryProbe/probe-7na4sb1w/Sources
    builtin-copy -exclude .DS_Store -exclude CVS -exclude .svn -exclude .git -exclude .hg -strip-unsigned-binaries -strip-deterministic -strip-tool /Applications/Xcode-beta.app/Contents/Developer/Toolchains/XcodeDefault.xctoolchain/usr/bin/strip -resolve-src-symlinks -rename /Users/c4v4h/Library/Developer/Xcode/DerivedData/CascadeAddonRecoveryProbe/probe-7na4sb1w/Build/Build/Intermediates.noindex/AddonPlatform.build/Debug/ProbeProvider.build/Objects-normal/x86_64/CascadeProbeProvider.swiftsourceinfo /Users/c4v4h/Library/Developer/Xcode/DerivedData/CascadeAddonRecoveryProbe/probe-7na4sb1w/Build/Build/Products/Debug/CascadeProbeProvider.swiftmodule/Project/x86_64-apple-macos.swiftsourceinfo

SwiftExplicitDependencyGeneratePcm arm64 /Users/c4v4h/Library/Developer/Xcode/DerivedData/CascadeAddonRecoveryProbe/probe-7na4sb1w/Build/SDKExplicitPrecompiledModules/UniformTypeIdentifiers-C3XSJ5SARO8TCI3G3H46C6W5.pcm

SwiftExplicitDependencyGeneratePcm x86_64 /Users/c4v4h/Library/Developer/Xcode/DerivedData/CascadeAddonRecoveryProbe/probe-7na4sb1w/Build/SDKExplicitPrecompiledModules/IOSurface-427S5OWMBEQVNCRL5JS1GHULP.pcm

SwiftCompile normal x86_64 Compiling\ ProbeMessage.swift /Users/c4v4h/Library/Developer/Xcode/DerivedData/CascadeAddonRecoveryProbe/probe-7na4sb1w/Sources/Shared/ProbeMessage.swift (in target 'ProbeProvider' from project 'AddonPlatform')

SwiftCompile normal x86_64 /Users/c4v4h/Library/Developer/Xcode/DerivedData/CascadeAddonRecoveryProbe/probe-7na4sb1w/Sources/Shared/ProbeMessage.swift (in target 'ProbeProvider' from project 'AddonPlatform')
    cd /Users/c4v4h/Library/Developer/Xcode/DerivedData/CascadeAddonRecoveryProbe/probe-7na4sb1w/Sources
    builtin-SwiftPerFileCompile ProbeMessage.swift

SwiftCompile normal arm64 Compiling\ ProbeProvider.swift /Users/c4v4h/Library/Developer/Xcode/DerivedData/CascadeAddonRecoveryProbe/probe-7na4sb1w/Sources/Provider/ProbeProvider.swift (in target 'ProbeProvider' from project 'AddonPlatform')

SwiftCompile normal arm64 /Users/c4v4h/Library/Developer/Xcode/DerivedData/CascadeAddonRecoveryProbe/probe-7na4sb1w/Sources/Provider/ProbeProvider.swift (in target 'ProbeProvider' from project 'AddonPlatform')
    cd /Users/c4v4h/Library/Developer/Xcode/DerivedData/CascadeAddonRecoveryProbe/probe-7na4sb1w/Sources
    builtin-SwiftPerFileCompile ProbeProvider.swift

SwiftCompile normal arm64 Compiling\ ProbeMessage.swift /Users/c4v4h/Library/Developer/Xcode/DerivedData/CascadeAddonRecoveryProbe/probe-7na4sb1w/Sources/Shared/ProbeMessage.swift (in target 'ProbeProvider' from project 'AddonPlatform')

SwiftCompile normal arm64 /Users/c4v4h/Library/Developer/Xcode/DerivedData/CascadeAddonRecoveryProbe/probe-7na4sb1w/Sources/Shared/ProbeMessage.swift (in target 'ProbeProvider' from project 'AddonPlatform')
    cd /Users/c4v4h/Library/Developer/Xcode/DerivedData/CascadeAddonRecoveryProbe/probe-7na4sb1w/Sources
    builtin-SwiftPerFileCompile ProbeMessage.swift

SwiftCompile normal x86_64 Compiling\ ProbeProvider.swift /Users/c4v4h/Library/Developer/Xcode/DerivedData/CascadeAddonRecoveryProbe/probe-7na4sb1w/Sources/Provider/ProbeProvider.swift (in target 'ProbeProvider' from project 'AddonPlatform')

SwiftCompile normal x86_64 /Users/c4v4h/Library/Developer/Xcode/DerivedData/CascadeAddonRecoveryProbe/probe-7na4sb1w/Sources/Provider/ProbeProvider.swift (in target 'ProbeProvider' from project 'AddonPlatform')
    cd /Users/c4v4h/Library/Developer/Xcode/DerivedData/CascadeAddonRecoveryProbe/probe-7na4sb1w/Sources
    builtin-SwiftPerFileCompile ProbeProvider.swift

SwiftDriver ProbeContainer normal x86_64 com.apple.xcode.tools.swift.compiler (in target 'ProbeContainer' from project 'AddonPlatform')
    cd /Users/c4v4h/Library/Developer/Xcode/DerivedData/CascadeAddonRecoveryProbe/probe-7na4sb1w/Sources
    builtin-SwiftDriver -- /Applications/Xcode-beta.app/Contents/Developer/Toolchains/XcodeDefault.xctoolchain/usr/bin/swiftc -module-name CascadeAddonProbeContainer -Onone @/Users/c4v4h/Library/Developer/Xcode/DerivedData/CascadeAddonRecoveryProbe/probe-7na4sb1w/Build/Build/Intermediates.noindex/AddonPlatform.build/Debug/ProbeContainer.build/Objects-normal/x86_64/CascadeAddonProbeContainer.SwiftFileList -DDEBUG -DRECOVERY_PROBE -DBROKER_PROVIDER -enable-bare-slash-regex -enable-experimental-feature DebugDescriptionMacro -sdk /Applications/Xcode-beta.app/Contents/Developer/Platforms/MacOSX.platform/Developer/SDKs/MacOSX27.0.sdk -target x86_64-apple-macos14.0 -g -module-cache-path /Users/c4v4h/Library/Developer/Xcode/DerivedData/CascadeAddonRecoveryProbe/probe-7na4sb1w/Build/ModuleCache.noindex -Xfrontend -serialize-debugging-options -index-store-path /Users/c4v4h/Library/Developer/Xcode/DerivedData/CascadeAddonRecoveryProbe/probe-7na4sb1w/Build/Index.noindex/DataStore -swift-version 5 -I /Users/c4v4h/Library/Developer/Xcode/DerivedData/CascadeAddonRecoveryProbe/probe-7na4sb1w/Build/Build/Products/Debug -F /Users/c4v4h/Library/Developer/Xcode/DerivedData/CascadeAddonRecoveryProbe/probe-7na4sb1w/Build/Build/Products/Debug -parse-as-library -c -j8 -enable-batch-mode -incremental -Xcc -ivfsstatcache -Xcc /Users/c4v4h/Library/Developer/Xcode/DerivedData/CascadeAddonRecoveryProbe/probe-7na4sb1w/Build/SDKStatCaches.noindex/macosx27.0-26A5419a-e829b21a6f8c9b70876ba0858053c04445874285e5972fffeae925c4ab065928.sdkstatcache -output-file-map /Users/c4v4h/Library/Developer/Xcode/DerivedData/CascadeAddonRecoveryProbe/probe-7na4sb1w/Build/Build/Intermediates.noindex/AddonPlatform.build/Debug/ProbeContainer.build/Objects-normal/x86_64/ProbeContainer-OutputFileMap.json -save-temps -no-color-diagnostics -explicit-module-build -module-cache-path /Users/c4v4h/Library/Developer/Xcode/DerivedData/CascadeAddonRecoveryProbe/probe-7na4sb1w/Build/Build/Intermediates.noindex/SwiftExplicitPrecompiledModules -clang-scanner-module-cache-path /Users/c4v4h/Library/Developer/Xcode/DerivedData/CascadeAddonRecoveryProbe/probe-7na4sb1w/Build/ModuleCache.noindex -sdk-module-cache-path /Users/c4v4h/Library/Developer/Xcode/DerivedData/CascadeAddonRecoveryProbe/probe-7na4sb1w/Build/SDKExplicitPrecompiledModules -emit-dependencies -emit-module -emit-module-path /Users/c4v4h/Library/Developer/Xcode/DerivedData/CascadeAddonRecoveryProbe/probe-7na4sb1w/Build/Build/Intermediates.noindex/AddonPlatform.build/Debug/ProbeContainer.build/Objects-normal/x86_64/CascadeAddonProbeContainer.swiftmodule -serialize-diagnostics -dependency-scan-serialize-diagnostics-path /Users/c4v4h/Library/Developer/Xcode/DerivedData/CascadeAddonRecoveryProbe/probe-7na4sb1w/Build/Build/Intermediates.noindex/AddonPlatform.build/Debug/ProbeContainer.build/Objects-normal/x86_64/CascadeAddonProbeContainer-dependency-scan.dia -validate-clang-modules-once -clang-build-session-file /Users/c4v4h/Library/Developer/Xcode/DerivedData/CascadeAddonRecoveryProbe/probe-7na4sb1w/Build/ModuleCache.noindex/Session.modulevalidation -Xcc -fmodules-prune-interval\=86400 -Xcc -fmodules-prune-after\=345600 -emit-const-values -const-gather-protocols-list /Users/c4v4h/Library/Developer/Xcode/DerivedData/CascadeAddonRecoveryProbe/probe-7na4sb1w/Build/Build/Intermediates.noindex/AddonPlatform.build/Debug/ProbeContainer.build/Objects-normal/x86_64/ProbeContainer_const_extract_protocols.json -Xcc -iquote -Xcc /Users/c4v4h/Library/Developer/Xcode/DerivedData/CascadeAddonRecoveryProbe/probe-7na4sb1w/Build/Build/Intermediates.noindex/AddonPlatform.build/Debug/ProbeContainer.build/CascadeAddonProbeContainer-generated-files.hmap -Xcc -I/Users/c4v4h/Library/Developer/Xcode/DerivedData/CascadeAddonRecoveryProbe/probe-7na4sb1w/Build/Build/Intermediates.noindex/AddonPlatform.build/Debug/ProbeContainer.build/CascadeAddonProbeContainer-own-target-headers.hmap -Xcc -I/Users/c4v4h/Library/Developer/Xcode/DerivedData/CascadeAddonRecoveryProbe/probe-7na4sb1w/Build/Build/Intermediates.noindex/AddonPlatform.build/Debug/ProbeContainer.build/CascadeAddonProbeContainer-all-target-headers.hmap -Xcc -iquote -Xcc /Users/c4v4h/Library/Developer/Xcode/DerivedData/CascadeAddonRecoveryProbe/probe-7na4sb1w/Build/Build/Intermediates.noindex/AddonPlatform.build/Debug/ProbeContainer.build/CascadeAddonProbeContainer-project-headers.hmap -Xcc -I/Users/c4v4h/Library/Developer/Xcode/DerivedData/CascadeAddonRecoveryProbe/probe-7na4sb1w/Build/Build/Products/Debug/include -Xcc -I/Users/c4v4h/Library/Developer/Xcode/DerivedData/CascadeAddonRecoveryProbe/probe-7na4sb1w/Build/Build/Intermediates.noindex/AddonPlatform.build/Debug/ProbeContainer.build/DerivedSources-normal/x86_64 -Xcc -I/Users/c4v4h/Library/Developer/Xcode/DerivedData/CascadeAddonRecoveryProbe/probe-7na4sb1w/Build/Build/Intermediates.noindex/AddonPlatform.build/Debug/ProbeContainer.build/DerivedSources/x86_64 -Xcc -I/Users/c4v4h/Library/Developer/Xcode/DerivedData/CascadeAddonRecoveryProbe/probe-7na4sb1w/Build/Build/Intermediates.noindex/AddonPlatform.build/Debug/ProbeContainer.build/DerivedSources -emit-objc-header -emit-objc-header-path /Users/c4v4h/Library/Developer/Xcode/DerivedData/CascadeAddonRecoveryProbe/probe-7na4sb1w/Build/Build/Intermediates.noindex/AddonPlatform.build/Debug/ProbeContainer.build/Objects-normal/x86_64/CascadeAddonProbeContainer-Swift.h -working-directory /Users/c4v4h/Library/Developer/Xcode/DerivedData/CascadeAddonRecoveryProbe/probe-7na4sb1w/Sources -experimental-emit-module-separately -disable-cmo

SwiftDriver ProbeContainer normal arm64 com.apple.xcode.tools.swift.compiler (in target 'ProbeContainer' from project 'AddonPlatform')
    cd /Users/c4v4h/Library/Developer/Xcode/DerivedData/CascadeAddonRecoveryProbe/probe-7na4sb1w/Sources
    builtin-SwiftDriver -- /Applications/Xcode-beta.app/Contents/Developer/Toolchains/XcodeDefault.xctoolchain/usr/bin/swiftc -module-name CascadeAddonProbeContainer -Onone @/Users/c4v4h/Library/Developer/Xcode/DerivedData/CascadeAddonRecoveryProbe/probe-7na4sb1w/Build/Build/Intermediates.noindex/AddonPlatform.build/Debug/ProbeContainer.build/Objects-normal/arm64/CascadeAddonProbeContainer.SwiftFileList -DDEBUG -DRECOVERY_PROBE -DBROKER_PROVIDER -enable-bare-slash-regex -enable-experimental-feature DebugDescriptionMacro -sdk /Applications/Xcode-beta.app/Contents/Developer/Platforms/MacOSX.platform/Developer/SDKs/MacOSX27.0.sdk -target arm64-apple-macos14.0 -g -module-cache-path /Users/c4v4h/Library/Developer/Xcode/DerivedData/CascadeAddonRecoveryProbe/probe-7na4sb1w/Build/ModuleCache.noindex -Xfrontend -serialize-debugging-options -index-store-path /Users/c4v4h/Library/Developer/Xcode/DerivedData/CascadeAddonRecoveryProbe/probe-7na4sb1w/Build/Index.noindex/DataStore -swift-version 5 -I /Users/c4v4h/Library/Developer/Xcode/DerivedData/CascadeAddonRecoveryProbe/probe-7na4sb1w/Build/Build/Products/Debug -F /Users/c4v4h/Library/Developer/Xcode/DerivedData/CascadeAddonRecoveryProbe/probe-7na4sb1w/Build/Build/Products/Debug -parse-as-library -c -j8 -enable-batch-mode -incremental -Xcc -ivfsstatcache -Xcc /Users/c4v4h/Library/Developer/Xcode/DerivedData/CascadeAddonRecoveryProbe/probe-7na4sb1w/Build/SDKStatCaches.noindex/macosx27.0-26A5419a-e829b21a6f8c9b70876ba0858053c04445874285e5972fffeae925c4ab065928.sdkstatcache -output-file-map /Users/c4v4h/Library/Developer/Xcode/DerivedData/CascadeAddonRecoveryProbe/probe-7na4sb1w/Build/Build/Intermediates.noindex/AddonPlatform.build/Debug/ProbeContainer.build/Objects-normal/arm64/ProbeContainer-OutputFileMap.json -save-temps -no-color-diagnostics -explicit-module-build -module-cache-path /Users/c4v4h/Library/Developer/Xcode/DerivedData/CascadeAddonRecoveryProbe/probe-7na4sb1w/Build/Build/Intermediates.noindex/SwiftExplicitPrecompiledModules -clang-scanner-module-cache-path /Users/c4v4h/Library/Developer/Xcode/DerivedData/CascadeAddonRecoveryProbe/probe-7na4sb1w/Build/ModuleCache.noindex -sdk-module-cache-path /Users/c4v4h/Library/Developer/Xcode/DerivedData/CascadeAddonRecoveryProbe/probe-7na4sb1w/Build/SDKExplicitPrecompiledModules -emit-dependencies -emit-module -emit-module-path /Users/c4v4h/Library/Developer/Xcode/DerivedData/CascadeAddonRecoveryProbe/probe-7na4sb1w/Build/Build/Intermediates.noindex/AddonPlatform.build/Debug/ProbeContainer.build/Objects-normal/arm64/CascadeAddonProbeContainer.swiftmodule -serialize-diagnostics -dependency-scan-serialize-diagnostics-path /Users/c4v4h/Library/Developer/Xcode/DerivedData/CascadeAddonRecoveryProbe/probe-7na4sb1w/Build/Build/Intermediates.noindex/AddonPlatform.build/Debug/ProbeContainer.build/Objects-normal/arm64/CascadeAddonProbeContainer-dependency-scan.dia -validate-clang-modules-once -clang-build-session-file /Users/c4v4h/Library/Developer/Xcode/DerivedData/CascadeAddonRecoveryProbe/probe-7na4sb1w/Build/ModuleCache.noindex/Session.modulevalidation -Xcc -fmodules-prune-interval\=86400 -Xcc -fmodules-prune-after\=345600 -emit-const-values -const-gather-protocols-list /Users/c4v4h/Library/Developer/Xcode/DerivedData/CascadeAddonRecoveryProbe/probe-7na4sb1w/Build/Build/Intermediates.noindex/AddonPlatform.build/Debug/ProbeContainer.build/Objects-normal/arm64/ProbeContainer_const_extract_protocols.json -Xcc -iquote -Xcc /Users/c4v4h/Library/Developer/Xcode/DerivedData/CascadeAddonRecoveryProbe/probe-7na4sb1w/Build/Build/Intermediates.noindex/AddonPlatform.build/Debug/ProbeContainer.build/CascadeAddonProbeContainer-generated-files.hmap -Xcc -I/Users/c4v4h/Library/Developer/Xcode/DerivedData/CascadeAddonRecoveryProbe/probe-7na4sb1w/Build/Build/Intermediates.noindex/AddonPlatform.build/Debug/ProbeContainer.build/CascadeAddonProbeContainer-own-target-headers.hmap -Xcc -I/Users/c4v4h/Library/Developer/Xcode/DerivedData/CascadeAddonRecoveryProbe/probe-7na4sb1w/Build/Build/Intermediates.noindex/AddonPlatform.build/Debug/ProbeContainer.build/CascadeAddonProbeContainer-all-target-headers.hmap -Xcc -iquote -Xcc /Users/c4v4h/Library/Developer/Xcode/DerivedData/CascadeAddonRecoveryProbe/probe-7na4sb1w/Build/Build/Intermediates.noindex/AddonPlatform.build/Debug/ProbeContainer.build/CascadeAddonProbeContainer-project-headers.hmap -Xcc -I/Users/c4v4h/Library/Developer/Xcode/DerivedData/CascadeAddonRecoveryProbe/probe-7na4sb1w/Build/Build/Products/Debug/include -Xcc -I/Users/c4v4h/Library/Developer/Xcode/DerivedData/CascadeAddonRecoveryProbe/probe-7na4sb1w/Build/Build/Intermediates.noindex/AddonPlatform.build/Debug/ProbeContainer.build/DerivedSources-normal/arm64 -Xcc -I/Users/c4v4h/Library/Developer/Xcode/DerivedData/CascadeAddonRecoveryProbe/probe-7na4sb1w/Build/Build/Intermediates.noindex/AddonPlatform.build/Debug/ProbeContainer.build/DerivedSources/arm64 -Xcc -I/Users/c4v4h/Library/Developer/Xcode/DerivedData/CascadeAddonRecoveryProbe/probe-7na4sb1w/Build/Build/Intermediates.noindex/AddonPlatform.build/Debug/ProbeContainer.build/DerivedSources -emit-objc-header -emit-objc-header-path /Users/c4v4h/Library/Developer/Xcode/DerivedData/CascadeAddonRecoveryProbe/probe-7na4sb1w/Build/Build/Intermediates.noindex/AddonPlatform.build/Debug/ProbeContainer.build/Objects-normal/arm64/CascadeAddonProbeContainer-Swift.h -working-directory /Users/c4v4h/Library/Developer/Xcode/DerivedData/CascadeAddonRecoveryProbe/probe-7na4sb1w/Sources -experimental-emit-module-separately -disable-cmo

SwiftExplicitDependencyGeneratePcm arm64 /Users/c4v4h/Library/Developer/Xcode/DerivedData/CascadeAddonRecoveryProbe/probe-7na4sb1w/Build/SDKExplicitPrecompiledModules/CoreVideo-72DT7Z3RQCK3EDS4QCE2TNEHN.pcm

SwiftExplicitDependencyGeneratePcm x86_64 /Users/c4v4h/Library/Developer/Xcode/DerivedData/CascadeAddonRecoveryProbe/probe-7na4sb1w/Build/SDKExplicitPrecompiledModules/Metal-6X7AK35WSAQHBK7MEFTEK7R9P.pcm

SwiftExplicitDependencyGeneratePcm x86_64 /Users/c4v4h/Library/Developer/Xcode/DerivedData/CascadeAddonRecoveryProbe/probe-7na4sb1w/Build/SDKExplicitPrecompiledModules/OpenGL-BL0U1J47SB9DU9D5WTDD1AL3Y.pcm

SwiftExplicitDependencyGeneratePcm arm64 /Users/c4v4h/Library/Developer/Xcode/DerivedData/CascadeAddonRecoveryProbe/probe-7na4sb1w/Build/SDKExplicitPrecompiledModules/QuartzCore-1Z2BEWODLUPGZ690XUGWUNN7B.pcm

SwiftExplicitDependencyGeneratePcm arm64 /Users/c4v4h/Library/Developer/Xcode/DerivedData/CascadeAddonRecoveryProbe/probe-7na4sb1w/Build/SDKExplicitPrecompiledModules/CoreMedia-8MVFFCC13Y1SAPN9O2X737ZX0.pcm

SwiftExplicitDependencyGeneratePcm x86_64 /Users/c4v4h/Library/Developer/Xcode/DerivedData/CascadeAddonRecoveryProbe/probe-7na4sb1w/Build/SDKExplicitPrecompiledModules/CoreVideo-BPWDDWAAF0ADVO7WQ2BR1QWNN.pcm

SwiftExplicitDependencyGeneratePcm arm64 /Users/c4v4h/Library/Developer/Xcode/DerivedData/CascadeAddonRecoveryProbe/probe-7na4sb1w/Build/SDKExplicitPrecompiledModules/SwiftUICore-D94EC27KX8K3YNTMQSGZ4SYMR.pcm

SwiftExplicitDependencyGeneratePcm arm64 /Users/c4v4h/Library/Developer/Xcode/DerivedData/CascadeAddonRecoveryProbe/probe-7na4sb1w/Build/SDKExplicitPrecompiledModules/CoreImage-9V462IE9PIU4TVHNU91A2P4OX.pcm

SwiftExplicitDependencyGeneratePcm x86_64 /Users/c4v4h/Library/Developer/Xcode/DerivedData/CascadeAddonRecoveryProbe/probe-7na4sb1w/Build/SDKExplicitPrecompiledModules/CoreImage-6WEAZ2M39RQSLTK5ZWNU1DKUS.pcm

SwiftExplicitDependencyGeneratePcm x86_64 /Users/c4v4h/Library/Developer/Xcode/DerivedData/CascadeAddonRecoveryProbe/probe-7na4sb1w/Build/SDKExplicitPrecompiledModules/CoreMedia-DTO1JG9PJFR6VSBP0LRP6BZIE.pcm

SwiftExplicitDependencyGeneratePcm x86_64 /Users/c4v4h/Library/Developer/Xcode/DerivedData/CascadeAddonRecoveryProbe/probe-7na4sb1w/Build/SDKExplicitPrecompiledModules/QuartzCore-7AKJPJTAKDVFWFIYX6AU20YSA.pcm

SwiftExplicitDependencyGeneratePcm arm64 /Users/c4v4h/Library/Developer/Xcode/DerivedData/CascadeAddonRecoveryProbe/probe-7na4sb1w/Build/SDKExplicitPrecompiledModules/AppKit-9HQ71GS523K81RZERMH6FHUMV.pcm

SwiftExplicitDependencyGeneratePcm x86_64 /Users/c4v4h/Library/Developer/Xcode/DerivedData/CascadeAddonRecoveryProbe/probe-7na4sb1w/Build/SDKExplicitPrecompiledModules/SwiftUICore-4VVD16M3BFX9PE0ZT9531KAAL.pcm

SwiftExplicitDependencyGeneratePcm x86_64 /Users/c4v4h/Library/Developer/Xcode/DerivedData/CascadeAddonRecoveryProbe/probe-7na4sb1w/Build/SDKExplicitPrecompiledModules/AppKit-AF28QBSX77XQCVXU8MLJFRCJ3.pcm

SwiftEmitModule normal arm64 Emitting\ module\ for\ CascadeAddonProbeContainer (in target 'ProbeContainer' from project 'AddonPlatform')

SwiftCompile normal arm64 (in target 'ProbeContainer' from project 'AddonPlatform')
    cd /Users/c4v4h/Library/Developer/Xcode/DerivedData/CascadeAddonRecoveryProbe/probe-7na4sb1w/Sources
    

SwiftExplicitDependencyGeneratePcm arm64 /Users/c4v4h/Library/Developer/Xcode/DerivedData/CascadeAddonRecoveryProbe/probe-7na4sb1w/Build/SDKExplicitPrecompiledModules/SwiftUI-78AWBNETOBSCQVG9BVDDYTRAM.pcm

SwiftExplicitDependencyGeneratePcm arm64 /Users/c4v4h/Library/Developer/Xcode/DerivedData/CascadeAddonRecoveryProbe/probe-7na4sb1w/Build/SDKExplicitPrecompiledModules/ExtensionKit-SINO6H67ZA54HKJ81H4U6WVG.pcm

SwiftCompile normal arm64 Compiling\ ProbeContainer.swift /Users/c4v4h/Library/Developer/Xcode/DerivedData/CascadeAddonRecoveryProbe/probe-7na4sb1w/Sources/Container/ProbeContainer.swift (in target 'ProbeContainer' from project 'AddonPlatform')

SwiftCompile normal arm64 /Users/c4v4h/Library/Developer/Xcode/DerivedData/CascadeAddonRecoveryProbe/probe-7na4sb1w/Sources/Container/ProbeContainer.swift (in target 'ProbeContainer' from project 'AddonPlatform')
    cd /Users/c4v4h/Library/Developer/Xcode/DerivedData/CascadeAddonRecoveryProbe/probe-7na4sb1w/Sources
    builtin-SwiftPerFileCompile ProbeContainer.swift

SwiftEmitModule normal x86_64 Emitting\ module\ for\ CascadeAddonProbeContainer (in target 'ProbeContainer' from project 'AddonPlatform')

SwiftCompile normal x86_64 (in target 'ProbeContainer' from project 'AddonPlatform')
    cd /Users/c4v4h/Library/Developer/Xcode/DerivedData/CascadeAddonRecoveryProbe/probe-7na4sb1w/Sources
    

SwiftExplicitDependencyGeneratePcm x86_64 /Users/c4v4h/Library/Developer/Xcode/DerivedData/CascadeAddonRecoveryProbe/probe-7na4sb1w/Build/SDKExplicitPrecompiledModules/ExtensionKit-83T3OM4QG9N1I07JJ210YAEFL.pcm

SwiftDriverJobDiscovery normal arm64 Emitting module for CascadeAddonProbeContainer (in target 'ProbeContainer' from project 'AddonPlatform')

SwiftDriver\ Compilation\ Requirements ProbeContainer normal arm64 com.apple.xcode.tools.swift.compiler (in target 'ProbeContainer' from project 'AddonPlatform')
    cd /Users/c4v4h/Library/Developer/Xcode/DerivedData/CascadeAddonRecoveryProbe/probe-7na4sb1w/Sources
    builtin-Swift-Compilation-Requirements -- /Applications/Xcode-beta.app/Contents/Developer/Toolchains/XcodeDefault.xctoolchain/usr/bin/swiftc -module-name CascadeAddonProbeContainer -Onone @/Users/c4v4h/Library/Developer/Xcode/DerivedData/CascadeAddonRecoveryProbe/probe-7na4sb1w/Build/Build/Intermediates.noindex/AddonPlatform.build/Debug/ProbeContainer.build/Objects-normal/arm64/CascadeAddonProbeContainer.SwiftFileList -DDEBUG -DRECOVERY_PROBE -DBROKER_PROVIDER -enable-bare-slash-regex -enable-experimental-feature DebugDescriptionMacro -sdk /Applications/Xcode-beta.app/Contents/Developer/Platforms/MacOSX.platform/Developer/SDKs/MacOSX27.0.sdk -target arm64-apple-macos14.0 -g -module-cache-path /Users/c4v4h/Library/Developer/Xcode/DerivedData/CascadeAddonRecoveryProbe/probe-7na4sb1w/Build/ModuleCache.noindex -Xfrontend -serialize-debugging-options -index-store-path /Users/c4v4h/Library/Developer/Xcode/DerivedData/CascadeAddonRecoveryProbe/probe-7na4sb1w/Build/Index.noindex/DataStore -swift-version 5 -I /Users/c4v4h/Library/Developer/Xcode/DerivedData/CascadeAddonRecoveryProbe/probe-7na4sb1w/Build/Build/Products/Debug -F /Users/c4v4h/Library/Developer/Xcode/DerivedData/CascadeAddonRecoveryProbe/probe-7na4sb1w/Build/Build/Products/Debug -parse-as-library -c -j8 -enable-batch-mode -incremental -Xcc -ivfsstatcache -Xcc /Users/c4v4h/Library/Developer/Xcode/DerivedData/CascadeAddonRecoveryProbe/probe-7na4sb1w/Build/SDKStatCaches.noindex/macosx27.0-26A5419a-e829b21a6f8c9b70876ba0858053c04445874285e5972fffeae925c4ab065928.sdkstatcache -output-file-map /Users/c4v4h/Library/Developer/Xcode/DerivedData/CascadeAddonRecoveryProbe/probe-7na4sb1w/Build/Build/Intermediates.noindex/AddonPlatform.build/Debug/ProbeContainer.build/Objects-normal/arm64/ProbeContainer-OutputFileMap.json -save-temps -no-color-diagnostics -explicit-module-build -module-cache-path /Users/c4v4h/Library/Developer/Xcode/DerivedData/CascadeAddonRecoveryProbe/probe-7na4sb1w/Build/Build/Intermediates.noindex/SwiftExplicitPrecompiledModules -clang-scanner-module-cache-path /Users/c4v4h/Library/Developer/Xcode/DerivedData/CascadeAddonRecoveryProbe/probe-7na4sb1w/Build/ModuleCache.noindex -sdk-module-cache-path /Users/c4v4h/Library/Developer/Xcode/DerivedData/CascadeAddonRecoveryProbe/probe-7na4sb1w/Build/SDKExplicitPrecompiledModules -emit-dependencies -emit-module -emit-module-path /Users/c4v4h/Library/Developer/Xcode/DerivedData/CascadeAddonRecoveryProbe/probe-7na4sb1w/Build/Build/Intermediates.noindex/AddonPlatform.build/Debug/ProbeContainer.build/Objects-normal/arm64/CascadeAddonProbeContainer.swiftmodule -serialize-diagnostics -dependency-scan-serialize-diagnostics-path /Users/c4v4h/Library/Developer/Xcode/DerivedData/CascadeAddonRecoveryProbe/probe-7na4sb1w/Build/Build/Intermediates.noindex/AddonPlatform.build/Debug/ProbeContainer.build/Objects-normal/arm64/CascadeAddonProbeContainer-dependency-scan.dia -validate-clang-modules-once -clang-build-session-file /Users/c4v4h/Library/Developer/Xcode/DerivedData/CascadeAddonRecoveryProbe/probe-7na4sb1w/Build/ModuleCache.noindex/Session.modulevalidation -Xcc -fmodules-prune-interval\=86400 -Xcc -fmodules-prune-after\=345600 -emit-const-values -const-gather-protocols-list /Users/c4v4h/Library/Developer/Xcode/DerivedData/CascadeAddonRecoveryProbe/probe-7na4sb1w/Build/Build/Intermediates.noindex/AddonPlatform.build/Debug/ProbeContainer.build/Objects-normal/arm64/ProbeContainer_const_extract_protocols.json -Xcc -iquote -Xcc /Users/c4v4h/Library/Developer/Xcode/DerivedData/CascadeAddonRecoveryProbe/probe-7na4sb1w/Build/Build/Intermediates.noindex/AddonPlatform.build/Debug/ProbeContainer.build/CascadeAddonProbeContainer-generated-files.hmap -Xcc -I/Users/c4v4h/Library/Developer/Xcode/DerivedData/CascadeAddonRecoveryProbe/probe-7na4sb1w/Build/Build/Intermediates.noindex/AddonPlatform.build/Debug/ProbeContainer.build/CascadeAddonProbeContainer-own-target-headers.hmap -Xcc -I/Users/c4v4h/Library/Developer/Xcode/DerivedData/CascadeAddonRecoveryProbe/probe-7na4sb1w/Build/Build/Intermediates.noindex/AddonPlatform.build/Debug/ProbeContainer.build/CascadeAddonProbeContainer-all-target-headers.hmap -Xcc -iquote -Xcc /Users/c4v4h/Library/Developer/Xcode/DerivedData/CascadeAddonRecoveryProbe/probe-7na4sb1w/Build/Build/Intermediates.noindex/AddonPlatform.build/Debug/ProbeContainer.build/CascadeAddonProbeContainer-project-headers.hmap -Xcc -I/Users/c4v4h/Library/Developer/Xcode/DerivedData/CascadeAddonRecoveryProbe/probe-7na4sb1w/Build/Build/Products/Debug/include -Xcc -I/Users/c4v4h/Library/Developer/Xcode/DerivedData/CascadeAddonRecoveryProbe/probe-7na4sb1w/Build/Build/Intermediates.noindex/AddonPlatform.build/Debug/ProbeContainer.build/DerivedSources-normal/arm64 -Xcc -I/Users/c4v4h/Library/Developer/Xcode/DerivedData/CascadeAddonRecoveryProbe/probe-7na4sb1w/Build/Build/Intermediates.noindex/AddonPlatform.build/Debug/ProbeContainer.build/DerivedSources/arm64 -Xcc -I/Users/c4v4h/Library/Developer/Xcode/DerivedData/CascadeAddonRecoveryProbe/probe-7na4sb1w/Build/Build/Intermediates.noindex/AddonPlatform.build/Debug/ProbeContainer.build/DerivedSources -emit-objc-header -emit-objc-header-path /Users/c4v4h/Library/Developer/Xcode/DerivedData/CascadeAddonRecoveryProbe/probe-7na4sb1w/Build/Build/Intermediates.noindex/AddonPlatform.build/Debug/ProbeContainer.build/Objects-normal/arm64/CascadeAddonProbeContainer-Swift.h -working-directory /Users/c4v4h/Library/Developer/Xcode/DerivedData/CascadeAddonRecoveryProbe/probe-7na4sb1w/Sources -experimental-emit-module-separately -disable-cmo

SwiftEmitModule normal arm64 Emitting\ module\ for\ CascadeAddonProbe (in target 'ProbeHost' from project 'AddonPlatform')

SwiftCompile normal arm64 (in target 'ProbeHost' from project 'AddonPlatform')
    cd /Users/c4v4h/Library/Developer/Xcode/DerivedData/CascadeAddonRecoveryProbe/probe-7na4sb1w/Sources
    

SwiftDriverJobDiscovery normal x86_64 Emitting module for CascadeAddonProbeContainer (in target 'ProbeContainer' from project 'AddonPlatform')

Copy /Users/c4v4h/Library/Developer/Xcode/DerivedData/CascadeAddonRecoveryProbe/probe-7na4sb1w/Build/Build/Products/Debug/CascadeAddonProbeContainer.swiftmodule/arm64-apple-macos.swiftmodule /Users/c4v4h/Library/Developer/Xcode/DerivedData/CascadeAddonRecoveryProbe/probe-7na4sb1w/Build/Build/Intermediates.noindex/AddonPlatform.build/Debug/ProbeContainer.build/Objects-normal/arm64/CascadeAddonProbeContainer.swiftmodule (in target 'ProbeContainer' from project 'AddonPlatform')
    cd /Users/c4v4h/Library/Developer/Xcode/DerivedData/CascadeAddonRecoveryProbe/probe-7na4sb1w/Sources
    builtin-copy -exclude .DS_Store -exclude CVS -exclude .svn -exclude .git -exclude .hg -strip-unsigned-binaries -strip-deterministic -strip-tool /Applications/Xcode-beta.app/Contents/Developer/Toolchains/XcodeDefault.xctoolchain/usr/bin/strip -resolve-src-symlinks -rename /Users/c4v4h/Library/Developer/Xcode/DerivedData/CascadeAddonRecoveryProbe/probe-7na4sb1w/Build/Build/Intermediates.noindex/AddonPlatform.build/Debug/ProbeContainer.build/Objects-normal/arm64/CascadeAddonProbeContainer.swiftmodule /Users/c4v4h/Library/Developer/Xcode/DerivedData/CascadeAddonRecoveryProbe/probe-7na4sb1w/Build/Build/Products/Debug/CascadeAddonProbeContainer.swiftmodule/arm64-apple-macos.swiftmodule

SwiftDriver\ Compilation\ Requirements ProbeContainer normal x86_64 com.apple.xcode.tools.swift.compiler (in target 'ProbeContainer' from project 'AddonPlatform')
    cd /Users/c4v4h/Library/Developer/Xcode/DerivedData/CascadeAddonRecoveryProbe/probe-7na4sb1w/Sources
    builtin-Swift-Compilation-Requirements -- /Applications/Xcode-beta.app/Contents/Developer/Toolchains/XcodeDefault.xctoolchain/usr/bin/swiftc -module-name CascadeAddonProbeContainer -Onone @/Users/c4v4h/Library/Developer/Xcode/DerivedData/CascadeAddonRecoveryProbe/probe-7na4sb1w/Build/Build/Intermediates.noindex/AddonPlatform.build/Debug/ProbeContainer.build/Objects-normal/x86_64/CascadeAddonProbeContainer.SwiftFileList -DDEBUG -DRECOVERY_PROBE -DBROKER_PROVIDER -enable-bare-slash-regex -enable-experimental-feature DebugDescriptionMacro -sdk /Applications/Xcode-beta.app/Contents/Developer/Platforms/MacOSX.platform/Developer/SDKs/MacOSX27.0.sdk -target x86_64-apple-macos14.0 -g -module-cache-path /Users/c4v4h/Library/Developer/Xcode/DerivedData/CascadeAddonRecoveryProbe/probe-7na4sb1w/Build/ModuleCache.noindex -Xfrontend -serialize-debugging-options -index-store-path /Users/c4v4h/Library/Developer/Xcode/DerivedData/CascadeAddonRecoveryProbe/probe-7na4sb1w/Build/Index.noindex/DataStore -swift-version 5 -I /Users/c4v4h/Library/Developer/Xcode/DerivedData/CascadeAddonRecoveryProbe/probe-7na4sb1w/Build/Build/Products/Debug -F /Users/c4v4h/Library/Developer/Xcode/DerivedData/CascadeAddonRecoveryProbe/probe-7na4sb1w/Build/Build/Products/Debug -parse-as-library -c -j8 -enable-batch-mode -incremental -Xcc -ivfsstatcache -Xcc /Users/c4v4h/Library/Developer/Xcode/DerivedData/CascadeAddonRecoveryProbe/probe-7na4sb1w/Build/SDKStatCaches.noindex/macosx27.0-26A5419a-e829b21a6f8c9b70876ba0858053c04445874285e5972fffeae925c4ab065928.sdkstatcache -output-file-map /Users/c4v4h/Library/Developer/Xcode/DerivedData/CascadeAddonRecoveryProbe/probe-7na4sb1w/Build/Build/Intermediates.noindex/AddonPlatform.build/Debug/ProbeContainer.build/Objects-normal/x86_64/ProbeContainer-OutputFileMap.json -save-temps -no-color-diagnostics -explicit-module-build -module-cache-path /Users/c4v4h/Library/Developer/Xcode/DerivedData/CascadeAddonRecoveryProbe/probe-7na4sb1w/Build/Build/Intermediates.noindex/SwiftExplicitPrecompiledModules -clang-scanner-module-cache-path /Users/c4v4h/Library/Developer/Xcode/DerivedData/CascadeAddonRecoveryProbe/probe-7na4sb1w/Build/ModuleCache.noindex -sdk-module-cache-path /Users/c4v4h/Library/Developer/Xcode/DerivedData/CascadeAddonRecoveryProbe/probe-7na4sb1w/Build/SDKExplicitPrecompiledModules -emit-dependencies -emit-module -emit-module-path /Users/c4v4h/Library/Developer/Xcode/DerivedData/CascadeAddonRecoveryProbe/probe-7na4sb1w/Build/Build/Intermediates.noindex/AddonPlatform.build/Debug/ProbeContainer.build/Objects-normal/x86_64/CascadeAddonProbeContainer.swiftmodule -serialize-diagnostics -dependency-scan-serialize-diagnostics-path /Users/c4v4h/Library/Developer/Xcode/DerivedData/CascadeAddonRecoveryProbe/probe-7na4sb1w/Build/Build/Intermediates.noindex/AddonPlatform.build/Debug/ProbeContainer.build/Objects-normal/x86_64/CascadeAddonProbeContainer-dependency-scan.dia -validate-clang-modules-once -clang-build-session-file /Users/c4v4h/Library/Developer/Xcode/DerivedData/CascadeAddonRecoveryProbe/probe-7na4sb1w/Build/ModuleCache.noindex/Session.modulevalidation -Xcc -fmodules-prune-interval\=86400 -Xcc -fmodules-prune-after\=345600 -emit-const-values -const-gather-protocols-list /Users/c4v4h/Library/Developer/Xcode/DerivedData/CascadeAddonRecoveryProbe/probe-7na4sb1w/Build/Build/Intermediates.noindex/AddonPlatform.build/Debug/ProbeContainer.build/Objects-normal/x86_64/ProbeContainer_const_extract_protocols.json -Xcc -iquote -Xcc /Users/c4v4h/Library/Developer/Xcode/DerivedData/CascadeAddonRecoveryProbe/probe-7na4sb1w/Build/Build/Intermediates.noindex/AddonPlatform.build/Debug/ProbeContainer.build/CascadeAddonProbeContainer-generated-files.hmap -Xcc -I/Users/c4v4h/Library/Developer/Xcode/DerivedData/CascadeAddonRecoveryProbe/probe-7na4sb1w/Build/Build/Intermediates.noindex/AddonPlatform.build/Debug/ProbeContainer.build/CascadeAddonProbeContainer-own-target-headers.hmap -Xcc -I/Users/c4v4h/Library/Developer/Xcode/DerivedData/CascadeAddonRecoveryProbe/probe-7na4sb1w/Build/Build/Intermediates.noindex/AddonPlatform.build/Debug/ProbeContainer.build/CascadeAddonProbeContainer-all-target-headers.hmap -Xcc -iquote -Xcc /Users/c4v4h/Library/Developer/Xcode/DerivedData/CascadeAddonRecoveryProbe/probe-7na4sb1w/Build/Build/Intermediates.noindex/AddonPlatform.build/Debug/ProbeContainer.build/CascadeAddonProbeContainer-project-headers.hmap -Xcc -I/Users/c4v4h/Library/Developer/Xcode/DerivedData/CascadeAddonRecoveryProbe/probe-7na4sb1w/Build/Build/Products/Debug/include -Xcc -I/Users/c4v4h/Library/Developer/Xcode/DerivedData/CascadeAddonRecoveryProbe/probe-7na4sb1w/Build/Build/Intermediates.noindex/AddonPlatform.build/Debug/ProbeContainer.build/DerivedSources-normal/x86_64 -Xcc -I/Users/c4v4h/Library/Developer/Xcode/DerivedData/CascadeAddonRecoveryProbe/probe-7na4sb1w/Build/Build/Intermediates.noindex/AddonPlatform.build/Debug/ProbeContainer.build/DerivedSources/x86_64 -Xcc -I/Users/c4v4h/Library/Developer/Xcode/DerivedData/CascadeAddonRecoveryProbe/probe-7na4sb1w/Build/Build/Intermediates.noindex/AddonPlatform.build/Debug/ProbeContainer.build/DerivedSources -emit-objc-header -emit-objc-header-path /Users/c4v4h/Library/Developer/Xcode/DerivedData/CascadeAddonRecoveryProbe/probe-7na4sb1w/Build/Build/Intermediates.noindex/AddonPlatform.build/Debug/ProbeContainer.build/Objects-normal/x86_64/CascadeAddonProbeContainer-Swift.h -working-directory /Users/c4v4h/Library/Developer/Xcode/DerivedData/CascadeAddonRecoveryProbe/probe-7na4sb1w/Sources -experimental-emit-module-separately -disable-cmo

Copy /Users/c4v4h/Library/Developer/Xcode/DerivedData/CascadeAddonRecoveryProbe/probe-7na4sb1w/Build/Build/Products/Debug/CascadeAddonProbeContainer.swiftmodule/arm64-apple-macos.swiftdoc /Users/c4v4h/Library/Developer/Xcode/DerivedData/CascadeAddonRecoveryProbe/probe-7na4sb1w/Build/Build/Intermediates.noindex/AddonPlatform.build/Debug/ProbeContainer.build/Objects-normal/arm64/CascadeAddonProbeContainer.swiftdoc (in target 'ProbeContainer' from project 'AddonPlatform')
    cd /Users/c4v4h/Library/Developer/Xcode/DerivedData/CascadeAddonRecoveryProbe/probe-7na4sb1w/Sources
    builtin-copy -exclude .DS_Store -exclude CVS -exclude .svn -exclude .git -exclude .hg -strip-unsigned-binaries -strip-deterministic -strip-tool /Applications/Xcode-beta.app/Contents/Developer/Toolchains/XcodeDefault.xctoolchain/usr/bin/strip -resolve-src-symlinks -rename /Users/c4v4h/Library/Developer/Xcode/DerivedData/CascadeAddonRecoveryProbe/probe-7na4sb1w/Build/Build/Intermediates.noindex/AddonPlatform.build/Debug/ProbeContainer.build/Objects-normal/arm64/CascadeAddonProbeContainer.swiftdoc /Users/c4v4h/Library/Developer/Xcode/DerivedData/CascadeAddonRecoveryProbe/probe-7na4sb1w/Build/Build/Products/Debug/CascadeAddonProbeContainer.swiftmodule/arm64-apple-macos.swiftdoc

SwiftMergeGeneratedHeaders /Users/c4v4h/Library/Developer/Xcode/DerivedData/CascadeAddonRecoveryProbe/probe-7na4sb1w/Build/Build/Intermediates.noindex/AddonPlatform.build/Debug/ProbeContainer.build/DerivedSources/CascadeAddonProbeContainer-Swift.h /Users/c4v4h/Library/Developer/Xcode/DerivedData/CascadeAddonRecoveryProbe/probe-7na4sb1w/Build/Build/Intermediates.noindex/AddonPlatform.build/Debug/ProbeContainer.build/Objects-normal/arm64/CascadeAddonProbeContainer-Swift.h /Users/c4v4h/Library/Developer/Xcode/DerivedData/CascadeAddonRecoveryProbe/probe-7na4sb1w/Build/Build/Intermediates.noindex/AddonPlatform.build/Debug/ProbeContainer.build/Objects-normal/x86_64/CascadeAddonProbeContainer-Swift.h (in target 'ProbeContainer' from project 'AddonPlatform')
    cd /Users/c4v4h/Library/Developer/Xcode/DerivedData/CascadeAddonRecoveryProbe/probe-7na4sb1w/Sources
    builtin-swiftHeaderTool -arch arm64 /Users/c4v4h/Library/Developer/Xcode/DerivedData/CascadeAddonRecoveryProbe/probe-7na4sb1w/Build/Build/Intermediates.noindex/AddonPlatform.build/Debug/ProbeContainer.build/Objects-normal/arm64/CascadeAddonProbeContainer-Swift.h -arch x86_64 /Users/c4v4h/Library/Developer/Xcode/DerivedData/CascadeAddonRecoveryProbe/probe-7na4sb1w/Build/Build/Intermediates.noindex/AddonPlatform.build/Debug/ProbeContainer.build/Objects-normal/x86_64/CascadeAddonProbeContainer-Swift.h -o /Users/c4v4h/Library/Developer/Xcode/DerivedData/CascadeAddonRecoveryProbe/probe-7na4sb1w/Build/Build/Intermediates.noindex/AddonPlatform.build/Debug/ProbeContainer.build/DerivedSources/CascadeAddonProbeContainer-Swift.h

Copy /Users/c4v4h/Library/Developer/Xcode/DerivedData/CascadeAddonRecoveryProbe/probe-7na4sb1w/Build/Build/Products/Debug/CascadeAddonProbeContainer.swiftmodule/x86_64-apple-macos.swiftmodule /Users/c4v4h/Library/Developer/Xcode/DerivedData/CascadeAddonRecoveryProbe/probe-7na4sb1w/Build/Build/Intermediates.noindex/AddonPlatform.build/Debug/ProbeContainer.build/Objects-normal/x86_64/CascadeAddonProbeContainer.swiftmodule (in target 'ProbeContainer' from project 'AddonPlatform')
    cd /Users/c4v4h/Library/Developer/Xcode/DerivedData/CascadeAddonRecoveryProbe/probe-7na4sb1w/Sources
    builtin-copy -exclude .DS_Store -exclude CVS -exclude .svn -exclude .git -exclude .hg -strip-unsigned-binaries -strip-deterministic -strip-tool /Applications/Xcode-beta.app/Contents/Developer/Toolchains/XcodeDefault.xctoolchain/usr/bin/strip -resolve-src-symlinks -rename /Users/c4v4h/Library/Developer/Xcode/DerivedData/CascadeAddonRecoveryProbe/probe-7na4sb1w/Build/Build/Intermediates.noindex/AddonPlatform.build/Debug/ProbeContainer.build/Objects-normal/x86_64/CascadeAddonProbeContainer.swiftmodule /Users/c4v4h/Library/Developer/Xcode/DerivedData/CascadeAddonRecoveryProbe/probe-7na4sb1w/Build/Build/Products/Debug/CascadeAddonProbeContainer.swiftmodule/x86_64-apple-macos.swiftmodule

Copy /Users/c4v4h/Library/Developer/Xcode/DerivedData/CascadeAddonRecoveryProbe/probe-7na4sb1w/Build/Build/Products/Debug/CascadeAddonProbeContainer.swiftmodule/x86_64-apple-macos.swiftdoc /Users/c4v4h/Library/Developer/Xcode/DerivedData/CascadeAddonRecoveryProbe/probe-7na4sb1w/Build/Build/Intermediates.noindex/AddonPlatform.build/Debug/ProbeContainer.build/Objects-normal/x86_64/CascadeAddonProbeContainer.swiftdoc (in target 'ProbeContainer' from project 'AddonPlatform')
    cd /Users/c4v4h/Library/Developer/Xcode/DerivedData/CascadeAddonRecoveryProbe/probe-7na4sb1w/Sources
    builtin-copy -exclude .DS_Store -exclude CVS -exclude .svn -exclude .git -exclude .hg -strip-unsigned-binaries -strip-deterministic -strip-tool /Applications/Xcode-beta.app/Contents/Developer/Toolchains/XcodeDefault.xctoolchain/usr/bin/strip -resolve-src-symlinks -rename /Users/c4v4h/Library/Developer/Xcode/DerivedData/CascadeAddonRecoveryProbe/probe-7na4sb1w/Build/Build/Intermediates.noindex/AddonPlatform.build/Debug/ProbeContainer.build/Objects-normal/x86_64/CascadeAddonProbeContainer.swiftdoc /Users/c4v4h/Library/Developer/Xcode/DerivedData/CascadeAddonRecoveryProbe/probe-7na4sb1w/Build/Build/Products/Debug/CascadeAddonProbeContainer.swiftmodule/x86_64-apple-macos.swiftdoc

Copy /Users/c4v4h/Library/Developer/Xcode/DerivedData/CascadeAddonRecoveryProbe/probe-7na4sb1w/Build/Build/Products/Debug/CascadeAddonProbeContainer.swiftmodule/x86_64-apple-macos.abi.json /Users/c4v4h/Library/Developer/Xcode/DerivedData/CascadeAddonRecoveryProbe/probe-7na4sb1w/Build/Build/Intermediates.noindex/AddonPlatform.build/Debug/ProbeContainer.build/Objects-normal/x86_64/CascadeAddonProbeContainer.abi.json (in target 'ProbeContainer' from project 'AddonPlatform')
    cd /Users/c4v4h/Library/Developer/Xcode/DerivedData/CascadeAddonRecoveryProbe/probe-7na4sb1w/Sources
    builtin-copy -exclude .DS_Store -exclude CVS -exclude .svn -exclude .git -exclude .hg -strip-unsigned-binaries -strip-deterministic -strip-tool /Applications/Xcode-beta.app/Contents/Developer/Toolchains/XcodeDefault.xctoolchain/usr/bin/strip -resolve-src-symlinks -rename /Users/c4v4h/Library/Developer/Xcode/DerivedData/CascadeAddonRecoveryProbe/probe-7na4sb1w/Build/Build/Intermediates.noindex/AddonPlatform.build/Debug/ProbeContainer.build/Objects-normal/x86_64/CascadeAddonProbeContainer.abi.json /Users/c4v4h/Library/Developer/Xcode/DerivedData/CascadeAddonRecoveryProbe/probe-7na4sb1w/Build/Build/Products/Debug/CascadeAddonProbeContainer.swiftmodule/x86_64-apple-macos.abi.json

Copy /Users/c4v4h/Library/Developer/Xcode/DerivedData/CascadeAddonRecoveryProbe/probe-7na4sb1w/Build/Build/Products/Debug/CascadeAddonProbeContainer.swiftmodule/arm64-apple-macos.abi.json /Users/c4v4h/Library/Developer/Xcode/DerivedData/CascadeAddonRecoveryProbe/probe-7na4sb1w/Build/Build/Intermediates.noindex/AddonPlatform.build/Debug/ProbeContainer.build/Objects-normal/arm64/CascadeAddonProbeContainer.abi.json (in target 'ProbeContainer' from project 'AddonPlatform')
    cd /Users/c4v4h/Library/Developer/Xcode/DerivedData/CascadeAddonRecoveryProbe/probe-7na4sb1w/Sources
    builtin-copy -exclude .DS_Store -exclude CVS -exclude .svn -exclude .git -exclude .hg -strip-unsigned-binaries -strip-deterministic -strip-tool /Applications/Xcode-beta.app/Contents/Developer/Toolchains/XcodeDefault.xctoolchain/usr/bin/strip -resolve-src-symlinks -rename /Users/c4v4h/Library/Developer/Xcode/DerivedData/CascadeAddonRecoveryProbe/probe-7na4sb1w/Build/Build/Intermediates.noindex/AddonPlatform.build/Debug/ProbeContainer.build/Objects-normal/arm64/CascadeAddonProbeContainer.abi.json /Users/c4v4h/Library/Developer/Xcode/DerivedData/CascadeAddonRecoveryProbe/probe-7na4sb1w/Build/Build/Products/Debug/CascadeAddonProbeContainer.swiftmodule/arm64-apple-macos.abi.json

Copy /Users/c4v4h/Library/Developer/Xcode/DerivedData/CascadeAddonRecoveryProbe/probe-7na4sb1w/Build/Build/Products/Debug/CascadeAddonProbeContainer.swiftmodule/Project/x86_64-apple-macos.swiftsourceinfo /Users/c4v4h/Library/Developer/Xcode/DerivedData/CascadeAddonRecoveryProbe/probe-7na4sb1w/Build/Build/Intermediates.noindex/AddonPlatform.build/Debug/ProbeContainer.build/Objects-normal/x86_64/CascadeAddonProbeContainer.swiftsourceinfo (in target 'ProbeContainer' from project 'AddonPlatform')
    cd /Users/c4v4h/Library/Developer/Xcode/DerivedData/CascadeAddonRecoveryProbe/probe-7na4sb1w/Sources
    builtin-copy -exclude .DS_Store -exclude CVS -exclude .svn -exclude .git -exclude .hg -strip-unsigned-binaries -strip-deterministic -strip-tool /Applications/Xcode-beta.app/Contents/Developer/Toolchains/XcodeDefault.xctoolchain/usr/bin/strip -resolve-src-symlinks -rename /Users/c4v4h/Library/Developer/Xcode/DerivedData/CascadeAddonRecoveryProbe/probe-7na4sb1w/Build/Build/Intermediates.noindex/AddonPlatform.build/Debug/ProbeContainer.build/Objects-normal/x86_64/CascadeAddonProbeContainer.swiftsourceinfo /Users/c4v4h/Library/Developer/Xcode/DerivedData/CascadeAddonRecoveryProbe/probe-7na4sb1w/Build/Build/Products/Debug/CascadeAddonProbeContainer.swiftmodule/Project/x86_64-apple-macos.swiftsourceinfo

Copy /Users/c4v4h/Library/Developer/Xcode/DerivedData/CascadeAddonRecoveryProbe/probe-7na4sb1w/Build/Build/Products/Debug/CascadeAddonProbeContainer.swiftmodule/Project/arm64-apple-macos.swiftsourceinfo /Users/c4v4h/Library/Developer/Xcode/DerivedData/CascadeAddonRecoveryProbe/probe-7na4sb1w/Build/Build/Intermediates.noindex/AddonPlatform.build/Debug/ProbeContainer.build/Objects-normal/arm64/CascadeAddonProbeContainer.swiftsourceinfo (in target 'ProbeContainer' from project 'AddonPlatform')
    cd /Users/c4v4h/Library/Developer/Xcode/DerivedData/CascadeAddonRecoveryProbe/probe-7na4sb1w/Sources
    builtin-copy -exclude .DS_Store -exclude CVS -exclude .svn -exclude .git -exclude .hg -strip-unsigned-binaries -strip-deterministic -strip-tool /Applications/Xcode-beta.app/Contents/Developer/Toolchains/XcodeDefault.xctoolchain/usr/bin/strip -resolve-src-symlinks -rename /Users/c4v4h/Library/Developer/Xcode/DerivedData/CascadeAddonRecoveryProbe/probe-7na4sb1w/Build/Build/Intermediates.noindex/AddonPlatform.build/Debug/ProbeContainer.build/Objects-normal/arm64/CascadeAddonProbeContainer.swiftsourceinfo /Users/c4v4h/Library/Developer/Xcode/DerivedData/CascadeAddonRecoveryProbe/probe-7na4sb1w/Build/Build/Products/Debug/CascadeAddonProbeContainer.swiftmodule/Project/arm64-apple-macos.swiftsourceinfo

SwiftExplicitDependencyGeneratePcm x86_64 /Users/c4v4h/Library/Developer/Xcode/DerivedData/CascadeAddonRecoveryProbe/probe-7na4sb1w/Build/SDKExplicitPrecompiledModules/SwiftUI-BLT7DTOAQ1AMCF9X0L56AKX5T.pcm

SwiftCompile normal arm64 Compiling\ ProbeHost.swift /Users/c4v4h/Library/Developer/Xcode/DerivedData/CascadeAddonRecoveryProbe/probe-7na4sb1w/Sources/Host/ProbeHost.swift (in target 'ProbeHost' from project 'AddonPlatform')

SwiftCompile normal arm64 /Users/c4v4h/Library/Developer/Xcode/DerivedData/CascadeAddonRecoveryProbe/probe-7na4sb1w/Sources/Host/ProbeHost.swift (in target 'ProbeHost' from project 'AddonPlatform')
    cd /Users/c4v4h/Library/Developer/Xcode/DerivedData/CascadeAddonRecoveryProbe/probe-7na4sb1w/Sources
    builtin-SwiftPerFileCompile ProbeHost.swift

SwiftCompile normal arm64 Compiling\ ProbeMessage.swift /Users/c4v4h/Library/Developer/Xcode/DerivedData/CascadeAddonRecoveryProbe/probe-7na4sb1w/Sources/Shared/ProbeMessage.swift (in target 'ProbeHost' from project 'AddonPlatform')

SwiftCompile normal arm64 /Users/c4v4h/Library/Developer/Xcode/DerivedData/CascadeAddonRecoveryProbe/probe-7na4sb1w/Sources/Shared/ProbeMessage.swift (in target 'ProbeHost' from project 'AddonPlatform')
    cd /Users/c4v4h/Library/Developer/Xcode/DerivedData/CascadeAddonRecoveryProbe/probe-7na4sb1w/Sources
    builtin-SwiftPerFileCompile ProbeMessage.swift

SwiftEmitModule normal x86_64 Emitting\ module\ for\ CascadeAddonProbe (in target 'ProbeHost' from project 'AddonPlatform')

SwiftCompile normal x86_64 (in target 'ProbeHost' from project 'AddonPlatform')
    cd /Users/c4v4h/Library/Developer/Xcode/DerivedData/CascadeAddonRecoveryProbe/probe-7na4sb1w/Sources
    

SwiftDriverJobDiscovery normal arm64 Emitting module for CascadeAddonProbe (in target 'ProbeHost' from project 'AddonPlatform')

SwiftDriver\ Compilation\ Requirements ProbeHost normal arm64 com.apple.xcode.tools.swift.compiler (in target 'ProbeHost' from project 'AddonPlatform')
    cd /Users/c4v4h/Library/Developer/Xcode/DerivedData/CascadeAddonRecoveryProbe/probe-7na4sb1w/Sources
    builtin-Swift-Compilation-Requirements -- /Applications/Xcode-beta.app/Contents/Developer/Toolchains/XcodeDefault.xctoolchain/usr/bin/swiftc -module-name CascadeAddonProbe -Onone @/Users/c4v4h/Library/Developer/Xcode/DerivedData/CascadeAddonRecoveryProbe/probe-7na4sb1w/Build/Build/Intermediates.noindex/AddonPlatform.build/Debug/ProbeHost.build/Objects-normal/arm64/CascadeAddonProbe.SwiftFileList -DDEBUG -DRECOVERY_PROBE -DBROKER_PROVIDER -enable-bare-slash-regex -enable-experimental-feature DebugDescriptionMacro -sdk /Applications/Xcode-beta.app/Contents/Developer/Platforms/MacOSX.platform/Developer/SDKs/MacOSX27.0.sdk -target arm64-apple-macos14.0 -g -module-cache-path /Users/c4v4h/Library/Developer/Xcode/DerivedData/CascadeAddonRecoveryProbe/probe-7na4sb1w/Build/ModuleCache.noindex -Xfrontend -serialize-debugging-options -index-store-path /Users/c4v4h/Library/Developer/Xcode/DerivedData/CascadeAddonRecoveryProbe/probe-7na4sb1w/Build/Index.noindex/DataStore -swift-version 5 -I /Users/c4v4h/Library/Developer/Xcode/DerivedData/CascadeAddonRecoveryProbe/probe-7na4sb1w/Build/Build/Products/Debug -F /Users/c4v4h/Library/Developer/Xcode/DerivedData/CascadeAddonRecoveryProbe/probe-7na4sb1w/Build/Build/Products/Debug -c -j8 -enable-batch-mode -incremental -Xcc -ivfsstatcache -Xcc /Users/c4v4h/Library/Developer/Xcode/DerivedData/CascadeAddonRecoveryProbe/probe-7na4sb1w/Build/SDKStatCaches.noindex/macosx27.0-26A5419a-e829b21a6f8c9b70876ba0858053c04445874285e5972fffeae925c4ab065928.sdkstatcache -output-file-map /Users/c4v4h/Library/Developer/Xcode/DerivedData/CascadeAddonRecoveryProbe/probe-7na4sb1w/Build/Build/Intermediates.noindex/AddonPlatform.build/Debug/ProbeHost.build/Objects-normal/arm64/ProbeHost-OutputFileMap.json -save-temps -no-color-diagnostics -explicit-module-build -module-cache-path /Users/c4v4h/Library/Developer/Xcode/DerivedData/CascadeAddonRecoveryProbe/probe-7na4sb1w/Build/Build/Intermediates.noindex/SwiftExplicitPrecompiledModules -clang-scanner-module-cache-path /Users/c4v4h/Library/Developer/Xcode/DerivedData/CascadeAddonRecoveryProbe/probe-7na4sb1w/Build/ModuleCache.noindex -sdk-module-cache-path /Users/c4v4h/Library/Developer/Xcode/DerivedData/CascadeAddonRecoveryProbe/probe-7na4sb1w/Build/SDKExplicitPrecompiledModules -emit-dependencies -emit-module -emit-module-path /Users/c4v4h/Library/Developer/Xcode/DerivedData/CascadeAddonRecoveryProbe/probe-7na4sb1w/Build/Build/Intermediates.noindex/AddonPlatform.build/Debug/ProbeHost.build/Objects-normal/arm64/CascadeAddonProbe.swiftmodule -serialize-diagnostics -dependency-scan-serialize-diagnostics-path /Users/c4v4h/Library/Developer/Xcode/DerivedData/CascadeAddonRecoveryProbe/probe-7na4sb1w/Build/Build/Intermediates.noindex/AddonPlatform.build/Debug/ProbeHost.build/Objects-normal/arm64/CascadeAddonProbe-dependency-scan.dia -validate-clang-modules-once -clang-build-session-file /Users/c4v4h/Library/Developer/Xcode/DerivedData/CascadeAddonRecoveryProbe/probe-7na4sb1w/Build/ModuleCache.noindex/Session.modulevalidation -Xcc -fmodules-prune-interval\=86400 -Xcc -fmodules-prune-after\=345600 -emit-const-values -const-gather-protocols-list /Users/c4v4h/Library/Developer/Xcode/DerivedData/CascadeAddonRecoveryProbe/probe-7na4sb1w/Build/Build/Intermediates.noindex/AddonPlatform.build/Debug/ProbeHost.build/Objects-normal/arm64/ProbeHost_const_extract_protocols.json -Xcc -iquote -Xcc /Users/c4v4h/Library/Developer/Xcode/DerivedData/CascadeAddonRecoveryProbe/probe-7na4sb1w/Build/Build/Intermediates.noindex/AddonPlatform.build/Debug/ProbeHost.build/CascadeAddonProbe-generated-files.hmap -Xcc -I/Users/c4v4h/Library/Developer/Xcode/DerivedData/CascadeAddonRecoveryProbe/probe-7na4sb1w/Build/Build/Intermediates.noindex/AddonPlatform.build/Debug/ProbeHost.build/CascadeAddonProbe-own-target-headers.hmap -Xcc -I/Users/c4v4h/Library/Developer/Xcode/DerivedData/CascadeAddonRecoveryProbe/probe-7na4sb1w/Build/Build/Intermediates.noindex/AddonPlatform.build/Debug/ProbeHost.build/CascadeAddonProbe-all-target-headers.hmap -Xcc -iquote -Xcc /Users/c4v4h/Library/Developer/Xcode/DerivedData/CascadeAddonRecoveryProbe/probe-7na4sb1w/Build/Build/Intermediates.noindex/AddonPlatform.build/Debug/ProbeHost.build/CascadeAddonProbe-project-headers.hmap -Xcc -I/Users/c4v4h/Library/Developer/Xcode/DerivedData/CascadeAddonRecoveryProbe/probe-7na4sb1w/Build/Build/Products/Debug/include -Xcc -I/Users/c4v4h/Library/Developer/Xcode/DerivedData/CascadeAddonRecoveryProbe/probe-7na4sb1w/Build/Build/Intermediates.noindex/AddonPlatform.build/Debug/ProbeHost.build/DerivedSources-normal/arm64 -Xcc -I/Users/c4v4h/Library/Developer/Xcode/DerivedData/CascadeAddonRecoveryProbe/probe-7na4sb1w/Build/Build/Intermediates.noindex/AddonPlatform.build/Debug/ProbeHost.build/DerivedSources/arm64 -Xcc -I/Users/c4v4h/Library/Developer/Xcode/DerivedData/CascadeAddonRecoveryProbe/probe-7na4sb1w/Build/Build/Intermediates.noindex/AddonPlatform.build/Debug/ProbeHost.build/DerivedSources -emit-objc-header -emit-objc-header-path /Users/c4v4h/Library/Developer/Xcode/DerivedData/CascadeAddonRecoveryProbe/probe-7na4sb1w/Build/Build/Intermediates.noindex/AddonPlatform.build/Debug/ProbeHost.build/Objects-normal/arm64/CascadeAddonProbe-Swift.h -working-directory /Users/c4v4h/Library/Developer/Xcode/DerivedData/CascadeAddonRecoveryProbe/probe-7na4sb1w/Sources -experimental-emit-module-separately -disable-cmo

SwiftDriverJobDiscovery normal x86_64 Emitting module for CascadeAddonProbe (in target 'ProbeHost' from project 'AddonPlatform')

SwiftDriver\ Compilation\ Requirements ProbeHost normal x86_64 com.apple.xcode.tools.swift.compiler (in target 'ProbeHost' from project 'AddonPlatform')
    cd /Users/c4v4h/Library/Developer/Xcode/DerivedData/CascadeAddonRecoveryProbe/probe-7na4sb1w/Sources
    builtin-Swift-Compilation-Requirements -- /Applications/Xcode-beta.app/Contents/Developer/Toolchains/XcodeDefault.xctoolchain/usr/bin/swiftc -module-name CascadeAddonProbe -Onone @/Users/c4v4h/Library/Developer/Xcode/DerivedData/CascadeAddonRecoveryProbe/probe-7na4sb1w/Build/Build/Intermediates.noindex/AddonPlatform.build/Debug/ProbeHost.build/Objects-normal/x86_64/CascadeAddonProbe.SwiftFileList -DDEBUG -DRECOVERY_PROBE -DBROKER_PROVIDER -enable-bare-slash-regex -enable-experimental-feature DebugDescriptionMacro -sdk /Applications/Xcode-beta.app/Contents/Developer/Platforms/MacOSX.platform/Developer/SDKs/MacOSX27.0.sdk -target x86_64-apple-macos14.0 -g -module-cache-path /Users/c4v4h/Library/Developer/Xcode/DerivedData/CascadeAddonRecoveryProbe/probe-7na4sb1w/Build/ModuleCache.noindex -Xfrontend -serialize-debugging-options -index-store-path /Users/c4v4h/Library/Developer/Xcode/DerivedData/CascadeAddonRecoveryProbe/probe-7na4sb1w/Build/Index.noindex/DataStore -swift-version 5 -I /Users/c4v4h/Library/Developer/Xcode/DerivedData/CascadeAddonRecoveryProbe/probe-7na4sb1w/Build/Build/Products/Debug -F /Users/c4v4h/Library/Developer/Xcode/DerivedData/CascadeAddonRecoveryProbe/probe-7na4sb1w/Build/Build/Products/Debug -c -j8 -enable-batch-mode -incremental -Xcc -ivfsstatcache -Xcc /Users/c4v4h/Library/Developer/Xcode/DerivedData/CascadeAddonRecoveryProbe/probe-7na4sb1w/Build/SDKStatCaches.noindex/macosx27.0-26A5419a-e829b21a6f8c9b70876ba0858053c04445874285e5972fffeae925c4ab065928.sdkstatcache -output-file-map /Users/c4v4h/Library/Developer/Xcode/DerivedData/CascadeAddonRecoveryProbe/probe-7na4sb1w/Build/Build/Intermediates.noindex/AddonPlatform.build/Debug/ProbeHost.build/Objects-normal/x86_64/ProbeHost-OutputFileMap.json -save-temps -no-color-diagnostics -explicit-module-build -module-cache-path /Users/c4v4h/Library/Developer/Xcode/DerivedData/CascadeAddonRecoveryProbe/probe-7na4sb1w/Build/Build/Intermediates.noindex/SwiftExplicitPrecompiledModules -clang-scanner-module-cache-path /Users/c4v4h/Library/Developer/Xcode/DerivedData/CascadeAddonRecoveryProbe/probe-7na4sb1w/Build/ModuleCache.noindex -sdk-module-cache-path /Users/c4v4h/Library/Developer/Xcode/DerivedData/CascadeAddonRecoveryProbe/probe-7na4sb1w/Build/SDKExplicitPrecompiledModules -emit-dependencies -emit-module -emit-module-path /Users/c4v4h/Library/Developer/Xcode/DerivedData/CascadeAddonRecoveryProbe/probe-7na4sb1w/Build/Build/Intermediates.noindex/AddonPlatform.build/Debug/ProbeHost.build/Objects-normal/x86_64/CascadeAddonProbe.swiftmodule -serialize-diagnostics -dependency-scan-serialize-diagnostics-path /Users/c4v4h/Library/Developer/Xcode/DerivedData/CascadeAddonRecoveryProbe/probe-7na4sb1w/Build/Build/Intermediates.noindex/AddonPlatform.build/Debug/ProbeHost.build/Objects-normal/x86_64/CascadeAddonProbe-dependency-scan.dia -validate-clang-modules-once -clang-build-session-file /Users/c4v4h/Library/Developer/Xcode/DerivedData/CascadeAddonRecoveryProbe/probe-7na4sb1w/Build/ModuleCache.noindex/Session.modulevalidation -Xcc -fmodules-prune-interval\=86400 -Xcc -fmodules-prune-after\=345600 -emit-const-values -const-gather-protocols-list /Users/c4v4h/Library/Developer/Xcode/DerivedData/CascadeAddonRecoveryProbe/probe-7na4sb1w/Build/Build/Intermediates.noindex/AddonPlatform.build/Debug/ProbeHost.build/Objects-normal/x86_64/ProbeHost_const_extract_protocols.json -Xcc -iquote -Xcc /Users/c4v4h/Library/Developer/Xcode/DerivedData/CascadeAddonRecoveryProbe/probe-7na4sb1w/Build/Build/Intermediates.noindex/AddonPlatform.build/Debug/ProbeHost.build/CascadeAddonProbe-generated-files.hmap -Xcc -I/Users/c4v4h/Library/Developer/Xcode/DerivedData/CascadeAddonRecoveryProbe/probe-7na4sb1w/Build/Build/Intermediates.noindex/AddonPlatform.build/Debug/ProbeHost.build/CascadeAddonProbe-own-target-headers.hmap -Xcc -I/Users/c4v4h/Library/Developer/Xcode/DerivedData/CascadeAddonRecoveryProbe/probe-7na4sb1w/Build/Build/Intermediates.noindex/AddonPlatform.build/Debug/ProbeHost.build/CascadeAddonProbe-all-target-headers.hmap -Xcc -iquote -Xcc /Users/c4v4h/Library/Developer/Xcode/DerivedData/CascadeAddonRecoveryProbe/probe-7na4sb1w/Build/Build/Intermediates.noindex/AddonPlatform.build/Debug/ProbeHost.build/CascadeAddonProbe-project-headers.hmap -Xcc -I/Users/c4v4h/Library/Developer/Xcode/DerivedData/CascadeAddonRecoveryProbe/probe-7na4sb1w/Build/Build/Products/Debug/include -Xcc -I/Users/c4v4h/Library/Developer/Xcode/DerivedData/CascadeAddonRecoveryProbe/probe-7na4sb1w/Build/Build/Intermediates.noindex/AddonPlatform.build/Debug/ProbeHost.build/DerivedSources-normal/x86_64 -Xcc -I/Users/c4v4h/Library/Developer/Xcode/DerivedData/CascadeAddonRecoveryProbe/probe-7na4sb1w/Build/Build/Intermediates.noindex/AddonPlatform.build/Debug/ProbeHost.build/DerivedSources/x86_64 -Xcc -I/Users/c4v4h/Library/Developer/Xcode/DerivedData/CascadeAddonRecoveryProbe/probe-7na4sb1w/Build/Build/Intermediates.noindex/AddonPlatform.build/Debug/ProbeHost.build/DerivedSources -emit-objc-header -emit-objc-header-path /Users/c4v4h/Library/Developer/Xcode/DerivedData/CascadeAddonRecoveryProbe/probe-7na4sb1w/Build/Build/Intermediates.noindex/AddonPlatform.build/Debug/ProbeHost.build/Objects-normal/x86_64/CascadeAddonProbe-Swift.h -working-directory /Users/c4v4h/Library/Developer/Xcode/DerivedData/CascadeAddonRecoveryProbe/probe-7na4sb1w/Sources -experimental-emit-module-separately -disable-cmo

Copy /Users/c4v4h/Library/Developer/Xcode/DerivedData/CascadeAddonRecoveryProbe/probe-7na4sb1w/Build/Build/Products/Debug/CascadeAddonProbe.swiftmodule/arm64-apple-macos.swiftmodule /Users/c4v4h/Library/Developer/Xcode/DerivedData/CascadeAddonRecoveryProbe/probe-7na4sb1w/Build/Build/Intermediates.noindex/AddonPlatform.build/Debug/ProbeHost.build/Objects-normal/arm64/CascadeAddonProbe.swiftmodule (in target 'ProbeHost' from project 'AddonPlatform')
    cd /Users/c4v4h/Library/Developer/Xcode/DerivedData/CascadeAddonRecoveryProbe/probe-7na4sb1w/Sources
    builtin-copy -exclude .DS_Store -exclude CVS -exclude .svn -exclude .git -exclude .hg -strip-unsigned-binaries -strip-deterministic -strip-tool /Applications/Xcode-beta.app/Contents/Developer/Toolchains/XcodeDefault.xctoolchain/usr/bin/strip -resolve-src-symlinks -rename /Users/c4v4h/Library/Developer/Xcode/DerivedData/CascadeAddonRecoveryProbe/probe-7na4sb1w/Build/Build/Intermediates.noindex/AddonPlatform.build/Debug/ProbeHost.build/Objects-normal/arm64/CascadeAddonProbe.swiftmodule /Users/c4v4h/Library/Developer/Xcode/DerivedData/CascadeAddonRecoveryProbe/probe-7na4sb1w/Build/Build/Products/Debug/CascadeAddonProbe.swiftmodule/arm64-apple-macos.swiftmodule

SwiftMergeGeneratedHeaders /Users/c4v4h/Library/Developer/Xcode/DerivedData/CascadeAddonRecoveryProbe/probe-7na4sb1w/Build/Build/Intermediates.noindex/AddonPlatform.build/Debug/ProbeHost.build/DerivedSources/CascadeAddonProbe-Swift.h /Users/c4v4h/Library/Developer/Xcode/DerivedData/CascadeAddonRecoveryProbe/probe-7na4sb1w/Build/Build/Intermediates.noindex/AddonPlatform.build/Debug/ProbeHost.build/Objects-normal/arm64/CascadeAddonProbe-Swift.h /Users/c4v4h/Library/Developer/Xcode/DerivedData/CascadeAddonRecoveryProbe/probe-7na4sb1w/Build/Build/Intermediates.noindex/AddonPlatform.build/Debug/ProbeHost.build/Objects-normal/x86_64/CascadeAddonProbe-Swift.h (in target 'ProbeHost' from project 'AddonPlatform')
    cd /Users/c4v4h/Library/Developer/Xcode/DerivedData/CascadeAddonRecoveryProbe/probe-7na4sb1w/Sources
    builtin-swiftHeaderTool -arch arm64 /Users/c4v4h/Library/Developer/Xcode/DerivedData/CascadeAddonRecoveryProbe/probe-7na4sb1w/Build/Build/Intermediates.noindex/AddonPlatform.build/Debug/ProbeHost.build/Objects-normal/arm64/CascadeAddonProbe-Swift.h -arch x86_64 /Users/c4v4h/Library/Developer/Xcode/DerivedData/CascadeAddonRecoveryProbe/probe-7na4sb1w/Build/Build/Intermediates.noindex/AddonPlatform.build/Debug/ProbeHost.build/Objects-normal/x86_64/CascadeAddonProbe-Swift.h -o /Users/c4v4h/Library/Developer/Xcode/DerivedData/CascadeAddonRecoveryProbe/probe-7na4sb1w/Build/Build/Intermediates.noindex/AddonPlatform.build/Debug/ProbeHost.build/DerivedSources/CascadeAddonProbe-Swift.h

Copy /Users/c4v4h/Library/Developer/Xcode/DerivedData/CascadeAddonRecoveryProbe/probe-7na4sb1w/Build/Build/Products/Debug/CascadeAddonProbe.swiftmodule/x86_64-apple-macos.swiftmodule /Users/c4v4h/Library/Developer/Xcode/DerivedData/CascadeAddonRecoveryProbe/probe-7na4sb1w/Build/Build/Intermediates.noindex/AddonPlatform.build/Debug/ProbeHost.build/Objects-normal/x86_64/CascadeAddonProbe.swiftmodule (in target 'ProbeHost' from project 'AddonPlatform')
    cd /Users/c4v4h/Library/Developer/Xcode/DerivedData/CascadeAddonRecoveryProbe/probe-7na4sb1w/Sources
    builtin-copy -exclude .DS_Store -exclude CVS -exclude .svn -exclude .git -exclude .hg -strip-unsigned-binaries -strip-deterministic -strip-tool /Applications/Xcode-beta.app/Contents/Developer/Toolchains/XcodeDefault.xctoolchain/usr/bin/strip -resolve-src-symlinks -rename /Users/c4v4h/Library/Developer/Xcode/DerivedData/CascadeAddonRecoveryProbe/probe-7na4sb1w/Build/Build/Intermediates.noindex/AddonPlatform.build/Debug/ProbeHost.build/Objects-normal/x86_64/CascadeAddonProbe.swiftmodule /Users/c4v4h/Library/Developer/Xcode/DerivedData/CascadeAddonRecoveryProbe/probe-7na4sb1w/Build/Build/Products/Debug/CascadeAddonProbe.swiftmodule/x86_64-apple-macos.swiftmodule

Copy /Users/c4v4h/Library/Developer/Xcode/DerivedData/CascadeAddonRecoveryProbe/probe-7na4sb1w/Build/Build/Products/Debug/CascadeAddonProbe.swiftmodule/x86_64-apple-macos.swiftdoc /Users/c4v4h/Library/Developer/Xcode/DerivedData/CascadeAddonRecoveryProbe/probe-7na4sb1w/Build/Build/Intermediates.noindex/AddonPlatform.build/Debug/ProbeHost.build/Objects-normal/x86_64/CascadeAddonProbe.swiftdoc (in target 'ProbeHost' from project 'AddonPlatform')
    cd /Users/c4v4h/Library/Developer/Xcode/DerivedData/CascadeAddonRecoveryProbe/probe-7na4sb1w/Sources
    builtin-copy -exclude .DS_Store -exclude CVS -exclude .svn -exclude .git -exclude .hg -strip-unsigned-binaries -strip-deterministic -strip-tool /Applications/Xcode-beta.app/Contents/Developer/Toolchains/XcodeDefault.xctoolchain/usr/bin/strip -resolve-src-symlinks -rename /Users/c4v4h/Library/Developer/Xcode/DerivedData/CascadeAddonRecoveryProbe/probe-7na4sb1w/Build/Build/Intermediates.noindex/AddonPlatform.build/Debug/ProbeHost.build/Objects-normal/x86_64/CascadeAddonProbe.swiftdoc /Users/c4v4h/Library/Developer/Xcode/DerivedData/CascadeAddonRecoveryProbe/probe-7na4sb1w/Build/Build/Products/Debug/CascadeAddonProbe.swiftmodule/x86_64-apple-macos.swiftdoc

Copy /Users/c4v4h/Library/Developer/Xcode/DerivedData/CascadeAddonRecoveryProbe/probe-7na4sb1w/Build/Build/Products/Debug/CascadeAddonProbe.swiftmodule/x86_64-apple-macos.abi.json /Users/c4v4h/Library/Developer/Xcode/DerivedData/CascadeAddonRecoveryProbe/probe-7na4sb1w/Build/Build/Intermediates.noindex/AddonPlatform.build/Debug/ProbeHost.build/Objects-normal/x86_64/CascadeAddonProbe.abi.json (in target 'ProbeHost' from project 'AddonPlatform')
    cd /Users/c4v4h/Library/Developer/Xcode/DerivedData/CascadeAddonRecoveryProbe/probe-7na4sb1w/Sources
    builtin-copy -exclude .DS_Store -exclude CVS -exclude .svn -exclude .git -exclude .hg -strip-unsigned-binaries -strip-deterministic -strip-tool /Applications/Xcode-beta.app/Contents/Developer/Toolchains/XcodeDefault.xctoolchain/usr/bin/strip -resolve-src-symlinks -rename /Users/c4v4h/Library/Developer/Xcode/DerivedData/CascadeAddonRecoveryProbe/probe-7na4sb1w/Build/Build/Intermediates.noindex/AddonPlatform.build/Debug/ProbeHost.build/Objects-normal/x86_64/CascadeAddonProbe.abi.json /Users/c4v4h/Library/Developer/Xcode/DerivedData/CascadeAddonRecoveryProbe/probe-7na4sb1w/Build/Build/Products/Debug/CascadeAddonProbe.swiftmodule/x86_64-apple-macos.abi.json

Copy /Users/c4v4h/Library/Developer/Xcode/DerivedData/CascadeAddonRecoveryProbe/probe-7na4sb1w/Build/Build/Products/Debug/CascadeAddonProbe.swiftmodule/arm64-apple-macos.swiftdoc /Users/c4v4h/Library/Developer/Xcode/DerivedData/CascadeAddonRecoveryProbe/probe-7na4sb1w/Build/Build/Intermediates.noindex/AddonPlatform.build/Debug/ProbeHost.build/Objects-normal/arm64/CascadeAddonProbe.swiftdoc (in target 'ProbeHost' from project 'AddonPlatform')
    cd /Users/c4v4h/Library/Developer/Xcode/DerivedData/CascadeAddonRecoveryProbe/probe-7na4sb1w/Sources
    builtin-copy -exclude .DS_Store -exclude CVS -exclude .svn -exclude .git -exclude .hg -strip-unsigned-binaries -strip-deterministic -strip-tool /Applications/Xcode-beta.app/Contents/Developer/Toolchains/XcodeDefault.xctoolchain/usr/bin/strip -resolve-src-symlinks -rename /Users/c4v4h/Library/Developer/Xcode/DerivedData/CascadeAddonRecoveryProbe/probe-7na4sb1w/Build/Build/Intermediates.noindex/AddonPlatform.build/Debug/ProbeHost.build/Objects-normal/arm64/CascadeAddonProbe.swiftdoc /Users/c4v4h/Library/Developer/Xcode/DerivedData/CascadeAddonRecoveryProbe/probe-7na4sb1w/Build/Build/Products/Debug/CascadeAddonProbe.swiftmodule/arm64-apple-macos.swiftdoc

SwiftDriverJobDiscovery normal arm64 Compiling ProbeMessage.swift (in target 'ProbeProvider' from project 'AddonPlatform')

Copy /Users/c4v4h/Library/Developer/Xcode/DerivedData/CascadeAddonRecoveryProbe/probe-7na4sb1w/Build/Build/Products/Debug/CascadeAddonProbe.swiftmodule/arm64-apple-macos.abi.json /Users/c4v4h/Library/Developer/Xcode/DerivedData/CascadeAddonRecoveryProbe/probe-7na4sb1w/Build/Build/Intermediates.noindex/AddonPlatform.build/Debug/ProbeHost.build/Objects-normal/arm64/CascadeAddonProbe.abi.json (in target 'ProbeHost' from project 'AddonPlatform')
    cd /Users/c4v4h/Library/Developer/Xcode/DerivedData/CascadeAddonRecoveryProbe/probe-7na4sb1w/Sources
    builtin-copy -exclude .DS_Store -exclude CVS -exclude .svn -exclude .git -exclude .hg -strip-unsigned-binaries -strip-deterministic -strip-tool /Applications/Xcode-beta.app/Contents/Developer/Toolchains/XcodeDefault.xctoolchain/usr/bin/strip -resolve-src-symlinks -rename /Users/c4v4h/Library/Developer/Xcode/DerivedData/CascadeAddonRecoveryProbe/probe-7na4sb1w/Build/Build/Intermediates.noindex/AddonPlatform.build/Debug/ProbeHost.build/Objects-normal/arm64/CascadeAddonProbe.abi.json /Users/c4v4h/Library/Developer/Xcode/DerivedData/CascadeAddonRecoveryProbe/probe-7na4sb1w/Build/Build/Products/Debug/CascadeAddonProbe.swiftmodule/arm64-apple-macos.abi.json

Copy /Users/c4v4h/Library/Developer/Xcode/DerivedData/CascadeAddonRecoveryProbe/probe-7na4sb1w/Build/Build/Products/Debug/CascadeAddonProbe.swiftmodule/Project/x86_64-apple-macos.swiftsourceinfo /Users/c4v4h/Library/Developer/Xcode/DerivedData/CascadeAddonRecoveryProbe/probe-7na4sb1w/Build/Build/Intermediates.noindex/AddonPlatform.build/Debug/ProbeHost.build/Objects-normal/x86_64/CascadeAddonProbe.swiftsourceinfo (in target 'ProbeHost' from project 'AddonPlatform')
    cd /Users/c4v4h/Library/Developer/Xcode/DerivedData/CascadeAddonRecoveryProbe/probe-7na4sb1w/Sources
    builtin-copy -exclude .DS_Store -exclude CVS -exclude .svn -exclude .git -exclude .hg -strip-unsigned-binaries -strip-deterministic -strip-tool /Applications/Xcode-beta.app/Contents/Developer/Toolchains/XcodeDefault.xctoolchain/usr/bin/strip -resolve-src-symlinks -rename /Users/c4v4h/Library/Developer/Xcode/DerivedData/CascadeAddonRecoveryProbe/probe-7na4sb1w/Build/Build/Intermediates.noindex/AddonPlatform.build/Debug/ProbeHost.build/Objects-normal/x86_64/CascadeAddonProbe.swiftsourceinfo /Users/c4v4h/Library/Developer/Xcode/DerivedData/CascadeAddonRecoveryProbe/probe-7na4sb1w/Build/Build/Products/Debug/CascadeAddonProbe.swiftmodule/Project/x86_64-apple-macos.swiftsourceinfo

Copy /Users/c4v4h/Library/Developer/Xcode/DerivedData/CascadeAddonRecoveryProbe/probe-7na4sb1w/Build/Build/Products/Debug/CascadeAddonProbe.swiftmodule/Project/arm64-apple-macos.swiftsourceinfo /Users/c4v4h/Library/Developer/Xcode/DerivedData/CascadeAddonRecoveryProbe/probe-7na4sb1w/Build/Build/Intermediates.noindex/AddonPlatform.build/Debug/ProbeHost.build/Objects-normal/arm64/CascadeAddonProbe.swiftsourceinfo (in target 'ProbeHost' from project 'AddonPlatform')
    cd /Users/c4v4h/Library/Developer/Xcode/DerivedData/CascadeAddonRecoveryProbe/probe-7na4sb1w/Sources
    builtin-copy -exclude .DS_Store -exclude CVS -exclude .svn -exclude .git -exclude .hg -strip-unsigned-binaries -strip-deterministic -strip-tool /Applications/Xcode-beta.app/Contents/Developer/Toolchains/XcodeDefault.xctoolchain/usr/bin/strip -resolve-src-symlinks -rename /Users/c4v4h/Library/Developer/Xcode/DerivedData/CascadeAddonRecoveryProbe/probe-7na4sb1w/Build/Build/Intermediates.noindex/AddonPlatform.build/Debug/ProbeHost.build/Objects-normal/arm64/CascadeAddonProbe.swiftsourceinfo /Users/c4v4h/Library/Developer/Xcode/DerivedData/CascadeAddonRecoveryProbe/probe-7na4sb1w/Build/Build/Products/Debug/CascadeAddonProbe.swiftmodule/Project/arm64-apple-macos.swiftsourceinfo

SwiftCompile normal x86_64 Compiling\ ProbeMessage.swift /Users/c4v4h/Library/Developer/Xcode/DerivedData/CascadeAddonRecoveryProbe/probe-7na4sb1w/Sources/Shared/ProbeMessage.swift (in target 'ProbeHost' from project 'AddonPlatform')

SwiftCompile normal x86_64 /Users/c4v4h/Library/Developer/Xcode/DerivedData/CascadeAddonRecoveryProbe/probe-7na4sb1w/Sources/Shared/ProbeMessage.swift (in target 'ProbeHost' from project 'AddonPlatform')
    cd /Users/c4v4h/Library/Developer/Xcode/DerivedData/CascadeAddonRecoveryProbe/probe-7na4sb1w/Sources
    builtin-SwiftPerFileCompile ProbeMessage.swift

SwiftCompile normal x86_64 Compiling\ ProbeHost.swift /Users/c4v4h/Library/Developer/Xcode/DerivedData/CascadeAddonRecoveryProbe/probe-7na4sb1w/Sources/Host/ProbeHost.swift (in target 'ProbeHost' from project 'AddonPlatform')

SwiftCompile normal x86_64 /Users/c4v4h/Library/Developer/Xcode/DerivedData/CascadeAddonRecoveryProbe/probe-7na4sb1w/Sources/Host/ProbeHost.swift (in target 'ProbeHost' from project 'AddonPlatform')
    cd /Users/c4v4h/Library/Developer/Xcode/DerivedData/CascadeAddonRecoveryProbe/probe-7na4sb1w/Sources
    builtin-SwiftPerFileCompile ProbeHost.swift

SwiftDriverJobDiscovery normal x86_64 Compiling ProbeMessage.swift (in target 'ProbeProvider' from project 'AddonPlatform')

SwiftCompile normal x86_64 Compiling\ ProbeContainer.swift /Users/c4v4h/Library/Developer/Xcode/DerivedData/CascadeAddonRecoveryProbe/probe-7na4sb1w/Sources/Container/ProbeContainer.swift (in target 'ProbeContainer' from project 'AddonPlatform')

SwiftCompile normal x86_64 /Users/c4v4h/Library/Developer/Xcode/DerivedData/CascadeAddonRecoveryProbe/probe-7na4sb1w/Sources/Container/ProbeContainer.swift (in target 'ProbeContainer' from project 'AddonPlatform')
    cd /Users/c4v4h/Library/Developer/Xcode/DerivedData/CascadeAddonRecoveryProbe/probe-7na4sb1w/Sources
    builtin-SwiftPerFileCompile ProbeContainer.swift

SwiftDriverJobDiscovery normal arm64 Compiling ProbeMessage.swift (in target 'ProbeHost' from project 'AddonPlatform')

SwiftDriverJobDiscovery normal arm64 Compiling ProbeProvider.swift (in target 'ProbeProvider' from project 'AddonPlatform')

SwiftDriver\ Compilation ProbeProvider normal arm64 com.apple.xcode.tools.swift.compiler (in target 'ProbeProvider' from project 'AddonPlatform')
    cd /Users/c4v4h/Library/Developer/Xcode/DerivedData/CascadeAddonRecoveryProbe/probe-7na4sb1w/Sources
    builtin-Swift-Compilation -- /Applications/Xcode-beta.app/Contents/Developer/Toolchains/XcodeDefault.xctoolchain/usr/bin/swiftc -module-name CascadeProbeProvider -Onone @/Users/c4v4h/Library/Developer/Xcode/DerivedData/CascadeAddonRecoveryProbe/probe-7na4sb1w/Build/Build/Intermediates.noindex/AddonPlatform.build/Debug/ProbeProvider.build/Objects-normal/arm64/CascadeProbeProvider.SwiftFileList -DDEBUG -DRECOVERY_PROBE -DBROKER_PROVIDER -enable-bare-slash-regex -enable-experimental-feature DebugDescriptionMacro -sdk /Applications/Xcode-beta.app/Contents/Developer/Platforms/MacOSX.platform/Developer/SDKs/MacOSX27.0.sdk -target arm64-apple-macos14.0 -g -module-cache-path /Users/c4v4h/Library/Developer/Xcode/DerivedData/CascadeAddonRecoveryProbe/probe-7na4sb1w/Build/ModuleCache.noindex -Xfrontend -serialize-debugging-options -application-extension -index-store-path /Users/c4v4h/Library/Developer/Xcode/DerivedData/CascadeAddonRecoveryProbe/probe-7na4sb1w/Build/Index.noindex/DataStore -swift-version 5 -I /Users/c4v4h/Library/Developer/Xcode/DerivedData/CascadeAddonRecoveryProbe/probe-7na4sb1w/Build/Build/Products/Debug -F /Users/c4v4h/Library/Developer/Xcode/DerivedData/CascadeAddonRecoveryProbe/probe-7na4sb1w/Build/Build/Products/Debug -c -j8 -enable-batch-mode -incremental -Xcc -ivfsstatcache -Xcc /Users/c4v4h/Library/Developer/Xcode/DerivedData/CascadeAddonRecoveryProbe/probe-7na4sb1w/Build/SDKStatCaches.noindex/macosx27.0-26A5419a-e829b21a6f8c9b70876ba0858053c04445874285e5972fffeae925c4ab065928.sdkstatcache -output-file-map /Users/c4v4h/Library/Developer/Xcode/DerivedData/CascadeAddonRecoveryProbe/probe-7na4sb1w/Build/Build/Intermediates.noindex/AddonPlatform.build/Debug/ProbeProvider.build/Objects-normal/arm64/ProbeProvider-OutputFileMap.json -save-temps -no-color-diagnostics -explicit-module-build -module-cache-path /Users/c4v4h/Library/Developer/Xcode/DerivedData/CascadeAddonRecoveryProbe/probe-7na4sb1w/Build/Build/Intermediates.noindex/SwiftExplicitPrecompiledModules -clang-scanner-module-cache-path /Users/c4v4h/Library/Developer/Xcode/DerivedData/CascadeAddonRecoveryProbe/probe-7na4sb1w/Build/ModuleCache.noindex -sdk-module-cache-path /Users/c4v4h/Library/Developer/Xcode/DerivedData/CascadeAddonRecoveryProbe/probe-7na4sb1w/Build/SDKExplicitPrecompiledModules -emit-dependencies -emit-module -emit-module-path /Users/c4v4h/Library/Developer/Xcode/DerivedData/CascadeAddonRecoveryProbe/probe-7na4sb1w/Build/Build/Intermediates.noindex/AddonPlatform.build/Debug/ProbeProvider.build/Objects-normal/arm64/CascadeProbeProvider.swiftmodule -serialize-diagnostics -dependency-scan-serialize-diagnostics-path /Users/c4v4h/Library/Developer/Xcode/DerivedData/CascadeAddonRecoveryProbe/probe-7na4sb1w/Build/Build/Intermediates.noindex/AddonPlatform.build/Debug/ProbeProvider.build/Objects-normal/arm64/CascadeProbeProvider-dependency-scan.dia -validate-clang-modules-once -clang-build-session-file /Users/c4v4h/Library/Developer/Xcode/DerivedData/CascadeAddonRecoveryProbe/probe-7na4sb1w/Build/ModuleCache.noindex/Session.modulevalidation -Xcc -fmodules-prune-interval\=86400 -Xcc -fmodules-prune-after\=345600 -emit-const-values -const-gather-protocols-list /Users/c4v4h/Library/Developer/Xcode/DerivedData/CascadeAddonRecoveryProbe/probe-7na4sb1w/Build/Build/Intermediates.noindex/AddonPlatform.build/Debug/ProbeProvider.build/Objects-normal/arm64/ProbeProvider_const_extract_protocols.json -Xcc -iquote -Xcc /Users/c4v4h/Library/Developer/Xcode/DerivedData/CascadeAddonRecoveryProbe/probe-7na4sb1w/Build/Build/Intermediates.noindex/AddonPlatform.build/Debug/ProbeProvider.build/CascadeProbeProvider-generated-files.hmap -Xcc -I/Users/c4v4h/Library/Developer/Xcode/DerivedData/CascadeAddonRecoveryProbe/probe-7na4sb1w/Build/Build/Intermediates.noindex/AddonPlatform.build/Debug/ProbeProvider.build/CascadeProbeProvider-own-target-headers.hmap -Xcc -I/Users/c4v4h/Library/Developer/Xcode/DerivedData/CascadeAddonRecoveryProbe/probe-7na4sb1w/Build/Build/Intermediates.noindex/AddonPlatform.build/Debug/ProbeProvider.build/CascadeProbeProvider-all-target-headers.hmap -Xcc -iquote -Xcc /Users/c4v4h/Library/Developer/Xcode/DerivedData/CascadeAddonRecoveryProbe/probe-7na4sb1w/Build/Build/Intermediates.noindex/AddonPlatform.build/Debug/ProbeProvider.build/CascadeProbeProvider-project-headers.hmap -Xcc -I/Users/c4v4h/Library/Developer/Xcode/DerivedData/CascadeAddonRecoveryProbe/probe-7na4sb1w/Build/Build/Products/Debug/include -Xcc -I/Users/c4v4h/Library/Developer/Xcode/DerivedData/CascadeAddonRecoveryProbe/probe-7na4sb1w/Build/Build/Intermediates.noindex/AddonPlatform.build/Debug/ProbeProvider.build/DerivedSources-normal/arm64 -Xcc -I/Users/c4v4h/Library/Developer/Xcode/DerivedData/CascadeAddonRecoveryProbe/probe-7na4sb1w/Build/Build/Intermediates.noindex/AddonPlatform.build/Debug/ProbeProvider.build/DerivedSources/arm64 -Xcc -I/Users/c4v4h/Library/Developer/Xcode/DerivedData/CascadeAddonRecoveryProbe/probe-7na4sb1w/Build/Build/Intermediates.noindex/AddonPlatform.build/Debug/ProbeProvider.build/DerivedSources -emit-objc-header -emit-objc-header-path /Users/c4v4h/Library/Developer/Xcode/DerivedData/CascadeAddonRecoveryProbe/probe-7na4sb1w/Build/Build/Intermediates.noindex/AddonPlatform.build/Debug/ProbeProvider.build/Objects-normal/arm64/CascadeProbeProvider-Swift.h -working-directory /Users/c4v4h/Library/Developer/Xcode/DerivedData/CascadeAddonRecoveryProbe/probe-7na4sb1w/Sources -experimental-emit-module-separately -disable-cmo

SwiftDriverJobDiscovery normal x86_64 Compiling ProbeProvider.swift (in target 'ProbeProvider' from project 'AddonPlatform')

SwiftDriver\ Compilation ProbeProvider normal x86_64 com.apple.xcode.tools.swift.compiler (in target 'ProbeProvider' from project 'AddonPlatform')
    cd /Users/c4v4h/Library/Developer/Xcode/DerivedData/CascadeAddonRecoveryProbe/probe-7na4sb1w/Sources
    builtin-Swift-Compilation -- /Applications/Xcode-beta.app/Contents/Developer/Toolchains/XcodeDefault.xctoolchain/usr/bin/swiftc -module-name CascadeProbeProvider -Onone @/Users/c4v4h/Library/Developer/Xcode/DerivedData/CascadeAddonRecoveryProbe/probe-7na4sb1w/Build/Build/Intermediates.noindex/AddonPlatform.build/Debug/ProbeProvider.build/Objects-normal/x86_64/CascadeProbeProvider.SwiftFileList -DDEBUG -DRECOVERY_PROBE -DBROKER_PROVIDER -enable-bare-slash-regex -enable-experimental-feature DebugDescriptionMacro -sdk /Applications/Xcode-beta.app/Contents/Developer/Platforms/MacOSX.platform/Developer/SDKs/MacOSX27.0.sdk -target x86_64-apple-macos14.0 -g -module-cache-path /Users/c4v4h/Library/Developer/Xcode/DerivedData/CascadeAddonRecoveryProbe/probe-7na4sb1w/Build/ModuleCache.noindex -Xfrontend -serialize-debugging-options -application-extension -index-store-path /Users/c4v4h/Library/Developer/Xcode/DerivedData/CascadeAddonRecoveryProbe/probe-7na4sb1w/Build/Index.noindex/DataStore -swift-version 5 -I /Users/c4v4h/Library/Developer/Xcode/DerivedData/CascadeAddonRecoveryProbe/probe-7na4sb1w/Build/Build/Products/Debug -F /Users/c4v4h/Library/Developer/Xcode/DerivedData/CascadeAddonRecoveryProbe/probe-7na4sb1w/Build/Build/Products/Debug -c -j8 -enable-batch-mode -incremental -Xcc -ivfsstatcache -Xcc /Users/c4v4h/Library/Developer/Xcode/DerivedData/CascadeAddonRecoveryProbe/probe-7na4sb1w/Build/SDKStatCaches.noindex/macosx27.0-26A5419a-e829b21a6f8c9b70876ba0858053c04445874285e5972fffeae925c4ab065928.sdkstatcache -output-file-map /Users/c4v4h/Library/Developer/Xcode/DerivedData/CascadeAddonRecoveryProbe/probe-7na4sb1w/Build/Build/Intermediates.noindex/AddonPlatform.build/Debug/ProbeProvider.build/Objects-normal/x86_64/ProbeProvider-OutputFileMap.json -save-temps -no-color-diagnostics -explicit-module-build -module-cache-path /Users/c4v4h/Library/Developer/Xcode/DerivedData/CascadeAddonRecoveryProbe/probe-7na4sb1w/Build/Build/Intermediates.noindex/SwiftExplicitPrecompiledModules -clang-scanner-module-cache-path /Users/c4v4h/Library/Developer/Xcode/DerivedData/CascadeAddonRecoveryProbe/probe-7na4sb1w/Build/ModuleCache.noindex -sdk-module-cache-path /Users/c4v4h/Library/Developer/Xcode/DerivedData/CascadeAddonRecoveryProbe/probe-7na4sb1w/Build/SDKExplicitPrecompiledModules -emit-dependencies -emit-module -emit-module-path /Users/c4v4h/Library/Developer/Xcode/DerivedData/CascadeAddonRecoveryProbe/probe-7na4sb1w/Build/Build/Intermediates.noindex/AddonPlatform.build/Debug/ProbeProvider.build/Objects-normal/x86_64/CascadeProbeProvider.swiftmodule -serialize-diagnostics -dependency-scan-serialize-diagnostics-path /Users/c4v4h/Library/Developer/Xcode/DerivedData/CascadeAddonRecoveryProbe/probe-7na4sb1w/Build/Build/Intermediates.noindex/AddonPlatform.build/Debug/ProbeProvider.build/Objects-normal/x86_64/CascadeProbeProvider-dependency-scan.dia -validate-clang-modules-once -clang-build-session-file /Users/c4v4h/Library/Developer/Xcode/DerivedData/CascadeAddonRecoveryProbe/probe-7na4sb1w/Build/ModuleCache.noindex/Session.modulevalidation -Xcc -fmodules-prune-interval\=86400 -Xcc -fmodules-prune-after\=345600 -emit-const-values -const-gather-protocols-list /Users/c4v4h/Library/Developer/Xcode/DerivedData/CascadeAddonRecoveryProbe/probe-7na4sb1w/Build/Build/Intermediates.noindex/AddonPlatform.build/Debug/ProbeProvider.build/Objects-normal/x86_64/ProbeProvider_const_extract_protocols.json -Xcc -iquote -Xcc /Users/c4v4h/Library/Developer/Xcode/DerivedData/CascadeAddonRecoveryProbe/probe-7na4sb1w/Build/Build/Intermediates.noindex/AddonPlatform.build/Debug/ProbeProvider.build/CascadeProbeProvider-generated-files.hmap -Xcc -I/Users/c4v4h/Library/Developer/Xcode/DerivedData/CascadeAddonRecoveryProbe/probe-7na4sb1w/Build/Build/Intermediates.noindex/AddonPlatform.build/Debug/ProbeProvider.build/CascadeProbeProvider-own-target-headers.hmap -Xcc -I/Users/c4v4h/Library/Developer/Xcode/DerivedData/CascadeAddonRecoveryProbe/probe-7na4sb1w/Build/Build/Intermediates.noindex/AddonPlatform.build/Debug/ProbeProvider.build/CascadeProbeProvider-all-target-headers.hmap -Xcc -iquote -Xcc /Users/c4v4h/Library/Developer/Xcode/DerivedData/CascadeAddonRecoveryProbe/probe-7na4sb1w/Build/Build/Intermediates.noindex/AddonPlatform.build/Debug/ProbeProvider.build/CascadeProbeProvider-project-headers.hmap -Xcc -I/Users/c4v4h/Library/Developer/Xcode/DerivedData/CascadeAddonRecoveryProbe/probe-7na4sb1w/Build/Build/Products/Debug/include -Xcc -I/Users/c4v4h/Library/Developer/Xcode/DerivedData/CascadeAddonRecoveryProbe/probe-7na4sb1w/Build/Build/Intermediates.noindex/AddonPlatform.build/Debug/ProbeProvider.build/DerivedSources-normal/x86_64 -Xcc -I/Users/c4v4h/Library/Developer/Xcode/DerivedData/CascadeAddonRecoveryProbe/probe-7na4sb1w/Build/Build/Intermediates.noindex/AddonPlatform.build/Debug/ProbeProvider.build/DerivedSources/x86_64 -Xcc -I/Users/c4v4h/Library/Developer/Xcode/DerivedData/CascadeAddonRecoveryProbe/probe-7na4sb1w/Build/Build/Intermediates.noindex/AddonPlatform.build/Debug/ProbeProvider.build/DerivedSources -emit-objc-header -emit-objc-header-path /Users/c4v4h/Library/Developer/Xcode/DerivedData/CascadeAddonRecoveryProbe/probe-7na4sb1w/Build/Build/Intermediates.noindex/AddonPlatform.build/Debug/ProbeProvider.build/Objects-normal/x86_64/CascadeProbeProvider-Swift.h -working-directory /Users/c4v4h/Library/Developer/Xcode/DerivedData/CascadeAddonRecoveryProbe/probe-7na4sb1w/Sources -experimental-emit-module-separately -disable-cmo

AppExtensionPListGenerator (in target 'ProbeProvider' from project 'AddonPlatform')
    cd /Users/c4v4h/Library/Developer/Xcode/DerivedData/CascadeAddonRecoveryProbe/probe-7na4sb1w/Sources
    /Applications/Xcode-beta.app/Contents/Developer/Toolchains/XcodeDefault.xctoolchain/usr/bin/exutil generate-appextension-plist --module-name CascadeProbeProvider --sdk-root /Applications/Xcode-beta.app/Contents/Developer/Platforms/MacOSX.platform/Developer/SDKs/MacOSX27.0.sdk --xcode-version 27A5252f --platform-family macOS --deployment-target 14.0 --bundle-identifier hylo.Cascade.AddonProbeContainer.Provider --output /Users/c4v4h/Library/Developer/Xcode/DerivedData/CascadeAddonRecoveryProbe/probe-7na4sb1w/Build/Build/Intermediates.noindex/AddonPlatform.build/Debug/ProbeProvider.build/ProbeProvider-appextension-generated-info.plist /Users/c4v4h/Library/Developer/Xcode/DerivedData/CascadeAddonRecoveryProbe/probe-7na4sb1w/Build/Build/Intermediates.noindex/AddonPlatform.build/Debug/ProbeProvider.build/Objects-normal/arm64/ProbeProvider.swiftconstvalues /Users/c4v4h/Library/Developer/Xcode/DerivedData/CascadeAddonRecoveryProbe/probe-7na4sb1w/Build/Build/Intermediates.noindex/AddonPlatform.build/Debug/ProbeProvider.build/Objects-normal/arm64/ProbeMessage.swiftconstvalues

Ld /Users/c4v4h/Library/Developer/Xcode/DerivedData/CascadeAddonRecoveryProbe/probe-7na4sb1w/Build/Build/Intermediates.noindex/AddonPlatform.build/Debug/ProbeProvider.build/Objects-normal/arm64/Binary/ProbeProvider normal arm64 (in target 'ProbeProvider' from project 'AddonPlatform')
    cd /Users/c4v4h/Library/Developer/Xcode/DerivedData/CascadeAddonRecoveryProbe/probe-7na4sb1w/Sources
    /Applications/Xcode-beta.app/Contents/Developer/Toolchains/XcodeDefault.xctoolchain/usr/bin/clang -Xlinker -reproducible -target arm64-apple-macos14.0 -isysroot /Applications/Xcode-beta.app/Contents/Developer/Platforms/MacOSX.platform/Developer/SDKs/MacOSX27.0.sdk -Os -Xlinker -no_warn_duplicate_libraries -L/Users/c4v4h/Library/Developer/Xcode/DerivedData/CascadeAddonRecoveryProbe/probe-7na4sb1w/Build/Build/Intermediates.noindex/EagerLinkingTBDs/Debug -L/Users/c4v4h/Library/Developer/Xcode/DerivedData/CascadeAddonRecoveryProbe/probe-7na4sb1w/Build/Build/Products/Debug -F/Users/c4v4h/Library/Developer/Xcode/DerivedData/CascadeAddonRecoveryProbe/probe-7na4sb1w/Build/Build/Intermediates.noindex/EagerLinkingTBDs/Debug -F/Users/c4v4h/Library/Developer/Xcode/DerivedData/CascadeAddonRecoveryProbe/probe-7na4sb1w/Build/Build/Products/Debug -filelist /Users/c4v4h/Library/Developer/Xcode/DerivedData/CascadeAddonRecoveryProbe/probe-7na4sb1w/Build/Build/Intermediates.noindex/AddonPlatform.build/Debug/ProbeProvider.build/Objects-normal/arm64/CascadeProbeProvider.LinkFileList -Xlinker -rpath -Xlinker /usr/lib/swift -Xlinker -object_path_lto -Xlinker /Users/c4v4h/Library/Developer/Xcode/DerivedData/CascadeAddonRecoveryProbe/probe-7na4sb1w/Build/Build/Intermediates.noindex/AddonPlatform.build/Debug/ProbeProvider.build/Objects-normal/arm64/CascadeProbeProvider_lto.o -Xlinker -dependency_info -Xlinker /Users/c4v4h/Library/Developer/Xcode/DerivedData/CascadeAddonRecoveryProbe/probe-7na4sb1w/Build/Build/Intermediates.noindex/AddonPlatform.build/Debug/ProbeProvider.build/Objects-normal/arm64/CascadeProbeProvider_dependency_info.dat -e _NSExtensionMain -fapplication-extension -fobjc-link-runtime -L/Applications/Xcode-beta.app/Contents/Developer/Toolchains/XcodeDefault.xctoolchain/usr/lib/swift/macosx -L/usr/lib/swift -Xlinker -add_ast_path -Xlinker /Users/c4v4h/Library/Developer/Xcode/DerivedData/CascadeAddonRecoveryProbe/probe-7na4sb1w/Build/Build/Intermediates.noindex/AddonPlatform.build/Debug/ProbeProvider.build/Objects-normal/arm64/CascadeProbeProvider.swiftmodule -Xlinker -no_adhoc_codesign -o /Users/c4v4h/Library/Developer/Xcode/DerivedData/CascadeAddonRecoveryProbe/probe-7na4sb1w/Build/Build/Intermediates.noindex/AddonPlatform.build/Debug/ProbeProvider.build/Objects-normal/arm64/Binary/ProbeProvider

Ld /Users/c4v4h/Library/Developer/Xcode/DerivedData/CascadeAddonRecoveryProbe/probe-7na4sb1w/Build/Build/Intermediates.noindex/AddonPlatform.build/Debug/ProbeProvider.build/Objects-normal/x86_64/Binary/ProbeProvider normal x86_64 (in target 'ProbeProvider' from project 'AddonPlatform')
    cd /Users/c4v4h/Library/Developer/Xcode/DerivedData/CascadeAddonRecoveryProbe/probe-7na4sb1w/Sources
    /Applications/Xcode-beta.app/Contents/Developer/Toolchains/XcodeDefault.xctoolchain/usr/bin/clang -Xlinker -reproducible -target x86_64-apple-macos14.0 -isysroot /Applications/Xcode-beta.app/Contents/Developer/Platforms/MacOSX.platform/Developer/SDKs/MacOSX27.0.sdk -Os -Xlinker -no_warn_duplicate_libraries -L/Users/c4v4h/Library/Developer/Xcode/DerivedData/CascadeAddonRecoveryProbe/probe-7na4sb1w/Build/Build/Intermediates.noindex/EagerLinkingTBDs/Debug -L/Users/c4v4h/Library/Developer/Xcode/DerivedData/CascadeAddonRecoveryProbe/probe-7na4sb1w/Build/Build/Products/Debug -F/Users/c4v4h/Library/Developer/Xcode/DerivedData/CascadeAddonRecoveryProbe/probe-7na4sb1w/Build/Build/Intermediates.noindex/EagerLinkingTBDs/Debug -F/Users/c4v4h/Library/Developer/Xcode/DerivedData/CascadeAddonRecoveryProbe/probe-7na4sb1w/Build/Build/Products/Debug -filelist /Users/c4v4h/Library/Developer/Xcode/DerivedData/CascadeAddonRecoveryProbe/probe-7na4sb1w/Build/Build/Intermediates.noindex/AddonPlatform.build/Debug/ProbeProvider.build/Objects-normal/x86_64/CascadeProbeProvider.LinkFileList -Xlinker -rpath -Xlinker /usr/lib/swift -Xlinker -object_path_lto -Xlinker /Users/c4v4h/Library/Developer/Xcode/DerivedData/CascadeAddonRecoveryProbe/probe-7na4sb1w/Build/Build/Intermediates.noindex/AddonPlatform.build/Debug/ProbeProvider.build/Objects-normal/x86_64/CascadeProbeProvider_lto.o -Xlinker -dependency_info -Xlinker /Users/c4v4h/Library/Developer/Xcode/DerivedData/CascadeAddonRecoveryProbe/probe-7na4sb1w/Build/Build/Intermediates.noindex/AddonPlatform.build/Debug/ProbeProvider.build/Objects-normal/x86_64/CascadeProbeProvider_dependency_info.dat -e _NSExtensionMain -fapplication-extension -fobjc-link-runtime -L/Applications/Xcode-beta.app/Contents/Developer/Toolchains/XcodeDefault.xctoolchain/usr/lib/swift/macosx -L/usr/lib/swift -Xlinker -add_ast_path -Xlinker /Users/c4v4h/Library/Developer/Xcode/DerivedData/CascadeAddonRecoveryProbe/probe-7na4sb1w/Build/Build/Intermediates.noindex/AddonPlatform.build/Debug/ProbeProvider.build/Objects-normal/x86_64/CascadeProbeProvider.swiftmodule -Xlinker -no_adhoc_codesign -o /Users/c4v4h/Library/Developer/Xcode/DerivedData/CascadeAddonRecoveryProbe/probe-7na4sb1w/Build/Build/Intermediates.noindex/AddonPlatform.build/Debug/ProbeProvider.build/Objects-normal/x86_64/Binary/ProbeProvider

ProcessInfoPlistFile /Users/c4v4h/Library/Developer/Xcode/DerivedData/CascadeAddonRecoveryProbe/probe-7na4sb1w/Build/Build/Products/Debug/CascadeProbeProvider.appex/Contents/Info.plist /Users/c4v4h/Library/Developer/Xcode/DerivedData/CascadeAddonRecoveryProbe/probe-7na4sb1w/Sources/Provider/Info.plist (in target 'ProbeProvider' from project 'AddonPlatform')
    cd /Users/c4v4h/Library/Developer/Xcode/DerivedData/CascadeAddonRecoveryProbe/probe-7na4sb1w/Sources
    builtin-infoPlistUtility /Users/c4v4h/Library/Developer/Xcode/DerivedData/CascadeAddonRecoveryProbe/probe-7na4sb1w/Sources/Provider/Info.plist -producttype com.apple.product-type.extensionkit-extension -expandbuildsettings -platform macosx -additionalcontentfile /Users/c4v4h/Library/Developer/Xcode/DerivedData/CascadeAddonRecoveryProbe/probe-7na4sb1w/Build/Build/Intermediates.noindex/AddonPlatform.build/Debug/ProbeProvider.build/ProbeProvider-appextension-generated-info.plist -o /Users/c4v4h/Library/Developer/Xcode/DerivedData/CascadeAddonRecoveryProbe/probe-7na4sb1w/Build/Build/Products/Debug/CascadeProbeProvider.appex/Contents/Info.plist

CreateUniversalBinary /Users/c4v4h/Library/Developer/Xcode/DerivedData/CascadeAddonRecoveryProbe/probe-7na4sb1w/Build/Build/Products/Debug/CascadeProbeProvider.appex/Contents/MacOS/ProbeProvider normal arm64\ x86_64 (in target 'ProbeProvider' from project 'AddonPlatform')
    cd /Users/c4v4h/Library/Developer/Xcode/DerivedData/CascadeAddonRecoveryProbe/probe-7na4sb1w/Sources
    /Applications/Xcode-beta.app/Contents/Developer/Toolchains/XcodeDefault.xctoolchain/usr/bin/lipo -create /Users/c4v4h/Library/Developer/Xcode/DerivedData/CascadeAddonRecoveryProbe/probe-7na4sb1w/Build/Build/Intermediates.noindex/AddonPlatform.build/Debug/ProbeProvider.build/Objects-normal/arm64/Binary/ProbeProvider /Users/c4v4h/Library/Developer/Xcode/DerivedData/CascadeAddonRecoveryProbe/probe-7na4sb1w/Build/Build/Intermediates.noindex/AddonPlatform.build/Debug/ProbeProvider.build/Objects-normal/x86_64/Binary/ProbeProvider -output /Users/c4v4h/Library/Developer/Xcode/DerivedData/CascadeAddonRecoveryProbe/probe-7na4sb1w/Build/Build/Products/Debug/CascadeProbeProvider.appex/Contents/MacOS/ProbeProvider

ExtractAppIntentsMetadata (in target 'ProbeProvider' from project 'AddonPlatform')
    cd /Users/c4v4h/Library/Developer/Xcode/DerivedData/CascadeAddonRecoveryProbe/probe-7na4sb1w/Sources
    /Applications/Xcode-beta.app/Contents/Developer/Toolchains/XcodeDefault.xctoolchain/usr/bin/appintentsmetadataprocessor --toolchain-dir /var/run/com.apple.security.cryptexd/mnt/com.apple.MobileAsset.MetalToolchain-v27.1.5252.6.a2EVDm/Metal.xctoolchain --module-name CascadeProbeProvider --sdk-root /Applications/Xcode-beta.app/Contents/Developer/Platforms/MacOSX.platform/Developer/SDKs/MacOSX27.0.sdk --xcode-version 27A5252f --platform-family macOS --deployment-target 14.0 --bundle-identifier hylo.Cascade.AddonProbeContainer.Provider --output /Users/c4v4h/Library/Developer/Xcode/DerivedData/CascadeAddonRecoveryProbe/probe-7na4sb1w/Build/Build/Products/Debug/CascadeProbeProvider.appex/Contents/Resources --target-triple arm64-apple-macos14.0 --target-triple x86_64-apple-macos14.0 --binary-file /Users/c4v4h/Library/Developer/Xcode/DerivedData/CascadeAddonRecoveryProbe/probe-7na4sb1w/Build/Build/Products/Debug/CascadeProbeProvider.appex/Contents/MacOS/ProbeProvider --dependency-file /Users/c4v4h/Library/Developer/Xcode/DerivedData/CascadeAddonRecoveryProbe/probe-7na4sb1w/Build/Build/Intermediates.noindex/AddonPlatform.build/Debug/ProbeProvider.build/Objects-normal/arm64/CascadeProbeProvider_dependency_info.dat --dependency-file /Users/c4v4h/Library/Developer/Xcode/DerivedData/CascadeAddonRecoveryProbe/probe-7na4sb1w/Build/Build/Intermediates.noindex/AddonPlatform.build/Debug/ProbeProvider.build/Objects-normal/x86_64/CascadeProbeProvider_dependency_info.dat --stringsdata-file /Users/c4v4h/Library/Developer/Xcode/DerivedData/CascadeAddonRecoveryProbe/probe-7na4sb1w/Build/Build/Intermediates.noindex/AddonPlatform.build/Debug/ProbeProvider.build/Objects-normal/arm64/ExtractedAppShortcutsMetadata.stringsdata --stringsdata-file /Users/c4v4h/Library/Developer/Xcode/DerivedData/CascadeAddonRecoveryProbe/probe-7na4sb1w/Build/Build/Intermediates.noindex/AddonPlatform.build/Debug/ProbeProvider.build/Objects-normal/x86_64/ExtractedAppShortcutsMetadata.stringsdata --source-file-list /Users/c4v4h/Library/Developer/Xcode/DerivedData/CascadeAddonRecoveryProbe/probe-7na4sb1w/Build/Build/Intermediates.noindex/AddonPlatform.build/Debug/ProbeProvider.build/Objects-normal/arm64/CascadeProbeProvider.SwiftFileList --source-file-list /Users/c4v4h/Library/Developer/Xcode/DerivedData/CascadeAddonRecoveryProbe/probe-7na4sb1w/Build/Build/Intermediates.noindex/AddonPlatform.build/Debug/ProbeProvider.build/Objects-normal/x86_64/CascadeProbeProvider.SwiftFileList --metadata-file-list /Users/c4v4h/Library/Developer/Xcode/DerivedData/CascadeAddonRecoveryProbe/probe-7na4sb1w/Build/Build/Intermediates.noindex/AddonPlatform.build/Debug/ProbeProvider.build/CascadeProbeProvider.DependencyMetadataFileList --static-metadata-file-list /Users/c4v4h/Library/Developer/Xcode/DerivedData/CascadeAddonRecoveryProbe/probe-7na4sb1w/Build/Build/Intermediates.noindex/AddonPlatform.build/Debug/ProbeProvider.build/CascadeProbeProvider.DependencyStaticMetadataFileList --swift-const-vals-list /Users/c4v4h/Library/Developer/Xcode/DerivedData/CascadeAddonRecoveryProbe/probe-7na4sb1w/Build/Build/Intermediates.noindex/AddonPlatform.build/Debug/ProbeProvider.build/Objects-normal/arm64/CascadeProbeProvider.SwiftConstValuesFileList --swift-const-vals-list /Users/c4v4h/Library/Developer/Xcode/DerivedData/CascadeAddonRecoveryProbe/probe-7na4sb1w/Build/Build/Intermediates.noindex/AddonPlatform.build/Debug/ProbeProvider.build/Objects-normal/x86_64/CascadeProbeProvider.SwiftConstValuesFileList --compile-time-extraction --deployment-aware-processing --no-app-shortcuts-localization
2026-09-25 17:23:50.921 appintentsmetadataprocessor[58495:1980620] Starting appintentsmetadataprocessor export
2026-09-25 17:23:50.924 appintentsmetadataprocessor[58495:1980620] warning: Metadata extraction skipped, no AppIntents.framework dependency found

CodeSign /Users/c4v4h/Library/Developer/Xcode/DerivedData/CascadeAddonRecoveryProbe/probe-7na4sb1w/Build/Build/Products/Debug/CascadeProbeProvider.appex (in target 'ProbeProvider' from project 'AddonPlatform')
    cd /Users/c4v4h/Library/Developer/Xcode/DerivedData/CascadeAddonRecoveryProbe/probe-7na4sb1w/Sources
    
    Signing Identity:     "Apple Development: cavallerolore@icloud.com (MRZYW8THXH)"
    
    /usr/bin/codesign --force --sign 4A857D842A5406C2D3071776FDE7B27B3098FE63 -o runtime --entitlements /Users/c4v4h/Library/Developer/Xcode/DerivedData/CascadeAddonRecoveryProbe/probe-7na4sb1w/Build/Build/Intermediates.noindex/AddonPlatform.build/Debug/ProbeProvider.build/CascadeProbeProvider.appex.xcent --timestamp\=none --generate-entitlement-der /Users/c4v4h/Library/Developer/Xcode/DerivedData/CascadeAddonRecoveryProbe/probe-7na4sb1w/Build/Build/Products/Debug/CascadeProbeProvider.appex

SwiftDriverJobDiscovery normal x86_64 Compiling ProbeMessage.swift (in target 'ProbeHost' from project 'AddonPlatform')

RegisterExecutionPolicyException /Users/c4v4h/Library/Developer/Xcode/DerivedData/CascadeAddonRecoveryProbe/probe-7na4sb1w/Build/Build/Products/Debug/CascadeProbeProvider.appex (in target 'ProbeProvider' from project 'AddonPlatform')
    cd /Users/c4v4h/Library/Developer/Xcode/DerivedData/CascadeAddonRecoveryProbe/probe-7na4sb1w/Sources
    builtin-RegisterExecutionPolicyException /Users/c4v4h/Library/Developer/Xcode/DerivedData/CascadeAddonRecoveryProbe/probe-7na4sb1w/Build/Build/Products/Debug/CascadeProbeProvider.appex

Touch /Users/c4v4h/Library/Developer/Xcode/DerivedData/CascadeAddonRecoveryProbe/probe-7na4sb1w/Build/Build/Products/Debug/CascadeProbeProvider.appex (in target 'ProbeProvider' from project 'AddonPlatform')
    cd /Users/c4v4h/Library/Developer/Xcode/DerivedData/CascadeAddonRecoveryProbe/probe-7na4sb1w/Sources
    /usr/bin/touch -c /Users/c4v4h/Library/Developer/Xcode/DerivedData/CascadeAddonRecoveryProbe/probe-7na4sb1w/Build/Build/Products/Debug/CascadeProbeProvider.appex

SwiftDriverJobDiscovery normal arm64 Compiling ProbeContainer.swift (in target 'ProbeContainer' from project 'AddonPlatform')

SwiftDriver\ Compilation ProbeContainer normal arm64 com.apple.xcode.tools.swift.compiler (in target 'ProbeContainer' from project 'AddonPlatform')
    cd /Users/c4v4h/Library/Developer/Xcode/DerivedData/CascadeAddonRecoveryProbe/probe-7na4sb1w/Sources
    builtin-Swift-Compilation -- /Applications/Xcode-beta.app/Contents/Developer/Toolchains/XcodeDefault.xctoolchain/usr/bin/swiftc -module-name CascadeAddonProbeContainer -Onone @/Users/c4v4h/Library/Developer/Xcode/DerivedData/CascadeAddonRecoveryProbe/probe-7na4sb1w/Build/Build/Intermediates.noindex/AddonPlatform.build/Debug/ProbeContainer.build/Objects-normal/arm64/CascadeAddonProbeContainer.SwiftFileList -DDEBUG -DRECOVERY_PROBE -DBROKER_PROVIDER -enable-bare-slash-regex -enable-experimental-feature DebugDescriptionMacro -sdk /Applications/Xcode-beta.app/Contents/Developer/Platforms/MacOSX.platform/Developer/SDKs/MacOSX27.0.sdk -target arm64-apple-macos14.0 -g -module-cache-path /Users/c4v4h/Library/Developer/Xcode/DerivedData/CascadeAddonRecoveryProbe/probe-7na4sb1w/Build/ModuleCache.noindex -Xfrontend -serialize-debugging-options -index-store-path /Users/c4v4h/Library/Developer/Xcode/DerivedData/CascadeAddonRecoveryProbe/probe-7na4sb1w/Build/Index.noindex/DataStore -swift-version 5 -I /Users/c4v4h/Library/Developer/Xcode/DerivedData/CascadeAddonRecoveryProbe/probe-7na4sb1w/Build/Build/Products/Debug -F /Users/c4v4h/Library/Developer/Xcode/DerivedData/CascadeAddonRecoveryProbe/probe-7na4sb1w/Build/Build/Products/Debug -parse-as-library -c -j8 -enable-batch-mode -incremental -Xcc -ivfsstatcache -Xcc /Users/c4v4h/Library/Developer/Xcode/DerivedData/CascadeAddonRecoveryProbe/probe-7na4sb1w/Build/SDKStatCaches.noindex/macosx27.0-26A5419a-e829b21a6f8c9b70876ba0858053c04445874285e5972fffeae925c4ab065928.sdkstatcache -output-file-map /Users/c4v4h/Library/Developer/Xcode/DerivedData/CascadeAddonRecoveryProbe/probe-7na4sb1w/Build/Build/Intermediates.noindex/AddonPlatform.build/Debug/ProbeContainer.build/Objects-normal/arm64/ProbeContainer-OutputFileMap.json -save-temps -no-color-diagnostics -explicit-module-build -module-cache-path /Users/c4v4h/Library/Developer/Xcode/DerivedData/CascadeAddonRecoveryProbe/probe-7na4sb1w/Build/Build/Intermediates.noindex/SwiftExplicitPrecompiledModules -clang-scanner-module-cache-path /Users/c4v4h/Library/Developer/Xcode/DerivedData/CascadeAddonRecoveryProbe/probe-7na4sb1w/Build/ModuleCache.noindex -sdk-module-cache-path /Users/c4v4h/Library/Developer/Xcode/DerivedData/CascadeAddonRecoveryProbe/probe-7na4sb1w/Build/SDKExplicitPrecompiledModules -emit-dependencies -emit-module -emit-module-path /Users/c4v4h/Library/Developer/Xcode/DerivedData/CascadeAddonRecoveryProbe/probe-7na4sb1w/Build/Build/Intermediates.noindex/AddonPlatform.build/Debug/ProbeContainer.build/Objects-normal/arm64/CascadeAddonProbeContainer.swiftmodule -serialize-diagnostics -dependency-scan-serialize-diagnostics-path /Users/c4v4h/Library/Developer/Xcode/DerivedData/CascadeAddonRecoveryProbe/probe-7na4sb1w/Build/Build/Intermediates.noindex/AddonPlatform.build/Debug/ProbeContainer.build/Objects-normal/arm64/CascadeAddonProbeContainer-dependency-scan.dia -validate-clang-modules-once -clang-build-session-file /Users/c4v4h/Library/Developer/Xcode/DerivedData/CascadeAddonRecoveryProbe/probe-7na4sb1w/Build/ModuleCache.noindex/Session.modulevalidation -Xcc -fmodules-prune-interval\=86400 -Xcc -fmodules-prune-after\=345600 -emit-const-values -const-gather-protocols-list /Users/c4v4h/Library/Developer/Xcode/DerivedData/CascadeAddonRecoveryProbe/probe-7na4sb1w/Build/Build/Intermediates.noindex/AddonPlatform.build/Debug/ProbeContainer.build/Objects-normal/arm64/ProbeContainer_const_extract_protocols.json -Xcc -iquote -Xcc /Users/c4v4h/Library/Developer/Xcode/DerivedData/CascadeAddonRecoveryProbe/probe-7na4sb1w/Build/Build/Intermediates.noindex/AddonPlatform.build/Debug/ProbeContainer.build/CascadeAddonProbeContainer-generated-files.hmap -Xcc -I/Users/c4v4h/Library/Developer/Xcode/DerivedData/CascadeAddonRecoveryProbe/probe-7na4sb1w/Build/Build/Intermediates.noindex/AddonPlatform.build/Debug/ProbeContainer.build/CascadeAddonProbeContainer-own-target-headers.hmap -Xcc -I/Users/c4v4h/Library/Developer/Xcode/DerivedData/CascadeAddonRecoveryProbe/probe-7na4sb1w/Build/Build/Intermediates.noindex/AddonPlatform.build/Debug/ProbeContainer.build/CascadeAddonProbeContainer-all-target-headers.hmap -Xcc -iquote -Xcc /Users/c4v4h/Library/Developer/Xcode/DerivedData/CascadeAddonRecoveryProbe/probe-7na4sb1w/Build/Build/Intermediates.noindex/AddonPlatform.build/Debug/ProbeContainer.build/CascadeAddonProbeContainer-project-headers.hmap -Xcc -I/Users/c4v4h/Library/Developer/Xcode/DerivedData/CascadeAddonRecoveryProbe/probe-7na4sb1w/Build/Build/Products/Debug/include -Xcc -I/Users/c4v4h/Library/Developer/Xcode/DerivedData/CascadeAddonRecoveryProbe/probe-7na4sb1w/Build/Build/Intermediates.noindex/AddonPlatform.build/Debug/ProbeContainer.build/DerivedSources-normal/arm64 -Xcc -I/Users/c4v4h/Library/Developer/Xcode/DerivedData/CascadeAddonRecoveryProbe/probe-7na4sb1w/Build/Build/Intermediates.noindex/AddonPlatform.build/Debug/ProbeContainer.build/DerivedSources/arm64 -Xcc -I/Users/c4v4h/Library/Developer/Xcode/DerivedData/CascadeAddonRecoveryProbe/probe-7na4sb1w/Build/Build/Intermediates.noindex/AddonPlatform.build/Debug/ProbeContainer.build/DerivedSources -emit-objc-header -emit-objc-header-path /Users/c4v4h/Library/Developer/Xcode/DerivedData/CascadeAddonRecoveryProbe/probe-7na4sb1w/Build/Build/Intermediates.noindex/AddonPlatform.build/Debug/ProbeContainer.build/Objects-normal/arm64/CascadeAddonProbeContainer-Swift.h -working-directory /Users/c4v4h/Library/Developer/Xcode/DerivedData/CascadeAddonRecoveryProbe/probe-7na4sb1w/Sources -experimental-emit-module-separately -disable-cmo

Ld /Users/c4v4h/Library/Developer/Xcode/DerivedData/CascadeAddonRecoveryProbe/probe-7na4sb1w/Build/Build/Intermediates.noindex/AddonPlatform.build/Debug/ProbeContainer.build/Objects-normal/arm64/Binary/ProbeContainer normal arm64 (in target 'ProbeContainer' from project 'AddonPlatform')
    cd /Users/c4v4h/Library/Developer/Xcode/DerivedData/CascadeAddonRecoveryProbe/probe-7na4sb1w/Sources
    /Applications/Xcode-beta.app/Contents/Developer/Toolchains/XcodeDefault.xctoolchain/usr/bin/clang -Xlinker -reproducible -target arm64-apple-macos14.0 -isysroot /Applications/Xcode-beta.app/Contents/Developer/Platforms/MacOSX.platform/Developer/SDKs/MacOSX27.0.sdk -Os -Xlinker -no_warn_duplicate_libraries -L/Users/c4v4h/Library/Developer/Xcode/DerivedData/CascadeAddonRecoveryProbe/probe-7na4sb1w/Build/Build/Intermediates.noindex/EagerLinkingTBDs/Debug -L/Users/c4v4h/Library/Developer/Xcode/DerivedData/CascadeAddonRecoveryProbe/probe-7na4sb1w/Build/Build/Products/Debug -F/Users/c4v4h/Library/Developer/Xcode/DerivedData/CascadeAddonRecoveryProbe/probe-7na4sb1w/Build/Build/Intermediates.noindex/EagerLinkingTBDs/Debug -F/Users/c4v4h/Library/Developer/Xcode/DerivedData/CascadeAddonRecoveryProbe/probe-7na4sb1w/Build/Build/Products/Debug -filelist /Users/c4v4h/Library/Developer/Xcode/DerivedData/CascadeAddonRecoveryProbe/probe-7na4sb1w/Build/Build/Intermediates.noindex/AddonPlatform.build/Debug/ProbeContainer.build/Objects-normal/arm64/CascadeAddonProbeContainer.LinkFileList -Xlinker -rpath -Xlinker /usr/lib/swift -Xlinker -object_path_lto -Xlinker /Users/c4v4h/Library/Developer/Xcode/DerivedData/CascadeAddonRecoveryProbe/probe-7na4sb1w/Build/Build/Intermediates.noindex/AddonPlatform.build/Debug/ProbeContainer.build/Objects-normal/arm64/CascadeAddonProbeContainer_lto.o -Xlinker -dependency_info -Xlinker /Users/c4v4h/Library/Developer/Xcode/DerivedData/CascadeAddonRecoveryProbe/probe-7na4sb1w/Build/Build/Intermediates.noindex/AddonPlatform.build/Debug/ProbeContainer.build/Objects-normal/arm64/CascadeAddonProbeContainer_dependency_info.dat -fobjc-link-runtime -L/Applications/Xcode-beta.app/Contents/Developer/Toolchains/XcodeDefault.xctoolchain/usr/lib/swift/macosx -L/usr/lib/swift -Xlinker -add_ast_path -Xlinker /Users/c4v4h/Library/Developer/Xcode/DerivedData/CascadeAddonRecoveryProbe/probe-7na4sb1w/Build/Build/Intermediates.noindex/AddonPlatform.build/Debug/ProbeContainer.build/Objects-normal/arm64/CascadeAddonProbeContainer.swiftmodule -Xlinker -no_adhoc_codesign -o /Users/c4v4h/Library/Developer/Xcode/DerivedData/CascadeAddonRecoveryProbe/probe-7na4sb1w/Build/Build/Intermediates.noindex/AddonPlatform.build/Debug/ProbeContainer.build/Objects-normal/arm64/Binary/ProbeContainer

SwiftDriverJobDiscovery normal x86_64 Compiling ProbeContainer.swift (in target 'ProbeContainer' from project 'AddonPlatform')

SwiftDriver\ Compilation ProbeContainer normal x86_64 com.apple.xcode.tools.swift.compiler (in target 'ProbeContainer' from project 'AddonPlatform')
    cd /Users/c4v4h/Library/Developer/Xcode/DerivedData/CascadeAddonRecoveryProbe/probe-7na4sb1w/Sources
    builtin-Swift-Compilation -- /Applications/Xcode-beta.app/Contents/Developer/Toolchains/XcodeDefault.xctoolchain/usr/bin/swiftc -module-name CascadeAddonProbeContainer -Onone @/Users/c4v4h/Library/Developer/Xcode/DerivedData/CascadeAddonRecoveryProbe/probe-7na4sb1w/Build/Build/Intermediates.noindex/AddonPlatform.build/Debug/ProbeContainer.build/Objects-normal/x86_64/CascadeAddonProbeContainer.SwiftFileList -DDEBUG -DRECOVERY_PROBE -DBROKER_PROVIDER -enable-bare-slash-regex -enable-experimental-feature DebugDescriptionMacro -sdk /Applications/Xcode-beta.app/Contents/Developer/Platforms/MacOSX.platform/Developer/SDKs/MacOSX27.0.sdk -target x86_64-apple-macos14.0 -g -module-cache-path /Users/c4v4h/Library/Developer/Xcode/DerivedData/CascadeAddonRecoveryProbe/probe-7na4sb1w/Build/ModuleCache.noindex -Xfrontend -serialize-debugging-options -index-store-path /Users/c4v4h/Library/Developer/Xcode/DerivedData/CascadeAddonRecoveryProbe/probe-7na4sb1w/Build/Index.noindex/DataStore -swift-version 5 -I /Users/c4v4h/Library/Developer/Xcode/DerivedData/CascadeAddonRecoveryProbe/probe-7na4sb1w/Build/Build/Products/Debug -F /Users/c4v4h/Library/Developer/Xcode/DerivedData/CascadeAddonRecoveryProbe/probe-7na4sb1w/Build/Build/Products/Debug -parse-as-library -c -j8 -enable-batch-mode -incremental -Xcc -ivfsstatcache -Xcc /Users/c4v4h/Library/Developer/Xcode/DerivedData/CascadeAddonRecoveryProbe/probe-7na4sb1w/Build/SDKStatCaches.noindex/macosx27.0-26A5419a-e829b21a6f8c9b70876ba0858053c04445874285e5972fffeae925c4ab065928.sdkstatcache -output-file-map /Users/c4v4h/Library/Developer/Xcode/DerivedData/CascadeAddonRecoveryProbe/probe-7na4sb1w/Build/Build/Intermediates.noindex/AddonPlatform.build/Debug/ProbeContainer.build/Objects-normal/x86_64/ProbeContainer-OutputFileMap.json -save-temps -no-color-diagnostics -explicit-module-build -module-cache-path /Users/c4v4h/Library/Developer/Xcode/DerivedData/CascadeAddonRecoveryProbe/probe-7na4sb1w/Build/Build/Intermediates.noindex/SwiftExplicitPrecompiledModules -clang-scanner-module-cache-path /Users/c4v4h/Library/Developer/Xcode/DerivedData/CascadeAddonRecoveryProbe/probe-7na4sb1w/Build/ModuleCache.noindex -sdk-module-cache-path /Users/c4v4h/Library/Developer/Xcode/DerivedData/CascadeAddonRecoveryProbe/probe-7na4sb1w/Build/SDKExplicitPrecompiledModules -emit-dependencies -emit-module -emit-module-path /Users/c4v4h/Library/Developer/Xcode/DerivedData/CascadeAddonRecoveryProbe/probe-7na4sb1w/Build/Build/Intermediates.noindex/AddonPlatform.build/Debug/ProbeContainer.build/Objects-normal/x86_64/CascadeAddonProbeContainer.swiftmodule -serialize-diagnostics -dependency-scan-serialize-diagnostics-path /Users/c4v4h/Library/Developer/Xcode/DerivedData/CascadeAddonRecoveryProbe/probe-7na4sb1w/Build/Build/Intermediates.noindex/AddonPlatform.build/Debug/ProbeContainer.build/Objects-normal/x86_64/CascadeAddonProbeContainer-dependency-scan.dia -validate-clang-modules-once -clang-build-session-file /Users/c4v4h/Library/Developer/Xcode/DerivedData/CascadeAddonRecoveryProbe/probe-7na4sb1w/Build/ModuleCache.noindex/Session.modulevalidation -Xcc -fmodules-prune-interval\=86400 -Xcc -fmodules-prune-after\=345600 -emit-const-values -const-gather-protocols-list /Users/c4v4h/Library/Developer/Xcode/DerivedData/CascadeAddonRecoveryProbe/probe-7na4sb1w/Build/Build/Intermediates.noindex/AddonPlatform.build/Debug/ProbeContainer.build/Objects-normal/x86_64/ProbeContainer_const_extract_protocols.json -Xcc -iquote -Xcc /Users/c4v4h/Library/Developer/Xcode/DerivedData/CascadeAddonRecoveryProbe/probe-7na4sb1w/Build/Build/Intermediates.noindex/AddonPlatform.build/Debug/ProbeContainer.build/CascadeAddonProbeContainer-generated-files.hmap -Xcc -I/Users/c4v4h/Library/Developer/Xcode/DerivedData/CascadeAddonRecoveryProbe/probe-7na4sb1w/Build/Build/Intermediates.noindex/AddonPlatform.build/Debug/ProbeContainer.build/CascadeAddonProbeContainer-own-target-headers.hmap -Xcc -I/Users/c4v4h/Library/Developer/Xcode/DerivedData/CascadeAddonRecoveryProbe/probe-7na4sb1w/Build/Build/Intermediates.noindex/AddonPlatform.build/Debug/ProbeContainer.build/CascadeAddonProbeContainer-all-target-headers.hmap -Xcc -iquote -Xcc /Users/c4v4h/Library/Developer/Xcode/DerivedData/CascadeAddonRecoveryProbe/probe-7na4sb1w/Build/Build/Intermediates.noindex/AddonPlatform.build/Debug/ProbeContainer.build/CascadeAddonProbeContainer-project-headers.hmap -Xcc -I/Users/c4v4h/Library/Developer/Xcode/DerivedData/CascadeAddonRecoveryProbe/probe-7na4sb1w/Build/Build/Products/Debug/include -Xcc -I/Users/c4v4h/Library/Developer/Xcode/DerivedData/CascadeAddonRecoveryProbe/probe-7na4sb1w/Build/Build/Intermediates.noindex/AddonPlatform.build/Debug/ProbeContainer.build/DerivedSources-normal/x86_64 -Xcc -I/Users/c4v4h/Library/Developer/Xcode/DerivedData/CascadeAddonRecoveryProbe/probe-7na4sb1w/Build/Build/Intermediates.noindex/AddonPlatform.build/Debug/ProbeContainer.build/DerivedSources/x86_64 -Xcc -I/Users/c4v4h/Library/Developer/Xcode/DerivedData/CascadeAddonRecoveryProbe/probe-7na4sb1w/Build/Build/Intermediates.noindex/AddonPlatform.build/Debug/ProbeContainer.build/DerivedSources -emit-objc-header -emit-objc-header-path /Users/c4v4h/Library/Developer/Xcode/DerivedData/CascadeAddonRecoveryProbe/probe-7na4sb1w/Build/Build/Intermediates.noindex/AddonPlatform.build/Debug/ProbeContainer.build/Objects-normal/x86_64/CascadeAddonProbeContainer-Swift.h -working-directory /Users/c4v4h/Library/Developer/Xcode/DerivedData/CascadeAddonRecoveryProbe/probe-7na4sb1w/Sources -experimental-emit-module-separately -disable-cmo

Ld /Users/c4v4h/Library/Developer/Xcode/DerivedData/CascadeAddonRecoveryProbe/probe-7na4sb1w/Build/Build/Intermediates.noindex/AddonPlatform.build/Debug/ProbeContainer.build/Objects-normal/x86_64/Binary/ProbeContainer normal x86_64 (in target 'ProbeContainer' from project 'AddonPlatform')
    cd /Users/c4v4h/Library/Developer/Xcode/DerivedData/CascadeAddonRecoveryProbe/probe-7na4sb1w/Sources
    /Applications/Xcode-beta.app/Contents/Developer/Toolchains/XcodeDefault.xctoolchain/usr/bin/clang -Xlinker -reproducible -target x86_64-apple-macos14.0 -isysroot /Applications/Xcode-beta.app/Contents/Developer/Platforms/MacOSX.platform/Developer/SDKs/MacOSX27.0.sdk -Os -Xlinker -no_warn_duplicate_libraries -L/Users/c4v4h/Library/Developer/Xcode/DerivedData/CascadeAddonRecoveryProbe/probe-7na4sb1w/Build/Build/Intermediates.noindex/EagerLinkingTBDs/Debug -L/Users/c4v4h/Library/Developer/Xcode/DerivedData/CascadeAddonRecoveryProbe/probe-7na4sb1w/Build/Build/Products/Debug -F/Users/c4v4h/Library/Developer/Xcode/DerivedData/CascadeAddonRecoveryProbe/probe-7na4sb1w/Build/Build/Intermediates.noindex/EagerLinkingTBDs/Debug -F/Users/c4v4h/Library/Developer/Xcode/DerivedData/CascadeAddonRecoveryProbe/probe-7na4sb1w/Build/Build/Products/Debug -filelist /Users/c4v4h/Library/Developer/Xcode/DerivedData/CascadeAddonRecoveryProbe/probe-7na4sb1w/Build/Build/Intermediates.noindex/AddonPlatform.build/Debug/ProbeContainer.build/Objects-normal/x86_64/CascadeAddonProbeContainer.LinkFileList -Xlinker -rpath -Xlinker /usr/lib/swift -Xlinker -object_path_lto -Xlinker /Users/c4v4h/Library/Developer/Xcode/DerivedData/CascadeAddonRecoveryProbe/probe-7na4sb1w/Build/Build/Intermediates.noindex/AddonPlatform.build/Debug/ProbeContainer.build/Objects-normal/x86_64/CascadeAddonProbeContainer_lto.o -Xlinker -dependency_info -Xlinker /Users/c4v4h/Library/Developer/Xcode/DerivedData/CascadeAddonRecoveryProbe/probe-7na4sb1w/Build/Build/Intermediates.noindex/AddonPlatform.build/Debug/ProbeContainer.build/Objects-normal/x86_64/CascadeAddonProbeContainer_dependency_info.dat -fobjc-link-runtime -L/Applications/Xcode-beta.app/Contents/Developer/Toolchains/XcodeDefault.xctoolchain/usr/lib/swift/macosx -L/usr/lib/swift -Xlinker -add_ast_path -Xlinker /Users/c4v4h/Library/Developer/Xcode/DerivedData/CascadeAddonRecoveryProbe/probe-7na4sb1w/Build/Build/Intermediates.noindex/AddonPlatform.build/Debug/ProbeContainer.build/Objects-normal/x86_64/CascadeAddonProbeContainer.swiftmodule -Xlinker -no_adhoc_codesign -o /Users/c4v4h/Library/Developer/Xcode/DerivedData/CascadeAddonRecoveryProbe/probe-7na4sb1w/Build/Build/Intermediates.noindex/AddonPlatform.build/Debug/ProbeContainer.build/Objects-normal/x86_64/Binary/ProbeContainer

CreateUniversalBinary /Users/c4v4h/Library/Developer/Xcode/DerivedData/CascadeAddonRecoveryProbe/probe-7na4sb1w/Build/Build/Products/Debug/CascadeAddonProbeContainer.app/Contents/MacOS/ProbeContainer normal arm64\ x86_64 (in target 'ProbeContainer' from project 'AddonPlatform')
    cd /Users/c4v4h/Library/Developer/Xcode/DerivedData/CascadeAddonRecoveryProbe/probe-7na4sb1w/Sources
    /Applications/Xcode-beta.app/Contents/Developer/Toolchains/XcodeDefault.xctoolchain/usr/bin/lipo -create /Users/c4v4h/Library/Developer/Xcode/DerivedData/CascadeAddonRecoveryProbe/probe-7na4sb1w/Build/Build/Intermediates.noindex/AddonPlatform.build/Debug/ProbeContainer.build/Objects-normal/arm64/Binary/ProbeContainer /Users/c4v4h/Library/Developer/Xcode/DerivedData/CascadeAddonRecoveryProbe/probe-7na4sb1w/Build/Build/Intermediates.noindex/AddonPlatform.build/Debug/ProbeContainer.build/Objects-normal/x86_64/Binary/ProbeContainer -output /Users/c4v4h/Library/Developer/Xcode/DerivedData/CascadeAddonRecoveryProbe/probe-7na4sb1w/Build/Build/Products/Debug/CascadeAddonProbeContainer.app/Contents/MacOS/ProbeContainer

Copy /Users/c4v4h/Library/Developer/Xcode/DerivedData/CascadeAddonRecoveryProbe/probe-7na4sb1w/Build/Build/Products/Debug/CascadeAddonProbeContainer.app/Contents/Extensions/CascadeProbeProvider.appex /Users/c4v4h/Library/Developer/Xcode/DerivedData/CascadeAddonRecoveryProbe/probe-7na4sb1w/Build/Build/Products/Debug/CascadeProbeProvider.appex (in target 'ProbeContainer' from project 'AddonPlatform')
    cd /Users/c4v4h/Library/Developer/Xcode/DerivedData/CascadeAddonRecoveryProbe/probe-7na4sb1w/Sources
    builtin-copy -exclude .DS_Store -exclude CVS -exclude .svn -exclude .git -exclude .hg -exclude Headers -exclude PrivateHeaders -exclude Modules -exclude \*.tbd -strip-unsigned-binaries -strip-deterministic -strip-tool /Applications/Xcode-beta.app/Contents/Developer/Toolchains/XcodeDefault.xctoolchain/usr/bin/strip -resolve-src-symlinks -remove-static-executable /Users/c4v4h/Library/Developer/Xcode/DerivedData/CascadeAddonRecoveryProbe/probe-7na4sb1w/Build/Build/Products/Debug/CascadeProbeProvider.appex /Users/c4v4h/Library/Developer/Xcode/DerivedData/CascadeAddonRecoveryProbe/probe-7na4sb1w/Build/Build/Products/Debug/CascadeAddonProbeContainer.app/Contents/Extensions
warning: not stripping binary because it is signed: /Users/c4v4h/Library/Developer/Xcode/DerivedData/CascadeAddonRecoveryProbe/probe-7na4sb1w/Build/Build/Products/Debug/CascadeProbeProvider.appex/Contents/MacOS/ProbeProvider (in target 'ProbeContainer' from project 'AddonPlatform')

ProcessInfoPlistFile /Users/c4v4h/Library/Developer/Xcode/DerivedData/CascadeAddonRecoveryProbe/probe-7na4sb1w/Build/Build/Products/Debug/CascadeAddonProbeContainer.app/Contents/Info.plist /Users/c4v4h/Library/Developer/Xcode/DerivedData/CascadeAddonRecoveryProbe/probe-7na4sb1w/Sources/Container/Info.plist (in target 'ProbeContainer' from project 'AddonPlatform')
    cd /Users/c4v4h/Library/Developer/Xcode/DerivedData/CascadeAddonRecoveryProbe/probe-7na4sb1w/Sources
    builtin-infoPlistUtility /Users/c4v4h/Library/Developer/Xcode/DerivedData/CascadeAddonRecoveryProbe/probe-7na4sb1w/Sources/Container/Info.plist -producttype com.apple.product-type.application -genpkginfo /Users/c4v4h/Library/Developer/Xcode/DerivedData/CascadeAddonRecoveryProbe/probe-7na4sb1w/Build/Build/Products/Debug/CascadeAddonProbeContainer.app/Contents/PkgInfo -expandbuildsettings -platform macosx -scanforprivacyfile /Users/c4v4h/Library/Developer/Xcode/DerivedData/CascadeAddonRecoveryProbe/probe-7na4sb1w/Build/Build/Products/Debug/CascadeAddonProbeContainer.app/Contents/Extensions/CascadeProbeProvider.appex -o /Users/c4v4h/Library/Developer/Xcode/DerivedData/CascadeAddonRecoveryProbe/probe-7na4sb1w/Build/Build/Products/Debug/CascadeAddonProbeContainer.app/Contents/Info.plist

CopySwiftLibs /Users/c4v4h/Library/Developer/Xcode/DerivedData/CascadeAddonRecoveryProbe/probe-7na4sb1w/Build/Build/Products/Debug/CascadeAddonProbeContainer.app (in target 'ProbeContainer' from project 'AddonPlatform')
    cd /Users/c4v4h/Library/Developer/Xcode/DerivedData/CascadeAddonRecoveryProbe/probe-7na4sb1w/Sources
    builtin-swiftStdLibTool --copy --verbose --sign 4A857D842A5406C2D3071776FDE7B27B3098FE63 --scan-executable /Users/c4v4h/Library/Developer/Xcode/DerivedData/CascadeAddonRecoveryProbe/probe-7na4sb1w/Build/Build/Products/Debug/CascadeAddonProbeContainer.app/Contents/MacOS/ProbeContainer --scan-folder /Users/c4v4h/Library/Developer/Xcode/DerivedData/CascadeAddonRecoveryProbe/probe-7na4sb1w/Build/Build/Products/Debug/CascadeAddonProbeContainer.app/Contents/Frameworks --scan-folder /Users/c4v4h/Library/Developer/Xcode/DerivedData/CascadeAddonRecoveryProbe/probe-7na4sb1w/Build/Build/Products/Debug/CascadeAddonProbeContainer.app/Contents/PlugIns --scan-folder /Users/c4v4h/Library/Developer/Xcode/DerivedData/CascadeAddonRecoveryProbe/probe-7na4sb1w/Build/Build/Products/Debug/CascadeAddonProbeContainer.app/Contents/Library/SystemExtensions --scan-folder /Users/c4v4h/Library/Developer/Xcode/DerivedData/CascadeAddonRecoveryProbe/probe-7na4sb1w/Build/Build/Products/Debug/CascadeAddonProbeContainer.app/Contents/Extensions --platform macosx --toolchain /var/run/com.apple.security.cryptexd/mnt/com.apple.MobileAsset.MetalToolchain-v27.1.5252.6.a2EVDm/Metal.xctoolchain --toolchain /Applications/Xcode-beta.app/Contents/Developer/Toolchains/XcodeDefault.xctoolchain --destination /Users/c4v4h/Library/Developer/Xcode/DerivedData/CascadeAddonRecoveryProbe/probe-7na4sb1w/Build/Build/Products/Debug/CascadeAddonProbeContainer.app/Contents/Frameworks --strip-bitcode --strip-bitcode-tool /Applications/Xcode-beta.app/Contents/Developer/Toolchains/XcodeDefault.xctoolchain/usr/bin/bitcode_strip --emit-dependency-info /Users/c4v4h/Library/Developer/Xcode/DerivedData/CascadeAddonRecoveryProbe/probe-7na4sb1w/Build/Build/Intermediates.noindex/AddonPlatform.build/Debug/ProbeContainer.build/SwiftStdLibToolInputDependencies.dep --filter-for-swift-os --back-deploy-swift-span

ExtractAppIntentsMetadata (in target 'ProbeContainer' from project 'AddonPlatform')
    cd /Users/c4v4h/Library/Developer/Xcode/DerivedData/CascadeAddonRecoveryProbe/probe-7na4sb1w/Sources
    /Applications/Xcode-beta.app/Contents/Developer/Toolchains/XcodeDefault.xctoolchain/usr/bin/appintentsmetadataprocessor --toolchain-dir /var/run/com.apple.security.cryptexd/mnt/com.apple.MobileAsset.MetalToolchain-v27.1.5252.6.a2EVDm/Metal.xctoolchain --module-name CascadeAddonProbeContainer --sdk-root /Applications/Xcode-beta.app/Contents/Developer/Platforms/MacOSX.platform/Developer/SDKs/MacOSX27.0.sdk --xcode-version 27A5252f --platform-family macOS --deployment-target 14.0 --bundle-identifier hylo.Cascade.AddonProbeContainer --output /Users/c4v4h/Library/Developer/Xcode/DerivedData/CascadeAddonRecoveryProbe/probe-7na4sb1w/Build/Build/Products/Debug/CascadeAddonProbeContainer.app/Contents/Resources --target-triple arm64-apple-macos14.0 --target-triple x86_64-apple-macos14.0 --binary-file /Users/c4v4h/Library/Developer/Xcode/DerivedData/CascadeAddonRecoveryProbe/probe-7na4sb1w/Build/Build/Products/Debug/CascadeAddonProbeContainer.app/Contents/MacOS/ProbeContainer --dependency-file /Users/c4v4h/Library/Developer/Xcode/DerivedData/CascadeAddonRecoveryProbe/probe-7na4sb1w/Build/Build/Intermediates.noindex/AddonPlatform.build/Debug/ProbeContainer.build/Objects-normal/arm64/CascadeAddonProbeContainer_dependency_info.dat --dependency-file /Users/c4v4h/Library/Developer/Xcode/DerivedData/CascadeAddonRecoveryProbe/probe-7na4sb1w/Build/Build/Intermediates.noindex/AddonPlatform.build/Debug/ProbeContainer.build/Objects-normal/x86_64/CascadeAddonProbeContainer_dependency_info.dat --stringsdata-file /Users/c4v4h/Library/Developer/Xcode/DerivedData/CascadeAddonRecoveryProbe/probe-7na4sb1w/Build/Build/Intermediates.noindex/AddonPlatform.build/Debug/ProbeContainer.build/Objects-normal/arm64/ExtractedAppShortcutsMetadata.stringsdata --stringsdata-file /Users/c4v4h/Library/Developer/Xcode/DerivedData/CascadeAddonRecoveryProbe/probe-7na4sb1w/Build/Build/Intermediates.noindex/AddonPlatform.build/Debug/ProbeContainer.build/Objects-normal/x86_64/ExtractedAppShortcutsMetadata.stringsdata --source-file-list /Users/c4v4h/Library/Developer/Xcode/DerivedData/CascadeAddonRecoveryProbe/probe-7na4sb1w/Build/Build/Intermediates.noindex/AddonPlatform.build/Debug/ProbeContainer.build/Objects-normal/arm64/CascadeAddonProbeContainer.SwiftFileList --source-file-list /Users/c4v4h/Library/Developer/Xcode/DerivedData/CascadeAddonRecoveryProbe/probe-7na4sb1w/Build/Build/Intermediates.noindex/AddonPlatform.build/Debug/ProbeContainer.build/Objects-normal/x86_64/CascadeAddonProbeContainer.SwiftFileList --metadata-file-list /Users/c4v4h/Library/Developer/Xcode/DerivedData/CascadeAddonRecoveryProbe/probe-7na4sb1w/Build/Build/Intermediates.noindex/AddonPlatform.build/Debug/ProbeContainer.build/CascadeAddonProbeContainer.DependencyMetadataFileList --static-metadata-file-list /Users/c4v4h/Library/Developer/Xcode/DerivedData/CascadeAddonRecoveryProbe/probe-7na4sb1w/Build/Build/Intermediates.noindex/AddonPlatform.build/Debug/ProbeContainer.build/CascadeAddonProbeContainer.DependencyStaticMetadataFileList --swift-const-vals-list /Users/c4v4h/Library/Developer/Xcode/DerivedData/CascadeAddonRecoveryProbe/probe-7na4sb1w/Build/Build/Intermediates.noindex/AddonPlatform.build/Debug/ProbeContainer.build/Objects-normal/arm64/CascadeAddonProbeContainer.SwiftConstValuesFileList --swift-const-vals-list /Users/c4v4h/Library/Developer/Xcode/DerivedData/CascadeAddonRecoveryProbe/probe-7na4sb1w/Build/Build/Intermediates.noindex/AddonPlatform.build/Debug/ProbeContainer.build/Objects-normal/x86_64/CascadeAddonProbeContainer.SwiftConstValuesFileList --compile-time-extraction --deployment-aware-processing --no-app-shortcuts-localization
2026-09-25 17:23:52.299 appintentsmetadataprocessor[58506:1980677] Starting appintentsmetadataprocessor export
2026-09-25 17:23:52.301 appintentsmetadataprocessor[58506:1980677] warning: Metadata extraction skipped, no AppIntents.framework dependency found

CodeSign /Users/c4v4h/Library/Developer/Xcode/DerivedData/CascadeAddonRecoveryProbe/probe-7na4sb1w/Build/Build/Products/Debug/CascadeAddonProbeContainer.app (in target 'ProbeContainer' from project 'AddonPlatform')
    cd /Users/c4v4h/Library/Developer/Xcode/DerivedData/CascadeAddonRecoveryProbe/probe-7na4sb1w/Sources
    
    Signing Identity:     "Apple Development: cavallerolore@icloud.com (MRZYW8THXH)"
    
    /usr/bin/codesign --force --sign 4A857D842A5406C2D3071776FDE7B27B3098FE63 -o runtime --timestamp\=none --generate-entitlement-der /Users/c4v4h/Library/Developer/Xcode/DerivedData/CascadeAddonRecoveryProbe/probe-7na4sb1w/Build/Build/Products/Debug/CascadeAddonProbeContainer.app

ValidateEmbeddedBinary /Users/c4v4h/Library/Developer/Xcode/DerivedData/CascadeAddonRecoveryProbe/probe-7na4sb1w/Build/Build/Products/Debug/CascadeAddonProbeContainer.app/Contents/Extensions/CascadeProbeProvider.appex (in target 'ProbeContainer' from project 'AddonPlatform')
    cd /Users/c4v4h/Library/Developer/Xcode/DerivedData/CascadeAddonRecoveryProbe/probe-7na4sb1w/Sources
    /Applications/Xcode-beta.app/Contents/Developer/usr/bin/embeddedBinaryValidationUtility /Users/c4v4h/Library/Developer/Xcode/DerivedData/CascadeAddonRecoveryProbe/probe-7na4sb1w/Build/Build/Products/Debug/CascadeAddonProbeContainer.app/Contents/Extensions/CascadeProbeProvider.appex -signing-cert 4A857D842A5406C2D3071776FDE7B27B3098FE63 -info-plist-path /Users/c4v4h/Library/Developer/Xcode/DerivedData/CascadeAddonRecoveryProbe/probe-7na4sb1w/Build/Build/Products/Debug/CascadeAddonProbeContainer.app/Contents/Info.plist

RegisterExecutionPolicyException /Users/c4v4h/Library/Developer/Xcode/DerivedData/CascadeAddonRecoveryProbe/probe-7na4sb1w/Build/Build/Products/Debug/CascadeAddonProbeContainer.app (in target 'ProbeContainer' from project 'AddonPlatform')
    cd /Users/c4v4h/Library/Developer/Xcode/DerivedData/CascadeAddonRecoveryProbe/probe-7na4sb1w/Sources
    builtin-RegisterExecutionPolicyException /Users/c4v4h/Library/Developer/Xcode/DerivedData/CascadeAddonRecoveryProbe/probe-7na4sb1w/Build/Build/Products/Debug/CascadeAddonProbeContainer.app

Validate /Users/c4v4h/Library/Developer/Xcode/DerivedData/CascadeAddonRecoveryProbe/probe-7na4sb1w/Build/Build/Products/Debug/CascadeAddonProbeContainer.app (in target 'ProbeContainer' from project 'AddonPlatform')
    cd /Users/c4v4h/Library/Developer/Xcode/DerivedData/CascadeAddonRecoveryProbe/probe-7na4sb1w/Sources
    builtin-validationUtility /Users/c4v4h/Library/Developer/Xcode/DerivedData/CascadeAddonRecoveryProbe/probe-7na4sb1w/Build/Build/Products/Debug/CascadeAddonProbeContainer.app -no-validate-extension -infoplist-subpath Contents/Info.plist

Touch /Users/c4v4h/Library/Developer/Xcode/DerivedData/CascadeAddonRecoveryProbe/probe-7na4sb1w/Build/Build/Products/Debug/CascadeAddonProbeContainer.app (in target 'ProbeContainer' from project 'AddonPlatform')
    cd /Users/c4v4h/Library/Developer/Xcode/DerivedData/CascadeAddonRecoveryProbe/probe-7na4sb1w/Sources
    /usr/bin/touch -c /Users/c4v4h/Library/Developer/Xcode/DerivedData/CascadeAddonRecoveryProbe/probe-7na4sb1w/Build/Build/Products/Debug/CascadeAddonProbeContainer.app

RegisterWithLaunchServices /Users/c4v4h/Library/Developer/Xcode/DerivedData/CascadeAddonRecoveryProbe/probe-7na4sb1w/Build/Build/Products/Debug/CascadeAddonProbeContainer.app (in target 'ProbeContainer' from project 'AddonPlatform')
    cd /Users/c4v4h/Library/Developer/Xcode/DerivedData/CascadeAddonRecoveryProbe/probe-7na4sb1w/Sources
    builtin-lsregisterurl --record-path /Users/c4v4h/Library/Developer/Xcode/DerivedData/CascadeAddonRecoveryProbe/probe-7na4sb1w/Build/Build/Intermediates.noindex/XCBuildData/registered-launchservices.txt -- /System/Library/Frameworks/CoreServices.framework/Versions/Current/Frameworks/LaunchServices.framework/Versions/Current/Support/lsregister -f -R -trusted /Users/c4v4h/Library/Developer/Xcode/DerivedData/CascadeAddonRecoveryProbe/probe-7na4sb1w/Build/Build/Products/Debug/CascadeAddonProbeContainer.app

SwiftDriverJobDiscovery normal arm64 Compiling ProbeHost.swift (in target 'ProbeHost' from project 'AddonPlatform')

SwiftDriver\ Compilation ProbeHost normal arm64 com.apple.xcode.tools.swift.compiler (in target 'ProbeHost' from project 'AddonPlatform')
    cd /Users/c4v4h/Library/Developer/Xcode/DerivedData/CascadeAddonRecoveryProbe/probe-7na4sb1w/Sources
    builtin-Swift-Compilation -- /Applications/Xcode-beta.app/Contents/Developer/Toolchains/XcodeDefault.xctoolchain/usr/bin/swiftc -module-name CascadeAddonProbe -Onone @/Users/c4v4h/Library/Developer/Xcode/DerivedData/CascadeAddonRecoveryProbe/probe-7na4sb1w/Build/Build/Intermediates.noindex/AddonPlatform.build/Debug/ProbeHost.build/Objects-normal/arm64/CascadeAddonProbe.SwiftFileList -DDEBUG -DRECOVERY_PROBE -DBROKER_PROVIDER -enable-bare-slash-regex -enable-experimental-feature DebugDescriptionMacro -sdk /Applications/Xcode-beta.app/Contents/Developer/Platforms/MacOSX.platform/Developer/SDKs/MacOSX27.0.sdk -target arm64-apple-macos14.0 -g -module-cache-path /Users/c4v4h/Library/Developer/Xcode/DerivedData/CascadeAddonRecoveryProbe/probe-7na4sb1w/Build/ModuleCache.noindex -Xfrontend -serialize-debugging-options -index-store-path /Users/c4v4h/Library/Developer/Xcode/DerivedData/CascadeAddonRecoveryProbe/probe-7na4sb1w/Build/Index.noindex/DataStore -swift-version 5 -I /Users/c4v4h/Library/Developer/Xcode/DerivedData/CascadeAddonRecoveryProbe/probe-7na4sb1w/Build/Build/Products/Debug -F /Users/c4v4h/Library/Developer/Xcode/DerivedData/CascadeAddonRecoveryProbe/probe-7na4sb1w/Build/Build/Products/Debug -c -j8 -enable-batch-mode -incremental -Xcc -ivfsstatcache -Xcc /Users/c4v4h/Library/Developer/Xcode/DerivedData/CascadeAddonRecoveryProbe/probe-7na4sb1w/Build/SDKStatCaches.noindex/macosx27.0-26A5419a-e829b21a6f8c9b70876ba0858053c04445874285e5972fffeae925c4ab065928.sdkstatcache -output-file-map /Users/c4v4h/Library/Developer/Xcode/DerivedData/CascadeAddonRecoveryProbe/probe-7na4sb1w/Build/Build/Intermediates.noindex/AddonPlatform.build/Debug/ProbeHost.build/Objects-normal/arm64/ProbeHost-OutputFileMap.json -save-temps -no-color-diagnostics -explicit-module-build -module-cache-path /Users/c4v4h/Library/Developer/Xcode/DerivedData/CascadeAddonRecoveryProbe/probe-7na4sb1w/Build/Build/Intermediates.noindex/SwiftExplicitPrecompiledModules -clang-scanner-module-cache-path /Users/c4v4h/Library/Developer/Xcode/DerivedData/CascadeAddonRecoveryProbe/probe-7na4sb1w/Build/ModuleCache.noindex -sdk-module-cache-path /Users/c4v4h/Library/Developer/Xcode/DerivedData/CascadeAddonRecoveryProbe/probe-7na4sb1w/Build/SDKExplicitPrecompiledModules -emit-dependencies -emit-module -emit-module-path /Users/c4v4h/Library/Developer/Xcode/DerivedData/CascadeAddonRecoveryProbe/probe-7na4sb1w/Build/Build/Intermediates.noindex/AddonPlatform.build/Debug/ProbeHost.build/Objects-normal/arm64/CascadeAddonProbe.swiftmodule -serialize-diagnostics -dependency-scan-serialize-diagnostics-path /Users/c4v4h/Library/Developer/Xcode/DerivedData/CascadeAddonRecoveryProbe/probe-7na4sb1w/Build/Build/Intermediates.noindex/AddonPlatform.build/Debug/ProbeHost.build/Objects-normal/arm64/CascadeAddonProbe-dependency-scan.dia -validate-clang-modules-once -clang-build-session-file /Users/c4v4h/Library/Developer/Xcode/DerivedData/CascadeAddonRecoveryProbe/probe-7na4sb1w/Build/ModuleCache.noindex/Session.modulevalidation -Xcc -fmodules-prune-interval\=86400 -Xcc -fmodules-prune-after\=345600 -emit-const-values -const-gather-protocols-list /Users/c4v4h/Library/Developer/Xcode/DerivedData/CascadeAddonRecoveryProbe/probe-7na4sb1w/Build/Build/Intermediates.noindex/AddonPlatform.build/Debug/ProbeHost.build/Objects-normal/arm64/ProbeHost_const_extract_protocols.json -Xcc -iquote -Xcc /Users/c4v4h/Library/Developer/Xcode/DerivedData/CascadeAddonRecoveryProbe/probe-7na4sb1w/Build/Build/Intermediates.noindex/AddonPlatform.build/Debug/ProbeHost.build/CascadeAddonProbe-generated-files.hmap -Xcc -I/Users/c4v4h/Library/Developer/Xcode/DerivedData/CascadeAddonRecoveryProbe/probe-7na4sb1w/Build/Build/Intermediates.noindex/AddonPlatform.build/Debug/ProbeHost.build/CascadeAddonProbe-own-target-headers.hmap -Xcc -I/Users/c4v4h/Library/Developer/Xcode/DerivedData/CascadeAddonRecoveryProbe/probe-7na4sb1w/Build/Build/Intermediates.noindex/AddonPlatform.build/Debug/ProbeHost.build/CascadeAddonProbe-all-target-headers.hmap -Xcc -iquote -Xcc /Users/c4v4h/Library/Developer/Xcode/DerivedData/CascadeAddonRecoveryProbe/probe-7na4sb1w/Build/Build/Intermediates.noindex/AddonPlatform.build/Debug/ProbeHost.build/CascadeAddonProbe-project-headers.hmap -Xcc -I/Users/c4v4h/Library/Developer/Xcode/DerivedData/CascadeAddonRecoveryProbe/probe-7na4sb1w/Build/Build/Products/Debug/include -Xcc -I/Users/c4v4h/Library/Developer/Xcode/DerivedData/CascadeAddonRecoveryProbe/probe-7na4sb1w/Build/Build/Intermediates.noindex/AddonPlatform.build/Debug/ProbeHost.build/DerivedSources-normal/arm64 -Xcc -I/Users/c4v4h/Library/Developer/Xcode/DerivedData/CascadeAddonRecoveryProbe/probe-7na4sb1w/Build/Build/Intermediates.noindex/AddonPlatform.build/Debug/ProbeHost.build/DerivedSources/arm64 -Xcc -I/Users/c4v4h/Library/Developer/Xcode/DerivedData/CascadeAddonRecoveryProbe/probe-7na4sb1w/Build/Build/Intermediates.noindex/AddonPlatform.build/Debug/ProbeHost.build/DerivedSources -emit-objc-header -emit-objc-header-path /Users/c4v4h/Library/Developer/Xcode/DerivedData/CascadeAddonRecoveryProbe/probe-7na4sb1w/Build/Build/Intermediates.noindex/AddonPlatform.build/Debug/ProbeHost.build/Objects-normal/arm64/CascadeAddonProbe-Swift.h -working-directory /Users/c4v4h/Library/Developer/Xcode/DerivedData/CascadeAddonRecoveryProbe/probe-7na4sb1w/Sources -experimental-emit-module-separately -disable-cmo

Ld /Users/c4v4h/Library/Developer/Xcode/DerivedData/CascadeAddonRecoveryProbe/probe-7na4sb1w/Build/Build/Intermediates.noindex/AddonPlatform.build/Debug/ProbeHost.build/Objects-normal/arm64/Binary/ProbeHost normal arm64 (in target 'ProbeHost' from project 'AddonPlatform')
    cd /Users/c4v4h/Library/Developer/Xcode/DerivedData/CascadeAddonRecoveryProbe/probe-7na4sb1w/Sources
    /Applications/Xcode-beta.app/Contents/Developer/Toolchains/XcodeDefault.xctoolchain/usr/bin/clang -Xlinker -reproducible -target arm64-apple-macos14.0 -isysroot /Applications/Xcode-beta.app/Contents/Developer/Platforms/MacOSX.platform/Developer/SDKs/MacOSX27.0.sdk -Os -Xlinker -no_warn_duplicate_libraries -L/Users/c4v4h/Library/Developer/Xcode/DerivedData/CascadeAddonRecoveryProbe/probe-7na4sb1w/Build/Build/Intermediates.noindex/EagerLinkingTBDs/Debug -L/Users/c4v4h/Library/Developer/Xcode/DerivedData/CascadeAddonRecoveryProbe/probe-7na4sb1w/Build/Build/Products/Debug -F/Users/c4v4h/Library/Developer/Xcode/DerivedData/CascadeAddonRecoveryProbe/probe-7na4sb1w/Build/Build/Intermediates.noindex/EagerLinkingTBDs/Debug -F/Users/c4v4h/Library/Developer/Xcode/DerivedData/CascadeAddonRecoveryProbe/probe-7na4sb1w/Build/Build/Products/Debug -filelist /Users/c4v4h/Library/Developer/Xcode/DerivedData/CascadeAddonRecoveryProbe/probe-7na4sb1w/Build/Build/Intermediates.noindex/AddonPlatform.build/Debug/ProbeHost.build/Objects-normal/arm64/CascadeAddonProbe.LinkFileList -Xlinker -rpath -Xlinker /usr/lib/swift -Xlinker -object_path_lto -Xlinker /Users/c4v4h/Library/Developer/Xcode/DerivedData/CascadeAddonRecoveryProbe/probe-7na4sb1w/Build/Build/Intermediates.noindex/AddonPlatform.build/Debug/ProbeHost.build/Objects-normal/arm64/CascadeAddonProbe_lto.o -Xlinker -dependency_info -Xlinker /Users/c4v4h/Library/Developer/Xcode/DerivedData/CascadeAddonRecoveryProbe/probe-7na4sb1w/Build/Build/Intermediates.noindex/AddonPlatform.build/Debug/ProbeHost.build/Objects-normal/arm64/CascadeAddonProbe_dependency_info.dat -fobjc-link-runtime -L/Applications/Xcode-beta.app/Contents/Developer/Toolchains/XcodeDefault.xctoolchain/usr/lib/swift/macosx -L/usr/lib/swift -Xlinker -add_ast_path -Xlinker /Users/c4v4h/Library/Developer/Xcode/DerivedData/CascadeAddonRecoveryProbe/probe-7na4sb1w/Build/Build/Intermediates.noindex/AddonPlatform.build/Debug/ProbeHost.build/Objects-normal/arm64/CascadeAddonProbe.swiftmodule -Xlinker -no_adhoc_codesign -o /Users/c4v4h/Library/Developer/Xcode/DerivedData/CascadeAddonRecoveryProbe/probe-7na4sb1w/Build/Build/Intermediates.noindex/AddonPlatform.build/Debug/ProbeHost.build/Objects-normal/arm64/Binary/ProbeHost

SwiftDriverJobDiscovery normal x86_64 Compiling ProbeHost.swift (in target 'ProbeHost' from project 'AddonPlatform')

SwiftDriver\ Compilation ProbeHost normal x86_64 com.apple.xcode.tools.swift.compiler (in target 'ProbeHost' from project 'AddonPlatform')
    cd /Users/c4v4h/Library/Developer/Xcode/DerivedData/CascadeAddonRecoveryProbe/probe-7na4sb1w/Sources
    builtin-Swift-Compilation -- /Applications/Xcode-beta.app/Contents/Developer/Toolchains/XcodeDefault.xctoolchain/usr/bin/swiftc -module-name CascadeAddonProbe -Onone @/Users/c4v4h/Library/Developer/Xcode/DerivedData/CascadeAddonRecoveryProbe/probe-7na4sb1w/Build/Build/Intermediates.noindex/AddonPlatform.build/Debug/ProbeHost.build/Objects-normal/x86_64/CascadeAddonProbe.SwiftFileList -DDEBUG -DRECOVERY_PROBE -DBROKER_PROVIDER -enable-bare-slash-regex -enable-experimental-feature DebugDescriptionMacro -sdk /Applications/Xcode-beta.app/Contents/Developer/Platforms/MacOSX.platform/Developer/SDKs/MacOSX27.0.sdk -target x86_64-apple-macos14.0 -g -module-cache-path /Users/c4v4h/Library/Developer/Xcode/DerivedData/CascadeAddonRecoveryProbe/probe-7na4sb1w/Build/ModuleCache.noindex -Xfrontend -serialize-debugging-options -index-store-path /Users/c4v4h/Library/Developer/Xcode/DerivedData/CascadeAddonRecoveryProbe/probe-7na4sb1w/Build/Index.noindex/DataStore -swift-version 5 -I /Users/c4v4h/Library/Developer/Xcode/DerivedData/CascadeAddonRecoveryProbe/probe-7na4sb1w/Build/Build/Products/Debug -F /Users/c4v4h/Library/Developer/Xcode/DerivedData/CascadeAddonRecoveryProbe/probe-7na4sb1w/Build/Build/Products/Debug -c -j8 -enable-batch-mode -incremental -Xcc -ivfsstatcache -Xcc /Users/c4v4h/Library/Developer/Xcode/DerivedData/CascadeAddonRecoveryProbe/probe-7na4sb1w/Build/SDKStatCaches.noindex/macosx27.0-26A5419a-e829b21a6f8c9b70876ba0858053c04445874285e5972fffeae925c4ab065928.sdkstatcache -output-file-map /Users/c4v4h/Library/Developer/Xcode/DerivedData/CascadeAddonRecoveryProbe/probe-7na4sb1w/Build/Build/Intermediates.noindex/AddonPlatform.build/Debug/ProbeHost.build/Objects-normal/x86_64/ProbeHost-OutputFileMap.json -save-temps -no-color-diagnostics -explicit-module-build -module-cache-path /Users/c4v4h/Library/Developer/Xcode/DerivedData/CascadeAddonRecoveryProbe/probe-7na4sb1w/Build/Build/Intermediates.noindex/SwiftExplicitPrecompiledModules -clang-scanner-module-cache-path /Users/c4v4h/Library/Developer/Xcode/DerivedData/CascadeAddonRecoveryProbe/probe-7na4sb1w/Build/ModuleCache.noindex -sdk-module-cache-path /Users/c4v4h/Library/Developer/Xcode/DerivedData/CascadeAddonRecoveryProbe/probe-7na4sb1w/Build/SDKExplicitPrecompiledModules -emit-dependencies -emit-module -emit-module-path /Users/c4v4h/Library/Developer/Xcode/DerivedData/CascadeAddonRecoveryProbe/probe-7na4sb1w/Build/Build/Intermediates.noindex/AddonPlatform.build/Debug/ProbeHost.build/Objects-normal/x86_64/CascadeAddonProbe.swiftmodule -serialize-diagnostics -dependency-scan-serialize-diagnostics-path /Users/c4v4h/Library/Developer/Xcode/DerivedData/CascadeAddonRecoveryProbe/probe-7na4sb1w/Build/Build/Intermediates.noindex/AddonPlatform.build/Debug/ProbeHost.build/Objects-normal/x86_64/CascadeAddonProbe-dependency-scan.dia -validate-clang-modules-once -clang-build-session-file /Users/c4v4h/Library/Developer/Xcode/DerivedData/CascadeAddonRecoveryProbe/probe-7na4sb1w/Build/ModuleCache.noindex/Session.modulevalidation -Xcc -fmodules-prune-interval\=86400 -Xcc -fmodules-prune-after\=345600 -emit-const-values -const-gather-protocols-list /Users/c4v4h/Library/Developer/Xcode/DerivedData/CascadeAddonRecoveryProbe/probe-7na4sb1w/Build/Build/Intermediates.noindex/AddonPlatform.build/Debug/ProbeHost.build/Objects-normal/x86_64/ProbeHost_const_extract_protocols.json -Xcc -iquote -Xcc /Users/c4v4h/Library/Developer/Xcode/DerivedData/CascadeAddonRecoveryProbe/probe-7na4sb1w/Build/Build/Intermediates.noindex/AddonPlatform.build/Debug/ProbeHost.build/CascadeAddonProbe-generated-files.hmap -Xcc -I/Users/c4v4h/Library/Developer/Xcode/DerivedData/CascadeAddonRecoveryProbe/probe-7na4sb1w/Build/Build/Intermediates.noindex/AddonPlatform.build/Debug/ProbeHost.build/CascadeAddonProbe-own-target-headers.hmap -Xcc -I/Users/c4v4h/Library/Developer/Xcode/DerivedData/CascadeAddonRecoveryProbe/probe-7na4sb1w/Build/Build/Intermediates.noindex/AddonPlatform.build/Debug/ProbeHost.build/CascadeAddonProbe-all-target-headers.hmap -Xcc -iquote -Xcc /Users/c4v4h/Library/Developer/Xcode/DerivedData/CascadeAddonRecoveryProbe/probe-7na4sb1w/Build/Build/Intermediates.noindex/AddonPlatform.build/Debug/ProbeHost.build/CascadeAddonProbe-project-headers.hmap -Xcc -I/Users/c4v4h/Library/Developer/Xcode/DerivedData/CascadeAddonRecoveryProbe/probe-7na4sb1w/Build/Build/Products/Debug/include -Xcc -I/Users/c4v4h/Library/Developer/Xcode/DerivedData/CascadeAddonRecoveryProbe/probe-7na4sb1w/Build/Build/Intermediates.noindex/AddonPlatform.build/Debug/ProbeHost.build/DerivedSources-normal/x86_64 -Xcc -I/Users/c4v4h/Library/Developer/Xcode/DerivedData/CascadeAddonRecoveryProbe/probe-7na4sb1w/Build/Build/Intermediates.noindex/AddonPlatform.build/Debug/ProbeHost.build/DerivedSources/x86_64 -Xcc -I/Users/c4v4h/Library/Developer/Xcode/DerivedData/CascadeAddonRecoveryProbe/probe-7na4sb1w/Build/Build/Intermediates.noindex/AddonPlatform.build/Debug/ProbeHost.build/DerivedSources -emit-objc-header -emit-objc-header-path /Users/c4v4h/Library/Developer/Xcode/DerivedData/CascadeAddonRecoveryProbe/probe-7na4sb1w/Build/Build/Intermediates.noindex/AddonPlatform.build/Debug/ProbeHost.build/Objects-normal/x86_64/CascadeAddonProbe-Swift.h -working-directory /Users/c4v4h/Library/Developer/Xcode/DerivedData/CascadeAddonRecoveryProbe/probe-7na4sb1w/Sources -experimental-emit-module-separately -disable-cmo

Ld /Users/c4v4h/Library/Developer/Xcode/DerivedData/CascadeAddonRecoveryProbe/probe-7na4sb1w/Build/Build/Intermediates.noindex/AddonPlatform.build/Debug/ProbeHost.build/Objects-normal/x86_64/Binary/ProbeHost normal x86_64 (in target 'ProbeHost' from project 'AddonPlatform')
    cd /Users/c4v4h/Library/Developer/Xcode/DerivedData/CascadeAddonRecoveryProbe/probe-7na4sb1w/Sources
    /Applications/Xcode-beta.app/Contents/Developer/Toolchains/XcodeDefault.xctoolchain/usr/bin/clang -Xlinker -reproducible -target x86_64-apple-macos14.0 -isysroot /Applications/Xcode-beta.app/Contents/Developer/Platforms/MacOSX.platform/Developer/SDKs/MacOSX27.0.sdk -Os -Xlinker -no_warn_duplicate_libraries -L/Users/c4v4h/Library/Developer/Xcode/DerivedData/CascadeAddonRecoveryProbe/probe-7na4sb1w/Build/Build/Intermediates.noindex/EagerLinkingTBDs/Debug -L/Users/c4v4h/Library/Developer/Xcode/DerivedData/CascadeAddonRecoveryProbe/probe-7na4sb1w/Build/Build/Products/Debug -F/Users/c4v4h/Library/Developer/Xcode/DerivedData/CascadeAddonRecoveryProbe/probe-7na4sb1w/Build/Build/Intermediates.noindex/EagerLinkingTBDs/Debug -F/Users/c4v4h/Library/Developer/Xcode/DerivedData/CascadeAddonRecoveryProbe/probe-7na4sb1w/Build/Build/Products/Debug -filelist /Users/c4v4h/Library/Developer/Xcode/DerivedData/CascadeAddonRecoveryProbe/probe-7na4sb1w/Build/Build/Intermediates.noindex/AddonPlatform.build/Debug/ProbeHost.build/Objects-normal/x86_64/CascadeAddonProbe.LinkFileList -Xlinker -rpath -Xlinker /usr/lib/swift -Xlinker -object_path_lto -Xlinker /Users/c4v4h/Library/Developer/Xcode/DerivedData/CascadeAddonRecoveryProbe/probe-7na4sb1w/Build/Build/Intermediates.noindex/AddonPlatform.build/Debug/ProbeHost.build/Objects-normal/x86_64/CascadeAddonProbe_lto.o -Xlinker -dependency_info -Xlinker /Users/c4v4h/Library/Developer/Xcode/DerivedData/CascadeAddonRecoveryProbe/probe-7na4sb1w/Build/Build/Intermediates.noindex/AddonPlatform.build/Debug/ProbeHost.build/Objects-normal/x86_64/CascadeAddonProbe_dependency_info.dat -fobjc-link-runtime -L/Applications/Xcode-beta.app/Contents/Developer/Toolchains/XcodeDefault.xctoolchain/usr/lib/swift/macosx -L/usr/lib/swift -Xlinker -add_ast_path -Xlinker /Users/c4v4h/Library/Developer/Xcode/DerivedData/CascadeAddonRecoveryProbe/probe-7na4sb1w/Build/Build/Intermediates.noindex/AddonPlatform.build/Debug/ProbeHost.build/Objects-normal/x86_64/CascadeAddonProbe.swiftmodule -Xlinker -no_adhoc_codesign -o /Users/c4v4h/Library/Developer/Xcode/DerivedData/CascadeAddonRecoveryProbe/probe-7na4sb1w/Build/Build/Intermediates.noindex/AddonPlatform.build/Debug/ProbeHost.build/Objects-normal/x86_64/Binary/ProbeHost

CreateUniversalBinary /Users/c4v4h/Library/Developer/Xcode/DerivedData/CascadeAddonRecoveryProbe/probe-7na4sb1w/Build/Build/Products/Debug/CascadeAddonProbe.app/Contents/MacOS/ProbeHost normal arm64\ x86_64 (in target 'ProbeHost' from project 'AddonPlatform')
    cd /Users/c4v4h/Library/Developer/Xcode/DerivedData/CascadeAddonRecoveryProbe/probe-7na4sb1w/Sources
    /Applications/Xcode-beta.app/Contents/Developer/Toolchains/XcodeDefault.xctoolchain/usr/bin/lipo -create /Users/c4v4h/Library/Developer/Xcode/DerivedData/CascadeAddonRecoveryProbe/probe-7na4sb1w/Build/Build/Intermediates.noindex/AddonPlatform.build/Debug/ProbeHost.build/Objects-normal/arm64/Binary/ProbeHost /Users/c4v4h/Library/Developer/Xcode/DerivedData/CascadeAddonRecoveryProbe/probe-7na4sb1w/Build/Build/Intermediates.noindex/AddonPlatform.build/Debug/ProbeHost.build/Objects-normal/x86_64/Binary/ProbeHost -output /Users/c4v4h/Library/Developer/Xcode/DerivedData/CascadeAddonRecoveryProbe/probe-7na4sb1w/Build/Build/Products/Debug/CascadeAddonProbe.app/Contents/MacOS/ProbeHost

Copy /Users/c4v4h/Library/Developer/Xcode/DerivedData/CascadeAddonRecoveryProbe/probe-7na4sb1w/Build/Build/Products/Debug/CascadeAddonProbe.app/Contents/Extensions/Probe.appextensionpoint /Users/c4v4h/Library/Developer/Xcode/DerivedData/CascadeAddonRecoveryProbe/probe-7na4sb1w/Sources/Host/Probe.appextensionpoint (in target 'ProbeHost' from project 'AddonPlatform')
    cd /Users/c4v4h/Library/Developer/Xcode/DerivedData/CascadeAddonRecoveryProbe/probe-7na4sb1w/Sources
    builtin-copy -exclude .DS_Store -exclude CVS -exclude .svn -exclude .git -exclude .hg -strip-unsigned-binaries -strip-deterministic -strip-tool /Applications/Xcode-beta.app/Contents/Developer/Toolchains/XcodeDefault.xctoolchain/usr/bin/strip -resolve-src-symlinks -remove-static-executable /Users/c4v4h/Library/Developer/Xcode/DerivedData/CascadeAddonRecoveryProbe/probe-7na4sb1w/Sources/Host/Probe.appextensionpoint /Users/c4v4h/Library/Developer/Xcode/DerivedData/CascadeAddonRecoveryProbe/probe-7na4sb1w/Build/Build/Products/Debug/CascadeAddonProbe.app/Contents/Extensions

CopySwiftLibs /Users/c4v4h/Library/Developer/Xcode/DerivedData/CascadeAddonRecoveryProbe/probe-7na4sb1w/Build/Build/Products/Debug/CascadeAddonProbe.app (in target 'ProbeHost' from project 'AddonPlatform')
    cd /Users/c4v4h/Library/Developer/Xcode/DerivedData/CascadeAddonRecoveryProbe/probe-7na4sb1w/Sources
    builtin-swiftStdLibTool --copy --verbose --sign 4A857D842A5406C2D3071776FDE7B27B3098FE63 --scan-executable /Users/c4v4h/Library/Developer/Xcode/DerivedData/CascadeAddonRecoveryProbe/probe-7na4sb1w/Build/Build/Products/Debug/CascadeAddonProbe.app/Contents/MacOS/ProbeHost --scan-folder /Users/c4v4h/Library/Developer/Xcode/DerivedData/CascadeAddonRecoveryProbe/probe-7na4sb1w/Build/Build/Products/Debug/CascadeAddonProbe.app/Contents/Frameworks --scan-folder /Users/c4v4h/Library/Developer/Xcode/DerivedData/CascadeAddonRecoveryProbe/probe-7na4sb1w/Build/Build/Products/Debug/CascadeAddonProbe.app/Contents/PlugIns --scan-folder /Users/c4v4h/Library/Developer/Xcode/DerivedData/CascadeAddonRecoveryProbe/probe-7na4sb1w/Build/Build/Products/Debug/CascadeAddonProbe.app/Contents/Library/SystemExtensions --scan-folder /Users/c4v4h/Library/Developer/Xcode/DerivedData/CascadeAddonRecoveryProbe/probe-7na4sb1w/Build/Build/Products/Debug/CascadeAddonProbe.app/Contents/Extensions --platform macosx --toolchain /var/run/com.apple.security.cryptexd/mnt/com.apple.MobileAsset.MetalToolchain-v27.1.5252.6.a2EVDm/Metal.xctoolchain --toolchain /Applications/Xcode-beta.app/Contents/Developer/Toolchains/XcodeDefault.xctoolchain --destination /Users/c4v4h/Library/Developer/Xcode/DerivedData/CascadeAddonRecoveryProbe/probe-7na4sb1w/Build/Build/Products/Debug/CascadeAddonProbe.app/Contents/Frameworks --strip-bitcode --strip-bitcode-tool /Applications/Xcode-beta.app/Contents/Developer/Toolchains/XcodeDefault.xctoolchain/usr/bin/bitcode_strip --emit-dependency-info /Users/c4v4h/Library/Developer/Xcode/DerivedData/CascadeAddonRecoveryProbe/probe-7na4sb1w/Build/Build/Intermediates.noindex/AddonPlatform.build/Debug/ProbeHost.build/SwiftStdLibToolInputDependencies.dep --filter-for-swift-os --back-deploy-swift-span

ExtractAppIntentsMetadata (in target 'ProbeHost' from project 'AddonPlatform')
    cd /Users/c4v4h/Library/Developer/Xcode/DerivedData/CascadeAddonRecoveryProbe/probe-7na4sb1w/Sources
    /Applications/Xcode-beta.app/Contents/Developer/Toolchains/XcodeDefault.xctoolchain/usr/bin/appintentsmetadataprocessor --toolchain-dir /var/run/com.apple.security.cryptexd/mnt/com.apple.MobileAsset.MetalToolchain-v27.1.5252.6.a2EVDm/Metal.xctoolchain --module-name CascadeAddonProbe --sdk-root /Applications/Xcode-beta.app/Contents/Developer/Platforms/MacOSX.platform/Developer/SDKs/MacOSX27.0.sdk --xcode-version 27A5252f --platform-family macOS --deployment-target 14.0 --bundle-identifier hylo.Cascade.AddonProbe --output /Users/c4v4h/Library/Developer/Xcode/DerivedData/CascadeAddonRecoveryProbe/probe-7na4sb1w/Build/Build/Products/Debug/CascadeAddonProbe.app/Contents/Resources --target-triple arm64-apple-macos14.0 --target-triple x86_64-apple-macos14.0 --binary-file /Users/c4v4h/Library/Developer/Xcode/DerivedData/CascadeAddonRecoveryProbe/probe-7na4sb1w/Build/Build/Products/Debug/CascadeAddonProbe.app/Contents/MacOS/ProbeHost --dependency-file /Users/c4v4h/Library/Developer/Xcode/DerivedData/CascadeAddonRecoveryProbe/probe-7na4sb1w/Build/Build/Intermediates.noindex/AddonPlatform.build/Debug/ProbeHost.build/Objects-normal/arm64/CascadeAddonProbe_dependency_info.dat --dependency-file /Users/c4v4h/Library/Developer/Xcode/DerivedData/CascadeAddonRecoveryProbe/probe-7na4sb1w/Build/Build/Intermediates.noindex/AddonPlatform.build/Debug/ProbeHost.build/Objects-normal/x86_64/CascadeAddonProbe_dependency_info.dat --stringsdata-file /Users/c4v4h/Library/Developer/Xcode/DerivedData/CascadeAddonRecoveryProbe/probe-7na4sb1w/Build/Build/Intermediates.noindex/AddonPlatform.build/Debug/ProbeHost.build/Objects-normal/arm64/ExtractedAppShortcutsMetadata.stringsdata --stringsdata-file /Users/c4v4h/Library/Developer/Xcode/DerivedData/CascadeAddonRecoveryProbe/probe-7na4sb1w/Build/Build/Intermediates.noindex/AddonPlatform.build/Debug/ProbeHost.build/Objects-normal/x86_64/ExtractedAppShortcutsMetadata.stringsdata --source-file-list /Users/c4v4h/Library/Developer/Xcode/DerivedData/CascadeAddonRecoveryProbe/probe-7na4sb1w/Build/Build/Intermediates.noindex/AddonPlatform.build/Debug/ProbeHost.build/Objects-normal/arm64/CascadeAddonProbe.SwiftFileList --source-file-list /Users/c4v4h/Library/Developer/Xcode/DerivedData/CascadeAddonRecoveryProbe/probe-7na4sb1w/Build/Build/Intermediates.noindex/AddonPlatform.build/Debug/ProbeHost.build/Objects-normal/x86_64/CascadeAddonProbe.SwiftFileList --metadata-file-list /Users/c4v4h/Library/Developer/Xcode/DerivedData/CascadeAddonRecoveryProbe/probe-7na4sb1w/Build/Build/Intermediates.noindex/AddonPlatform.build/Debug/ProbeHost.build/CascadeAddonProbe.DependencyMetadataFileList --static-metadata-file-list /Users/c4v4h/Library/Developer/Xcode/DerivedData/CascadeAddonRecoveryProbe/probe-7na4sb1w/Build/Build/Intermediates.noindex/AddonPlatform.build/Debug/ProbeHost.build/CascadeAddonProbe.DependencyStaticMetadataFileList --swift-const-vals-list /Users/c4v4h/Library/Developer/Xcode/DerivedData/CascadeAddonRecoveryProbe/probe-7na4sb1w/Build/Build/Intermediates.noindex/AddonPlatform.build/Debug/ProbeHost.build/Objects-normal/arm64/CascadeAddonProbe.SwiftConstValuesFileList --swift-const-vals-list /Users/c4v4h/Library/Developer/Xcode/DerivedData/CascadeAddonRecoveryProbe/probe-7na4sb1w/Build/Build/Intermediates.noindex/AddonPlatform.build/Debug/ProbeHost.build/Objects-normal/x86_64/CascadeAddonProbe.SwiftConstValuesFileList --compile-time-extraction --deployment-aware-processing --no-app-shortcuts-localization
2026-09-25 17:23:53.091 appintentsmetadataprocessor[58518:1980804] Starting appintentsmetadataprocessor export
2026-09-25 17:23:53.092 appintentsmetadataprocessor[58518:1980804] warning: Metadata extraction skipped, no AppIntents.framework dependency found

CodeSign /Users/c4v4h/Library/Developer/Xcode/DerivedData/CascadeAddonRecoveryProbe/probe-7na4sb1w/Build/Build/Products/Debug/CascadeAddonProbe.app (in target 'ProbeHost' from project 'AddonPlatform')
    cd /Users/c4v4h/Library/Developer/Xcode/DerivedData/CascadeAddonRecoveryProbe/probe-7na4sb1w/Sources
    
    Signing Identity:     "Apple Development: cavallerolore@icloud.com (MRZYW8THXH)"
    
    /usr/bin/codesign --force --sign 4A857D842A5406C2D3071776FDE7B27B3098FE63 -o runtime --timestamp\=none --generate-entitlement-der /Users/c4v4h/Library/Developer/Xcode/DerivedData/CascadeAddonRecoveryProbe/probe-7na4sb1w/Build/Build/Products/Debug/CascadeAddonProbe.app

RegisterExecutionPolicyException /Users/c4v4h/Library/Developer/Xcode/DerivedData/CascadeAddonRecoveryProbe/probe-7na4sb1w/Build/Build/Products/Debug/CascadeAddonProbe.app (in target 'ProbeHost' from project 'AddonPlatform')
    cd /Users/c4v4h/Library/Developer/Xcode/DerivedData/CascadeAddonRecoveryProbe/probe-7na4sb1w/Sources
    builtin-RegisterExecutionPolicyException /Users/c4v4h/Library/Developer/Xcode/DerivedData/CascadeAddonRecoveryProbe/probe-7na4sb1w/Build/Build/Products/Debug/CascadeAddonProbe.app

Validate /Users/c4v4h/Library/Developer/Xcode/DerivedData/CascadeAddonRecoveryProbe/probe-7na4sb1w/Build/Build/Products/Debug/CascadeAddonProbe.app (in target 'ProbeHost' from project 'AddonPlatform')
    cd /Users/c4v4h/Library/Developer/Xcode/DerivedData/CascadeAddonRecoveryProbe/probe-7na4sb1w/Sources
    builtin-validationUtility /Users/c4v4h/Library/Developer/Xcode/DerivedData/CascadeAddonRecoveryProbe/probe-7na4sb1w/Build/Build/Products/Debug/CascadeAddonProbe.app -no-validate-extension -infoplist-subpath Contents/Info.plist

Touch /Users/c4v4h/Library/Developer/Xcode/DerivedData/CascadeAddonRecoveryProbe/probe-7na4sb1w/Build/Build/Products/Debug/CascadeAddonProbe.app (in target 'ProbeHost' from project 'AddonPlatform')
    cd /Users/c4v4h/Library/Developer/Xcode/DerivedData/CascadeAddonRecoveryProbe/probe-7na4sb1w/Sources
    /usr/bin/touch -c /Users/c4v4h/Library/Developer/Xcode/DerivedData/CascadeAddonRecoveryProbe/probe-7na4sb1w/Build/Build/Products/Debug/CascadeAddonProbe.app

RegisterWithLaunchServices /Users/c4v4h/Library/Developer/Xcode/DerivedData/CascadeAddonRecoveryProbe/probe-7na4sb1w/Build/Build/Products/Debug/CascadeAddonProbe.app (in target 'ProbeHost' from project 'AddonPlatform')
    cd /Users/c4v4h/Library/Developer/Xcode/DerivedData/CascadeAddonRecoveryProbe/probe-7na4sb1w/Sources
    builtin-lsregisterurl --record-path /Users/c4v4h/Library/Developer/Xcode/DerivedData/CascadeAddonRecoveryProbe/probe-7na4sb1w/Build/Build/Intermediates.noindex/XCBuildData/registered-launchservices.txt -- /System/Library/Frameworks/CoreServices.framework/Versions/Current/Frameworks/LaunchServices.framework/Versions/Current/Support/lsregister -f -R -trusted /Users/c4v4h/Library/Developer/Xcode/DerivedData/CascadeAddonRecoveryProbe/probe-7na4sb1w/Build/Build/Products/Debug/CascadeAddonProbe.app

PruneExplicitPrecompiledModules /Users/c4v4h/Library/Developer/Xcode/DerivedData/CascadeAddonRecoveryProbe/probe-7na4sb1w/Build/Build/Intermediates.noindex/ExplicitPrecompiledModules

PruneExplicitPrecompiledModules /Users/c4v4h/Library/Developer/Xcode/DerivedData/CascadeAddonRecoveryProbe/probe-7na4sb1w/Build/SDKExplicitPrecompiledModules

PruneExplicitPrecompiledModules /Users/c4v4h/Library/Developer/Xcode/DerivedData/CascadeAddonRecoveryProbe/probe-7na4sb1w/Build/Build/Intermediates.noindex/SwiftExplicitPrecompiledModules

** BUILD SUCCEEDED **

/Users/c4v4h/Library/Developer/Xcode/DerivedData/CascadeAddonRecoveryProbe/probe-7na4sb1w/Build/Build/Products/Debug/CascadeAddonProbeContainer.app/Contents/Extensions/CascadeProbeProvider.appex: replacing existing signature
Executable=/Users/c4v4h/Library/Developer/Xcode/DerivedData/CascadeAddonRecoveryProbe/probe-7na4sb1w/Build/Build/Products/Debug/CascadeAddonProbeContainer.app/Contents/Extensions/CascadeProbeProvider.appex/Contents/MacOS/ProbeProvider
<?xml version="1.0" encoding="UTF-8"?><!DOCTYPE plist PUBLIC "-//Apple//DTD PLIST 1.0//EN" "https://www.apple.com/DTDs/PropertyList-1.0.dtd"><plist version="1.0"><dict><key>com.apple.security.app-sandbox</key><true/></dict></plist>
/Users/c4v4h/Library/Developer/Xcode/DerivedData/CascadeAddonRecoveryProbe/probe-7na4sb1w/Build/Build/Products/Debug/CascadeAddonProbeContainer.app: replacing existing signature
Executable=/Users/c4v4h/Library/Developer/Xcode/DerivedData/CascadeAddonRecoveryProbe/probe-7na4sb1w/Build/Build/Products/Debug/CascadeAddonProbeContainer.app/Contents/MacOS/ProbeContainer
/Users/c4v4h/Library/Developer/Xcode/DerivedData/CascadeAddonRecoveryProbe/probe-7na4sb1w/Build/Build/Products/Debug/CascadeAddonProbe.app: replacing existing signature
Executable=/Users/c4v4h/Library/Developer/Xcode/DerivedData/CascadeAddonRecoveryProbe/probe-7na4sb1w/Build/Build/Products/Debug/CascadeAddonProbe.app/Contents/MacOS/ProbeHost
ProductName:		macOS
ProductVersion:		27.0
BuildVersion:		26A5425a
27.0
